Workbook

Sheet Necesidades Trimestrales
B2: Pedido de Necesidades Trimestrales
A4: JURISDICCION: | C4: 90 - Ministerio de Seguridad
A5: SAF N°: | C5: 7 - Direccion Provincial de Administracion de la Policia de Catamarca
A6: EJERCICIO: | C6: 2021
A7: TRIMESTRE: | C7: 4
A9: ID | B9: CODIGO ITEM | C9: RUBRO DE COMPRA | D9: I.P.P. | E9: DESCRIPCION | F9: UNIDAD DE MEDIDA | G9: CANTIDAD | H9: PRECIO UNITARIO ESTIMADO | I9: IMPORTE TOTAL ESTIMADO
A10: 1 | B10: 3.5.4-5098.1 | C10: BANCOS Y SEGUROS | D10: 3.5.4. | E10: SEGURO ACCIDENTE PERSONAL; DESCRIPCION: SEGURO ACCIDENTES PERSONALES | F10: UNIDAD | G10: 1 | H10: =I15 -> 479160 | I10: =G10*H10 -> 479160
I11: =SUM(I10:I10) -> 479160
B12: Especificidades Item N° 1:
C13: SEGURO INTEGRAL CONTRA ACCIDENTES PERSONALES Y SEGURO DE VIDA, COBERTURA NECESARIA: MUERTE POR ACCIDENTE, INCAPACIDAD TOTAL O PERMANENTE POR ACCIDENTE, ASISTENCIA MEDICA Y FARMACEUTICA, AYUDA DE GASTOS POR SEPELIO ACCIDENTAL, SEGURO COLECTIVO DE SEPELIO, ACCIDENTE CON ARMA DE FUEGO, POR 12 MESES PARA UN TOTAL DE 363 ALUMNOS, COBERTURA A NIVEL NACIONAL POR 24 HORAS
I15: =(75+35)*12*363 -> 479160
B19: Calidad Minima esperada
C20: QUE SE CUMPLA CON EL SERVICIO SOLICITADO
B21: Mantenimiento
C22: 30 DIAS
B23: Garantia
C24: 12 MESES

Sheet  NotaPedido
A1: NOTA DE PEDIDO | J1: N° | K1: 28/2021
A3: JURISDICCIÓN: | D3: ='Necesidades Trimestrales'!C4 -> 90 - Ministerio de Seguridad
A4: SAF: | D4: ='Necesidades Trimestrales'!C5 -> 7 - Direccion Provincial de Administracion de la Policia de Catamarca
A5: UNIDAD EJECUTORA: | D5: Policia de la Provincia de Catamarca
A6: DEPENDENCIA SOLICITANTE: | D6: División Policia Adicional
A7: PERIODO UTILIZACIÓN: | D7: ='Necesidades Trimestrales'!C7 & "° Trimestre - Año " & 'Necesidades Trimestrales'!C6 -> 4° Trimestre - Año 2021
A8: OBJETO: | D8: Adquisición de municiones destinadas a la División Policia Adicional
A10: Ítem | B10: Codigo Item | C10: DESCRIPCIÓN | H10: Adjunta Detalle Técnico | I10: Unidad Medida | J10: Precio Unitario Estimado | K10: Cantidad Solicitada
A12: 1 | B12: 2.7.3-2899.1 | C12: CARTUCHOS DE BALA; PRESENTACION: CAJA X 50, CALIBRE: 9 X 19 mm | D12: CARTUCHOS DE BALA; PRESENTACION: CAJA X 50, CALIBRE: 9 X 19 mm | E12: CARTUCHOS DE BALA; PRESENTACION: CAJA X 50, CALIBRE: 9 X 19 mm | F12: CARTUCHOS DE BALA; PRESENTACION: CAJA X 50, CALIBRE: 9 X 19 mm | G12: CARTUCHOS DE BALA; PRESENTACION: CAJA X 50, CALIBRE: 9 X 19 mm | H12: SI | I12: ='Necesidades Trimestrales'!F10 -> UNIDAD | J12: ='Necesidades Trimestrales'!H10 -> 479160 | K12: ='Necesidades Trimestrales'!G10 -> 1
A13: 2 | B13: 2.7.3-2941.3 | C13: CARTUCHOS DE ESCOPETA; CALIBRE: 12/70, PRESENTACION: CAJA X 25 | D13: CARTUCHOS DE ESCOPETA; CALIBRE: 12/70, PRESENTACION: CAJA X 25 | E13: CARTUCHOS DE ESCOPETA; CALIBRE: 12/70, PRESENTACION: CAJA X 25 | F13: CARTUCHOS DE ESCOPETA; CALIBRE: 12/70, PRESENTACION: CAJA X 25 | G13: CARTUCHOS DE ESCOPETA; CALIBRE: 12/70, PRESENTACION: CAJA X 25 | H13: SI | I13: ='Necesidades Trimestrales'!#REF! -> #REF! | J13: ='Necesidades Trimestrales'!#REF! -> #REF! | K13: ='Necesidades Trimestrales'!#REF! -> #REF!
A14: Costo total estimado: son Pesos Un Millon Ciento trece Mil con 00/100.- | J14: =SUMPRODUCT(J12:J13,K12:K13) -> #REF!

Sheet Autor_Gastar
A1: EJERCICIO: | D1: ='Necesidades Trimestrales'!C6 -> 2021 | P1: AUTORIZACION PARA GASTAR
A4: JURISDICCIÓN: | G4: =' NotaPedido'!D3 -> 90 - Ministerio de Seguridad
A5: SAF: | G5: =' NotaPedido'!D4 -> 7 - Direccion Provincial de Administracion de la Policia de Catamarca
A6: UNIDAD EJECUTORA: | G6: =' NotaPedido'!D5 -> Policia de la Provincia de Catamarca
A7: DEPENDENCIA SOLICITANTE: | G7: =' NotaPedido'!D6 -> División Policia Adicional
A8: AUTORIZACIÓN:
A9: Señor Jefe de Servicio Administrativo Financiero:
A10: ="Autorizo la realización de los trámites correspondientes, a fin de proveer a este Organismo los bienes y/o servicios que se detallan en Nota de Pedido N° " & ' NotaPedido'!K1&", afectando la erogación resultante a los créditos presupuestarios aprobados a favor de esta Unidad Ejecutora, conforme al siguiente detalle:" -> Autorizo la realización de los trámites correspondientes, a fin de proveer a este Organismo los bienes y/o servicios que se detallan en Nota de Pedido N° 28/2021, afectando la erogación resultante a los créditos presupuestarios aprobados a favor de esta Unidad Ejecutora, conforme al siguiente detalle:
A12: IMPUTACIÓN PRESUPUESTARIA
A13: CÓDIGO | O13: DENOMINACIÓN DE LA PARTIDA PRESUPUESTARIA | Q13: IMPORTE
A14: PR | B14: SB | C14: PY | D14: AC | E14: OB | F14: UG | G14: FIN | H14: FUN | I14: I | J14: P | K14: P | L14: SubP | M14: M | N14: FF
A15: 16 | B15: 0 | C15: 0 | D15: 1 | E15: 0 | F15: 10 | G15: 2 | H15: 1 | I15: 2 | J15: 7 | K15: 3 | L15: 0 | M15: 1 | N15: 1.3 | O15: MATERIAL DE GUERRA | Q15: 1113000
A16: TOTAL DE PESOS: Un Millon Ciento trece Mil con 00/100.- | Q16: =SUM(Q15:Q15) -> 1113000
A18: JUSTIFICACIÓN:
A19: =' NotaPedido'!D8 -> Adquisición de municiones destinadas a la División Policia Adicional
