Workbook

Sheet Necesidades Trimestrales
B2: Pedido de Necesidades Trimestrales
A4: JURISDICCION: | C4: 90 - Ministerio de Seguridad
A5: SAF N°: | C5: 7- Dirección Provincial de Administración de la Policía de la Provincia de Catamarca
A6: EJERCICIO: | C6: 2021
A7: TRIMESTRE: | C7: 2
A9: ID | B9: CODIGO ITEM | C9: RUBRO DE COMPRA | D9: I.P.P. | E9: DESCRIPCION | F9: UNIDAD DE MEDIDA | G9: CANTIDAD | H9: PRECIO UNITARIO ESTIMADO | I9: IMPORTE TOTAL ESTIMADO
A10: 1 | B10: 2.9.6-4978.8166 | C10: REPUESTOS | D10: 2.9.6 | E10: REP. Y ACC. P/AUTOMOTOR; REPUESTO: BATERIA, MARCA: FIAT, MODELO: SIENA | F10: UNIDAD | G10: 100 | H10: 11805 | I10: =G10*H10 -> 1180500
A11: 2 | B11: 2.9.6-9688.229 | C11: REPUESTOS | D11: 2.9.6 | E11: REP. Y ACC. P/CAMIONETAS; MARCA AUTOMOTOR: TOYOTA, MODELO AUTOMOTOR: HILUX, ELEMENTO: BATERIA | F11: UNIDAD | G11: 100 | H11: 19890 | I11: =G11*H11 -> 1989000
A12: 3 | B12: 2.9.6-4978.8976 | C12: REPUESTOS | D12: 2.9.6 | E12: REP. Y ACC. P/AUTOMOTOR; REPUESTO: BATERIA, MARCA: RENAULT, MODELO: MASTER | F12: UNIDAD | G12: 100 | H12: 26767.91 | I12: =G12*H12 -> 2676791
A13: 4 | B13: 2.9.6-9686.1424 | C13: REPUESTOS | D13: 2.9.6 | E13: REP. Y ACC. P/CAMIONES; ELEMENTO: BATERIA, MARCA VEHICULO: VOLKSWAGEN, MODELO VEHICULO: 9150 | F13: UNIDAD | G13: 20 | H13: 40302.67 | I13: =G13*H13 -> 806053.4
A14: 5 | B14: 2.9.6-3997.459 | C14: REPUESTOS | D14: 2.9.6 | E14: REP. Y ACC. P/MOTOS; REPUESTO: BATERIA, USO: HONDA, MODELO MOTO: XR 250 TORNADO | F14: UNIDAD | G14: 200 | H14: 9090.99 | I14: =G14*H14 -> 1818198
A15: 6 | B15: 2.9.6-3997.506 | C15: REPUESTOS | D15: 2.9.6 | E15: REP. Y ACC. P/MOTOS; REPUESTO: BATERIA, USO: HONDA, MODELO MOTO: STORM 125 CC | F15: UNIDAD | G15: 200 | H15: 16380 | I15: =G15*H15 -> 3276000
I16: =SUM(I10:I15) -> 11746542
B18: Especificidades
B19: Item N° : 1
C20: Descripción técnica | D20: MARCA FIAT MODELO: SIENA AÑO: 2011 ELEMENTO: BATERIAS 12V. 65 AMP
B22: Item N° : 2
C23: Descripción técnica | D23: MARCA TOYOTA. MODELO: HILUX 4X2, AÑO: 2015 ELEMENTO: BATERIAS 12V. 75 AMP
B25: Item N° : 3
C26: Descripción técnica | D26: MARCA RENAULT MODELO: MASTER AÑO: 2008 ELEMENTO: BATERIAS 12V. 90 AMP
B28: Item N° : 4
C29: Descripción técnica | D29: MARCA VOLKSWAGEN. MODELO: 9150 AÑO: 2009 ELEMENTO: BATERIAS 12V. 180 AMP
B30: Item N° : 5
C31: Descripción técnica | D31: MARCA HONDA MODELO: TORNADO 250 CC AÑO: 2018 ELEMENTO: BATERIAS MOTOS 12YTX7-BS
B33: Item N° : 6
C34: Descripción técnica | D34: MARCA HONDA MODELO: XR 150CC AÑO: 2017 ELEMENTO: BATERIAS MOTOS 12YTX5-BS
B36: Plazos y lugares de entrega
C37: a) LUGAR DE ENTREGA: Departamento Logística, sito en Av. Felix Avellaneda RP N° 33 KM 2., SUMALAO - VALLE VIEJO. De 08 a 12 horas. b) FORMA DE LA ENTREGA: Libre de flete, acarreo y embalaje, como así también, de todo riesgo de pérdida o destrucción total o parcial, por causas ajenas a la Institución. c) PLAZO DE ENTREGA: El Oferente deberá establecer plazo de entrega de los elementos cotizados, debiendo ser expresado en días hábiles; que no podrá ser superior a cinco (5) días hábiles, contados a partir de la recepción de la comunicación prevista en el Artículo 80° de del Reglamento Parcial N° 2 de la ley 4938.
B38: Calidad Minima esperada
C39: Que Cumpla con lo Solicitado de Forma Integra.
B40: Mantenimiento
C41: 30 (treinta) días
B42: Garantia
C43: 12 meses

Sheet  NotaPedido
A1: NOTA DE PEDIDO | J1: N° | K1: 31/2021
A3: JURISDICCIÓN: | D3: ='Necesidades Trimestrales'!C4 -> 90 - Ministerio de Seguridad
A4: SAF: | D4: ='Necesidades Trimestrales'!C5 -> 7- Dirección Provincial de Administración de la Policía de la Provincia de Catamarca
A5: UNIDAD EJECUTORA: | D5: Jefatura de Policía de la Provincia de Catamarca
A6: DEPENDENCIA SOLICITANTE: | D6: División Transporte (D-4)
A7: PERIODO UTILIZACIÓN: | D7: ='Necesidades Trimestrales'!C7 & "° Trimestre - Año " & 'Necesidades Trimestrales'!C6 -> 2° Trimestre - Año 2021
A8: OBJETO: | D8: Adquisición de Repuestos de Automotor destinados a División Transporte (D-4)- Policia de Catamarca
A10: Ítem | B10: Codigo Item | C10: DESCRIPCIÓN | H10: Adjunta Detalle Técnico | I10: Unidad Medida | J10: Precio Unitario Estimado | K10: Cantidad Solicitada
A12: 1 | B12: ='Necesidades Trimestrales'!B10 -> 2.9.6-4978.8166 | C12: ='Necesidades Trimestrales'!E10 -> REP. Y ACC. P/AUTOMOTOR; REPUESTO: BATERIA, MARCA: FIAT, MODELO: SIENA | H12: SI | I12: ='Necesidades Trimestrales'!F10 -> UNIDAD | J12: ='Necesidades Trimestrales'!H10 -> 11805 | K12: ='Necesidades Trimestrales'!G10 -> 100
A13: 2 | B13: ='Necesidades Trimestrales'!B11 -> 2.9.6-9688.229 | C13: ='Necesidades Trimestrales'!E11 -> REP. Y ACC. P/CAMIONETAS; MARCA AUTOMOTOR: TOYOTA, MODELO AUTOMOTOR: HILUX, ELEMENTO: BATERIA | H13: SI | I13: ='Necesidades Trimestrales'!F11 -> UNIDAD | J13: ='Necesidades Trimestrales'!H11 -> 19890 | K13: ='Necesidades Trimestrales'!G11 -> 100
A14: 3 | B14: ='Necesidades Trimestrales'!B12 -> 2.9.6-4978.8976 | C14: ='Necesidades Trimestrales'!E12 -> REP. Y ACC. P/AUTOMOTOR; REPUESTO: BATERIA, MARCA: RENAULT, MODELO: MASTER | H14: SI | I14: ='Necesidades Trimestrales'!F12 -> UNIDAD | J14: ='Necesidades Trimestrales'!H12 -> 26767.91 | K14: ='Necesidades Trimestrales'!G12 -> 100
A15: 4 | B15: ='Necesidades Trimestrales'!B13 -> 2.9.6-9686.1424 | C15: ='Necesidades Trimestrales'!E13 -> REP. Y ACC. P/CAMIONES; ELEMENTO: BATERIA, MARCA VEHICULO: VOLKSWAGEN, MODELO VEHICULO: 9150 | H15: SI | I15: ='Necesidades Trimestrales'!F13 -> UNIDAD | J15: ='Necesidades Trimestrales'!H13 -> 40302.67 | K15: ='Necesidades Trimestrales'!G13 -> 20
A16: 5 | B16: ='Necesidades Trimestrales'!B14 -> 2.9.6-3997.459 | C16: ='Necesidades Trimestrales'!E14 -> REP. Y ACC. P/MOTOS; REPUESTO: BATERIA, USO: HONDA, MODELO MOTO: XR 250 TORNADO | H16: SI | I16: ='Necesidades Trimestrales'!F14 -> UNIDAD | J16: ='Necesidades Trimestrales'!H14 -> 9090.99 | K16: ='Necesidades Trimestrales'!G14 -> 200
A17: 6 | B17: ='Necesidades Trimestrales'!B15 -> 2.9.6-3997.506 | C17: ='Necesidades Trimestrales'!E15 -> REP. Y ACC. P/MOTOS; REPUESTO: BATERIA, USO: HONDA, MODELO MOTO: STORM 125 CC | H17: SI | I17: ='Necesidades Trimestrales'!F15 -> UNIDAD | J17: ='Necesidades Trimestrales'!H15 -> 16380 | K17: ='Necesidades Trimestrales'!G15 -> 200
A18: Costo total estimado: ONCE MILLONES SETECIENTOS CUARENTA Y SEIS MIL QUINIENTOS CUARENTA Y DOS CON 40/100.- | J18: =SUMPRODUCT(J12:J17,K12:K17) -> 11746542

Sheet Autor Gastar
A1: EJERCICIO: | D1: ='Necesidades Trimestrales'!C6 -> 2021 | P1: AUTORIZACION PARA GASTAR
A4: JURISDICCIÓN: | G4: =' NotaPedido'!D3 -> 90 - Ministerio de Seguridad
A5: SAF: | G5: =' NotaPedido'!D4 -> 7- Dirección Provincial de Administración de la Policía de la Provincia de Catamarca
A6: UNIDAD EJECUTORA: | G6: =' NotaPedido'!D5 -> Jefatura de Policía de la Provincia de Catamarca
A7: DEPENDENCIA SOLICITANTE: | G7: =' NotaPedido'!D6 -> División Transporte (D-4)
A8: AUTORIZACIÓN:
A9: Señor Jefe de Servicio Administrativo Financiero:
A10: ="Autorizo la realización de los trámites correspondientes, a fin de proveer a este Organismo los bienes y/o servicios que se detallan en Nota de Pedido N° " & ' NotaPedido'!K1&", afectando la erogación resultante a los créditos presupuestarios aprobados a favor de esta Unidad Ejecutora, conforme al siguiente detalle:" -> Autorizo la realización de los trámites correspondientes, a fin de proveer a este Organismo los bienes y/o servicios que se detallan en Nota de Pedido N° 31/2021, afectando la erogación resultante a los créditos presupuestarios aprobados a favor de esta Unidad Ejecutora, conforme al siguiente detalle:
A12: IMPUTACIÓN PRESUPUESTARIA
A13: CÓDIGO | O13: DENOMINACIÓN DE LA PARTIDA PRESUPUESTARIA | Q13: IMPORTE
A14: PR | B14: SB | C14: PY | D14: AC | E14: OB | F14: UG | G14: FIN | H14: FUN | I14: I | J14: P | K14: P | L14: SubP | M14: M | N14: FF
A15: 16 | B15: 0 | C15: 0 | D15: 1 | E15: 0 | F15: 10 | G15: 2 | H15: 1 | I15: 2 | J15: 9 | K15: 6 | L15: 0 | M15: 1 | N15: 1.1 | O15: REPUESTOS Y ACCESORIOS | Q15: ='Necesidades Trimestrales'!I16 -> 11746542
A16: TOTAL DE PESOS: ONCE MILLONES SETECIENTOS CUARENTA Y SEIS MIL QUINIENTOS CUARENTA Y DOS CON 40/100.- | Q16: =SUM(Q15:Q15) -> 11746542
A18: JUSTIFICACIÓN:
A19: =' NotaPedido'!D8 -> Adquisición de Repuestos de Automotor destinados a División Transporte (D-4)- Policia de Catamarca
