Workbook

Sheet Necesidades Trimestrales
B1: Pedido de Necesidades Trimestrales
A2: JURISDICCION: | C2: 50 - MINISTERIO DE EDUCACIÓN
A3: SAF N°: | C3: 26 - DIRECCIÓN PROVINCIAL DE ADMINISTRACIÓN
A4: EJERCICIO: | C4: 2022
A5: TRIMESTRE: | C5: 3
A6: ID | B6: CODIGO ITEM | C6: RUBRO DE COMPRA | D6: I.P.P. | E6: DESCRIPCION | F6: UNIDAD DE MEDIDA | G6: CANTIDAD | H6: PRECIO UNITARIO ESTIMADO | I6: IMPORTE TOTAL ESTIMADO
A7: 1 | B7: 2.6.5-335.5 | C7: MATERIALES DE CONSTRUCCION | D7: 2.6.5 | E7: CEMENTO PORTLAND; PRESENTACION: BOLSA X 50 Kg, TIPO: PUZOLANICO, CANT. PLIEGOS BOLSA: SIN VALOR | F7: Unidad | G7: 250 | H7: 1699 | I7: =+G7*H7 -> 424750
A8: 2 | B8: 2.6.5-1741.1 | C8: MATERIALES DE CONSTRUCCION | D8: 2.6.5 | E8: CAL; PRESENTACION: BOLSA 25 Kg, USO: CONSTRUCCION, TIPO: SIN VALOR | F8: Unidad | G8: 250 | H8: 850 | I8: =G8*H8 -> 212500
A9: 3 | B9: 2.7.1-977.5 | C9: MATERIALES DE CONSTRUCCION | D9: 2.7.1 | E9: PERFILES NORMALIZADOS; TIPO: T, TRATAMIENTO: LAMINADO EN CALIENTE, ALMA X ALA X ESP.: 50 X 50 X 5 mm | F9: Unidad | G9: 70 | H9: 16500 | I9: =G9*H9 -> 1155000
A10: 4 | B10: 2.7.1-331.62 | C10: MATERIALES DE CONSTRUCCION | D10: 2.7.1 | E10: CHAPAS GALVANIZADAS; ANCHO: 2,5 M, CALIBRE (BWG): 25, LARGO UTIL: 6,5 M, CALIBRE BWG: 25, LARGO: 6,5 M | F10: Unidad | G10: 80 | H10: 22262 | I10: =G10*H10 -> 1780960
A11: 5 | B11: 2.7.5-633.4 | C11: FERRETERIA | D11: 2.7.5 | E11: PALAS; LARGO: 2 M, USO: POSTES, TIPO: DERECHA PUNTA CORAZON | F11: Unidad | G11: 100 | H11: 3300 | I11: =G11*H11 -> 330000
A12: 6 | B12: 2.6.5-1740.1 | C12: MATERIALES DE CONSTRUCCION | D12: 2.6.5 | E12: PLACAS PREMOLDEADAS DE YESO; ESPESOR: 12,5 mm, TIPO: NORMAL | F12: Unidad | G12: 300 | H12: 3150 | I12: =G12*H12 -> 945000
A13: 7 | B13: 2.6.5-1740.3 | C13: MATERIALES DE CONSTRUCCION | D13: 2.6.5 | E13: PLACAS PREMOLDEADAS DE YESO; ESPESOR: 12,5 mm, TIPO: RESISTENTE A LA HUMEDAD | F13: Unidad | G13: 300 | H13: 4800 | I13: =G13*H13 -> 1440000 | L13: =SUM(L9:L12) -> 0
A14: 8 | B14: 2.6.5-677.1 | C14: MATERIALES DE CONSTRUCCION | D14: 2.6.5 | E14: YESO EN POLVO; PESO: 40 Kg, USO: CONSTRUCCION, PRESENTACION: BOLSA | F14: Unidad | G14: 150 | H14: 2900 | I14: =G14*H14 -> 435000
A15: 9 | B15: 2.5.5-381.2 | C15: FERRETERIA | D15: 2.5.5 | E15: ENDUIDOS; CAPACIDAD: LATA X 4 L | F15: Unidad | G15: 150 | H15: 1500 | I15: =G15*H15 -> 225000
A16: COSTO TOTAL ESTIMADO: PESOS SEIS MILLONES NOVECIENTOS CUARENTA Y OCHO MIL DOSCIENTOS DIEZ CON 00/100. | I16: =SUM(I7:I15) -> 6948210
B18: Especificidades Items:
B19: Descripción técnica
B20: Plazos y lugares de entrega
C21: El plazo de entrega diez (10) días hábiles a partir de la fecha de recepción de la respectiva Orden de Compra en el domicilio especial electrónico constituido, en virtud del método de contratación. La entrega de dichos bienes se realizará en el Deposito del Ministerio de Educación, sito en calle Maipu N°1251 - San Fernando del Valle de Catamarca. Se presentará Remito que deberá cumplimentar lo dispuesto por la R.G. AFIP 1415/03, sin excepción.
B23: Calidad Minima esperada
B24: Mantenimiento: 45 días habiles
B25: Garantia

Sheet Partidas
B2: 2 | C2: 2 | D2: 2 | E2: 2 | F2: 2 | G2: 2 | H2: 2 | I2: 2 | J2: 2 | K2: 2 | L2: 2
B3: 5 | C3: 6 | D3: 6 | E3: 7 | F3: 7 | G3: 7 | H3: 7 | I3: 9 | J3: 9 | K3: 9 | L3: 9
B4: 8 | C4: 3 | D4: 5 | E4: 1 | F4: 2 | G4: 5 | H4: 9 | I4: 2 | J4: 3 | K4: 6 | L4: 9

Sheet NDP
A1: NOTA DE PEDIDO | H1: N° /2022
A3: JURISDICCIÓN: | C3: 50 - MINISTERIO DE EDUCACIÓN
A4: SAF: | C4: 26 - DIRECCIÓN PROVINCIAL DE ADMINISTRACIÓN
A5: UNIDAD EJECUTORA: | C5: MINISTERIO DE EDUCACIÓN
A6: DEPENDENCIA SOLICITANTE: | C6: DIRECCION PROVINCIAL DE PROGRAMACION EDILICIA
A7: PERIODO UTILIZACIÓN: | C7: 3 (TRES) MESES
A8: OBJETO: | C8: ADQUISICIÓN DE ELEMENTOS VARIOS
A10: ID | B10: CODIGO ITEM | C10: DESCRIPCION | D10: Adjunta Detalle Técnico | E10: UNIDAD DE MEDIDA | F10: CANTIDAD | G10: PRECIO UNITARIO ESTIMADO | H10: PRECIO TOTAL ESTIMADO
A11: 1 | B11: 2.6.5-335.5 | C11: CEMENTO PORTLAND; PRESENTACION: BOLSA X 50 Kg, TIPO: PUZOLANICO, CANT. PLIEGOS BOLSA: SIN VALOR | D11: NO | E11: Unidad | F11: 250 | G11: =+'Necesidades Trimestrales'!H7 -> 1699 | H11: =+F11*G11 -> 424750
A12: 2 | B12: 2.6.5-1741.1 | C12: CAL; PRESENTACION: BOLSA 25 Kg, USO: CONSTRUCCION, TIPO: SIN VALOR | D12: NO | E12: Unidad | F12: 250 | G12: =+'Necesidades Trimestrales'!H8 -> 850 | H12: =+F12*G12 -> 212500
A13: 3 | B13: 2.7.1-977.5 | C13: PERFILES NORMALIZADOS; TIPO: T, TRATAMIENTO: LAMINADO EN CALIENTE, ALMA X ALA X ESP.: 50 X 50 X 5 mm | D13: NO | E13: Unidad | F13: 70 | G13: =+'Necesidades Trimestrales'!H9 -> 16500 | H13: =+F13*G13 -> 1155000
A14: 4 | B14: 2.7.1-331.62 | C14: CHAPAS GALVANIZADAS; ANCHO: 2,5 M, CALIBRE (BWG): 25, LARGO UTIL: 6,5 M, CALIBRE BWG: 25, LARGO: 6,5 M | D14: NO | E14: Unidad | F14: 80 | G14: =+'Necesidades Trimestrales'!H10 -> 22262 | H14: =+G14*F14 -> 1780960
A15: 5 | B15: 2.7.5-633.4 | C15: PALAS; LARGO: 2 M, USO: POSTES, TIPO: DERECHA PUNTA CORAZON | D15: NO | E15: Unidad | F15: 100 | G15: =+'Necesidades Trimestrales'!H11 -> 3300 | H15: =+G15*F15 -> 330000
A16: 6 | B16: 2.6.5-1740.1 | C16: PLACAS PREMOLDEADAS DE YESO; ESPESOR: 12,5 mm, TIPO: NORMAL | D16: NO | E16: Unidad | F16: 300 | G16: =+'Necesidades Trimestrales'!H12 -> 3150 | H16: =+F16*G16 -> 945000
A17: 7 | B17: 2.6.5-1740.3 | C17: PLACAS PREMOLDEADAS DE YESO; ESPESOR: 12,5 mm, TIPO: RESISTENTE A LA HUMEDAD | D17: NO | E17: Unidad | F17: 300 | G17: =+'Necesidades Trimestrales'!H13 -> 4800 | H17: =+F17*G17 -> 1440000
A18: 8 | B18: 2.6.5-677.1 | C18: YESO EN POLVO; PESO: 40 Kg, USO: CONSTRUCCION, PRESENTACION: BOLSA | D18: NO | E18: Unidad | F18: 150 | G18: =+'Necesidades Trimestrales'!H14 -> 2900 | H18: =+F18*G18 -> 435000
A19: 9 | B19: 2.5.5-381.2 | C19: ENDUIDOS; CAPACIDAD: LATA X 4 L | D19: NO | E19: Unidad | F19: 150 | G19: =+'Necesidades Trimestrales'!H15 -> 1500 | H19: =+F19*G19 -> 225000
A20: Costo total estimado: PESOS SEIS MILLONES NOVECIENTOS CUARENTA Y OCHO MIL DOSCIENTOS DIEZ CON 00/100 | H20: =SUM(H11:H19) -> 6948210

Sheet APG
A1: EJERCICIO: | D1: 2022 | P1: AUTORIZACIÓN PARA GASTAR
A4: JURISDICCIÓN: | G4: MINISTERIO DE EDUCACION
A5: SAF: | G5: 26 DIRECCION PROVINCIAL DE ADMINISTRACION
A6: UNIDAD EJECUTORA: | G6: MINISTERIO DE EDUCACIÓN
A7: DEPENDENCIA SOLICITANTE: | G7: DIRECCION PROVINCIAL DE PROGRMACION EDILICIA
A8: AUTORIZACIÓN:
A9: Señor Director de Administración o Titular del Servicio Administrativo Financiero:
A10: Autorizo la realización de los trámites correspondientes, a fin de proveer a este Organismo los bienes que se detallan en Nota de Pedido N° /22, afectando la erogación resultante a los créditos presupuestarios aprobados a favor de esta Unidad Ejecutora, conforme al siguiente detalle:
A12: IMPUTACIÓN PRESUPUESTARIA
A13: CÓDIGO | O13: DENOMINACIÓN DE LA PARTIDA PRESUPUESTARIA | Q13: IMPORTE
A14: PR | B14: SB | C14: PY | D14: AC | E14: OB | F14: UG | G14: FIN | H14: FUN | I14: I | J14: P | K14: P | L14: SubP | M14: M | N14: FF
A15: 35 | B15: 0 | C15: 0 | D15: 5 | E15: 0 | F15: 4901 | G15: 1 | H15: 3 | I15: 2 | J15: 6 | K15: 5 | L15: 0 | M15: 1 | N15: 1.1 | O15: CEMENTO, CAL Y YESO | Q15: 3457250
A16: 35 | B16: 0 | C16: 0 | D16: 5 | E16: 0 | F16: 4901 | G16: 1 | H16: 3 | I16: 2 | J16: 7 | K16: 1 | L16: 0 | M16: 1 | N16: 1.1 | O16: PRODUCTOS FERROSOS | Q16: 2935960
A17: 35 | B17: 0 | C17: 0 | D17: 5 | E17: 0 | F17: 4901 | G17: 1 | H17: 3 | I17: 2 | J17: 5 | K17: 5 | L17: 0 | M17: 1 | N17: 1.1 | O17: TINTAS, PINTURAS Y COLORANTES | Q17: 225000
A18: 35 | B18: 0 | C18: 0 | D18: 5 | E18: 0 | F18: 4901 | G18: 1 | H18: 3 | I18: 2 | J18: 7 | K18: 5 | L18: 0 | M18: 1 | N18: 1.1 | O18: HERRAMIENTAS MENORES | Q18: 330000
A19: TOTAL DE PESOS: SEIS MILLONES NOVECIENTOS CUARENTA Y OCHO MIL DOSCIENTOS DIEZ CON 00/100 | Q19: =SUM(Q15:Q18) -> 6948210
A21: JUSTIFICACIÓN:
A22: ADQUISICIÓN DE ELEMENTOS VARIOS CON DESTINO A REFACCIONES DE ESTABLECIMIENTOS EDUCATIVOS DE LA PROVINCIA.-
