Workbook

Sheet Necesidades Trimestrales
B2: Pedido de Necesidades Trimestrales
A4: JURISDICCION: | C4: 40 - Ministerio de Salud
A5: SAF N°: | C5: 23 - Hospital Interzonal San Juan Bautista
A6: EJERCICIO: | C6: 2021
A7: TRIMESTRE: | C7: 2
A9: ID | B9: CODIGO ITEM | C9: RUBRO DE COMPRA | D9: I.P.P. | E9: DESCRIPCION | F9: UNIDAD DE MEDIDA | G9: CANTIDAD | H9: PRECIO UNITARIO ESTIMADO | I9: IMPORTE TOTAL ESTIMADO
A10: 1 | C10: MEDICAMENTOS | D10: 2.5.2 | E10: ACETIL CISTEINA 600 MG COMPRIMIDO EFERVESCENTE | F10: UNIDAD | G10: 3150 | H10: 55 | I10: =G10*H10 -> 173250 | J10: 150
A11: 2 | C11: MEDICAMENTOS | D11: 2.5.2 | E11: ACIDO ACETIL SALICILICO 100 MG COMPRIMIDO | F11: UNIDAD | G11: 2480 | H11: 0.98 | I11: =G11*H11 -> 2430.4 | J11: 480
A12: 3 | C12: MEDICAMENTOS | D12: 2.5.2 | E12: AGUA DESTILADA EN SACHET X 500 ML | F12: UNIDAD | G12: 710 | H12: 140 | I12: =G12*H12 -> 99400 | J12: 210
A13: 4 | C13: MEDICAMENTOS | D13: 2.5.2 | E13: ALBUMINA 20% X 50 ML | F13: UNIDAD | G13: 260 | H13: 2079 | I13: =G13*H13 -> 540540 | J13: 60
A14: 5 | C14: MEDICAMENTOS | D14: 2.5.2 | E14: ALIMENTACION ENTERAL FORTIFICADO CON FIBRAS X 1000 ML | F14: UNIDAD | G14: 640 | H14: 639.9 | I14: =G14*H14 -> 409536 | J14: 640
A15: 6 | C15: MEDICAMENTOS | D15: 2.5.2 | E15: ALIMENTACION ENTERAL X 1000 ML TIPO GLUCERNA | F15: UNIDAD | G15: 640 | H15: 989 | I15: =G15*H15 -> 632960 | J15: 640
A16: 7 | C16: MEDICAMENTOS | D16: 2.5.2 | E16: ALIMENTACION ENTERAL X 500 ML TIPO DIBEN | F16: UNIDAD | G16: 3600 | H16: 460.95 | I16: =G16*H16 -> 1659420 | J16: 3600
A17: 8 | C17: MEDICAMENTOS | D17: 2.5.2 | E17: ALIMENTACION PARENTERAL INYECTABLE DE GRAN VOLUMEN TIPO OLI CLINOMEL/SMOKAVIBEN | F17: UNIDAD | G17: 60 | H17: 4600 | I17: =G17*H17 -> 276000 | J17: 30
A18: 9 | C18: MEDICAMENTOS | D18: 2.5.2 | E18: AMIKACINA 500 MG AMPOLLA | F18: UNIDAD | G18: 620 | H18: 58 | I18: =G18*H18 -> 35960 | J18: 120
A19: 10 | C19: MEDICAMENTOS | D19: 2.5.2 | E19: AMOXICILINA + CLAVULANICO 1 G COMPRIMIDO | F19: UNIDAD | G19: 720 | H19: 34 | I19: =G19*H19 -> 24480 | J19: 120
A20: 11 | C20: MEDICAMENTOS | D20: 2.5.2 | E20: AMPICILINA + SULBACTAM 1,5 MG FCO AMPOLLA | F20: UNIDAD | G20: 16000 | H20: 134 | I20: =G20*H20 -> 2144000 | J20: 6000
A21: 12 | C21: MEDICAMENTOS | D21: 2.5.2 | E21: ANFOTERICINA B VIAL 50 MG | F21: UNIDAD | G21: 70 | H21: 609.6 | I21: =G21*H21 -> 42672 | J21: 50
... A74: 65 | C74: MEDICAMENTOS | D74: 2.5.2 | E74: VECURONIO BROMURO 10 MG AMPOLLA | F74: UNIDAD | G74: 1000 | H74: 634.68 | I74: =G74*H74 -> 634680 | J74: 600
A75: 66 | C75: MEDICAMENTOS | D75: 2.5.2 | E75: VITAMINA C 2GR. COMPRIMIDO EFERVECENTES | F75: UNIDAD | G75: 1000 | H75: 49 | I75: =G75*H75 -> 49000 | J75: -
I76: =SUM(I10:I75) -> 1.4428437e+08
C77: Presentar copia certificada de Resolución de Habilitación expedida por la Subsecretaria de Asistencia en Salud Publica o copia certificada de Certificado de Habilitación de Establecimiento y/o copia certificada de Certificado de Transito Interjurisdiccional emitido por A.N.M.A.T, el que correspondiere conforme a la situación de cada establecimiento cotizante (Laboratorio, Droguería, etc.), en caso de corresponder. Indicar Marca y Numero de Certificado de ANMAT por ítem. VENCIMIENTO DE MEDICAMENTOS: UN PLAZO NO MENOR A 12 MESES DE LA FECHA DE RECEPCION
B80: Especificidades Item N° 1:
B82: Descripción técnica
B84: Plazos y lugares de entrega
C85: 10 dias - Servicio de Farmacia del HISJB - Avda. Illia y Mariano Moreno
B87: Calidad Minima esperada
B89: Mantenimiento
C90: 45 dias habiles
B91: Garantia
B95: Especificidades Item N° 2:
B97: Descripción técnica
B99: Plazos y lugares de entrega
B102: Calidad Minima esperada
B104: Mantenimiento
B106: Garantia

Sheet NotaPedido
A1: NOTA DE PEDIDO | J1: N° | K1: 049 - 2021
A3: JURISDICCIÓN: | D3: ='Necesidades Trimestrales'!C4 -> 40 - Ministerio de Salud
A4: SAF: | D4: ='Necesidades Trimestrales'!C5 -> 23 - Hospital Interzonal San Juan Bautista
A5: UNIDAD EJECUTORA: | D5: 168 - Direccion Asistencial
A6: DEPENDENCIA SOLICITANTE: | D6: Servicio de Farmacia
A7: PERIODO UTILIZACIÓN: | D7: ='Necesidades Trimestrales'!C7 & "° Trimestre - Año " & 'Necesidades Trimestrales'!C6 -> 2° Trimestre - Año 2021
A8: OBJETO: | D8: Adquisición de Medicamentos COVID
A10: Ítem | B10: Codigo Item | C10: DESCRIPCIÓN | H10: Adjunta Detalle Técnico | I10: Unidad Medida | J10: Precio Unitario Estimado | K10: Cantidad Solicitada
A12: 1 | B12: ='Necesidades Trimestrales'!B10 -> 0 | C12: ='Necesidades Trimestrales'!E10 -> ACETIL CISTEINA 600 MG COMPRIMIDO EFERVESCENTE | H12: NO | I12: ='Necesidades Trimestrales'!F10 -> UNIDAD | J12: ='Necesidades Trimestrales'!H10 -> 55 | K12: ='Necesidades Trimestrales'!G10 -> 3150
A13: 2 | B13: ='Necesidades Trimestrales'!B11 -> 0 | C13: ='Necesidades Trimestrales'!E11 -> ACIDO ACETIL SALICILICO 100 MG COMPRIMIDO | H13: NO | I13: ='Necesidades Trimestrales'!F11 -> UNIDAD | J13: ='Necesidades Trimestrales'!H11 -> 0.98 | K13: ='Necesidades Trimestrales'!G11 -> 2480
A14: 3 | B14: ='Necesidades Trimestrales'!B12 -> 0 | C14: ='Necesidades Trimestrales'!E12 -> AGUA DESTILADA EN SACHET X 500 ML | H14: NO | I14: ='Necesidades Trimestrales'!F12 -> UNIDAD | J14: ='Necesidades Trimestrales'!H12 -> 140 | K14: ='Necesidades Trimestrales'!G12 -> 710
A15: 4 | B15: ='Necesidades Trimestrales'!B13 -> 0 | C15: ='Necesidades Trimestrales'!E13 -> ALBUMINA 20% X 50 ML | H15: NO | I15: ='Necesidades Trimestrales'!F13 -> UNIDAD | J15: ='Necesidades Trimestrales'!H13 -> 2079 | K15: ='Necesidades Trimestrales'!G13 -> 260
A16: 5 | B16: ='Necesidades Trimestrales'!B14 -> 0 | C16: ='Necesidades Trimestrales'!E14 -> ALIMENTACION ENTERAL FORTIFICADO CON FIBRAS X 1000 ML | H16: NO | I16: ='Necesidades Trimestrales'!F14 -> UNIDAD | J16: ='Necesidades Trimestrales'!H14 -> 639.9 | K16: ='Necesidades Trimestrales'!G14 -> 640
A17: 6 | B17: ='Necesidades Trimestrales'!B15 -> 0 | C17: ='Necesidades Trimestrales'!E15 -> ALIMENTACION ENTERAL X 1000 ML TIPO GLUCERNA | H17: NO | I17: ='Necesidades Trimestrales'!F15 -> UNIDAD | J17: ='Necesidades Trimestrales'!H15 -> 989 | K17: ='Necesidades Trimestrales'!G15 -> 640
A18: 7 | B18: ='Necesidades Trimestrales'!B16 -> 0 | C18: ='Necesidades Trimestrales'!E16 -> ALIMENTACION ENTERAL X 500 ML TIPO DIBEN | H18: NO | I18: ='Necesidades Trimestrales'!F16 -> UNIDAD | J18: ='Necesidades Trimestrales'!H16 -> 460.95 | K18: ='Necesidades Trimestrales'!G16 -> 3600
A19: 8 | B19: ='Necesidades Trimestrales'!B17 -> 0 | C19: ='Necesidades Trimestrales'!E17 -> ALIMENTACION PARENTERAL INYECTABLE DE GRAN VOLUMEN TIPO OLI CLINOMEL/SMOKAVIBEN | H19: NO | I19: ='Necesidades Trimestrales'!F17 -> UNIDAD | J19: ='Necesidades Trimestrales'!H17 -> 4600 | K19: ='Necesidades Trimestrales'!G17 -> 60
A20: 9 | B20: ='Necesidades Trimestrales'!B18 -> 0 | C20: ='Necesidades Trimestrales'!E18 -> AMIKACINA 500 MG AMPOLLA | H20: NO | I20: ='Necesidades Trimestrales'!F18 -> UNIDAD | J20: ='Necesidades Trimestrales'!H18 -> 58 | K20: ='Necesidades Trimestrales'!G18 -> 620
A21: 10 | B21: ='Necesidades Trimestrales'!B19 -> 0 | C21: ='Necesidades Trimestrales'!E19 -> AMOXICILINA + CLAVULANICO 1 G COMPRIMIDO | H21: NO | I21: ='Necesidades Trimestrales'!F19 -> UNIDAD | J21: ='Necesidades Trimestrales'!H19 -> 34 | K21: ='Necesidades Trimestrales'!G19 -> 720
A22: 11 | B22: ='Necesidades Trimestrales'!B20 -> 0 | C22: ='Necesidades Trimestrales'!E20 -> AMPICILINA + SULBACTAM 1,5 MG FCO AMPOLLA | H22: NO | I22: ='Necesidades Trimestrales'!F20 -> UNIDAD | J22: ='Necesidades Trimestrales'!H20 -> 134 | K22: ='Necesidades Trimestrales'!G20 -> 16000
A23: 12 | B23: ='Necesidades Trimestrales'!B21 -> 0 | C23: ='Necesidades Trimestrales'!E21 -> ANFOTERICINA B VIAL 50 MG | H23: NO | I23: ='Necesidades Trimestrales'!F21 -> UNIDAD | J23: ='Necesidades Trimestrales'!H21 -> 609.6 | K23: ='Necesidades Trimestrales'!G21 -> 70
... A77: 66 | B77: ='Necesidades Trimestrales'!B75 -> 0 | C77: ='Necesidades Trimestrales'!E75 -> VITAMINA C 2GR. COMPRIMIDO EFERVECENTES | H77: NO | I77: ='Necesidades Trimestrales'!F75 -> UNIDAD | J77: ='Necesidades Trimestrales'!H75 -> 49 | K77: ='Necesidades Trimestrales'!G75 -> 1000
A78: Costo total estimado: Ciento cuarenta y cuatro millones doscientos ochenta y cuatro mil trescientos sesenta y ocho con 40/100.- | J78: =SUMPRODUCT(J12:J77,K12:K77) -> 1.4428437e+08

Sheet Autor Gastar
A1: EJERCICIO: | D1: ='Necesidades Trimestrales'!C6 -> 2021 | P1: AUTORIZACION PARA GASTAR
A4: JURISDICCIÓN: | G4: =NotaPedido!D3 -> 40 - Ministerio de Salud
A5: SAF: | G5: =NotaPedido!D4 -> 23 - Hospital Interzonal San Juan Bautista
A6: UNIDAD EJECUTORA: | G6: =NotaPedido!D5 -> 168 - Direccion Asistencial
A7: DEPENDENCIA SOLICITANTE: | G7: =NotaPedido!D6 -> Servicio de Farmacia
A8: AUTORIZACIÓN:
A9: Señor Jefe de Servicio Administrativo Financiero:
A10: ="Autorizo la realización de los trámites correspondientes, a fin de proveer a este Organismo los bienes y/o servicios que se detallan en Nota de Pedido N° " & NotaPedido!K1&", afectando la erogación resultante a los créditos presupuestarios aprobados a favor de esta Unidad Ejecutora, conforme al siguiente detalle:" -> Autorizo la realización de los trámites correspondientes, a fin de proveer a este Organismo los bienes y/o servicios que se detallan en Nota de Pedido N° 049 - 2021, afectando la erogación resultante a los créditos presupuestarios aprobados a favor de esta Unidad Ejecutora, conforme al siguiente detalle:
A12: IMPUTACIÓN PRESUPUESTARIA
A13: CÓDIGO | O13: DENOMINACIÓN DE LA PARTIDA PRESUPUESTARIA | Q13: IMPORTE
A14: PR | B14: SB | C14: PY | D14: AC | E14: OB | F14: UG | G14: FIN | H14: FUN | I14: I | J14: P | K14: P | L14: SubP | M14: M | N14: FF
A15: 33 | D15: 2 | F15: 4901 | G15: 3 | H15: 3.1 | I15: 2 | J15: 5 | K15: 2 | M15: 1 | N15: 1.1 | O15: Productos Farmaceuticos y Medicinales | Q15: =NotaPedido!J78 -> 1.4428437e+08
A20: TOTAL DE PESOS: Ciento cuarenta y cuatro millones doscientos ochenta y cuatro mil trescientos sesenta y ocho con 40/100 | Q20: =SUM(Q15:Q19) -> 1.4428437e+08
A22: JUSTIFICACIÓN:
A23: ="Para la "& NotaPedido!D8 &" para ser destinados al " & NotaPedido!D6 &" del HISJB perteneciente al Ministerio de Salud." -> Para la Adquisición de Medicamentos COVID para ser destinados al Servicio de Farmacia del HISJB perteneciente al Ministerio de Salud.
