Workbook

Sheet NECESIDADES TRIMESTRALES
B2: Pedido de Necesidades Trimestrales
A4: JURISDICCION: | C4: 30 - MINISTERIO DE HACIENDA PUBLICA
A5: SAF N°: | C5: SAF 9 - DIRECCION PROVINCIAL DE ADMINISTRACION DE LA SECRETARIA DE FINANZAS PUBLICAS
A6: UNIDAD EJECUTORA | C6: SUBSECRETARIA DE PRESUPUESTO - SECRETARIA DE FINANZAS PUBLICAS
A7: EJERCICIO: | C7: 2021
A8: TRIMESTRE: | C8: 3
A10: ID | B10: CODIGO ITEM | C10: RUBRO DE COMPRA | D10: I.P.P. | E10: DESCRIPCION | F10: UNIDAD DE MEDIDA | G10: CANTIDAD | H10: PRECIO UNITARIO ESTIMADO | I10: IMPORTE TOTAL ESTIMADO
A11: 1 | B11: 2.3.1-6563.763 | C11: LIBRERIA,PAP. Y UTILES OFICINA | D11: =LEFT(B11,5) -> 2.3.1 | E11: PAPELES EN HOJA; TIPO DE PAPEL: MULTIFUNCION, DIMENSION: 21 X 29,7 Cm, GRAMAJE: 80 GR/M2, PRESENTACION: ENVASE X 500 HOJAS, CERTIFICADO FORESTAL (GFS): SIN | F11: UNIDAD | G11: 60 | H11: 600 | I11: =H11*G11 -> 36000
A12: 2 | B12: 2.3.1-6563.936 | C12: LIBRERIA,PAP. Y UTILES OFICINA | D12: =LEFT(B12,5) -> 2.3.1 | E12: PAPELES EN HOJA; TIPO DE PAPEL: MULTIFUNCION, DIMENSION: 21,59 X 35,56 Cm, GRAMAJE: 80 GR, PRESENTACION: RESMA X 500 HOJAS, CERTIFICADO FORESTAL (GFS): SIN, PORC. FIBRAS RECICLADAS: 0 %, CERT. FIBRA ALTERNATIVA (FCA): SIN | F12: UNIDAD | G12: 60 | H12: 700 | I12: =H12*G12 -> 42000
A13: 3 | B13: 2.9.2-1358.353 | C13: LIBRERIA,PAP. Y UTILES OFICINA | D13: =LEFT(B13,5) -> 2.9.2 | E13: CARPETAS; MATERIAL PLASTICO - TAMAÑO A4. | F13: UNIDAD | G13: 100 | H13: 60 | I13: =H13*G13 -> 6000
A14: 4 | B14: 2.9.2-1358.354 | C14: LIBRERIA,PAP. Y UTILES OFICINA | D14: =LEFT(B14,5) -> 2.9.2 | E14: CARPETAS; MATERIAL PLASTICO - TAMAÑO OFICIO. | F14: UNIDAD | G14: 100 | H14: 85 | I14: =H14*G14 -> 8500
A15: 5 | B15: 2.9.2-1611.22 | C15: LIBRERIA,PAP. Y UTILES OFICINA | D15: =LEFT(B15,5) -> 2.9.2 | E15: FOLIOS TRANSPARENTES; TAMAÑO: OFICIO, PERFORACIONES: 11, MATERIAL: POLIPROPILENO | F15: PAQUETE | G15: 10 | H15: 800 | I15: =H15*G15 -> 8000
A16: 6 | B16: 2.9.2-1611.23 | C16: LIBRERIA,PAP. Y UTILES OFICINA | D16: =LEFT(B16,5) -> 2.9.2 | E16: FOLIOS TRANSPARENTES; TAMAÑO: A4, PERFORACIONES: 11, MATERIAL: POLIPROPILENO | F16: PAQUETE | G16: 10 | H16: 700 | I16: =H16*G16 -> 7000
A17: 7 | B17: 2.9.2-317.17 | C17: LIBRERIA,PAP. Y UTILES OFICINA | D17: 2.9.2 | E17: BOLIGRAFOS; TRAZO: GRUESO, COLOR TINTA: NEGRO | F17: CAJA | G17: 3 | H17: 1500 | I17: =H17*G17 -> 4500
A18: 8 | B18: 2.9.2-317.32 | C18: LIBRERIA,PAP. Y UTILES OFICINA | D18: 2.9.2 | E18: BOLIGRAFOS; TRAZO: 0,8 mm | F18: CAJA | G18: 3 | H18: 1500 | I18: =H18*G18 -> 4500
A19: 9 | B19: 2.3.1-6587.346 | C19: LIBRERIA,PAP. Y UTILES OFICINA | D19: =LEFT(B19,5) -> 2.3.1 | E19: PAPELES ENCUADERNADOS; CANT. DE HOJAS: 100, TAMAÑO: A4, TIPO: CUADERNO ESPIRALADO TAPA DURA, CERTIFICADO FORESTAL (GFS): SIN, PORC. FIBRAS RECICLADAS: 0 %, CERT. FIBRA ALTERNATIVA (FCA): SIN | F19: UNIDAD | G19: 5 | H19: 800 | I19: =H19*G19 -> 4000
A20: Costo total estimado Rubro: | I20: =SUM(I11:I19) -> 120500
B23: Especificidades Item N° 5:
B25: Descripción técnica
C26: Folios - tamaño Oficio - paquete por 100 unidades
B29: Especificidades Item N° 6:
B31: Descripción técnica
C32: Folios - tamaño A4 - paquete por 100 unidades
B35: Especificidades Item N° 8:
B37: Descripción técnica
C38: Boligrafos - Trazo 0,8 mm - Color Tinta Negro - Caja por 50 unidades

Sheet NOTA DE PEDIDO
A1: NOTA DE PEDIDO | F1: Nº | G1: 3/2021
A4: JURISDICCION: | C4: 30 - MINISTERIO DE HACIENDA PUBLICA
A5: SAF N°: | C5: SAF 9 - DIRECCION PROVINCIAL DE ADMINISTRACION DE LA SECRETARIA DE FINANZAS PUBLICAS
A6: UNIDAD EJECUTORA | C6: SUBSECRETARIA DE PRESUPUESTO
A7: DEPENDENCIA SOLICITANTE | C7: SUBSECRETARIA DE PRESUPUESTO
A8: TRIMESTRE: | C8: TERCER TRIMESTRE 2021
A9: OBJETO | C9: Adquisicion de elementos de librería
A10: ID | B10: CODIGO | C10: DESCRIPCION | D10: ADJUNTA DETALLE TECNICO | E10: UNIDAD DE MEDIDA | F10: PRECIO UNITARIO ESTIMADO | G10: CANTIDAD
A11: 1 | B11: =+'NECESIDADES TRIMESTRALES'!B11 -> 2.3.1-6563.763 | C11: =+'NECESIDADES TRIMESTRALES'!E11 -> PAPELES EN HOJA; TIPO DE PAPEL: MULTIFUNCION, DIMENSION: 21 X 29,7 Cm, GRAMAJE: 80 GR/M2, PRESENTACION: ENVASE X 500 HOJAS, CERTIFICADO FORESTAL (GFS): SIN | D11: NO | E11: =+'NECESIDADES TRIMESTRALES'!F11 -> UNIDAD | F11: =+'NECESIDADES TRIMESTRALES'!H11 -> 600 | G11: =+'NECESIDADES TRIMESTRALES'!G11 -> 60 | H11: =+G11*F11 -> 36000
A12: 2 | B12: =+'NECESIDADES TRIMESTRALES'!B12 -> 2.3.1-6563.936 | C12: =+'NECESIDADES TRIMESTRALES'!E12 -> PAPELES EN HOJA; TIPO DE PAPEL: MULTIFUNCION, DIMENSION: 21,59 X 35,56 Cm, GRAMAJE: 80 GR, PRESENTACION: RESMA X 500 HOJAS, CERTIFICADO FORESTAL (GFS): SIN, PORC. FIBRAS RECICLADAS: 0 %, CERT. FIBRA ALTERNATIVA (FCA): SIN | D12: NO | E12: =+'NECESIDADES TRIMESTRALES'!F12 -> UNIDAD | F12: =+'NECESIDADES TRIMESTRALES'!H12 -> 700 | G12: =+'NECESIDADES TRIMESTRALES'!G12 -> 60 | H12: =+G12*F12 -> 42000
A13: 3 | B13: =+'NECESIDADES TRIMESTRALES'!B13 -> 2.9.2-1358.353 | C13: =+'NECESIDADES TRIMESTRALES'!E13 -> CARPETAS; MATERIAL PLASTICO - TAMAÑO A4. | D13: NO | E13: =+'NECESIDADES TRIMESTRALES'!F13 -> UNIDAD | F13: =+'NECESIDADES TRIMESTRALES'!H13 -> 60 | G13: =+'NECESIDADES TRIMESTRALES'!G13 -> 100 | H13: =+G13*F13 -> 6000
A14: 4 | B14: =+'NECESIDADES TRIMESTRALES'!B14 -> 2.9.2-1358.354 | C14: =+'NECESIDADES TRIMESTRALES'!E14 -> CARPETAS; MATERIAL PLASTICO - TAMAÑO OFICIO. | D14: NO | E14: =+'NECESIDADES TRIMESTRALES'!F14 -> UNIDAD | F14: =+'NECESIDADES TRIMESTRALES'!H14 -> 85 | G14: =+'NECESIDADES TRIMESTRALES'!G14 -> 100 | H14: =+G14*F14 -> 8500
A15: 5 | B15: =+'NECESIDADES TRIMESTRALES'!B15 -> 2.9.2-1611.22 | C15: =+'NECESIDADES TRIMESTRALES'!E15 -> FOLIOS TRANSPARENTES; TAMAÑO: OFICIO, PERFORACIONES: 11, MATERIAL: POLIPROPILENO | D15: SI | E15: =+'NECESIDADES TRIMESTRALES'!F15 -> PAQUETE | F15: =+'NECESIDADES TRIMESTRALES'!H15 -> 800 | G15: =+'NECESIDADES TRIMESTRALES'!G15 -> 10 | H15: =+G15*F15 -> 8000
A16: 6 | B16: =+'NECESIDADES TRIMESTRALES'!B16 -> 2.9.2-1611.23 | C16: =+'NECESIDADES TRIMESTRALES'!E16 -> FOLIOS TRANSPARENTES; TAMAÑO: A4, PERFORACIONES: 11, MATERIAL: POLIPROPILENO | D16: SI | E16: =+'NECESIDADES TRIMESTRALES'!F16 -> PAQUETE | F16: =+'NECESIDADES TRIMESTRALES'!H16 -> 700 | G16: =+'NECESIDADES TRIMESTRALES'!G16 -> 10 | H16: =+G16*F16 -> 7000
A17: 7 | B17: =+'NECESIDADES TRIMESTRALES'!B17 -> 2.9.2-317.17 | C17: =+'NECESIDADES TRIMESTRALES'!E17 -> BOLIGRAFOS; TRAZO: GRUESO, COLOR TINTA: NEGRO | D17: NO | E17: =+'NECESIDADES TRIMESTRALES'!F17 -> CAJA | F17: =+'NECESIDADES TRIMESTRALES'!H17 -> 1500 | G17: =+'NECESIDADES TRIMESTRALES'!G17 -> 3 | H17: =+G17*F17 -> 4500
A18: 8 | B18: =+'NECESIDADES TRIMESTRALES'!B18 -> 2.9.2-317.32 | C18: =+'NECESIDADES TRIMESTRALES'!E18 -> BOLIGRAFOS; TRAZO: 0,8 mm | D18: SI | E18: =+'NECESIDADES TRIMESTRALES'!F18 -> CAJA | F18: =+'NECESIDADES TRIMESTRALES'!H18 -> 1500 | G18: =+'NECESIDADES TRIMESTRALES'!G18 -> 3
A19: 9 | B19: =+'NECESIDADES TRIMESTRALES'!B19 -> 2.3.1-6587.346 | C19: =+'NECESIDADES TRIMESTRALES'!E19 -> PAPELES ENCUADERNADOS; CANT. DE HOJAS: 100, TAMAÑO: A4, TIPO: CUADERNO ESPIRALADO TAPA DURA, CERTIFICADO FORESTAL (GFS): SIN, PORC. FIBRAS RECICLADAS: 0 %, CERT. FIBRA ALTERNATIVA (FCA): SIN | D19: NO | E19: =+'NECESIDADES TRIMESTRALES'!F19 -> UNIDAD | F19: =+'NECESIDADES TRIMESTRALES'!H19 -> 800 | G19: =+'NECESIDADES TRIMESTRALES'!G19 -> 5

Sheet APG
A1: EJERCICIO: | D1: =+'[1]NECESIDADES TRIMESTRALES'!C6 -> 2021 | P1: AUTORIZACION PARA GASTAR
A4: JURISDICCIÓN: | G4: 30 - Ministerio de Hacienda Publica
A5: SAF: | G5: 9 - Direccion Provincial de Administracion de la Secretaria de Finanzas Publicas
A6: UNIDAD EJECUTORA: | G6: SUBSECRETARIA DE PRESUPUESTO
A7: DEPENDENCIA SOLICITANTE: | G7: SUBSECRETARIA DE PRESUPUESTO
A8: AUTORIZACIÓN:
A9: Señor Jefe de Servicio Administrativo Financiero:
A10: Autorizo la realización de los trámites correspondientes, a fin de proveer a este Organismo los bienes y/o servicios que se detallan en Nota de Pedido N° 3/2021, afectando la erogación resultante a los créditos presupuestarios aprobados a favor de esta Unidad Ejecutora, conforme al siguiente detalle.
A12: IMPUTACIÓN PRESUPUESTARIA
A13: CÓDIGO | O13: DENOMINACIÓN DE LA PARTIDA PRESUPUESTARIA | Q13: IMPORTE
A14: PR | B14: SB | C14: PY | D14: AC | E14: OB | F14: UG | G14: FIN | H14: FUN | I14: I | J14: P | K14: P | L14: SubP | M14: M | N14: FF
A15: 25 | B15: 0 | C15: 0 | D15: 1 | E15: 0 | F15: 4901 | G15: 1 | H15: 6 | I15: 2 | J15: 3 | K15: 1 | L15: 0 | M15: 1 | N15: 1.1 | O15: Papel de Escritorio y Cartón | Q15: =+'NECESIDADES TRIMESTRALES'!I11+'NECESIDADES TRIMESTRALES'!I12+'NECESIDADES TRIMESTRALES'!I19 -> 82000
A16: 25 | B16: 0 | C16: 0 | D16: 1 | E16: 0 | F16: 4901 | G16: 1 | H16: 6 | I16: 2 | J16: 9 | K16: 2 | L16: 0 | M16: 1 | N16: 1.1 | O16: Utiles de Escritorio, Oficina y Enseñanza | Q16: =+'NECESIDADES TRIMESTRALES'!I13+'NECESIDADES TRIMESTRALES'!I14+'NECESIDADES TRIMESTRALES'!I15+'NECESIDADES TRIMESTRALES'!I16+'NECESIDADES TRIMESTRALES'!I17+'NECESIDADES TRIMESTRALES'!I18 -> 38500
A19: TOTAL DE PESOS: CIENTO VEINTE MIL QUINIENTOS CON 00/100 | Q19: =SUM(Q15:Q18) -> 120500
A21: JUSTIFICACIÓN:
A22: Adquisicion de elementos de librería
A24: OBSERVACIONES:
