Workbook

Sheet Necesidades Trimestrales (2)
A1: 2021
B2: Pedido de Necesidades Trimestrales
A4: JURISDICCION: | C4: 40 - MINISTERIO DE SALUD
A5: SAF N°: | C5: 11 - DIRECCION PROVINCIAL DE ADMINISTRACION - MINISTERIO DE SALUD
A6: EJERCICIO: | C6: 2021
A7: TRIMESTRE: | C7: TERCER TRIMESTRE
A9: ID | B9: CODIGO ITEM | C9: RUBRO DE COMPRA | D9: I.P.P. | E9: DESCRIPCION | F9: UNIDAD DE MEDIDA | G9: DIR DE ADM | H9: TOTAL DIR ADM | I9: SEC PREV | J9: TOTAL SEC PREVEN | K9: DIR. LAB. CENTRAL | L9: TOTAL DE LAB CENTRAL | M9: BCO DE SANGRE | N9: TOTAL BANCO DE SANGRE | O9: ATENCION PRIMARIA | P9: TOTAL ATENCION PRI | Q9: DIR DE CANCER | R9: TOTAL DE DIR DE CANCER | S9: FARMACIA | T9: TOTAL FARMACIA | U9: ODONTOLOGIA | V9: TOTAL DE ODONTOLOG | W9: SAME | X9: TOTAL DE SAME | Y9: MALBRAN | Z9: HOSPITAL MALBRAN | AA9: maternidade e infancia | AB9: total maternidad | AC9: SEC DE ASIST EN SALUD PUB | AD9: TOTAL SEC EN ASIS EN SAL | AE9: SALUD Y MEDIO AMBIENTE | AF9: TOTAL SALUD Y MEDIO AMBIENTE | AG9: VECTORES Y ZOONOSIS | AH9: TOTAL DE VECT Y ZOON | AI9: SUMAR | AJ9: TOTAL SUMAR | AK9: CUR | AL9: TOTAL CUR | AM9: PLANIFICACION | AN9: TOTAL PLANIFICA | AO9: SALUD MENTAL | AP9: TOTAL SALUD MENTAL | AQ9: AREAS Y DPAS | AR9: TOTAL DPAS | AS9: CANTIDAD TOTAL | AT9: PRECIO UNITARIO ESTIMADO | AU9: IMPORTE TOTAL ESTIMADO
A10: 1 | C10: PROD. MEDICO/FARMACEUTICOS/LAB | D10: 252 | E10: ACICLOVIR 800 MG COMPRIMIDO | F10: UNIDAD | S10: 200 | T10: =+S10*AT10 -> 13000 | AS10: =+S10 -> 200 | AT10: 65 | AU10: =+AT10*AS10 -> 13000
A11: 2 | C11: PROD. MEDICO/FARMACEUTICOS/LAB | D11: 252 | E11: AMPICILINA 1G FCO AMPOLLA | F11: UNIDAD | S11: 5000 | T11: =+S11*AT11 -> 637500 | AS11: =+S11 -> 5000 | AT11: 127.5 | AU11: =+AT11*AS11 -> 637500
A12: 3 | C12: PROD. MEDICO/FARMACEUTICOS/LAB | D12: 252 | E12: BUPIVACAINA 5 MG / ML HIBERBARICA AMPOLLA DE 4 ML CON AGUJA 27 G X 3 1/2 CON INTRODUCTOR | F12: UNIDAD | S12: 200 | T12: =+S12*AT12 -> 207600 | AS12: =+S12 -> 200 | AT12: 1038 | AU12: =+AT12*AS12 -> 207600
A13: 4 | C13: PROD. MEDICO/FARMACEUTICOS/LAB | D13: 252 | E13: CEFALOTINA 1 GR. AMP. | F13: UNIDAD | S13: 8000 | T13: =+S13*AT13 -> 1747200 | AS13: =+S13 -> 8000 | AT13: 218.4 | AU13: =+AT13*AS13 -> 1747200
A14: 5 | C14: PROD. MEDICO/FARMACEUTICOS/LAB | D14: 252 | E14: CIPROFLOXACINA 500 MG COMP | F14: UNIDAD | S14: 50000 | T14: =+S14*AT14 -> 532500 | AS14: =+S14 -> 50000 | AT14: 10.65 | AU14: =+AT14*AS14 -> 532500
A15: 6 | C15: PROD. MEDICO/FARMACEUTICOS/LAB | D15: 252 | E15: DICLOFENAC 75 MG. AMPOLLA | F15: UNIDAD | S15: 30700 | T15: =+S15*AT15 -> 1013100 | W15: - | X15: - | AS15: =+S15 -> 30700 | AT15: 33 | AU15: =+AT15*AS15 -> 1013100
A16: 7 | C16: PROD. MEDICO/FARMACEUTICOS/LAB | D16: 252 | E16: DICLOFENAC SODICO 75 MG. COMPRIMIDO | F16: UNIDAD | S16: 100000 | T16: =+S16*AT16 -> 490000 | W16: - | X16: - | AS16: =+S16 -> 100000 | AT16: 4.9 | AU16: =+AT16*AS16 -> 490000
A17: 8 | C17: PROD. MEDICO/FARMACEUTICOS/LAB | D17: 252 | E17: DIPIRONA JARABE | F17: UNIDAD | S17: 5000 | T17: =+S17*AT17 -> 627200 | AS17: =+S17 -> 5000 | AT17: 125.44 | AU17: =+AT17*AS17 -> 627200
A18: 9 | C18: PROD. MEDICO/FARMACEUTICOS/LAB | D18: 252 | E18: INMUNOGLOBULINA HUMANA INESPECIFICA 10 GRS | F18: UNIDAD | S18: 5 | T18: =+S18*AT18 -> 445000 | AS18: =+S18 -> 5 | AT18: 89000 | AU18: =+AT18*AS18 -> 445000
A19: 10 | C19: PROD. MEDICO/FARMACEUTICOS/LAB | D19: 252 | E19: KETOROLAC 10 MG COMPRIMIDO | F19: UNIDAD | S19: 10000 | T19: =+S19*AT19 -> 50000 | AS19: =+S19 -> 10000 | AT19: 5 | AU19: =+AT19*AS19 -> 50000
A20: 11 | C20: PROD. MEDICO/FARMACEUTICOS/LAB | D20: 252 | E20: KETOROLAC 30MG/ML AMPOLLA | F20: UNIDAD | S20: 10000 | T20: =+S20*AT20 -> 294000 | AS20: =+S20 -> 10000 | AT20: 29.4 | AU20: =+AT20*AS20 -> 294000
A21: 12 | C21: PROD. MEDICO/FARMACEUTICOS/LAB | D21: 252 | E21: LIDOCAINA 2%SIN EPINEFRINA X 20 ML | F21: UNIDAD | S21: 6000 | T21: =+S21*AT21 -> 1980000 | AS21: =+S21 -> 6000 | AT21: 330 | AU21: =+AT21*AS21 -> 1980000
A22: 13 | C22: PROD. MEDICO/FARMACEUTICOS/LAB | D22: 252 | E22: LIDOCAINA AEROSOL | F22: UNIDAD | S22: 50 | T22: =+S22*AT22 -> 19250 | AS22: =+S22 -> 50 | AT22: 385 | AU22: =+AT22*AS22 -> 19250
A23: 14 | C23: PROD. MEDICO/FARMACEUTICOS/LAB | D23: 252 | E23: LIDOCAINA JALEA | F23: UNIDAD | S23: 300 | T23: =+S23*AT23 -> 39000 | AS23: =+S23 -> 300 | AT23: 130 | AU23: =+AT23*AS23 -> 39000
A24: 15 | C24: PROD. MEDICO/FARMACEUTICOS/LAB | D24: 252 | E24: NAPROXENO 500MG COMPRIMIDO | F24: UNIDAD | S24: 10000 | T24: =+S24*AT24 -> 158000 | AS24: =+S24 -> 10000 | AT24: 15.8 | AU24: =+AT24*AS24 -> 158000
A25: 16 | C25: PROD. MEDICO/FARMACEUTICOS/LAB | D25: 252 | E25: PENICILINA BENZATINICA 2.400.000 FCO AMPOLLA | F25: UNIDAD | S25: 10000 | T25: =+S25*AT25 -> 1600000 | AS25: =+S25 -> 10000 | AT25: 160 | AU25: =+AT25*AS25 -> 1600000
A26: 17 | C26: PROD. MEDICO/FARMACEUTICOS/LAB | D26: 252 | E26: PERMETRINA LOCION | F26: UNIDAD | S26: 3000 | T26: =+S26*AT26 -> 1575000 | AS26: =+S26 -> 3000 | AT26: 525 | AU26: =+AT26*AS26 -> 1575000
A27: 18 | C27: PROD. MEDICO/FARMACEUTICOS/LAB | D27: 252 | E27: SEVOFLUORANO X 250 ML TIPO ABBOTT | F27: UNIDAD | S27: 10 | T27: =+S27*AT27 -> 68880 | AS27: =+S27 -> 10 | AT27: 6888 | AU27: =+AT27*AS27 -> 68880
E28: TOTAL ANALGESICOS y ANTIINFECCIOSA | AU28: =SUM(AU10:AU27) -> 11497230
B30: DETALLE TECNICO Y ESPECIFICACIONES | C30: ANEXO 1-Para oferentes de la Provincia de Catamarca deberán presentar Habilitación Provincial para comercializar el producto que cotizan. 2-Para el resto de oferentes deberán presentar Certificado de Inscripción de ANMAT vigente al momento de la oferta, el mismo deberá ser correspondiente al objeto de la contratación y de encontrarse vencido adjuntar la solicitud de renovación. 3-No se aceptarán ofertas de productos no registrados y autorizada su venta por ANMAT. Se deberá especificar en cada ítem de la propuesta, marca y número de certificado otorgado por dicho ente regulador. 4-Los productos deberán tener un vencimiento posterior a doce (12) meses a partir de la fecha de su recepción. 5- En el caso de Medicamentos cuya forma farmaceutica Oral sea Comprimidos , y / o capsulas la presentacion del envase primario es decir los blister deberan contener la minima cantidad de comprimidos para poder realizar la administracion a pacientes ambulatorios, de acuerdo al tratamiento prescripto y considerando que se deben administrar blister completos .Podra ser el envase secundario de mayor tamaño sin probl ema, es decir una caja puede tener 100 comprimidos en blister de 10 comprimidos.-Existe la excepcion de algunos medicamentos que solo tienen una presentacion , que por supuesto debe ser esa.
B31: Plazos de entrega | C31: veinte (20) dias corridos
B33: Lugar de Entrega: | C33: DIR. PROV. DE FARMACIA E INSUMOS - CHACABUCO N° 169 - en el horario de 8:00hs a 12:00hs de lunes a viernes
B35: Calidad Minima esperada
B37: Mantenimiento | C37: cuarenta y cinco (45) días

Sheet NP
A1: NOTA DE PEDIDO | J1: N° | K1: _35/21
A3: JURISDICCIÓN: | D3: 040 - Ministerio de Salud
A4: SAF: | D4: 011 - Direccion Provincial de Administración - Ministerio de Salud
A5: UNIDAD EJECUTORA: | D5: 469 - DIRECCION PROVINCIAL DE FARMACIA E INSUMOS
A6: DEPENDENCIA SOLICITANTE: | D6: 469 - DIRECCION PROVINCIAL DE FARMACIA E INSUMOS
A7: PERIODO UTILIZACIÓN: | D7: 3° TRIMESTRE 2021
A8: OBJETO: | D8: Adquisicion del RUBRO ANALGESICOS Y ANTIINFECCIONSA
A10: Ítem | B10: Codigo Item | C10: DESCRIPCIÓN | H10: Adjunta Detalle Técnico | I10: Unidad Medida | J10: Precio Unitario Estimado | K10: Cantidad Solicitada
A12: 1 | C12: =+'Necesidades Trimestrales (2)'!E10 -> ACICLOVIR 800 MG COMPRIMIDO | H12: NO | I12: ='Necesidades Trimestrales (2)'!F12 -> UNIDAD | J12: =+'Necesidades Trimestrales (2)'!AT10 -> 65 | K12: =+'Necesidades Trimestrales (2)'!AS10 -> 200 | L12: =+J12*K12 -> 13000 | M12: =+J12*K12 -> 13000
A13: 2 | C13: =+'Necesidades Trimestrales (2)'!E11 -> AMPICILINA 1G FCO AMPOLLA | H13: NO | I13: ='Necesidades Trimestrales (2)'!F15 -> UNIDAD | J13: =+'Necesidades Trimestrales (2)'!AT11 -> 127.5 | K13: =+'Necesidades Trimestrales (2)'!AS11 -> 5000 | L13: =+J13*K13 -> 637500 | M13: =+J13*K13 -> 637500
A14: 3 | C14: =+'Necesidades Trimestrales (2)'!E12 -> BUPIVACAINA 5 MG / ML HIBERBARICA AMPOLLA DE 4 ML CON AGUJA 27 G X 3 1/2 CON INTRODUCTOR | H14: NO | I14: ='Necesidades Trimestrales (2)'!F16 -> UNIDAD | J14: =+'Necesidades Trimestrales (2)'!AT12 -> 1038 | K14: =+'Necesidades Trimestrales (2)'!AS12 -> 200 | L14: =+J14*K14 -> 207600 | M14: =+J14*K14 -> 207600
A15: 4 | C15: =+'Necesidades Trimestrales (2)'!E13 -> CEFALOTINA 1 GR. AMP. | H15: NO | I15: ='Necesidades Trimestrales (2)'!F17 -> UNIDAD | J15: =+'Necesidades Trimestrales (2)'!AT13 -> 218.4 | K15: =+'Necesidades Trimestrales (2)'!AS13 -> 8000 | L15: =+J15*K15 -> 1747200 | M15: =+J15*K15 -> 1747200
A16: 5 | C16: =+'Necesidades Trimestrales (2)'!E14 -> CIPROFLOXACINA 500 MG COMP | H16: NO | I16: ='Necesidades Trimestrales (2)'!F19 -> UNIDAD | J16: =+'Necesidades Trimestrales (2)'!AT14 -> 10.65 | K16: =+'Necesidades Trimestrales (2)'!AS14 -> 50000 | L16: =+J16*K16 -> 532500 | M16: =+J16*K16 -> 532500
A17: 6 | C17: =+'Necesidades Trimestrales (2)'!E15 -> DICLOFENAC 75 MG. AMPOLLA | H17: NO | I17: ='Necesidades Trimestrales (2)'!F20 -> UNIDAD | J17: =+'Necesidades Trimestrales (2)'!AT15 -> 33 | K17: =+'Necesidades Trimestrales (2)'!AS15 -> 30700 | L17: =+J17*K17 -> 1013100 | M17: =+J17*K17 -> 1013100
A18: 7 | C18: =+'Necesidades Trimestrales (2)'!E16 -> DICLOFENAC SODICO 75 MG. COMPRIMIDO | H18: NO | I18: ='Necesidades Trimestrales (2)'!F21 -> UNIDAD | J18: =+'Necesidades Trimestrales (2)'!AT16 -> 4.9 | K18: =+'Necesidades Trimestrales (2)'!AS16 -> 100000 | L18: =+J18*K18 -> 490000 | M18: =+J18*K18 -> 490000
A19: 8 | C19: =+'Necesidades Trimestrales (2)'!E17 -> DIPIRONA JARABE | H19: NO | I19: ='Necesidades Trimestrales (2)'!F22 -> UNIDAD | J19: =+'Necesidades Trimestrales (2)'!AT17 -> 125.44 | K19: =+'Necesidades Trimestrales (2)'!AS17 -> 5000 | L19: =+J19*K19 -> 627200 | M19: =+J19*K19 -> 627200
A20: 9 | C20: =+'Necesidades Trimestrales (2)'!E18 -> INMUNOGLOBULINA HUMANA INESPECIFICA 10 GRS | H20: NO | I20: ='Necesidades Trimestrales (2)'!F23 -> UNIDAD | J20: =+'Necesidades Trimestrales (2)'!AT18 -> 89000 | K20: =+'Necesidades Trimestrales (2)'!AS18 -> 5 | L20: =+J20*K20 -> 445000 | M20: =+J20*K20 -> 445000
A21: 10 | C21: =+'Necesidades Trimestrales (2)'!E19 -> KETOROLAC 10 MG COMPRIMIDO | H21: NO | I21: ='Necesidades Trimestrales (2)'!F24 -> UNIDAD | J21: =+'Necesidades Trimestrales (2)'!AT19 -> 5 | K21: =+'Necesidades Trimestrales (2)'!AS19 -> 10000 | L21: =+J21*K21 -> 50000 | M21: =+J21*K21 -> 50000
A22: 11 | C22: =+'Necesidades Trimestrales (2)'!E20 -> KETOROLAC 30MG/ML AMPOLLA | H22: NO | I22: ='Necesidades Trimestrales (2)'!F27 -> UNIDAD | J22: =+'Necesidades Trimestrales (2)'!AT20 -> 29.4 | K22: =+'Necesidades Trimestrales (2)'!AS20 -> 10000 | L22: =+J22*K22 -> 294000 | M22: =+J22*K22 -> 294000
A23: 12 | C23: =+'Necesidades Trimestrales (2)'!E21 -> LIDOCAINA 2%SIN EPINEFRINA X 20 ML | H23: NO | I23: UNIDAD | J23: =+'Necesidades Trimestrales (2)'!AT21 -> 330 | K23: =+'Necesidades Trimestrales (2)'!AS21 -> 6000 | L23: =+J23*K23 -> 1980000 | M23: =+J23*K23 -> 1980000
A24: 13 | C24: =+'Necesidades Trimestrales (2)'!E22 -> LIDOCAINA AEROSOL | H24: NO | I24: UNIDAD | J24: =+'Necesidades Trimestrales (2)'!AT22 -> 385 | K24: =+'Necesidades Trimestrales (2)'!AS22 -> 50 | L24: =+J24*K24 -> 19250 | M24: =+J24*K24 -> 19250
A25: 14 | C25: =+'Necesidades Trimestrales (2)'!E23 -> LIDOCAINA JALEA | H25: NO | I25: UNIDAD | J25: =+'Necesidades Trimestrales (2)'!AT23 -> 130 | K25: =+'Necesidades Trimestrales (2)'!AS23 -> 300 | L25: =+J25*K25 -> 39000
A26: 15 | C26: =+'Necesidades Trimestrales (2)'!E24 -> NAPROXENO 500MG COMPRIMIDO | H26: NO | I26: UNIDAD | J26: =+'Necesidades Trimestrales (2)'!AT24 -> 15.8 | K26: =+'Necesidades Trimestrales (2)'!AS24 -> 10000 | L26: =+J26*K26 -> 158000
A27: 16 | C27: =+'Necesidades Trimestrales (2)'!E25 -> PENICILINA BENZATINICA 2.400.000 FCO AMPOLLA | H27: NO | I27: UNIDAD | J27: =+'Necesidades Trimestrales (2)'!AT25 -> 160 | K27: =+'Necesidades Trimestrales (2)'!AS25 -> 10000 | L27: =+J27*K27 -> 1600000
A28: 17 | C28: =+'Necesidades Trimestrales (2)'!E26 -> PERMETRINA LOCION | H28: NO | I28: UNIDAD | J28: =+'Necesidades Trimestrales (2)'!AT26 -> 525 | K28: =+'Necesidades Trimestrales (2)'!AS26 -> 3000 | L28: =+J28*K28 -> 1575000
A29: 18 | C29: =+'Necesidades Trimestrales (2)'!E27 -> SEVOFLUORANO X 250 ML TIPO ABBOTT | H29: NO | I29: UNIDAD | J29: =+'Necesidades Trimestrales (2)'!AT27 -> 6888 | K29: =+'Necesidades Trimestrales (2)'!AS27 -> 10 | L29: =+J29*K29 -> 68880
A31: Costo total estimado:ONCE MILLONESCUATROCIENTOS NOVENTA Y SIETE MIL DOSCIENTOS TREINTA con 00/100 | J31: =SUM(L12:L29) -> 11497230 | M31: =SUM(M12:M30) -> 8056350

Sheet APG
A1: EJERCICIO: | D1: 2021 | P1: AUTORIZACION PARA GASTAR
A4: JURISDICCIÓN: | G4: =NP!D3 -> 040 - Ministerio de Salud
A5: SAF: | G5: =NP!D4 -> 011 - Direccion Provincial de Administración - Ministerio de Salud
A6: UNIDAD EJECUTORA: | G6: =NP!D5 -> 469 - DIRECCION PROVINCIAL DE FARMACIA E INSUMOS
A7: DEPENDENCIA SOLICITANTE: | G7: =NP!D6 -> 469 - DIRECCION PROVINCIAL DE FARMACIA E INSUMOS
A8: AUTORIZACIÓN:
A9: Señor Jefe de Servicio Administrativo Financiero:
A10: Autorizo la realización de los trámites correspondientes, a fin de proveer a este Organismo los bienes que se detallan en Nota de pedido y Entrega N° 35/2021, afectando la erogación resultante a los créditos presupuestarios aprobados a favor de esta Unidad Ejecutora, conforme al siguiente detalle:
A12: IMPUTACIÓN PRESUPUESTARIA
A13: CÓDIGO | O13: DENOMINACIÓN DE LA PARTIDA PRESUPUESTARIA | Q13: IMPORTE
A14: PR | B14: SB | C14: PY | D14: AC | E14: OB | F14: UG | G14: FIN | H14: FUN | I14: I | J14: P | K14: P | L14: SubP | M14: M | N14: FF
A15: 30 | D15: 1 | F15: 4901 | G15: 3 | H15: 1 | I15: 2 | J15: 5 | K15: 2 | M15: 1 | N15: 1.1 | O15: Productos Farmacéuticos y Medicinales | Q15: =+'Necesidades Trimestrales (2)'!AU28 -> 11497230
A23: TOTAL DE PESOS: ONCE MILLONESCUATROCIENTOS NOVENTA Y SIETE MIL DOSCIENTOS TREINTA con 00/100 | Q23: =SUM(Q15:Q22) -> 11497230
A25: JUSTIFICACIÓN:
A26: =NP!D8 -> Adquisicion del RUBRO ANALGESICOS Y ANTIINFECCIONSA
