Workbook

Sheet Necesidades Trimestrales 
B2: Pedido de Necesidades Trimestrales
A4: JURISDICCION: | C4: 040 - Ministerio de Salud
A5: SAF N°: | C5: 28- Maternidad Provincial 25 de Mayo
A6: EJERCICIO: | C6: 2022
A7: TRIMESTRE: | C7: 4
A9: ID | B9: CODIGO ITEM | C9: RUBRO DE COMPRA | D9: I.P.P. | E9: DESCRIPCION | F9: UNIDAD DE MEDIDA | G9: CANTIDAD | H9: PRECIO UNITARIO ESTIMADO | I9: IMPORTE TOTAL ESTIMADO
A10: 1 | B10: 2.5.2-4817.30 | C10: PROD. MEDICO/FARMACEUTICOS/LAB | D10: 252 | E10: ANTIHIPERTENSIVOS; TIPO: MONODROGA, DROGA GENERICA: CLONIDINA, FORMA FARMACEUTICA: AMPOLLA, PRESENTACION: 0,15 mGr | F10: AMPOLLA | G10: 300 | H10: 75 | I10: =+G10*H10 -> 22500
A11: 2 | B11: 2.5.2-4817.44 | C11: PROD. MEDICO/FARMACEUTICOS/LAB | D11: 252 | E11: ANTIHIPERTENSIVOS; TIPO: MONODROGA, DROGA GENERICA: NIFEDIPINA 30 MG, FORMA FARMACEUTICA: COMPRIMIDO, PRESENTACION: UNIDAD | F11: COMPRIMIDO | G11: 300 | H11: 23 | I11: =+G11*H11 -> 6900
A12: 3 | B12: 2.5.2-1865.2 | C12: PROD. MEDICO/FARMACEUTICOS/LAB | D12: 252 | E12: ANTIEPILEPTICOS; TIPO: MONODROGA, FORMA FARMACEUTICA: AMPOLLA, PRESENTACION: 200 mGr, DROGA GENERICA: FENOBARBITAL | F12: AMPOLLA | G12: 200 | H12: 480 | I12: =+G12*H12 -> 96000
A13: 4 | B13: 2.1.1-4227.19 | C13: PROD. MEDICO/FARMACEUTICOS/LAB | D13: 252 | E13: SUPLEMENTOS DIETARIOS; TIPO: ASOCIACION, DROGA GENERICA: S. PARENTERAL NEONATAL 0-500 ML, PRESENTACION: UNIDAD, ACCESORIO: CON FILTRO | F13: UNIDAD | G13: 300 | H13: 8860 | I13: =+G13*H13 -> 2658000
B15: Especificidades: Del ITEMS 1 al 4
B17: Lugar de Entrega: SERVICIO DE FARMACIA DE 08:00 A 12:00HS., DEBIENDO CORRER LOS GASTOS DE FLETES, ACARREO, CARGA, DESCARGA Y SEGURO A CARGO DEL ADJUDICATARIO.HERNANDO DE PEDRAZA 1650,
B20: Plazo de entrega: 10 DIAS HABILES
B22: Calidad Minima esperada:
B23: Mantenimiento: 45 DIAS HABILES

Sheet  NotaPedido
A1: NOTA DE PEDIDO | J1: N° | K1: xxx/2022
A3: JURISDICCIÓN: | D3: =+'Necesidades Trimestrales '!C4 -> 040 - Ministerio de Salud
A4: SAF: | D4: =+'Necesidades Trimestrales '!C5 -> 28- Maternidad Provincial 25 de Mayo
A5: UNIDAD EJECUTORA: | D5: 169-Direccion Asistencial
A6: DEPENDENCIA SOLICITANTE: | D6: Servicio de Farmacia
A7: PERIODO UTILIZACIÓN: | D7: Semestral
A8: OBJETO: | D8: Adquisición de DESIERTOS Y FRACASADOS TERCER TRIMESTRE
A10: Ítem | B10: Codigo Item | C10: DESCRIPCIÓN | H10: Adjunta Detalle Técnico | I10: Unidad Medida | J10: Precio Unitario Estimado | K10: Cantidad Solicitada
A12: 1 | B12: =+'Necesidades Trimestrales '!B10 -> 2.5.2-4817.30 | C12: =+'Necesidades Trimestrales '!E10 -> ANTIHIPERTENSIVOS; TIPO: MONODROGA, DROGA GENERICA: CLONIDINA, FORMA FARMACEUTICA: AMPOLLA, PRESENTACION: 0,15 mGr | H12: NO | I12: =+'Necesidades Trimestrales '!F10 -> AMPOLLA | J12: =+'Necesidades Trimestrales '!H10 -> 75 | K12: =+'Necesidades Trimestrales '!G10 -> 300
A13: 2 | B13: =+'Necesidades Trimestrales '!B11 -> 2.5.2-4817.44 | C13: =+'Necesidades Trimestrales '!E11 -> ANTIHIPERTENSIVOS; TIPO: MONODROGA, DROGA GENERICA: NIFEDIPINA 30 MG, FORMA FARMACEUTICA: COMPRIMIDO, PRESENTACION: UNIDAD | H13: NO | I13: =+'Necesidades Trimestrales '!F11 -> COMPRIMIDO | J13: =+'Necesidades Trimestrales '!H11 -> 23 | K13: =+'Necesidades Trimestrales '!G11 -> 300
A14: 3 | B14: =+'Necesidades Trimestrales '!B12 -> 2.5.2-1865.2 | C14: =+'Necesidades Trimestrales '!E12 -> ANTIEPILEPTICOS; TIPO: MONODROGA, FORMA FARMACEUTICA: AMPOLLA, PRESENTACION: 200 mGr, DROGA GENERICA: FENOBARBITAL | H14: NO | I14: =+'Necesidades Trimestrales '!F12 -> AMPOLLA | J14: =+'Necesidades Trimestrales '!H12 -> 480 | K14: =+'Necesidades Trimestrales '!G12 -> 200
A15: 4 | B15: =+'Necesidades Trimestrales '!B13 -> 2.1.1-4227.19 | C15: =+'Necesidades Trimestrales '!E13 -> SUPLEMENTOS DIETARIOS; TIPO: ASOCIACION, DROGA GENERICA: S. PARENTERAL NEONATAL 0-500 ML, PRESENTACION: UNIDAD, ACCESORIO: CON FILTRO | H15: NO | I15: =+'Necesidades Trimestrales '!F13 -> UNIDAD | J15: 8860 | K15: =+'Necesidades Trimestrales '!G13 -> 300
A16: Costo total estimado: DOS MILLONES SETECIENTOS OCHENTA Y TRES MIL CUATROCIENTOS CON 00/100. | J16: =SUMPRODUCT(J12:J15,K12:K15) -> 2783400

Sheet Autor Gastar
A1: EJERCICIO: | D1: 2022 | P1: AUTORIZACION PARA GASTAR
A4: JURISDICCIÓN: | G4: =+'Necesidades Trimestrales '!C4 -> 040 - Ministerio de Salud
A5: SAF: | G5: =' NotaPedido'!D4 -> 28- Maternidad Provincial 25 de Mayo
A6: UNIDAD EJECUTORA: | G6: =' NotaPedido'!D5 -> 169-Direccion Asistencial
A7: DEPENDENCIA SOLICITANTE: | G7: =' NotaPedido'!D6 -> Servicio de Farmacia
A8: AUTORIZACIÓN:
A9: Señor Jefe de Servicio Administrativo Financiero:
A10: ="Autorizo la realización de los trámites correspondientes, a fin de proveer a este Organismo los bienes y/o servicios que se detallan en Nota de Pedido N° " & ' NotaPedido'!K1&", afectando la erogación resultante a los créditos presupuestarios aprobados a favor de esta Unidad Ejecutora, conforme al siguiente detalle:" -> Autorizo la realización de los trámites correspondientes, a fin de proveer a este Organismo los bienes y/o servicios que se detallan en Nota de Pedido N° xxx/2022, afectando la erogación resultante a los créditos presupuestarios aprobados a favor de esta Unidad Ejecutora, conforme al siguiente detalle:
A12: IMPUTACIÓN PRESUPUESTARIA
A13: CÓDIGO | O13: DENOMINACIÓN DE LA PARTIDA PRESUPUESTARIA | Q13: IMPORTE
A14: PR | B14: SB | C14: PY | D14: AC | E14: OB | F14: UG | G14: FIN | H14: FUN | I14: I | J14: P | K14: P | L14: SubP | M14: M | N14: FF
A15: 42 | D15: 2 | F15: 4901 | G15: 3 | H15: 310 | I15: 2 | J15: 5 | K15: 2 | M15: 1 | N15: 1.1 | O15: Productos Farmacéuticos y Medicinales | Q15: 2783400
A23: TOTAL DE PESOS: DOS MILLONES SETECIENTOS OCHENTA Y TRES MIL CUATROCIENTOS CON 00/100. | Q23: =SUM(Q15:Q22) -> 2783400
A25: JUSTIFICACIÓN:
A26: Para la adquisición de Desiertos y Fracasados 3° trimestre destinados a la Maternidad Provincial 25 de Mayo
