Workbook

Sheet Necesidades Trimestrales
B2: Pedido de Necesidades Trimestrales
A4: JURISDICCION: | C4: 45- Ministerio de Desarrollo Social y Deporte
A5: SAF N°: | C5: 25- Direccion Provincial de Gestion Administrativa y RRHH
A6: EJERCICIO: | C6: 2021
A7: TRIMESTRE: | C7: 1
A9: ID | B9: CODIGO ITEM | C9: RUBRO DE COMPRA | D9: I.P.P. | E9: DESCRIPCION | F9: UNIDAD DE MEDIDA | G9: CANTIDAD | H9: PRECIO UNITARIO ESTIMADO | I9: IMPORTE TOTAL ESTIMADO
A10: 1 | B10: 2.7.1-331.42 | C10: MATERIALES DE CONSTRUCCION | D10: 2.7.1 | E10: CHAPAS GALVANIZADAS; ANCHO: 1.10 M, CALIBRE BWG: 27, LARGO: 3 M | F10: UNIDADES | G10: 200 | H10: 7460 | I10: =+H10*G10 -> 1492000
A11: 2 | B11: 2.7.1-331.107 | C11: MATERIALES DE CONSTRUCCION | D11: 2.7.1 | E11: CHAPAS GALVANIZADAS; ANCHO: 1100 mm, CALIBRE BWG: 27, LARGO: 6000 mm | F11: UNIDADES | G11: 200 | H11: 14920 | I11: =+H11*G11 -> 2984000
B18: Especificidades Item N° 1:
B20: Descripción técnica
B22: Plazos y lugares de entrega
C23: Plazo de Entrega: 05 DIAS
C24: Lugar y Forma de Entrega: Deposito del Ministerio de Desarrollo Social y Deporte, Area Industrial EL Pantanillo S/N- San Fernando del Valle de Catamarca (CP 4700)
B26: Calidad Minima esperada
C27: Alta
B28: Mantenimiento
C29: Plazo de Mantinimiento 60 dias
B30: Garantia
C31: S/E
B35: Especificidades Item N° 2:
B37: Descripción técnica
B39: Plazos y lugares de entrega
C40: Plazo de Entrega: 05 DIAS
C41: Lugar y Forma de Entrega: Deposito del Ministerio de Desarrollo Social y Deporte, Area Industrial EL Pantanillo S/N- San Fernando del Valle de Catamarca (CP 4700)
B43: Calidad Minima esperada
C44: Alta
B45: Mantenimiento
C46: Plazo de Mantinimiento 60 dias
B47: Garantia
C48: S/E

Sheet  NotaPedido
A1: NOTA DE PEDIDO | J1: N° | K1: 159/2021
A3: JURISDICCIÓN: | D3: ='Necesidades Trimestrales'!C4 -> 45- Ministerio de Desarrollo Social y Deporte
A4: SAF: | D4: ='Necesidades Trimestrales'!C5 -> 25- Direccion Provincial de Gestion Administrativa y RRHH
A5: UNIDAD EJECUTORA: | D5: 16- Direccion Provincial de Accion Social Directa-
A6: DEPENDENCIA SOLICITANTE: | D6: 02- Programa Vivir Mejor- PRO.VI.ME
A7: PERIODO UTILIZACIÓN: | D7: ='Necesidades Trimestrales'!C7 & "° Trimestre - Año " & 'Necesidades Trimestrales'!C6 -> 1° Trimestre - Año 2021
A8: OBJETO: | D8: Adquisición Chapas de Zinc para Asistir a Personas de Escaso Recurso
A10: Ítem | B10: Codigo Item | C10: DESCRIPCIÓN | H10: Adjunta Detalle Técnico | I10: Unidad Medida | J10: Precio Unitario Estimado | K10: Cantidad Solicitada
A12: 1 | B12: ='Necesidades Trimestrales'!B10 -> 2.7.1-331.42 | C12: ='Necesidades Trimestrales'!E10 -> CHAPAS GALVANIZADAS; ANCHO: 1.10 M, CALIBRE BWG: 27, LARGO: 3 M | H12: NO | I12: ='Necesidades Trimestrales'!F10 -> UNIDADES | J12: ='Necesidades Trimestrales'!H10 -> 7460 | K12: ='Necesidades Trimestrales'!G10 -> 200
A13: 2 | B13: ='Necesidades Trimestrales'!B11 -> 2.7.1-331.107 | C13: ='Necesidades Trimestrales'!E11 -> CHAPAS GALVANIZADAS; ANCHO: 1100 mm, CALIBRE BWG: 27, LARGO: 6000 mm | H13: NO | I13: ='Necesidades Trimestrales'!F11 -> UNIDADES | J13: ='Necesidades Trimestrales'!H11 -> 14920 | K13: ='Necesidades Trimestrales'!G11 -> 200
A16: Costo total estimado: CUATRO MILLONES CUATROCIENTOS SETENTA Y SEIS MIL CON 00/100.- | J16: =+J12*K12+J13*K13 -> 4476000

Sheet Autor Gastar
A1: EJERCICIO: | D1: ='Necesidades Trimestrales'!C6 -> 2021 | P1: AUTORIZACION PARA GASTAR
A4: JURISDICCIÓN: | G4: =' NotaPedido'!D3 -> 45- Ministerio de Desarrollo Social y Deporte
A5: SAF: | G5: =' NotaPedido'!D4 -> 25- Direccion Provincial de Gestion Administrativa y RRHH
A6: UNIDAD EJECUTORA: | G6: 16- Direccion Provincial de Accion Social Directa
A7: DEPENDENCIA SOLICITANTE: | G7: 02- Programa Vivir Mejor
A8: AUTORIZACIÓN:
A9: Señor Jefe de Servicio Administrativo Financiero:
A10: ="Autorizo la realización de los trámites correspondientes, a fin de proveer a este Organismo los bienes y/o servicios que se detallan en Nota de Pedido N° " & ' NotaPedido'!K1&", afectando la erogación resultante a los créditos presupuestarios aprobados a favor de esta Unidad Ejecutora, conforme al siguiente detalle:" -> Autorizo la realización de los trámites correspondientes, a fin de proveer a este Organismo los bienes y/o servicios que se detallan en Nota de Pedido N° 159/2021, afectando la erogación resultante a los créditos presupuestarios aprobados a favor de esta Unidad Ejecutora, conforme al siguiente detalle:
A12: IMPUTACIÓN PRESUPUESTARIA
A13: CÓDIGO | O13: DENOMINACIÓN DE LA PARTIDA PRESUPUESTARIA | Q13: IMPORTE
A14: PR | B14: SB | C14: PY | D14: AC | E14: OB | F14: UG | G14: FIN | H14: FUN | I14: I | J14: P | K14: P | L14: SubP | M14: M | N14: FF
A15: 16 | D15: 2 | F15: 4901 | G15: 1 | H15: 4 | I15: =LEFT('Necesidades Trimestrales'!D10,1) -> 2 | J15: 7 | K15: 1 | M15: 1 | N15: 1.1 | O15: PRODUCTOS FERROSOS | Q15: 4476000
A22: TOTAL DE PESOS: CUATRO MILLONES CUATROCIENTOS SETENTA Y SEIS MIL CON 00/100.- | Q22: =SUM(Q15:Q21) -> 4476000
A24: JUSTIFICACIÓN:
A25: Adquisición Chapas de Zinc para Asistir a Personas de Escaso Recurso

Sheet Hoja1
A3: item | B3: cantidad | C3: descipcion | D3: monto | E3: total
A4: 1 | B4: 70 | C4: S. FUNEBRE; DESCRIPCION: ATAUD BOVEDA SEMI EXTRAORDINARIO LUSTRADO CON CAJA INTERIOR METALICA TAPIZADA CON VALVULA P/ FORMOL, SOLDADURA, C/ 8 MANIJAS Y PLACA IDENTIFICATORIA- VELATORIO EN SALA O EN DOMICILIO Y TRASLADO AL CEMENTERIO- SUJETO AL PROTOCOLO DE COVID-19 " AISLAMIENTO SOCIAL, PREVENTIVO Y OBLIGATORIO".-
A6: 2 | B6: 30 | C6: S. FUNEBRE; DESCRIPCION: SERVICIO FUNEBRE ATAUD PARA ANGELITO, CON SOLDADURA Y TRASLADO AL CEMENTERIO SUJETO AL PROTOCOLO DE COVID-19 " AISLAMIENTO SOCIAL, PREVENTIVO Y OBLIGATORIO".-
