Workbook

Sheet Necesidades Trimestrales
B2: Pedido de Necesidades Trimestrales
A4: JURISDICCION: | C4: 040 - Ministerio de Salud
A5: SAF N°: | C5: 28- Maternidad Provincial 25 de Mayo
A6: EJERCICIO: | C6: 2022
A7: TRIMESTRE: | C7: 2
A9: ID | B9: CODIGO ITEM | C9: RUBRO DE COMPRA | D9: I.P.P. | E9: DESCRIPCION | F9: UNIDAD DE MEDIDA | G9: CANTIDAD | H9: PRECIO UNITARIO ESTIMADO | I9: IMPORTE TOTAL ESTIMADO
A10: 1 | C10: TERAPIA RESPIRATORIA | D10: 295 | E10: CANULA NASAL PARA OXIGENOTERAPIA NEONATAL | F10: UNIDAD | G10: 100 | H10: 189 | I10: =+G10*H10 -> 18900
A11: 2 | C11: TERAPIA RESPIRATORIA | D11: 295 | E11: CANULA NASAL PARA OXIGENOTERAPIA PEDIATRICO | F11: UNIDAD | G11: 200 | H11: 124 | I11: =+G11*H11 -> 24800
A12: 3 | C12: TERAPIA RESPIRATORIA | D12: 295 | E12: CIRCUITO RESPIRADOR CON TRAMPA DE AGUA AUTOCLAVABLE NEONATAL | F12: UNIDAD | G12: 10 | H12: 24000 | I12: =+G12*H12 -> 240000
A13: 4 | C13: TERAPIA RESPIRATORIA | D13: 295 | E13: CIRCUITO RESPIRATORIO PARA LACTANTES DE DOBLE RAMA SIN CAMARA CON COLECTOR DE AGUA ESPIRATORIA Y LINEA DE PRESION ( CAUDAL MAYOR 4 L/ MIN ) TIPO RT 125 FISCHER PAYKEL | F13: UNIDAD | G13: 20 | H13: 8900 | I13: =+G13*H13 -> 178000
A14: 5 | C14: TERAPIA RESPIRATORIA | D14: 295 | E14: FRASCO RECOLECTOR DE ASPIRACIONES QUIRURGICAS X 2 LITRO ( CANISTER ) | F14: UNIDAD | G14: 30 | H14: 4200 | I14: =+G14*H14 -> 126000
A15: 6 | C15: TERAPIA RESPIRATORIA | D15: 295 | E15: HALO CEFALICO tipo <MEDIX> con tapa - MEDIANO : 200 mm de diametro x 180 mm de altura | F15: UNIDAD | G15: 10 | H15: 17680 | I15: =+G15*H15 -> 176800
A16: 7 | C16: TERAPIA RESPIRATORIA | D16: 295 | E16: HALO CEFALICO tipo <MEDIX> con tapa GRANDE: 230 mm de diametro x 200 mm de altura | F16: UNIDAD | G16: 10 | H16: 20345 | I16: =+G16*H16 -> 203450
A17: 8 | C17: TERAPIA RESPIRATORIA | D17: 295 | E17: OXIMETRO DE PULSO PORTATIL | F17: UNIDAD | G17: 60 | H17: 2100 | I17: =+G17*H17 -> 126000
A18: 9 | C18: TERAPIA RESPIRATORIA | D18: 295 | E18: RESUCITADOR MANUAL ADULTO REUTILIZABLE | F18: UNIDAD | G18: 10 | H18: 8200 | I18: =+G18*H18 -> 82000
A19: 10 | C19: TERAPIA RESPIRATORIA | D19: 295 | E19: RESUCITADOR MANUAL NEONATAL REUTILIZABLE | F19: UNIDAD | G19: 10 | H19: 8200 | I19: =+G19*H19 -> 82000
A20: 11 | C20: TERAPIA RESPIRATORIA | D20: 295 | E20: SISTEMA CPAP BURBUJAS -PARA LACTANTES, INCLUYE CIRCUITO RESPIRATORIO INSPIRATORIO CALENTADO CON CAMARA DE AUTOLLENADO, TUBULADURA DE PRESION & GENERADOR DE CPAP DE BURBUJAS( SE CONECTA A LA INTERFAZ DE LA BARRA EN T) PTE. DE 1000 G. TIPO FISHER & PAYKEL BC 151 | F20: UNIDAD | G20: 10 | H20: 14300 | I20: =+G20*H20 -> 143000
A21: 12 | C21: TERAPIA RESPIRATORIA | D21: 295 | E21: SISTEMA CPAP BURBUJAS -PARA LACTANTES, INCLUYE CIRCUITO RESPIRATORIO INSPIRATORIO CALENTADO CON CAMARA DE AUTOLLENADO, TUBULADURA DE PRESION & GENERADOR DE CPAP DE BURBUJAS( SE CONECTA A LA INTERFAZ DE LA BARRA EN T) PTE. DE 1000 A 1500 G.. TIPO FISHER & PAYKEL BC 153 | F21: UNIDAD | G21: 10 | H21: 14300 | I21: =+G21*H21 -> 143000
... A27: 18 | C27: TERAPIA RESPIRATORIA | D27: 295 | E27: TUBO CONECTOR EN T | F27: UNIDAD | G27: 20 | H27: 280 | I27: =+G27*H27 -> 5600
B32: Especificidades: ITEM 18- CONECTOR EN T 22F, 22/18mm, 22M
B34: Lugar de Entrega: SERVICIO DE FARMACIA DE 08:00 A 13:00HS., DEBIENDO CORRER LOS GASTOS DE FLETES, ACARREO, CARGA, DESCARGA Y SEGURO A CARGO DEL ADJUDICATARIO.
B37: Plazo de entrega: 10 (DIEZ) DIAS HABILES
B39: Calidad Minima esperada:
B40: Mantenimiento: 45 (CUARENTA Y CINCO) DIAS HABILES

Sheet  NotaPedido
A1: NOTA DE PEDIDO | J1: N° | K1: 59/2022
A3: JURISDICCIÓN: | D3: ='Necesidades Trimestrales'!C4 -> 040 - Ministerio de Salud
A4: SAF: | D4: ='Necesidades Trimestrales'!C5 -> 28- Maternidad Provincial 25 de Mayo
A5: UNIDAD EJECUTORA: | D5: 169-Direccion Asistencial
A6: DEPENDENCIA SOLICITANTE: | D6: Servicio de Farmacia
A7: PERIODO UTILIZACIÓN: | D7: SEMESTRAL
A8: OBJETO: | D8: ADQUISICION DE INSUMOS PARA TERAPIA RESPIRATORIA
A10: Ítem | B10: Codigo Item | C10: DESCRIPCIÓN | H10: Adjunta Detalle Técnico | I10: Unidad Medida | J10: Precio Unitario Estimado | K10: Cantidad Solicitada
A12: =+'Necesidades Trimestrales'!A10 -> 1 | C12: =+'Necesidades Trimestrales'!E10 -> CANULA NASAL PARA OXIGENOTERAPIA NEONATAL | H12: NO | I12: =+'Necesidades Trimestrales'!F10 -> UNIDAD | J12: =+'Necesidades Trimestrales'!H10 -> 189 | K12: =+'Necesidades Trimestrales'!G10 -> 100
A13: =+'Necesidades Trimestrales'!A11 -> 2 | C13: =+'Necesidades Trimestrales'!E11 -> CANULA NASAL PARA OXIGENOTERAPIA PEDIATRICO | H13: NO | I13: =+'Necesidades Trimestrales'!F11 -> UNIDAD | J13: =+'Necesidades Trimestrales'!H11 -> 124 | K13: =+'Necesidades Trimestrales'!G11 -> 200
A14: =+'Necesidades Trimestrales'!A12 -> 3 | C14: =+'Necesidades Trimestrales'!E12 -> CIRCUITO RESPIRADOR CON TRAMPA DE AGUA AUTOCLAVABLE NEONATAL | H14: NO | I14: =+'Necesidades Trimestrales'!F12 -> UNIDAD | J14: =+'Necesidades Trimestrales'!H12 -> 24000 | K14: =+'Necesidades Trimestrales'!G12 -> 10
A15: =+'Necesidades Trimestrales'!A13 -> 4 | C15: =+'Necesidades Trimestrales'!E13 -> CIRCUITO RESPIRATORIO PARA LACTANTES DE DOBLE RAMA SIN CAMARA CON COLECTOR DE AGUA ESPIRATORIA Y LINEA DE PRESION ( CAUDAL MAYOR 4 L/ MIN ) TIPO RT 125 FISCHER PAYKEL | H15: NO | I15: =+'Necesidades Trimestrales'!F13 -> UNIDAD | J15: =+'Necesidades Trimestrales'!H13 -> 8900 | K15: =+'Necesidades Trimestrales'!G13 -> 20
A16: =+'Necesidades Trimestrales'!A14 -> 5 | C16: =+'Necesidades Trimestrales'!E14 -> FRASCO RECOLECTOR DE ASPIRACIONES QUIRURGICAS X 2 LITRO ( CANISTER ) | H16: NO | I16: =+'Necesidades Trimestrales'!F14 -> UNIDAD | J16: =+'Necesidades Trimestrales'!H14 -> 4200 | K16: =+'Necesidades Trimestrales'!G14 -> 30
A17: =+'Necesidades Trimestrales'!A15 -> 6 | C17: =+'Necesidades Trimestrales'!E15 -> HALO CEFALICO tipo <MEDIX> con tapa - MEDIANO : 200 mm de diametro x 180 mm de altura | H17: NO | I17: =+'Necesidades Trimestrales'!F15 -> UNIDAD | J17: =+'Necesidades Trimestrales'!H15 -> 17680 | K17: =+'Necesidades Trimestrales'!G15 -> 10
A18: =+'Necesidades Trimestrales'!A16 -> 7 | C18: =+'Necesidades Trimestrales'!E16 -> HALO CEFALICO tipo <MEDIX> con tapa GRANDE: 230 mm de diametro x 200 mm de altura | H18: NO | I18: =+'Necesidades Trimestrales'!F16 -> UNIDAD | J18: =+'Necesidades Trimestrales'!H16 -> 20345 | K18: =+'Necesidades Trimestrales'!G16 -> 10
A19: =+'Necesidades Trimestrales'!A17 -> 8 | C19: =+'Necesidades Trimestrales'!E17 -> OXIMETRO DE PULSO PORTATIL | H19: NO | I19: =+'Necesidades Trimestrales'!F17 -> UNIDAD | J19: =+'Necesidades Trimestrales'!H17 -> 2100 | K19: =+'Necesidades Trimestrales'!G17 -> 60
A20: =+'Necesidades Trimestrales'!A18 -> 9 | C20: =+'Necesidades Trimestrales'!E18 -> RESUCITADOR MANUAL ADULTO REUTILIZABLE | H20: NO | I20: =+'Necesidades Trimestrales'!F18 -> UNIDAD | J20: =+'Necesidades Trimestrales'!H18 -> 8200 | K20: =+'Necesidades Trimestrales'!G18 -> 10
A21: =+'Necesidades Trimestrales'!A19 -> 10 | C21: =+'Necesidades Trimestrales'!E19 -> RESUCITADOR MANUAL NEONATAL REUTILIZABLE | H21: NO | I21: =+'Necesidades Trimestrales'!F19 -> UNIDAD | J21: =+'Necesidades Trimestrales'!H19 -> 8200 | K21: =+'Necesidades Trimestrales'!G19 -> 10
A22: =+'Necesidades Trimestrales'!A20 -> 11 | C22: =+'Necesidades Trimestrales'!E20 -> SISTEMA CPAP BURBUJAS -PARA LACTANTES, INCLUYE CIRCUITO RESPIRATORIO INSPIRATORIO CALENTADO CON CAMARA DE AUTOLLENADO, TUBULADURA DE PRESION & GENERADOR DE CPAP DE BURBUJAS( SE CONECTA A LA INTERFAZ DE LA BARRA EN T) PTE. DE 1000 G. TIPO FISHER & PAYKEL BC 151 | H22: NO | I22: =+'Necesidades Trimestrales'!F20 -> UNIDAD | J22: =+'Necesidades Trimestrales'!H20 -> 14300 | K22: =+'Necesidades Trimestrales'!G20 -> 10
A23: =+'Necesidades Trimestrales'!A21 -> 12 | C23: =+'Necesidades Trimestrales'!E21 -> SISTEMA CPAP BURBUJAS -PARA LACTANTES, INCLUYE CIRCUITO RESPIRATORIO INSPIRATORIO CALENTADO CON CAMARA DE AUTOLLENADO, TUBULADURA DE PRESION & GENERADOR DE CPAP DE BURBUJAS( SE CONECTA A LA INTERFAZ DE LA BARRA EN T) PTE. DE 1000 A 1500 G.. TIPO FISHER & PAYKEL BC 153 | H23: NO | I23: =+'Necesidades Trimestrales'!F21 -> UNIDAD | J23: =+'Necesidades Trimestrales'!H21 -> 14300 | K23: =+'Necesidades Trimestrales'!G21 -> 10
... A29: =+'Necesidades Trimestrales'!A27 -> 18 | C29: =+'Necesidades Trimestrales'!E27 -> TUBO CONECTOR EN T | H29: SI | I29: =+'Necesidades Trimestrales'!F27 -> UNIDAD | J29: =+'Necesidades Trimestrales'!H27 -> 280 | K29: =+'Necesidades Trimestrales'!G27 -> 20
A30: Costo total estimado: DOS MILLONES OCHENTA Y CUATRO MIL QUINIENTOS CINCUENTA CON 00/100. | J30: =SUMPRODUCT('Necesidades Trimestrales'!G10:G27*'Necesidades Trimestrales'!H10:H27) -> 2084550

Sheet Autor Gastar
A1: EJERCICIO: | D1: ='Necesidades Trimestrales'!C6 -> 2022 | P1: AUTORIZACION PARA GASTAR
A4: JURISDICCIÓN: | G4: =' NotaPedido'!D3 -> 040 - Ministerio de Salud
A5: SAF: | G5: =' NotaPedido'!D4 -> 28- Maternidad Provincial 25 de Mayo
A6: UNIDAD EJECUTORA: | G6: =' NotaPedido'!D5 -> 169-Direccion Asistencial
A7: DEPENDENCIA SOLICITANTE: | G7: =' NotaPedido'!D6 -> Servicio de Farmacia
A8: AUTORIZACIÓN:
A9: Señor Jefe de Servicio Administrativo Financiero:
A10: ="Autorizo la realización de los trámites correspondientes, a fin de proveer a este Organismo los bienes y/o servicios que se detallan en Nota de Pedido N° " & ' NotaPedido'!K1&", afectando la erogación resultante a los créditos presupuestarios aprobados a favor de esta Unidad Ejecutora, conforme al siguiente detalle:" -> Autorizo la realización de los trámites correspondientes, a fin de proveer a este Organismo los bienes y/o servicios que se detallan en Nota de Pedido N° 59/2022, afectando la erogación resultante a los créditos presupuestarios aprobados a favor de esta Unidad Ejecutora, conforme al siguiente detalle:
A12: IMPUTACIÓN PRESUPUESTARIA
A13: CÓDIGO | O13: DENOMINACIÓN DE LA PARTIDA PRESUPUESTARIA | Q13: IMPORTE
A14: PR | B14: SB | C14: PY | D14: AC | E14: OB | F14: UG | G14: FIN | H14: FUN | I14: I | J14: P | K14: P | L14: SubP | M14: M | N14: FF
A15: 42 | D15: 2 | F15: 4901 | G15: 3 | H15: 310 | I15: 2 | J15: 9 | K15: 5 | M15: 1 | N15: 1.1 | O15: UTILES MENORES, MEDICOS, QUIRURGICOS Y DE LABORATORIO | Q15: 2084550
A23: TOTAL DE PESOS: DOS MILLONES OCHENTA Y CUATRO MIL QUINIENTOS CINCUENTA CON 00/100. | Q23: =SUM(Q15:Q22) -> 2084550
A25: JUSTIFICACIÓN:
A26: Para la adquisición de INSUMOS PARA TERAPIA RESPIRATORIA destinados al Servico de Farmacia de la Maternidad Provincial 25 de Mayo.
