Workbook

Sheet Necesidades Trimestrales
B2: Pedido de Necesidades Trimestrales
A4: JURISDICCION: | C4: 40 - Ministerio de Salud
A5: SAF N°: | C5: 23 - Hospital Interzonal San Juan Bautista
A6: EJERCICIO: | C6: 2021
A7: TRIMESTRE: | C7: 2
A9: ID | B9: CODIGO ITEM | C9: RUBRO DE COMPRA | D9: I.P.P. | E9: DESCRIPCION | F9: UNIDAD DE MEDIDA | G9: CANTIDAD | H9: PRECIO UNITARIO ESTIMADO | I9: IMPORTE TOTAL ESTIMADO
A10: 1 | C10: Compuestos Quimicos | D10: 2.5.1 | E10: 2010 ASSAY CUP | F10: CAJA | G10: 7 | H10: 23309 | I10: =G10*H10 -> 163163
A11: =A10+1 -> 2 | C11: Compuestos Quimicos | D11: 2.5.1 | E11: 2010 ASSAY TIP | F11: CAJA | G11: 7 | H11: 17318 | I11: =G11*H11 -> 121226
A12: =A11+1 -> 3 | C12: Compuestos Quimicos | D12: 2.5.1 | E12: ACEITE DE INMERSIÓN : X 100 ML | F12: FRASCO | G12: 4 | H12: 1505 | I12: =G12*H12 -> 6020
A13: 4 | C13: Compuestos Quimicos | D13: 2.5.1 | E13: ACID WASH SOLUTION 2 X 1800 MLP/COBAS C311 | F13: CAJA | G13: 3 | H13: 28854 | I13: =G13*H13 -> 86562
A14: 5 | C14: Compuestos Quimicos | D14: 2.5.1 | E14: ÁCIDO CLOHÍDRICO 27-30%, ESTADO: LIQUIDO, PRESENTACIÓN: ENVASE POR 1 LITRO | F14: FRASCO | G14: 3 | H14: 900 | I14: =G14*H14 -> 2700
A15: =A14+1 -> 6 | C15: Compuestos Quimicos | D15: 2.5.1 | E15: ACIDO URICO COBAS C-311 ROCHE X 400 DET | F15: CASSETTE | G15: 6 | H15: 4661 | I15: =G15*H15 -> 27966
A16: 7 | C16: Compuestos Quimicos | D16: 2.5.1 | E16: AGAR BASE COLUMBIA, ESTADO: SOLIDO, PRESENTACION: ENVASE X 500 GR | F16: FRASCO | G16: 2 | H16: 10605 | I16: =G16*H16 -> 21210
A17: =A16+1 -> 8 | C17: Compuestos Quimicos | D17: 2.5.1 | E17: AGAR BILIS ESCULINA, ESTADO: SOLIDO, PRESENTACION: ENVASE X 100 GR | F17: FRASCO | G17: 2 | H17: 14471 | I17: =G17*H17 -> 28942
A18: =A17+1 -> 9 | C18: Compuestos Quimicos | D18: 2.5.1 | E18: AGAR C.L.D.E: X 500 GR | F18: FRASCO | G18: 2 | H18: 10150 | I18: =G18*H18 -> 20300
A19: =A18+1 -> 10 | C19: Compuestos Quimicos | D19: 2.5.1 | E19: AGAR CITRATO DE SIMMONS, ESTADO: SOLIDO, PRESENTACION: ENVASE X 100 GR | F19: FRASCO | G19: 2 | H19: 4223 | I19: =G19*H19 -> 8446
A20: =A19+1 -> 11 | C20: Compuestos Quimicos | D20: 2.5.1 | E20: AGAR CROMOGENICO P/CANDIDA, ESTADO: SOLIDO, PRESENTACION: ENVASE X 47,7 GR | F20: FRASCO | G20: 1 | H20: 50025 | I20: =G20*H20 -> 50025
A21: =A20+1 -> 12 | C21: Compuestos Quimicos | D21: 2.5.1 | E21: AGAR EOSINA-AZUL METILENO-LACT, ESTADO: SOLIDO, PRESENTACION: ENVASE X 500 GR | F21: FRASCO | G21: 2 | H21: 12358 | I21: =G21*H21 -> 24716
A22: =A21+1 -> 13 | C22: Compuestos Quimicos | D22: 2.5.1 | E22: AGAR HIERRO TRIPLE AZUCAR, ESTADO: SOLIDO, PRESENTACION: ENVASE X 100 GR | F22: FRASCO | G22: 2 | H22: 3176 | I22: =G22*H22 -> 6352
A23: =A22+1 -> 14 | C23: Compuestos Quimicos | D23: 2.5.1 | E23: AGAR LISINA HIERRO, ESTADO: SOLIDO, PRESENTACION: ENVASE X 100 GR | F23: FRASCO | G23: 2 | H23: 5951 | I23: =G23*H23 -> 11902
A24: =A23+1 -> 15 | C24: Compuestos Quimicos | D24: 2.5.1 | E24: AGAR MANITOL SALADO, ESTADO: SOLIDO, PRESENTACION: ENVASE X 100 GR | F24: FRASCO | G24: 2 | H24: 2123 | I24: =G24*H24 -> 4246
A25: =A24+1 -> 16 | C25: Compuestos Quimicos | D25: 2.5.1 | E25: AGAR MULLER HILTON, ESTADO: SOLIDO, PRESENTACION: ENVASE X 500 GR | F25: FRASCO | G25: 2 | H25: 13716 | I25: =G25*H25 -> 27432
A26: =A25+1 -> 17 | C26: Compuestos Quimicos | D26: 2.5.1 | E26: AGAR SABOURAUD GLUCOSA, ESTADO: SOLIDO, PRESENTACION: ENVASE X 100 GR | F26: FRASCO | G26: 3 | H26: 2513 | I26: =G26*H26 -> 7539
A27: =A26+1 -> 18 | C27: Compuestos Quimicos | D27: 2.5.1 | E27: AGAR SALMONELLA- SHIGELLA, ESTADO: SOLIDO, PRESENTACION: ENVASE X 100 GR | F27: FRASCO | G27: 2 | H27: 3988 | I27: =G27*H27 -> 7976
A28: =A27+1 -> 19 | C28: Compuestos Quimicos | D28: 2.5.1 | E28: AGAR SIM, ESTADO: SOLIDO, PRESENTACION: ENVASE X 100 GR | F28: FRASCO | G28: 2 | H28: 6386 | I28: =G28*H28 -> 12772
... A195: =A194+1 -> 186 | C195: Compuestos Quimicos | D195: 2.5.1 | E195: VIOLETA DE GENCIANA, ESTADO: SOLIDO, CALIDAD: PRO ANALISIS, PRESENTACION: ENVASE X 25 GR | F195: FRASCO | G195: 3 | H195: 3515 | I195: =G195*H195 -> 10545
I196: =SUMPRODUCT(G10:G195*H10:H195) -> 6727590
B198: Especificidades Item N° 1 al 186:
B200: Descripción técnica
C201: Presentar copia certificada de Resolución de Habilitación expedida por la Subsecretaria de Asistencia en Salud Publica o copia certificada de Certificado de Habilitación de Establecimiento y/o copia certificada de Certificado de Transito Interjurisdiccional emitido por A.N.M.A.T, el que correspondiere conforme a la situación de cada establecimiento cotizante (Laboratorio, Droguería, etc.), en caso de corresponder. Indicar Marca y Numero de Certificado de ANMAT por ítem. VENCIMIENTO DE LOS INSUMOS: UN PLAZO NO MENOR A LOS 06 MESES DE LA FECHA DE RECEPCION
B202: Plazos y lugares de entrega
C203: 10 dias - Servicio de Laboratorio Central del HISJB - Avda. Illia y Mariano Moreno
B205: Calidad Minima esperada
B207: Mantenimiento
C208: 45 dias habiles
B209: Garantia

Sheet NotaPedido
A1: NOTA DE PEDIDO | J1: N° | K1: 034 - 2021
A3: JURISDICCIÓN: | D3: ='Necesidades Trimestrales'!C4 -> 40 - Ministerio de Salud
A4: SAF: | D4: ='Necesidades Trimestrales'!C5 -> 23 - Hospital Interzonal San Juan Bautista
A5: UNIDAD EJECUTORA: | D5: 168 - Direccion Asistencial
A6: DEPENDENCIA SOLICITANTE: | D6: Servicio de Laboratorio
A7: PERIODO UTILIZACIÓN: | D7: ='Necesidades Trimestrales'!C7 & "° Trimestre - Año " & 'Necesidades Trimestrales'!C6 -> 2° Trimestre - Año 2021
A8: OBJETO: | D8: Adquisición de Reactivos para Laboratorio
A10: Ítem | B10: Codigo Item | C10: DESCRIPCIÓN | H10: Adjunta Detalle Técnico | I10: Unidad Medida | J10: Precio Unitario Estimado | K10: Cantidad Solicitada
A12: 1 | B12: ='Necesidades Trimestrales'!B10 -> 0 | C12: ='Necesidades Trimestrales'!E10 -> 2010 ASSAY CUP | H12: NO | I12: ='Necesidades Trimestrales'!F10 -> CAJA | J12: ='Necesidades Trimestrales'!H10 -> 23309 | K12: ='Necesidades Trimestrales'!G10 -> 7
A13: 2 | B13: ='Necesidades Trimestrales'!B11 -> 0 | C13: ='Necesidades Trimestrales'!E11 -> 2010 ASSAY TIP | H13: NO | I13: ='Necesidades Trimestrales'!F11 -> CAJA | J13: ='Necesidades Trimestrales'!H11 -> 17318 | K13: ='Necesidades Trimestrales'!G11 -> 7
A14: 3 | B14: ='Necesidades Trimestrales'!B12 -> 0 | C14: ='Necesidades Trimestrales'!E12 -> ACEITE DE INMERSIÓN : X 100 ML | H14: NO | I14: ='Necesidades Trimestrales'!F12 -> FRASCO | J14: ='Necesidades Trimestrales'!H12 -> 1505 | K14: ='Necesidades Trimestrales'!G12 -> 4
A15: 4 | B15: ='Necesidades Trimestrales'!B13 -> 0 | C15: ='Necesidades Trimestrales'!E13 -> ACID WASH SOLUTION 2 X 1800 MLP/COBAS C311 | H15: NO | I15: ='Necesidades Trimestrales'!F13 -> CAJA | J15: ='Necesidades Trimestrales'!H13 -> 28854 | K15: ='Necesidades Trimestrales'!G13 -> 3
A16: 5 | B16: ='Necesidades Trimestrales'!B14 -> 0 | C16: ='Necesidades Trimestrales'!E14 -> ÁCIDO CLOHÍDRICO 27-30%, ESTADO: LIQUIDO, PRESENTACIÓN: ENVASE POR 1 LITRO | H16: NO | I16: ='Necesidades Trimestrales'!F14 -> FRASCO | J16: ='Necesidades Trimestrales'!H14 -> 900 | K16: ='Necesidades Trimestrales'!G14 -> 3
A17: 6 | B17: ='Necesidades Trimestrales'!B15 -> 0 | C17: ='Necesidades Trimestrales'!E15 -> ACIDO URICO COBAS C-311 ROCHE X 400 DET | H17: NO | I17: ='Necesidades Trimestrales'!F15 -> CASSETTE | J17: ='Necesidades Trimestrales'!H15 -> 4661 | K17: ='Necesidades Trimestrales'!G15 -> 6
A18: 7 | B18: ='Necesidades Trimestrales'!B16 -> 0 | C18: ='Necesidades Trimestrales'!E16 -> AGAR BASE COLUMBIA, ESTADO: SOLIDO, PRESENTACION: ENVASE X 500 GR | H18: NO | I18: ='Necesidades Trimestrales'!F16 -> FRASCO | J18: ='Necesidades Trimestrales'!H16 -> 10605 | K18: ='Necesidades Trimestrales'!G16 -> 2
A19: 8 | B19: ='Necesidades Trimestrales'!B17 -> 0 | C19: ='Necesidades Trimestrales'!E17 -> AGAR BILIS ESCULINA, ESTADO: SOLIDO, PRESENTACION: ENVASE X 100 GR | H19: NO | I19: ='Necesidades Trimestrales'!F17 -> FRASCO | J19: ='Necesidades Trimestrales'!H17 -> 14471 | K19: ='Necesidades Trimestrales'!G17 -> 2
A20: 9 | B20: ='Necesidades Trimestrales'!B18 -> 0 | C20: ='Necesidades Trimestrales'!E18 -> AGAR C.L.D.E: X 500 GR | H20: NO | I20: ='Necesidades Trimestrales'!F18 -> FRASCO | J20: ='Necesidades Trimestrales'!H18 -> 10150 | K20: ='Necesidades Trimestrales'!G18 -> 2
A21: 10 | B21: ='Necesidades Trimestrales'!B19 -> 0 | C21: ='Necesidades Trimestrales'!E19 -> AGAR CITRATO DE SIMMONS, ESTADO: SOLIDO, PRESENTACION: ENVASE X 100 GR | H21: NO | I21: ='Necesidades Trimestrales'!F19 -> FRASCO | J21: ='Necesidades Trimestrales'!H19 -> 4223 | K21: ='Necesidades Trimestrales'!G19 -> 2
A22: 11 | B22: ='Necesidades Trimestrales'!B20 -> 0 | C22: ='Necesidades Trimestrales'!E20 -> AGAR CROMOGENICO P/CANDIDA, ESTADO: SOLIDO, PRESENTACION: ENVASE X 47,7 GR | H22: NO | I22: ='Necesidades Trimestrales'!F20 -> FRASCO | J22: ='Necesidades Trimestrales'!H20 -> 50025 | K22: ='Necesidades Trimestrales'!G20 -> 1
A23: 12 | B23: ='Necesidades Trimestrales'!B21 -> 0 | C23: ='Necesidades Trimestrales'!E21 -> AGAR EOSINA-AZUL METILENO-LACT, ESTADO: SOLIDO, PRESENTACION: ENVASE X 500 GR | H23: NO | I23: ='Necesidades Trimestrales'!F21 -> FRASCO | J23: ='Necesidades Trimestrales'!H21 -> 12358 | K23: ='Necesidades Trimestrales'!G21 -> 2
... A190: 179 | B190: ='Necesidades Trimestrales'!B188 -> 0 | C190: ='Necesidades Trimestrales'!E188 -> TARJETA GELL LISS COOMBS CAJA X 48 UNIDADES | H190: NO | I190: ='Necesidades Trimestrales'!F188 -> CAJA | J190: ='Necesidades Trimestrales'!H188 -> 16800 | K190: ='Necesidades Trimestrales'!G188 -> 9
A191: 180 | B191: ='Necesidades Trimestrales'!B194 -> 0 | C191: ='Necesidades Trimestrales'!E189 -> TIOGLICOLATO MEDIO C/INDICADOR, ESTADO: SOLIDO, PRESENTACION: ENVASE X 500 GR | H191: NO | I191: ='Necesidades Trimestrales'!F189 -> FRASCO | J191: ='Necesidades Trimestrales'!H189 -> 8829 | K191: ='Necesidades Trimestrales'!G189 -> 1
A192: 181 | B192: ='Necesidades Trimestrales'!B195 -> 0 | C192: ='Necesidades Trimestrales'!E190 -> TOXO HAI X 96 DET. TIPO POLYCHACO | H192: NO | I192: ='Necesidades Trimestrales'!F190 -> CAJA | J192: ='Necesidades Trimestrales'!H190 -> 16645 | K192: ='Necesidades Trimestrales'!G190 -> 1
A193: 182 | B193: ='Necesidades Trimestrales'!B196 -> 0 | C193: ='Necesidades Trimestrales'!E191 -> TRANSFERRINA P/ COBAS C311 | H193: NO | I193: ='Necesidades Trimestrales'!F191 -> CASSETTE | J193: ='Necesidades Trimestrales'!H191 -> 8229 | K193: ='Necesidades Trimestrales'!G191 -> 5
A194: 183 | B194: ='Necesidades Trimestrales'!B197 -> 0 | C194: ='Necesidades Trimestrales'!E192 -> TRIGLICERIDOS COBAS C-311 ROCHE X 250 DET | H194: NO | I194: ='Necesidades Trimestrales'!F192 -> CASSETTE | J194: ='Necesidades Trimestrales'!H192 -> 3095 | K194: ='Necesidades Trimestrales'!G192 -> 8
A195: 184 | B195: 0 | C195: ='Necesidades Trimestrales'!E193 -> TSH P/COBAS E411 | H195: NO | I195: ='Necesidades Trimestrales'!F193 -> CAJA | J195: ='Necesidades Trimestrales'!H193 -> 20717 | K195: ='Necesidades Trimestrales'!G193 -> 4
A196: 185 | B196: ='Necesidades Trimestrales'!B194 -> 0 | C196: ='Necesidades Trimestrales'!E194 -> UREA COBAS C-311 ROCHE X 500 DET | H196: NO | I196: ='Necesidades Trimestrales'!F194 -> CASSETTE | J196: ='Necesidades Trimestrales'!H194 -> 5249 | K196: ='Necesidades Trimestrales'!G194 -> 12
A197: 186 | B197: ='Necesidades Trimestrales'!B195 -> 0 | C197: ='Necesidades Trimestrales'!E195 -> VIOLETA DE GENCIANA, ESTADO: SOLIDO, CALIDAD: PRO ANALISIS, PRESENTACION: ENVASE X 25 GR | H197: NO | I197: ='Necesidades Trimestrales'!F195 -> FRASCO | J197: ='Necesidades Trimestrales'!H195 -> 3515 | K197: ='Necesidades Trimestrales'!G195 -> 3
A198: Costo total estimado: SEIS MILLONES SETECIENTOS VEINTISIETE MIL QUINIENTOS NOVENTA CON 00/100.----- | J198: =SUMPRODUCT(J12:J197,K12:K197) -> 6727590

Sheet Autor Gastar
A1: EJERCICIO: | D1: ='Necesidades Trimestrales'!C6 -> 2021 | P1: AUTORIZACION PARA GASTAR
A4: JURISDICCIÓN: | G4: =NotaPedido!D3 -> 40 - Ministerio de Salud
A5: SAF: | G5: =NotaPedido!D4 -> 23 - Hospital Interzonal San Juan Bautista
A6: UNIDAD EJECUTORA: | G6: =NotaPedido!D5 -> 168 - Direccion Asistencial
A7: DEPENDENCIA SOLICITANTE: | G7: =NotaPedido!D6 -> Servicio de Laboratorio
A8: AUTORIZACIÓN:
A9: Señor Jefe de Servicio Administrativo Financiero:
A10: ="Autorizo la realización de los trámites correspondientes, a fin de proveer a este Organismo los bienes y/o servicios que se detallan en Nota de Pedido N° " & NotaPedido!K1&", afectando la erogación resultante a los créditos presupuestarios aprobados a favor de esta Unidad Ejecutora, conforme al siguiente detalle:" -> Autorizo la realización de los trámites correspondientes, a fin de proveer a este Organismo los bienes y/o servicios que se detallan en Nota de Pedido N° 034 - 2021, afectando la erogación resultante a los créditos presupuestarios aprobados a favor de esta Unidad Ejecutora, conforme al siguiente detalle:
A12: IMPUTACIÓN PRESUPUESTARIA
A13: CÓDIGO | O13: DENOMINACIÓN DE LA PARTIDA PRESUPUESTARIA | Q13: IMPORTE
A14: PR | B14: SB | C14: PY | D14: AC | E14: OB | F14: UG | G14: FIN | H14: FUN | I14: I | J14: P | K14: P | L14: SubP | M14: M | N14: FF
A15: 33 | D15: 2 | F15: 4901 | G15: 3 | H15: 1 | I15: 2 | J15: 5 | K15: 1 | M15: 1 | N15: 1.1 | O15: Compuestos Quimicos | Q15: =NotaPedido!J198-218428 -> 6509162
A16: 33 | D16: 2 | F16: 4901 | G16: 3 | H16: 1 | I16: 2 | J16: 9 | K16: 6 | M16: 1 | N16: 1.1 | O16: Repuestos y Accesorios | Q16: 218428
A23: TOTAL DE PESOS: SEIS MILLONES SETECIENTOS VEINTISIETE MIL QUINIENTOS NOVENTA CON 00/100.- | Q23: =SUM(Q15:Q22) -> 6727590
A25: JUSTIFICACIÓN:
A26: ="Para la "& NotaPedido!D8 &" para ser destinados al " & NotaPedido!D6 &" del HISJB del Ministerio de Salud." -> Para la Adquisición de Reactivos para Laboratorio para ser destinados al Servicio de Laboratorio del HISJB del Ministerio de Salud.
