Workbook

Sheet Necesidades Trimestrales
E2: Pedido de Necesidades Trimestrales
A4: JURISDICCION: | E4: 40-Ministerio de Salud
A5: SAF N°: | E5: 28- Maternidad Provincial 25 de Mayo
A6: EJERCICIO: | E6: 2022
A7: TRIMESTRE: | E7: 3°
A9: ID | B9: CODIGO ITEM | C9: RUBRO DE COMPRA | D9: I.P.P. | E9: DESCRIPCION | F9: UNIDAD DE MEDIDA | G9: CANTIDAD | H9: PRECIO UNITARIO ESTIMADO | I9: IMPORTE TOTAL ESTIMADO
A10: 1 | B10: 2.5.2-3259.11 | C10: PROD. MEDICO/FARMACEUTICOS/LAB | D10: 252 | E10: DIGESTIVOS; TIPO: MONODROGA, DROGA GENERICA: ACIDO URSODESOXICOLICO, FORMA FARMACEUTICA: COMPRIMIDO, PRESENTACION: 150 MGR | F10: COMPRIMIDO | G10: 300 | H10: 58.5 | I10: =G10*H10 -> 17550
A11: 2 | B11: 2.5.2-1843.63 | C11: PROD. MEDICO/FARMACEUTICOS/LAB | D11: 252 | E11: ANTIESPASMODICOS; TIPO: MONODROGA, DROGA GENERICA: ATROPINA 1%, FORMA FARMACEUTICA: AMPOLLA, PRESENTACION: ENVASE X 1 mL | F11: AMPOLLA | G11: 300 | H11: 50.4 | I11: =G11*H11 -> 15120
A12: 3 | B12: 2.5.2-1843.51 | C12: PROD. MEDICO/FARMACEUTICOS/LAB | D12: 252 | E12: ANTIESPASMODICOS; TIPO: MONODROGA, DROGA GENERICA: HIOSCINA N-BUTILBROMURO 20 MG, FORMA FARMACEUTICA: AMPOLLA, PRESENTACION: 1 ML | F12: AMPOLLA | G12: 2400 | H12: 65 | I12: =G12*H12 -> 156000
A13: 4 | B13: 2.5.2-1843.1 | C13: PROD. MEDICO/FARMACEUTICOS/LAB | D13: 252 | E13: ANTIESPASMODICOS; TIPO: MONODROGA, PRESENTACION: 10 mGr, FORMA FARMACEUTICA: COMPRIMIDO, DROGA GENERICA: HIOSCINA N-BUTILBROMURO | F13: COMPRIMIDO | G13: 800 | H13: 11 | I13: =G13*H13 -> 8800
A14: 5 | B14: 2.5.2-3563.16 | C14: PROD. MEDICO/FARMACEUTICOS/LAB | D14: 252 | E14: POLIVITAMINICOS; TIPO: ASOCIACION, DROGA GENERICA: VIT.B1+B2+B5+B6+PP, PRESENTACION: ENVASE X 2 mL, FORMA FARMACEUTICA: AMPOLLA | F14: AMPOLLA | G14: 180 | H14: 145.16 | I14: =G14*H14 -> 26128.8 | J14: 2.5.2-1901.7 ( con especificacion) - MODIFICAR
A15: 6 | B15: 2.5.2-1861.33 | C15: PROD. MEDICO/FARMACEUTICOS/LAB | D15: 252 | E15: HIPOGLUCEMIANTES INYECTABLES; TIPO: MONODROGA, DROGA GENERICA: INSULINA CTE, FORMA FARMACEUTICA: AMPOLLA, PRESENTACION: ENVASE X 10 mL | F15: FRASCO AMPOLLA | G15: 100 | H15: 1675 | I15: =G15*H15 -> 167500
A16: 7 | B16: 2.5.2-6910.6 | C16: PROD. MEDICO/FARMACEUTICOS/LAB | D16: 252 | E16: ANTIEMETICOS; TIPO: MONODROGA, DROGA GENERICA: METOCLOPRAMIDA, FORMA FARMACEUTICA: AMPOLLA, PRESENTACION: 2 mL | F16: AMPOLLA | G16: 1200 | H16: 35.8 | I16: =G16*H16 -> 42960
A17: 8 | B17: 2.5.2-1823.46 | C17: PROD. MEDICO/FARMACEUTICOS/LAB | D17: 252 | E17: ANTIMICOTICOS; TIPO: MONODROGA, DROGA GENERICA: NISTATINA 100000 UI/ML, FORMA FARMACEUTICA: SUSPENSION, PRESENTACION: ENVASE X 60 mL | F17: FRASCO | G17: 10 | H17: 285 | I17: =G17*H17 -> 2850
A18: 9 | B18: 2.5.2-1849.3 | C18: PROD. MEDICO/FARMACEUTICOS/LAB | D18: 252 | E18: ANTIULCEROSOS; TIPO: MONODROGA, DROGA GENERICA: OMEPRAZOL, FORMA FARMACEUTICA: CAPSULA, PRESENTACION: 20 mGr | F18: CAPSULA | G18: 300 | H18: 2.3 | I18: =G18*H18 -> 690
A19: 10 | B19: 2.5.2-1849.19 | C19: PROD. MEDICO/FARMACEUTICOS/LAB | D19: 252 | E19: ANTIULCEROSOS; TIPO: MONODROGA, DROGA GENERICA: OMEPRAZOL 40 mGr, FORMA FARMACEUTICA: AMPOLLA, PRESENTACION: UNIDAD | F19: AMPOLLA | G19: 20 | H19: 550 | I19: =G19*H19 -> 11000
A20: 11 | B20: 2.5.2-6910.13 | C20: PROD. MEDICO/FARMACEUTICOS/LAB | D20: 252 | E20: ANTIEMETICOS; TIPO: MONODROGA, DROGA GENERICA: ONDANSETRON X 8 mGr, FORMA FARMACEUTICA: AMPOLLA, PRESENTACION: ENVASE X 1 UN | F20: AMPOLLA | G20: 100 | H20: 106.8 | I20: =G20*H20 -> 10680
A21: 12 | B21: 2.5.2-1901.127 | C21: PROD. MEDICO/FARMACEUTICOS/LAB | D21: 252 | E21: VITAMINAS; TIPO: ASOCIACION, DROGA GENERICA: VIT.A +D+C, FORMA FARMACEUTICA: GOTA, PRESENTACION: 30 ML | F21: FRASCO | G21: 150 | H21: 210 | I21: =G21*H21 -> 31500
A22: 13 | B22: 2.5.2-1841.17 | C22: PROD. MEDICO/FARMACEUTICOS/LAB | D22: 252 | E22: ANTIACIDOS; TIPO: MONODROGA, DROGA GENERICA: RANITIDINA, FORMA FARMACEUTICA: AMPOLLA, PRESENTACION: UNIDAD | F22: AMPOLLA | G22: 3600 | H22: 47.5 | I22: =G22*H22 -> 171000
A23: 14 | B23: 2.5.2-5520.5 | C23: PROD. MEDICO/FARMACEUTICOS/LAB | D23: 252 | E23: VASELINA; TIPO: LIQUIDA, PRESENTACION: ENVASE X 1000 mL | F23: FRASCO | G23: 30 | H23: 980 | I23: =G23*H23 -> 29400
A24: 15 | B24: 2.5.2-1901.130 | C24: PROD. MEDICO/FARMACEUTICOS/LAB | D24: 252 | E24: VITAMINAS; TIPO: MONODROGA, DROGA GENERICA: VITAMINA D3 2000 UI/ML, FORMA FARMACEUTICA: SOLUCION, PRESENTACION: 2 ML | F24: FRASCO | G24: 10 | H24: 958 | I24: =G24*H24 -> 9580
B28: Especificidades Item N° : 6
B30: Descripción técnica
C31: INSULINA CORRIENTE HUMANA 100 UI FCO AMP 10 ML
B34: Plazos de entrega: | D34: 10(DIEZ) DIAS HABILES
B36: Lugar de entrega: | C36: Servio de Farmacia - MATERNIDAD PROVINCIAL 25 DE MAYO- HERNANDO. DE PEDRAZA 1650
B38: Calidad Minima esperada
B40: Mantenimiento | E40: 30(TREINTA) DIAS HABILES
B42: Garantia

Sheet  NotaPedido
A1: NOTA DE PEDIDO | K1: N° /2022
A3: JURISDICCIÓN: | D3: 40- Ministerio de Salud
A4: SAF: | D4: 28- Maternidad Provincial 25 de Mayo
A5: UNIDAD EJECUTORA: | D5: 169- Direccion Asistencial
A6: DEPENDENCIA SOLICITANTE: | D6: Servicio de Farmacia
A7: PERIODO UTILIZACIÓN: | D7: SEMESTRAL
A8: OBJETO: | D8: Adquisición de Productos Medicos TRACTO ALIMENTARIO Y METABOLISMO / VITAMINAS Y OTROS /ANTIDIABETICOS E INSULINAS
A10: Ítem | B10: Codigo Item | C10: DESCRIPCIÓN | H10: Adjunta Detalle Técnico | I10: Unidad Medida | J10: Precio Unitario Estimado | K10: Cantidad Solicitada
A12: =+'Necesidades Trimestrales'!A10 -> 1 | B12: =+'Necesidades Trimestrales'!B10 -> 2.5.2-3259.11 | C12: =+'Necesidades Trimestrales'!E10 -> DIGESTIVOS; TIPO: MONODROGA, DROGA GENERICA: ACIDO URSODESOXICOLICO, FORMA FARMACEUTICA: COMPRIMIDO, PRESENTACION: 150 MGR | H12: NO | I12: =+'Necesidades Trimestrales'!F10 -> COMPRIMIDO | J12: =+'Necesidades Trimestrales'!H10 -> 58.5 | K12: =+'Necesidades Trimestrales'!G10 -> 300
A13: =+'Necesidades Trimestrales'!A11 -> 2 | B13: =+'Necesidades Trimestrales'!B11 -> 2.5.2-1843.63 | C13: =+'Necesidades Trimestrales'!E11 -> ANTIESPASMODICOS; TIPO: MONODROGA, DROGA GENERICA: ATROPINA 1%, FORMA FARMACEUTICA: AMPOLLA, PRESENTACION: ENVASE X 1 mL | H13: NO | I13: =+'Necesidades Trimestrales'!F11 -> AMPOLLA | J13: =+'Necesidades Trimestrales'!H11 -> 50.4 | K13: =+'Necesidades Trimestrales'!G11 -> 300
A14: =+'Necesidades Trimestrales'!A12 -> 3 | B14: =+'Necesidades Trimestrales'!B12 -> 2.5.2-1843.51 | C14: =+'Necesidades Trimestrales'!E12 -> ANTIESPASMODICOS; TIPO: MONODROGA, DROGA GENERICA: HIOSCINA N-BUTILBROMURO 20 MG, FORMA FARMACEUTICA: AMPOLLA, PRESENTACION: 1 ML | H14: NO | I14: =+'Necesidades Trimestrales'!F12 -> AMPOLLA | J14: =+'Necesidades Trimestrales'!H12 -> 65 | K14: =+'Necesidades Trimestrales'!G12 -> 2400
A15: =+'Necesidades Trimestrales'!A13 -> 4 | B15: =+'Necesidades Trimestrales'!B13 -> 2.5.2-1843.1 | C15: =+'Necesidades Trimestrales'!E13 -> ANTIESPASMODICOS; TIPO: MONODROGA, PRESENTACION: 10 mGr, FORMA FARMACEUTICA: COMPRIMIDO, DROGA GENERICA: HIOSCINA N-BUTILBROMURO | H15: NO | I15: =+'Necesidades Trimestrales'!F13 -> COMPRIMIDO | J15: =+'Necesidades Trimestrales'!H13 -> 11 | K15: =+'Necesidades Trimestrales'!G13 -> 800
A16: =+'Necesidades Trimestrales'!A14 -> 5 | B16: =+'Necesidades Trimestrales'!B14 -> 2.5.2-3563.16 | C16: =+'Necesidades Trimestrales'!E14 -> POLIVITAMINICOS; TIPO: ASOCIACION, DROGA GENERICA: VIT.B1+B2+B5+B6+PP, PRESENTACION: ENVASE X 2 mL, FORMA FARMACEUTICA: AMPOLLA | H16: NO | I16: =+'Necesidades Trimestrales'!F14 -> AMPOLLA | J16: =+'Necesidades Trimestrales'!H14 -> 145.16 | K16: =+'Necesidades Trimestrales'!G14 -> 180
A17: =+'Necesidades Trimestrales'!A15 -> 6 | B17: =+'Necesidades Trimestrales'!B15 -> 2.5.2-1861.33 | C17: =+'Necesidades Trimestrales'!E15 -> HIPOGLUCEMIANTES INYECTABLES; TIPO: MONODROGA, DROGA GENERICA: INSULINA CTE, FORMA FARMACEUTICA: AMPOLLA, PRESENTACION: ENVASE X 10 mL | H17: SI | I17: =+'Necesidades Trimestrales'!F15 -> FRASCO AMPOLLA | J17: =+'Necesidades Trimestrales'!H15 -> 1675 | K17: =+'Necesidades Trimestrales'!G15 -> 100
A18: =+'Necesidades Trimestrales'!A16 -> 7 | B18: =+'Necesidades Trimestrales'!B16 -> 2.5.2-6910.6 | C18: =+'Necesidades Trimestrales'!E16 -> ANTIEMETICOS; TIPO: MONODROGA, DROGA GENERICA: METOCLOPRAMIDA, FORMA FARMACEUTICA: AMPOLLA, PRESENTACION: 2 mL | H18: NO | I18: =+'Necesidades Trimestrales'!F16 -> AMPOLLA | J18: =+'Necesidades Trimestrales'!H16 -> 35.8 | K18: =+'Necesidades Trimestrales'!G16 -> 1200
A19: =+'Necesidades Trimestrales'!A17 -> 8 | B19: =+'Necesidades Trimestrales'!B17 -> 2.5.2-1823.46 | C19: =+'Necesidades Trimestrales'!E17 -> ANTIMICOTICOS; TIPO: MONODROGA, DROGA GENERICA: NISTATINA 100000 UI/ML, FORMA FARMACEUTICA: SUSPENSION, PRESENTACION: ENVASE X 60 mL | H19: NO | I19: =+'Necesidades Trimestrales'!F17 -> FRASCO | J19: =+'Necesidades Trimestrales'!H17 -> 285 | K19: =+'Necesidades Trimestrales'!G17 -> 10
A20: =+'Necesidades Trimestrales'!A18 -> 9 | B20: =+'Necesidades Trimestrales'!B18 -> 2.5.2-1849.3 | C20: =+'Necesidades Trimestrales'!E18 -> ANTIULCEROSOS; TIPO: MONODROGA, DROGA GENERICA: OMEPRAZOL, FORMA FARMACEUTICA: CAPSULA, PRESENTACION: 20 mGr | H20: NO | I20: =+'Necesidades Trimestrales'!F18 -> CAPSULA | J20: =+'Necesidades Trimestrales'!H18 -> 2.3 | K20: =+'Necesidades Trimestrales'!G18 -> 300
A21: =+'Necesidades Trimestrales'!A19 -> 10 | B21: =+'Necesidades Trimestrales'!B19 -> 2.5.2-1849.19 | C21: =+'Necesidades Trimestrales'!E19 -> ANTIULCEROSOS; TIPO: MONODROGA, DROGA GENERICA: OMEPRAZOL 40 mGr, FORMA FARMACEUTICA: AMPOLLA, PRESENTACION: UNIDAD | H21: NO | I21: =+'Necesidades Trimestrales'!F19 -> AMPOLLA | J21: =+'Necesidades Trimestrales'!H19 -> 550 | K21: =+'Necesidades Trimestrales'!G19 -> 20
A22: =+'Necesidades Trimestrales'!A20 -> 11 | B22: =+'Necesidades Trimestrales'!B20 -> 2.5.2-6910.13 | C22: =+'Necesidades Trimestrales'!E20 -> ANTIEMETICOS; TIPO: MONODROGA, DROGA GENERICA: ONDANSETRON X 8 mGr, FORMA FARMACEUTICA: AMPOLLA, PRESENTACION: ENVASE X 1 UN | H22: NO | I22: =+'Necesidades Trimestrales'!F20 -> AMPOLLA | J22: =+'Necesidades Trimestrales'!H20 -> 106.8 | K22: =+'Necesidades Trimestrales'!G20 -> 100
A23: =+'Necesidades Trimestrales'!A21 -> 12 | B23: =+'Necesidades Trimestrales'!B21 -> 2.5.2-1901.127 | C23: =+'Necesidades Trimestrales'!E21 -> VITAMINAS; TIPO: ASOCIACION, DROGA GENERICA: VIT.A +D+C, FORMA FARMACEUTICA: GOTA, PRESENTACION: 30 ML | H23: NO | I23: =+'Necesidades Trimestrales'!F21 -> FRASCO | J23: =+'Necesidades Trimestrales'!H21 -> 210 | K23: =+'Necesidades Trimestrales'!G21 -> 150
... A26: =+'Necesidades Trimestrales'!A24 -> 15 | B26: =+'Necesidades Trimestrales'!B24 -> 2.5.2-1901.130 | C26: =+'Necesidades Trimestrales'!E24 -> VITAMINAS; TIPO: MONODROGA, DROGA GENERICA: VITAMINA D3 2000 UI/ML, FORMA FARMACEUTICA: SOLUCION, PRESENTACION: 2 ML | H26: NO | I26: =+'Necesidades Trimestrales'!F24 -> FRASCO | J26: =+'Necesidades Trimestrales'!H24 -> 958 | K26: =+'Necesidades Trimestrales'!G24 -> 10
A27: Costo total estimado: SETECIENTOS MIL SETECIENTOS CINCUENTA Y OCHO CON 80/100 | J27: =SUMPRODUCT(J12:J26*K12:K26) -> 700758.8

Sheet Autor Gastar
A1: EJERCICIO: | D1: 2022 | P1: AUTORIZACION PARA GASTAR
A4: JURISDICCIÓN: | G4: =' NotaPedido'!D3 -> 40- Ministerio de Salud
A5: SAF: | G5: =' NotaPedido'!D4 -> 28- Maternidad Provincial 25 de Mayo
A6: UNIDAD EJECUTORA: | G6: =' NotaPedido'!D5 -> 169- Direccion Asistencial
A7: DEPENDENCIA SOLICITANTE: | G7: =' NotaPedido'!D6 -> Servicio de Farmacia
A8: AUTORIZACIÓN:
A9: Señor Jefe de Servicio Administrativo Financiero:
A10: "Autorizo la realización de los trámites correspondientes, a fin de proveer a este Organismo los bienes y/o servicios que se detallan en Nota de Pedido N° /2022 , afectando la erogación resultante a los créditos presupuestarios aprobados a favor de esta Unidad Ejecutora, conforme al siguiente detalle:"
A12: IMPUTACIÓN PRESUPUESTARIA
A13: CÓDIGO | O13: DENOMINACIÓN DE LA PARTIDA PRESUPUESTARIA | Q13: IMPORTE
A14: PR | B14: SB | C14: PY | D14: AC | E14: OB | F14: UG | G14: FIN | H14: FUN | I14: I | J14: P | K14: P | L14: SubP | M14: M | N14: FF
A15: 42 | D15: 2 | F15: 4901 | G15: 3 | H15: 1 | I15: 2 | J15: 5 | K15: 2 | M15: 1 | N15: 1.1 | O15: Productos Medicos, Farmaceuticos y Medicinales | Q15: 700758.8
A18: TOTAL DE PESOS: SETECIENTOS MIL SETECIENTOS CINCUENTA Y OCHO CON 80/100 | Q18: =SUM(Q15:Q17) -> 700758.8
A20: JUSTIFICACIÓN:
A21: Para la adquisición de Adquisición de Productos Medicos TRACTO ALIMENTARIO Y METABOLISMO / VITAMINAS Y OTROS /ANTIDIABETICOS E INSULINAS , para ser destinados Servicio de Farmacia, de la Maternidad Provincial 25 de Mayo.-
