Workbook

Sheet Necesidades Trimestrales
B2: Pedido de Necesidades Trimestrales
A4: JURISDICCION: | C4: 040 - Ministerio de Salud
A5: SAF N°: | C5: 28- Maternidad Provincial 25 de Mayo
A6: EJERCICIO: | C6: 2022
A7: TRIMESTRE: | C7: 2
A9: ID | B9: CODIGO ITEM | C9: RUBRO DE COMPRA | D9: I.P.P. | E9: DESCRIPCION | F9: UNIDAD DE MEDIDA | G9: CANTIDAD | H9: PRECIO UNITARIO ESTIMADO | I9: IMPORTE TOTAL ESTIMADO
A10: 1 | C10: INSUMO COMPLEJO | D10: 295 | E10: Anteojos Anti HIV X 1 | F10: unidad | G10: 30 | H10: 350 | I10: =+G10*H10 -> 10500
A11: 2 | C11: PROD. MEDICO/FARMACEUTICOS/LAB | D11: 252 | E11: Antispticos Locales p/persona; TIPO: DESINFECTANTE, DROGA GENERICA: ALCOHOL YODADO, FORMA FARMACEUTICA: SOLUCION, PRESENTACION: ENVASE X 1000 Ml | F11: botella | G11: 10 | H11: 1168 | I11: =+G11*H11 -> 11680
A12: 3 | C12: ESTERILIZACION | D12: 295 | E12: Bobina Baja Densidad 30 X 40 rollo x 200 un. -Tipo Mapsa | F12: unidad | G12: 50 | H12: 800 | I12: =+G12*H12 -> 40000
A13: 4 | C13: DESCARTABLE COMPLEJO | D13: 295 | E13: Bolsa p/Colostomia Neonatal | F13: unidad | G13: 30 | H13: 420 | I13: =+G13*H13 -> 12600
A14: 5 | C14: DESCARTABLE COMPLEJO | D14: 295 | E14: Cateter DobleJ 4.7 FR x 26cm- Tipo COOK | F14: unidad | G14: 20 | H14: 12500 | I14: =+G14*H14 -> 250000
A15: 6 | C15: ESTERILIZACION | D15: 251 | E15: Indicador Quimico P/Sterrad NX x 1000 Tiras -Tipo ASP | F15: caja | G15: 20 | H15: 41800 | I15: =+G15*H15 -> 836000
A16: 7 | C16: DESCARTABLE COMPLEJO | D16: 295 | E16: Malla Absorbible Poliglicolico 30 X 30- Tipo VICRYL | F16: unidad | G16: 1 | H16: 36970 | I16: =+G16*H16 -> 36970
A17: 8 | C17: INSUMO COMPLEJO | D17: 295 | E17: Sensor Neonatal Descartable- Tipo NELLCOR COVIDIEN X 12 | F17: caja | G17: 13 | H17: 29700 | I17: =+G17*H17 -> 386100
B20: Especificidades:
B21: Item N° 2 : Descripción técnica: concentracion ALCOHOL IODADO 2%.
B23: Lugar de Entrega: SERVICIO DE FARMACIA- DE 08:00 A 12:00HS., DEBIENDO CORRER LOS GASTOS DE FLETES, ACARREO, CARGA, DESCARGA Y SEGURO A CARGO DEL ADJUDICATARIO.
B25: Plazo de entrega: 10(DIEZ) DIAS HABILES
B27: Calidad Minima esperada:
B28: Mantenimiento: 45 (CUARENTA Y CINCO) DIAS HABILES

Sheet  NotaPedido
A1: NOTA DE PEDIDO | J1: N° | K1: 55/2022
A3: JURISDICCIÓN: | D3: ='[1]Necesidades Trimestrales'!C4 -> 040 - Ministerio de Salud
A4: SAF: | D4: ='[1]Necesidades Trimestrales'!C5 -> 28- Maternidad Provincial 25 de Mayo
A5: UNIDAD EJECUTORA: | D5: 169-Direccion Asistencial
A6: DEPENDENCIA SOLICITANTE: | D6: Servicio de Farmacia
A7: PERIODO UTILIZACIÓN: | D7: Trimestral
A8: OBJETO: | D8: Adquisición de Descartables
A10: Ítem | B10: Codigo Item | C10: DESCRIPCIÓN | H10: Adjunta Detalle Técnico | I10: Unidad Medida | J10: Precio Unitario Estimado | K10: Cantidad Solicitada
A12: =+'Necesidades Trimestrales'!A10 -> 1 | C12: =+'Necesidades Trimestrales'!E10 -> Anteojos Anti HIV X 1 | H12: NO | I12: =+'Necesidades Trimestrales'!F10 -> unidad | J12: =+'Necesidades Trimestrales'!H10 -> 350 | K12: =+'Necesidades Trimestrales'!G10 -> 30
A13: =+'Necesidades Trimestrales'!A11 -> 2 | C13: =+'Necesidades Trimestrales'!E11 -> Antispticos Locales p/persona; TIPO: DESINFECTANTE, DROGA GENERICA: ALCOHOL YODADO, FORMA FARMACEUTICA: SOLUCION, PRESENTACION: ENVASE X 1000 Ml | H13: SI | I13: =+'Necesidades Trimestrales'!F11 -> botella | J13: =+'Necesidades Trimestrales'!H11 -> 1168 | K13: =+'Necesidades Trimestrales'!G11 -> 10
A14: =+'Necesidades Trimestrales'!A12 -> 3 | C14: =+'Necesidades Trimestrales'!E12 -> Bobina Baja Densidad 30 X 40 rollo x 200 un. -Tipo Mapsa | H14: NO | I14: =+'Necesidades Trimestrales'!F12 -> unidad | J14: =+'Necesidades Trimestrales'!H12 -> 800 | K14: =+'Necesidades Trimestrales'!G12 -> 50
A15: =+'Necesidades Trimestrales'!A13 -> 4 | C15: =+'Necesidades Trimestrales'!E13 -> Bolsa p/Colostomia Neonatal | H15: NO | I15: =+'Necesidades Trimestrales'!F13 -> unidad | J15: =+'Necesidades Trimestrales'!H13 -> 420 | K15: =+'Necesidades Trimestrales'!G13 -> 30
A16: =+'Necesidades Trimestrales'!A14 -> 5 | C16: =+'Necesidades Trimestrales'!E14 -> Cateter DobleJ 4.7 FR x 26cm- Tipo COOK | H16: NO | I16: =+'Necesidades Trimestrales'!F14 -> unidad | J16: =+'Necesidades Trimestrales'!H14 -> 12500 | K16: =+'Necesidades Trimestrales'!G14 -> 20
A17: =+'Necesidades Trimestrales'!A15 -> 6 | C17: =+'Necesidades Trimestrales'!E15 -> Indicador Quimico P/Sterrad NX x 1000 Tiras -Tipo ASP | H17: NO | I17: =+'Necesidades Trimestrales'!F15 -> caja | J17: =+'Necesidades Trimestrales'!H15 -> 41800 | K17: =+'Necesidades Trimestrales'!G15 -> 20
A18: =+'Necesidades Trimestrales'!A16 -> 7 | C18: =+'Necesidades Trimestrales'!E16 -> Malla Absorbible Poliglicolico 30 X 30- Tipo VICRYL | H18: NO | I18: =+'Necesidades Trimestrales'!F16 -> unidad | J18: =+'Necesidades Trimestrales'!H16 -> 36970 | K18: =+'Necesidades Trimestrales'!G16 -> 1
A19: =+'Necesidades Trimestrales'!A17 -> 8 | C19: =+'Necesidades Trimestrales'!E17 -> Sensor Neonatal Descartable- Tipo NELLCOR COVIDIEN X 12 | H19: NO | I19: =+'Necesidades Trimestrales'!F17 -> caja | J19: =+'Necesidades Trimestrales'!H17 -> 29700 | K19: =+'Necesidades Trimestrales'!G17 -> 13
A20: Costo total estimado: UN MILLON QUINIENTOS OCHENTA Y TRES MIL OCHOCIENTOS CINCUENTA CON 00/100. | J20: =SUMPRODUCT(J12:J19,K12:K19) -> 1583850

Sheet Autor Gastar
A1: EJERCICIO: | D1: ='Necesidades Trimestrales'!C6 -> 2022 | P1: AUTORIZACION PARA GASTAR
A4: JURISDICCIÓN: | G4: 040 - Ministerio de Salud
A5: SAF: | G5: 28- Maternidad Provincial 25 de Mayo
A6: UNIDAD EJECUTORA: | G6: 169-Direccion Asistencial
A7: DEPENDENCIA SOLICITANTE: | G7: Servicio de Farmacia
A8: AUTORIZACIÓN:
A9: Señor Jefe de Servicio Administrativo Financiero:
A10: Autorizo la realización de los trámites correspondientes, a fin de proveer a este Organismo los bienes y/o servicios que se detallan en Nota de Pedido N° 55/2022 , afectando la erogación resultante a los créditos presupuestarios aprobados a favor de esta Unidad Ejecutora, conforme al siguiente detalle:"
A12: IMPUTACIÓN PRESUPUESTARIA
A13: CÓDIGO | O13: DENOMINACIÓN DE LA PARTIDA PRESUPUESTARIA | Q13: IMPORTE
A14: PR | B14: SB | C14: PY | D14: AC | E14: OB | F14: UG | G14: FIN | H14: FUN | I14: I | J14: P | K14: P | L14: SubP | M14: M | N14: FF
A15: 42 | D15: 2 | F15: 4901 | G15: 3 | H15: 310 | I15: 2 | J15: 5 | K15: 1 | M15: 1 | N15: 1.1 | O15: COMPUESTOS QUIMICOS | Q15: 836000
A16: 42 | D16: 2 | F16: 4901 | G16: 3 | H16: 310 | I16: 2 | J16: 5 | K16: 2 | M16: 1 | N16: 1.1 | O16: PRODUCTOS FARMACEUTICOS Y MEDICINALES | Q16: 11680
A17: 42 | D17: 2 | F17: 4901 | G17: 3 | H17: 310 | I17: 2 | J17: 9 | K17: 5 | M17: 1 | N17: 1.1 | O17: UTILES MENORES, MEDICOS, QUIRURGICOS Y DE LABORATORIO | Q17: 736170
A22: TOTAL DE PESOS: UN MILLON QUINIENTOS OCHENTA Y TRES MIL OCHOCIENTOS CINCUENTA CON 00/100. | Q22: =SUM(Q15:Q21) -> 1583850
A24: JUSTIFICACIÓN:
A25: Para la adquisición de items desiertos y fracasados de descartables, destinados al servico de Farmacia de la Maternidad Provincial 25 de Mayo
