Workbook

Sheet Necesidades Trimestrales
B2: Pedido de Necesidades Trimestrales
A4: JURISDICCION: | C4: 040 - Ministerio de Salud
A5: SAF N°: | C5: 28-Maternidad Provincial 25 de Mayo
A6: EJERCICIO: | C6: 2022
A7: TRIMESTRE: | C7: 4
A9: ID | B9: CODIGO ITEM | C9: RUBRO DE COMPRA | D9: I.P.P. | E9: DESCRIPCION | F9: UNIDAD DE MEDIDA | G9: CANTIDAD | H9: PRECIO UNITARIO ESTIMADO | I9: IMPORTE TOTAL ESTIMADO
A10: 1 | B10: 2.5.2-1875.133 | C10: PROD. MEDICO/FARMACEUTICOS/LAB | D10: 252 | E10: ANTIASMATICO BRONCODILATADOR; TIPO: MONODROGA, DROGA GENERICA: N-ACETIL CISTEINA 600 MGR, FORMA FARMACEUTICA: TABLETA EFERVESCENTE, PRESENTACION: UNIDAD | F10: UNIDAD | G10: 90 | H10: 35.24 | I10: =+G10*H10 -> 3171.6
A11: 2 | B11: 2.5.2-2198.8 | C11: PROD. MEDICO/FARMACEUTICOS/LAB | D11: 252 | E11: ANTIDIURETICOS; DROGA GENERICA: VASOPRESINA ACUOSA, FORMA FARMACEUTICA: AMPOLLA, PRESENTACION: 1 mL, TIPO: MONODROGA | F11: CAJA | G11: 20 | H11: 775 | I11: =+G11*H11 -> 15500
A12: 3 | B12: 2.9.5-427.33 | C12: PROD. MEDICO/FARMACEUTICOS/LAB | D12: 252 | E12: APOSITOS; TIPO: HIDROCOLOIDE, TAMAÑO: 15 X 17,5 Cm | F12: UNIDAD | G12: 20 | H12: 1120 | I12: =+G12*H12 -> 22400
A13: 4 | B13: 2.9.5-427.39 | C13: PROD. MEDICO/FARMACEUTICOS/LAB | D13: 252 | E13: APOSITOS; TIPO: HIDROCOLOIDE, TAMAÑO: 10 X 10 Cm | F13: UNIDAD | G13: 20 | H13: 580 | I13: =+G13*H13 -> 11600
A14: 5 | B14: 2.5.2-5661.11 | C14: PROD. MEDICO/FARMACEUTICOS/LAB | D14: 252 | E14: REGULADORES HORMONALES; TIPO: MONODROGA, DROGA GENERICA: ATOSIBAN, FORMA FARMACEUTICA: AMPOLLA, PRESENTACION: ENVASE X 0,9 mL | F14: FRASCO | G14: 90 | H14: 18320 | I14: =+G14*H14 -> 1648800
A15: 6 | B15: 2.5.2-1855.23 | C15: PROD. MEDICO/FARMACEUTICOS/LAB | D15: 252 | E15: CORTICOESTEROIDES; TIPO: MONODROGA, DROGA GENERICA: BETAMETASONA, FORMA FARMACEUTICA: CREMA, PRESENTACION: 15 GR | F15: UNIDAD | G15: 30 | H15: 280 | I15: =+G15*H15 -> 8400
A16: 7 | B16: 2.5.2-1855.83 | C16: PROD. MEDICO/FARMACEUTICOS/LAB | D16: 252 | E16: CORTICOESTEROIDES; TIPO: ASOCIACION, DROGA GENERICA: BETAMETASONA ACETATO+FOSFATO, FORMA FARMACEUTICA: AMPOLLA, PRESENTACION: ENVASE X 2 mL | F16: AMPOLLA | G16: 600 | H16: 295 | I16: =+G16*H16 -> 177000
A17: 8 | B17: 2.5.2-1875.134 | C17: PROD. MEDICO/FARMACEUTICOS/LAB | D17: 252 | E17: ANTIASMATICO BRONCODILATADOR; TIPO: MONODROGA, DROGA GENERICA: BUDESONIDE 200 µGR, FORMA FARMACEUTICA: AEROSOL, PRESENTACION: 100 DOSIS | F17: UNIDAD | G17: 50 | H17: 750 | I17: =+G17*H17 -> 37500
A18: 9 | B18: 2.5.2-1895.19 | C18: PROD. MEDICO/FARMACEUTICOS/LAB | D18: 252 | E18: HORMONAS MEDICINALES; TIPO: MONODROGA, DROGA GENERICA: CABERGOLINA, FORMA FARMACEUTICA: COMPRIMIDO, PRESENTACION: 0,5 mGr, USO: SEXUAL | F18: COMPRIMIDO | G18: 48 | H18: 306.75 | I18: =+G18*H18 -> 14724
A19: 10 | B19: 2.5.2-1902.14 | C19: PROD. MEDICO/FARMACEUTICOS/LAB | D19: 252 | E19: DROGAS UTERINAS; TIPO: MONODROGA, DROGA GENERICA: CARBETOCIN 100 MCG, FORMA FARMACEUTICA: AMPOLLA, PRESENTACION: UNIDAD | F19: AMPOLLA | G19: 40 | H19: 1200 | I19: =+G19*H19 -> 48000
A20: 11 | B20: 2.5.2-1895.61 | C20: PROD. MEDICO/FARMACEUTICOS/LAB | D20: 252 | E20: HORMONAS MEDICINALES; TIPO: MONODROGA, DROGA GENERICA: CITRATO DE CLOMIFENO 50 mGr, FORMA FARMACEUTICA: COMPRIMIDO, PRESENTACION: UNIDAD, USO: SEXUAL | F20: COMPRIMIDO | G20: 60 | H20: 149.35 | I20: =+G20*H20 -> 8961
A21: 12 | B21: 2.5.2-1855.7 | C21: PROD. MEDICO/FARMACEUTICOS/LAB | D21: 252 | E21: CORTICOESTEROIDES; TIPO: MONODROGA, DROGA GENERICA: DEXAMETASONA, FORMA FARMACEUTICA: AMPOLLA, PRESENTACION: 8 mGr | F21: AMPOLLA | G21: 3200 | H21: 45 | I21: =+G21*H21 -> 144000
... A43: 34 | B43: 2.5.2-1875.68 | C43: PROD. MEDICO/FARMACEUTICOS/LAB | D43: 252 | E43: ANTIASMATICO BRONCODILATADOR; TIPO: MONODROGA, DROGA GENERICA: SURFACTANTE PULMONAR BOVI 30MG, FORMA FARMACEUTICA: AMPOLLA, PRESENTACION: ENVASE X 4 mL | F43: AMPOLLA | G43: 60 | H43: 10300 | I43: =+G43*H43 -> 618000
A46: Especificidades: | C46: ITEMS 1 AL 34
A50: Lugar de Entrega: SERVICIO DE FARMACIA DE 08:00 A 12:00HS HERNAN DE PEDRAZA N° 1650, DEBIENDO CORRER LOS GASTOS DE FLETES, ACARREO, CARGA, DESCARGA Y SEGURO A CARGO DEL ADJUDICATARIO.
A51: Plazo de entrega: 10 DIAS HABILES
A52: Calidad Minima esperada:
A53: Mantenimiento: 45 dias habiles
B60: Especificidades:
B62: Ítem 2: VASOPRESINA 20UI AMPOLLA CAJA X 5 UNIDADES TIPO NOVOPRESSINA - V
B64: Lugar de Entrega: SERVICIO DE FARMACIA DE 08:00 A 12:00HS HERNAN DE PEDRAZA N° 1650, DEBIENDO CORRER LOS GASTOS DE FLETES, ACARREO, CARGA, DESCARGA Y SEGURO A CARGO DEL ADJUDICATARIO.
B65: Plazo de entrega: 10 DIAS HABILES
B66: Calidad Minima esperada:
B67: Mantenimiento: 45 dias habiles
B72: Especificidades:
B74: Ítem31: Con AEROCAMARA
B76: Lugar de Entrega: SERVICIO DE FARMACIA DE 08:00 A 12:00HS HERNAN DE PEDRAZA N° 1650, DEBIENDO CORRER LOS GASTOS DE FLETES, ACARREO, CARGA, DESCARGA Y SEGURO A CARGO DEL ADJUDICATARIO.
B77: Plazo de entrega: 30 DIAS HABILES
B78: Calidad Minima esperada:
B79: Mantenimiento: 45 dias habiles

Sheet  NotaPedido
A1: NOTA DE PEDIDO | J1: N° | K1: xxx/2022
A3: JURISDICCIÓN: | C3: ='Necesidades Trimestrales'!C4 -> 040 - Ministerio de Salud
A4: SAF: | C4: ='Necesidades Trimestrales'!C5 -> 28-Maternidad Provincial 25 de Mayo
A5: UNIDAD EJECUTORA: | C5: 169-Direccion Asistencial
A6: DEPENDENCIA SOLICITANTE: | C6: Servicio de Farmacia
A7: PERIODO UTILIZACIÓN: | C7: Cuatrimestral
A8: OBJETO: | C8: Adquisición de TERAPIA DERMATOLOGICA/SISTEMA GENITOURINARIO Y HORMONAS SEXUALES /HORMONAS SISTEMICAS /CORTICOIDES SISTEMICOS/RESPIRATORIO/ANTIHISTAMINICOS
A10: Ítem | B10: CODIGO ITEM | C10: DESCRIPCIÓN | H10: Adjunta Detalle Técnico | I10: Unidad Medida | J10: Precio Unitario Estimado | K10: Cantidad Solicitada
A12: =+'Necesidades Trimestrales'!A10 -> 1 | B12: =+'Necesidades Trimestrales'!B10 -> 2.5.2-1875.133 | C12: =+'Necesidades Trimestrales'!E10 -> ANTIASMATICO BRONCODILATADOR; TIPO: MONODROGA, DROGA GENERICA: N-ACETIL CISTEINA 600 MGR, FORMA FARMACEUTICA: TABLETA EFERVESCENTE, PRESENTACION: UNIDAD | H12: NO | I12: =+'Necesidades Trimestrales'!F10 -> UNIDAD | J12: =+'Necesidades Trimestrales'!H10 -> 35.24 | K12: =+'Necesidades Trimestrales'!G10 -> 90
A13: =+'Necesidades Trimestrales'!A11 -> 2 | B13: =+'Necesidades Trimestrales'!B11 -> 2.5.2-2198.8 | C13: =+'Necesidades Trimestrales'!E11 -> ANTIDIURETICOS; DROGA GENERICA: VASOPRESINA ACUOSA, FORMA FARMACEUTICA: AMPOLLA, PRESENTACION: 1 mL, TIPO: MONODROGA | H13: SI | I13: =+'Necesidades Trimestrales'!F11 -> CAJA | J13: =+'Necesidades Trimestrales'!H11 -> 775 | K13: =+'Necesidades Trimestrales'!G11 -> 20
A14: =+'Necesidades Trimestrales'!A12 -> 3 | B14: =+'Necesidades Trimestrales'!B12 -> 2.9.5-427.33 | C14: =+'Necesidades Trimestrales'!E12 -> APOSITOS; TIPO: HIDROCOLOIDE, TAMAÑO: 15 X 17,5 Cm | H14: NO | I14: =+'Necesidades Trimestrales'!F12 -> UNIDAD | J14: =+'Necesidades Trimestrales'!H12 -> 1120 | K14: =+'Necesidades Trimestrales'!G12 -> 20
A15: =+'Necesidades Trimestrales'!A13 -> 4 | B15: =+'Necesidades Trimestrales'!B13 -> 2.9.5-427.39 | C15: =+'Necesidades Trimestrales'!E13 -> APOSITOS; TIPO: HIDROCOLOIDE, TAMAÑO: 10 X 10 Cm | H15: NO | I15: =+'Necesidades Trimestrales'!F13 -> UNIDAD | J15: =+'Necesidades Trimestrales'!H13 -> 580 | K15: =+'Necesidades Trimestrales'!G13 -> 20
A16: =+'Necesidades Trimestrales'!A14 -> 5 | B16: =+'Necesidades Trimestrales'!B14 -> 2.5.2-5661.11 | C16: =+'Necesidades Trimestrales'!E14 -> REGULADORES HORMONALES; TIPO: MONODROGA, DROGA GENERICA: ATOSIBAN, FORMA FARMACEUTICA: AMPOLLA, PRESENTACION: ENVASE X 0,9 mL | H16: NO | I16: =+'Necesidades Trimestrales'!F14 -> FRASCO | J16: =+'Necesidades Trimestrales'!H14 -> 18320 | K16: =+'Necesidades Trimestrales'!G14 -> 90
A17: =+'Necesidades Trimestrales'!A15 -> 6 | B17: =+'Necesidades Trimestrales'!B15 -> 2.5.2-1855.23 | C17: =+'Necesidades Trimestrales'!E15 -> CORTICOESTEROIDES; TIPO: MONODROGA, DROGA GENERICA: BETAMETASONA, FORMA FARMACEUTICA: CREMA, PRESENTACION: 15 GR | H17: NO | I17: =+'Necesidades Trimestrales'!F15 -> UNIDAD | J17: =+'Necesidades Trimestrales'!H15 -> 280 | K17: =+'Necesidades Trimestrales'!G15 -> 30
A18: =+'Necesidades Trimestrales'!A16 -> 7 | B18: =+'Necesidades Trimestrales'!B16 -> 2.5.2-1855.83 | C18: =+'Necesidades Trimestrales'!E16 -> CORTICOESTEROIDES; TIPO: ASOCIACION, DROGA GENERICA: BETAMETASONA ACETATO+FOSFATO, FORMA FARMACEUTICA: AMPOLLA, PRESENTACION: ENVASE X 2 mL | H18: NO | I18: =+'Necesidades Trimestrales'!F16 -> AMPOLLA | J18: =+'Necesidades Trimestrales'!H16 -> 295 | K18: =+'Necesidades Trimestrales'!G16 -> 600
A19: =+'Necesidades Trimestrales'!A17 -> 8 | B19: =+'Necesidades Trimestrales'!B17 -> 2.5.2-1875.134 | C19: =+'Necesidades Trimestrales'!E17 -> ANTIASMATICO BRONCODILATADOR; TIPO: MONODROGA, DROGA GENERICA: BUDESONIDE 200 µGR, FORMA FARMACEUTICA: AEROSOL, PRESENTACION: 100 DOSIS | H19: NO | I19: =+'Necesidades Trimestrales'!F17 -> UNIDAD | J19: =+'Necesidades Trimestrales'!H17 -> 750 | K19: =+'Necesidades Trimestrales'!G17 -> 50
A20: =+'Necesidades Trimestrales'!A18 -> 9 | B20: =+'Necesidades Trimestrales'!B18 -> 2.5.2-1895.19 | C20: =+'Necesidades Trimestrales'!E18 -> HORMONAS MEDICINALES; TIPO: MONODROGA, DROGA GENERICA: CABERGOLINA, FORMA FARMACEUTICA: COMPRIMIDO, PRESENTACION: 0,5 mGr, USO: SEXUAL | H20: NO | I20: =+'Necesidades Trimestrales'!F18 -> COMPRIMIDO | J20: =+'Necesidades Trimestrales'!H18 -> 306.75 | K20: =+'Necesidades Trimestrales'!G18 -> 48
A21: =+'Necesidades Trimestrales'!A19 -> 10 | B21: =+'Necesidades Trimestrales'!B19 -> 2.5.2-1902.14 | C21: =+'Necesidades Trimestrales'!E19 -> DROGAS UTERINAS; TIPO: MONODROGA, DROGA GENERICA: CARBETOCIN 100 MCG, FORMA FARMACEUTICA: AMPOLLA, PRESENTACION: UNIDAD | H21: NO | I21: =+'Necesidades Trimestrales'!F19 -> AMPOLLA | J21: =+'Necesidades Trimestrales'!H19 -> 1200 | K21: =+'Necesidades Trimestrales'!G19 -> 40
A22: =+'Necesidades Trimestrales'!A20 -> 11 | B22: =+'Necesidades Trimestrales'!B20 -> 2.5.2-1895.61 | C22: =+'Necesidades Trimestrales'!E20 -> HORMONAS MEDICINALES; TIPO: MONODROGA, DROGA GENERICA: CITRATO DE CLOMIFENO 50 mGr, FORMA FARMACEUTICA: COMPRIMIDO, PRESENTACION: UNIDAD, USO: SEXUAL | H22: NO | I22: =+'Necesidades Trimestrales'!F20 -> COMPRIMIDO | J22: =+'Necesidades Trimestrales'!H20 -> 149.35 | K22: =+'Necesidades Trimestrales'!G20 -> 60
A23: =+'Necesidades Trimestrales'!A21 -> 12 | B23: =+'Necesidades Trimestrales'!B21 -> 2.5.2-1855.7 | C23: =+'Necesidades Trimestrales'!E21 -> CORTICOESTEROIDES; TIPO: MONODROGA, DROGA GENERICA: DEXAMETASONA, FORMA FARMACEUTICA: AMPOLLA, PRESENTACION: 8 mGr | H23: NO | I23: =+'Necesidades Trimestrales'!F21 -> AMPOLLA | J23: =+'Necesidades Trimestrales'!H21 -> 45 | K23: =+'Necesidades Trimestrales'!G21 -> 3200
... A45: =+'Necesidades Trimestrales'!A43 -> 34 | B45: =+'Necesidades Trimestrales'!B43 -> 2.5.2-1875.68 | C45: =+'Necesidades Trimestrales'!E43 -> ANTIASMATICO BRONCODILATADOR; TIPO: MONODROGA, DROGA GENERICA: SURFACTANTE PULMONAR BOVI 30MG, FORMA FARMACEUTICA: AMPOLLA, PRESENTACION: ENVASE X 4 mL | H45: NO | I45: =+'Necesidades Trimestrales'!F43 -> AMPOLLA | J45: =+'Necesidades Trimestrales'!H43 -> 10300 | K45: =+'Necesidades Trimestrales'!G43 -> 60
A46: Costo total estimado: CUATRO MILLONES QUINIENTOS NOVENTA Y SEIS MIL QUINIENTOS NOVENTA Y UNO CON 00/100. | J46: =SUMPRODUCT(J12:J45,K12:K45) -> 4596591

Sheet Autor Gastar
A1: EJERCICIO: | D1: ='Necesidades Trimestrales'!C6 -> 2022 | P1: AUTORIZACION PARA GASTAR
A4: JURISDICCIÓN: | G4: =' NotaPedido'!C3 -> 040 - Ministerio de Salud
A5: SAF: | G5: =' NotaPedido'!C4 -> 28-Maternidad Provincial 25 de Mayo
A6: UNIDAD EJECUTORA: | G6: =' NotaPedido'!C5 -> 169-Direccion Asistencial
A7: DEPENDENCIA SOLICITANTE: | G7: =' NotaPedido'!C6 -> Servicio de Farmacia
A8: AUTORIZACIÓN:
A9: Señor Jefe de Servicio Administrativo Financiero:
A10: ="Autorizo la realización de los trámites correspondientes, a fin de proveer a este Organismo los bienes y/o servicios que se detallan en Nota de Pedido N° " & ' NotaPedido'!K1&", afectando la erogación resultante a los créditos presupuestarios aprobados a favor de esta Unidad Ejecutora, conforme al siguiente detalle:" -> Autorizo la realización de los trámites correspondientes, a fin de proveer a este Organismo los bienes y/o servicios que se detallan en Nota de Pedido N° xxx/2022, afectando la erogación resultante a los créditos presupuestarios aprobados a favor de esta Unidad Ejecutora, conforme al siguiente detalle:
A12: IMPUTACIÓN PRESUPUESTARIA
A13: CÓDIGO | O13: DENOMINACIÓN DE LA PARTIDA PRESUPUESTARIA | Q13: IMPORTE
A14: PR | B14: SB | C14: PY | D14: AC | E14: OB | F14: UG | G14: FIN | H14: FUN | I14: I | J14: P | K14: P | L14: SubP | M14: M | N14: FF
A15: 42 | D15: 2 | F15: 4901 | G15: 3 | H15: 310 | I15: 2 | J15: 5 | K15: 2 | M15: 1 | N15: 1.1 | O15: Productos Farmacéuticos y Medicinales | Q15: =+' NotaPedido'!J46 -> 4596591
A23: TOTAL DE PESOS: CUATRO MILLONES QUINIENTOS NOVENTA Y SEIS MIL QUINIENTOS NOVENTA Y UNO CON 00/100. | Q23: =SUM(Q15:Q22) -> 4596591
A25: JUSTIFICACIÓN:
A26: =' NotaPedido'!$C$8 -> Adquisición de TERAPIA DERMATOLOGICA/SISTEMA GENITOURINARIO Y HORMONAS SEXUALES /HORMONAS SISTEMICAS /CORTICOIDES SISTEMICOS/RESPIRATORIO/ANTIHISTAMINICOS
