Workbook

Sheet NECESIDADES TRIMESTRALES
B2: Pedido de Necesidades Trimestrales
A4: JURISDICCION: | C4: 90 - MINISTERIO DE SEGURIDAD
A5: SAF N°: | C5: 8 - DIRECCION GENERAL SERVICIO PENITENCIARIO PROVINCIAL
A6: EJERCICIO: | C6: 2022
A7: TRIMESTRE: | C7: 4
A9: ID | B9: CODIGO ITEM | C9: RUBRO DE COMPRA | D9: I.P.P. | E9: DESCRIPCION | F9: UNIDAD DE MEDIDA | G9: CANTIDAD | H9: PRECIO UNITARIO ESTIMADO | I9: IMPORTE TOTAL ESTIMADO
A10: 1 | B10: 2.1.1-5917.8 | C10: ALIMENTOS | D10: 2.1.1 | E10: CEREALES; TIPO: TRIGO BURGOL, PRESENTACION: ENVASE X 1 Kg | F10: BOLSA | G10: 150 | H10: 600 | I10: =H10*G10 -> 90000
A11: 2 | B11: 2.1.1-438.37 | C11: ALIMENTOS | D11: 2.1.1 | E11: ADEREZOS; TIPO: MAYONESA, ENVASE: BOLSA, CONTENIDO: 2,9 Kg, PRESENTACION: ENVASE X 2,9 Kg | F11: BOLSA | G11: 20 | H11: 1500 | I11: =H11*G11 -> 30000
A12: 3 | B12: 2.1.1-435.60 | C12: ALIMENTOS | D12: 2.1.1 | E12: ARROZ; TIPO GRANO: LARGO-FINO, TIPO: BLANCO, PROCESO: SIN CASCARA, PRESENTACION: BOLSA X 1 Kg, MATERIAL ENVASE: PLASTICO, CERTIFICADO FORESTAL (GFS): SIN, ELEM. TRANSPORTE: SIN, MATERIAL ELEM. TRANSPORTE: SIN, LIBRE DE GLUTEN: SI | F12: PAQUETE | G12: 5000 | H12: 230 | I12: =H12*G12 -> 1150000
A13: 4 | B13: 2.1.1-709.9 | C13: ALIMENTOS | D13: 2.1.1 | E13: CAFE; ESTADO: MOLIDO, CONTENIDO: 1000 GR, PROCESO: TOSTADO C/AZUCAR, ENVASE: PAQUETE, TIPO: SIN VALOR, PRESENTACION: ENVASE X 1000 GR | F13: PAQUETE | G13: 50 | H13: 2300 | I13: =H13*G13 -> 115000
A14: 5 | B14: 2.1.1-6547.84 | C14: ALIMENTOS | D14: 2.1.1 | E14: LEGUMBRES; VARIEDAD: ARVEJAS, ESTADO: CONSERVA, PRESENTACION: LATA, PESO: 350 GR, MATERIAL ENVASE: METAL, ELEM. TRANSPORTE: SIN, MATERIAL ELEM. TRANSPORTE: SIN, LIBRE DE GLUTEN: NO | F14: LATA | G14: 1500 | H14: 75 | I14: =H14*G14 -> 112500
A15: 6 | B15: 2.1.1-481.28 | C15: ALIMENTOS | D15: 2.1.1 | E15: AZUCARES; TIPO: BLANCA, ESTADO: MOLIDA, PESO: 1 Kg, MATERIAL ENVASE: PAPEL, CERTIFICADO FORESTAL (GFS): SIN, ELEM. TRANSPORTE: SIN, MATERIAL ELEM. TRANSPORTE: SIN | F15: PAQUETE | G15: 4000 | H15: 340 | I15: =H15*G15 -> 1360000
A16: 7 | B16: 2.1.1-595.2 | C16: ALIMENTOS | D16: 2.1.1 | E16: EDULCORANTES; PRESENTACION: LIQUIDO, ENVASE: BOTELLA PLASTICA, CONTENIDO: 500 CM3 | F16: BOTELLA | G16: 400 | H16: 350 | I16: =H16*G16 -> 140000
A17: 8 | B17: 2.1.1-2868.53 | C17: ALIMENTOS | D17: 2.1.1 | E17: FIDEOS SECOS; VARIEDAD: TIRABUZON, RELLENO: SIN, PRESENTACION: ENVASE X 500 GR, MATERIAL ENVASE: PLASTICO 1 (PET), ELEM. TRANSPORTE: SIN, MATERIAL ELEM. TRANSPORTE: SIN, CERTIFICADO FORESTAL (GFS): SIN, LIBRE DE GLUTEN: NO | F17: PAQUETE | G17: 4000 | H17: 190 | I17: =H17*G17 -> 760000
A18: 9 | B18: 2.1.1-2868.55 | C18: ALIMENTOS | D18: 2.1.1 | E18: FIDEOS SECOS; VARIEDAD: TALLARIN, RELLENO: SIN, PRESENTACION: ENVASE X 500 GR, MATERIAL ENVASE: PLASTICO 1 (PET), ELEM. TRANSPORTE: SIN, MATERIAL ELEM. TRANSPORTE: SIN, CERTIFICADO FORESTAL (GFS): SIN, LIBRE DE GLUTEN: NO | F18: PAQUETE | G18: 4000 | H18: 190 | I18: =H18*G18 -> 760000
A19: 10 | B19: 2.1.1-705.103 | C19: ALIMENTOS | D19: 2.1.1 | E19: LECHE; ESTADO: LIQUIDO, TIPO: ENTERA, PROCESO: PASTEURIZADA, AGREGADO: VITAMINAS Y MINERALES, PRESENTACION: ENVASE X 1 L, MATERIAL ENVASE: CARTON, ELEM. TRANSPORTE: SIN, MATERIAL ELEM. TRANSPORTE: SIN, CERTIFICADO FORESTAL (GFS): SIN, LIBRE DE GLUTEN: SI | F19: CAJA | G19: 400 | H19: 230 | I19: =H19*G19 -> 92000
A20: 11 | B20: 2.1.1-705.105 | C20: ALIMENTOS | D20: 2.1.1 | E20: LECHE; ESTADO: LIQUIDO, TIPO: DESCREMADA, PROCESO: PASTEURIZADA, AGREGADO: VITAMINAS Y MINERALES, PRESENTACION: ENVASE X 1 L, MATERIAL ENVASE: CARTON, ELEM. TRANSPORTE: SIN, MATERIAL ELEM. TRANSPORTE: SIN, CERTIFICADO FORESTAL (GFS): SIN, LIBRE DE GLUTEN: SI | F20: CAJA | G20: 100 | H20: 230 | I20: =H20*G20 -> 23000
A21: 12 | B21: 2.1.1-705.93 | C21: ALIMENTOS | D21: 2.1.1 | E21: LECHE; ESTADO: POLVO, TIPO: ENTERA, PROCESO: PASTEURIZADA, AGREGADO: VITAMINAS A Y D, PRESENTACION: ENVASE X 800 GR, MATERIAL ENVASE: CARTON, ELEM. TRANSPORTE: SIN, MATERIAL ELEM. TRANSPORTE: SIN, CERTIFICADO FORESTAL (GFS): SIN, LIBRE DE GLUTEN: SI | F21: CAJA | G21: 1200 | H21: 1500 | I21: =H21*G21 -> 1800000
... A37: 28 | B37: 2.1.1-2127.1 | C37: ALIMENTOS | D37: 2.1.1 | E37: MEJORADOR DE PANIFICACION: ESTADO: NATURAL, PESO: 10 KG. PRESENTACION: BOLSA | F37: BOLSA | G37: 20 | H37: 6000 | I37: =H37*G37 -> 120000
A38: COSTO TOTAL ESTIMADO ALIMENTOS NO PERECEDEROS | I38: =SUM(I10:I37) -> 12813500
C40: Especificidades Item N° 1-28:
C42: Descripción técnica
C44: Plazo de Entrega | D44: La entrega debe realizarse dentro de los 10 días de la Notificación de la Orden de Compra.
C52: Lugar de Enttrega | D52: Servicio Penitenciario Provincial, Ruta Nacional 38, km 558 Colonia del Valle, Capayan
C54: Calidad Minima esperada | D54: Los productos deben ser de 1° calidad, según condiciones establecidas en nota
C56: Mantenimiento | D56: 45 días
C58: Garantia

Sheet NOTA DE PEDIDO
A1: NOTA DE PEDIDO | J1: N°
A3: JURISDICCIÓN: | D3: ='NECESIDADES TRIMESTRALES'!C4 -> 90 - MINISTERIO DE SEGURIDAD
A4: SAF: | D4: ='NECESIDADES TRIMESTRALES'!C5 -> 8 - DIRECCION GENERAL SERVICIO PENITENCIARIO PROVINCIAL
A5: UNIDAD EJECUTORA: | D5: SERVICIO PENITENCIARIO PROVINCIAL
A6: DEPENDENCIA SOLICITANTE: | D6: LOGISTICA
A7: PERIODO UTILIZACIÓN: | D7: 3 MESES
A8: OBJETO: | D8: BIENES
A10: Ítem | B10: Codigo Item | C10: DESCRIPCIÓN | H10: Adjunta Detalle Técnico | I10: Unidad Medida | J10: Precio Unitario Estimado | K10: Cantidad Solicitada
A12: ='NECESIDADES TRIMESTRALES'!A10 -> 1 | B12: ='NECESIDADES TRIMESTRALES'!B10 -> 2.1.1-5917.8 | C12: ='NECESIDADES TRIMESTRALES'!E10 -> CEREALES; TIPO: TRIGO BURGOL, PRESENTACION: ENVASE X 1 Kg | H12: NO | I12: ='NECESIDADES TRIMESTRALES'!F10 -> BOLSA | J12: ='NECESIDADES TRIMESTRALES'!H10 -> 600 | K12: ='NECESIDADES TRIMESTRALES'!G10 -> 150
A13: ='NECESIDADES TRIMESTRALES'!A11 -> 2 | B13: ='NECESIDADES TRIMESTRALES'!B11 -> 2.1.1-438.37 | C13: ='NECESIDADES TRIMESTRALES'!E11 -> ADEREZOS; TIPO: MAYONESA, ENVASE: BOLSA, CONTENIDO: 2,9 Kg, PRESENTACION: ENVASE X 2,9 Kg | H13: NO | I13: ='NECESIDADES TRIMESTRALES'!F11 -> BOLSA | J13: ='NECESIDADES TRIMESTRALES'!H11 -> 1500 | K13: ='NECESIDADES TRIMESTRALES'!G11 -> 20
A14: ='NECESIDADES TRIMESTRALES'!A12 -> 3 | B14: ='NECESIDADES TRIMESTRALES'!B12 -> 2.1.1-435.60 | C14: ='NECESIDADES TRIMESTRALES'!E12 -> ARROZ; TIPO GRANO: LARGO-FINO, TIPO: BLANCO, PROCESO: SIN CASCARA, PRESENTACION: BOLSA X 1 Kg, MATERIAL ENVASE: PLASTICO, CERTIFICADO FORESTAL (GFS): SIN, ELEM. TRANSPORTE: SIN, MATERIAL ELEM. TRANSPORTE: SIN, LIBRE DE GLUTEN: SI | H14: NO | I14: ='NECESIDADES TRIMESTRALES'!F12 -> PAQUETE | J14: ='NECESIDADES TRIMESTRALES'!H12 -> 230 | K14: ='NECESIDADES TRIMESTRALES'!G12 -> 5000
A15: ='NECESIDADES TRIMESTRALES'!A13 -> 4 | B15: ='NECESIDADES TRIMESTRALES'!B13 -> 2.1.1-709.9 | C15: ='NECESIDADES TRIMESTRALES'!E13 -> CAFE; ESTADO: MOLIDO, CONTENIDO: 1000 GR, PROCESO: TOSTADO C/AZUCAR, ENVASE: PAQUETE, TIPO: SIN VALOR, PRESENTACION: ENVASE X 1000 GR | H15: NO | I15: ='NECESIDADES TRIMESTRALES'!F13 -> PAQUETE | J15: ='NECESIDADES TRIMESTRALES'!H13 -> 2300 | K15: ='NECESIDADES TRIMESTRALES'!G13 -> 50
A16: ='NECESIDADES TRIMESTRALES'!A14 -> 5 | B16: ='NECESIDADES TRIMESTRALES'!B14 -> 2.1.1-6547.84 | C16: ='NECESIDADES TRIMESTRALES'!E14 -> LEGUMBRES; VARIEDAD: ARVEJAS, ESTADO: CONSERVA, PRESENTACION: LATA, PESO: 350 GR, MATERIAL ENVASE: METAL, ELEM. TRANSPORTE: SIN, MATERIAL ELEM. TRANSPORTE: SIN, LIBRE DE GLUTEN: NO | H16: NO | I16: ='NECESIDADES TRIMESTRALES'!F14 -> LATA | J16: ='NECESIDADES TRIMESTRALES'!H14 -> 75 | K16: ='NECESIDADES TRIMESTRALES'!G14 -> 1500
A17: ='NECESIDADES TRIMESTRALES'!A15 -> 6 | B17: ='NECESIDADES TRIMESTRALES'!B15 -> 2.1.1-481.28 | C17: ='NECESIDADES TRIMESTRALES'!E15 -> AZUCARES; TIPO: BLANCA, ESTADO: MOLIDA, PESO: 1 Kg, MATERIAL ENVASE: PAPEL, CERTIFICADO FORESTAL (GFS): SIN, ELEM. TRANSPORTE: SIN, MATERIAL ELEM. TRANSPORTE: SIN | H17: NO | I17: ='NECESIDADES TRIMESTRALES'!F15 -> PAQUETE | J17: ='NECESIDADES TRIMESTRALES'!H15 -> 340 | K17: ='NECESIDADES TRIMESTRALES'!G15 -> 4000
A18: ='NECESIDADES TRIMESTRALES'!A16 -> 7 | B18: ='NECESIDADES TRIMESTRALES'!B16 -> 2.1.1-595.2 | C18: ='NECESIDADES TRIMESTRALES'!E16 -> EDULCORANTES; PRESENTACION: LIQUIDO, ENVASE: BOTELLA PLASTICA, CONTENIDO: 500 CM3 | H18: NO | I18: ='NECESIDADES TRIMESTRALES'!F16 -> BOTELLA | J18: ='NECESIDADES TRIMESTRALES'!H16 -> 350 | K18: ='NECESIDADES TRIMESTRALES'!G16 -> 400
A19: ='NECESIDADES TRIMESTRALES'!A17 -> 8 | B19: ='NECESIDADES TRIMESTRALES'!B17 -> 2.1.1-2868.53 | C19: ='NECESIDADES TRIMESTRALES'!E17 -> FIDEOS SECOS; VARIEDAD: TIRABUZON, RELLENO: SIN, PRESENTACION: ENVASE X 500 GR, MATERIAL ENVASE: PLASTICO 1 (PET), ELEM. TRANSPORTE: SIN, MATERIAL ELEM. TRANSPORTE: SIN, CERTIFICADO FORESTAL (GFS): SIN, LIBRE DE GLUTEN: NO | H19: NO | I19: ='NECESIDADES TRIMESTRALES'!F17 -> PAQUETE | J19: ='NECESIDADES TRIMESTRALES'!H17 -> 190 | K19: ='NECESIDADES TRIMESTRALES'!G17 -> 4000
A20: ='NECESIDADES TRIMESTRALES'!A18 -> 9 | B20: ='NECESIDADES TRIMESTRALES'!B18 -> 2.1.1-2868.55 | C20: ='NECESIDADES TRIMESTRALES'!E18 -> FIDEOS SECOS; VARIEDAD: TALLARIN, RELLENO: SIN, PRESENTACION: ENVASE X 500 GR, MATERIAL ENVASE: PLASTICO 1 (PET), ELEM. TRANSPORTE: SIN, MATERIAL ELEM. TRANSPORTE: SIN, CERTIFICADO FORESTAL (GFS): SIN, LIBRE DE GLUTEN: NO | H20: NO | I20: ='NECESIDADES TRIMESTRALES'!F18 -> PAQUETE | J20: ='NECESIDADES TRIMESTRALES'!H18 -> 190 | K20: ='NECESIDADES TRIMESTRALES'!G18 -> 4000
A21: ='NECESIDADES TRIMESTRALES'!A19 -> 10 | B21: ='NECESIDADES TRIMESTRALES'!B19 -> 2.1.1-705.103 | C21: ='NECESIDADES TRIMESTRALES'!E19 -> LECHE; ESTADO: LIQUIDO, TIPO: ENTERA, PROCESO: PASTEURIZADA, AGREGADO: VITAMINAS Y MINERALES, PRESENTACION: ENVASE X 1 L, MATERIAL ENVASE: CARTON, ELEM. TRANSPORTE: SIN, MATERIAL ELEM. TRANSPORTE: SIN, CERTIFICADO FORESTAL (GFS): SIN, LIBRE DE GLUTEN: SI | H21: NO | I21: ='NECESIDADES TRIMESTRALES'!F19 -> CAJA | J21: ='NECESIDADES TRIMESTRALES'!H19 -> 230 | K21: ='NECESIDADES TRIMESTRALES'!G19 -> 400
A22: ='NECESIDADES TRIMESTRALES'!A20 -> 11 | B22: ='NECESIDADES TRIMESTRALES'!B20 -> 2.1.1-705.105 | C22: ='NECESIDADES TRIMESTRALES'!E20 -> LECHE; ESTADO: LIQUIDO, TIPO: DESCREMADA, PROCESO: PASTEURIZADA, AGREGADO: VITAMINAS Y MINERALES, PRESENTACION: ENVASE X 1 L, MATERIAL ENVASE: CARTON, ELEM. TRANSPORTE: SIN, MATERIAL ELEM. TRANSPORTE: SIN, CERTIFICADO FORESTAL (GFS): SIN, LIBRE DE GLUTEN: SI | H22: NO | I22: ='NECESIDADES TRIMESTRALES'!F20 -> CAJA | J22: ='NECESIDADES TRIMESTRALES'!H20 -> 230 | K22: ='NECESIDADES TRIMESTRALES'!G20 -> 100
A23: ='NECESIDADES TRIMESTRALES'!A21 -> 12 | B23: ='NECESIDADES TRIMESTRALES'!B21 -> 2.1.1-705.93 | C23: ='NECESIDADES TRIMESTRALES'!E21 -> LECHE; ESTADO: POLVO, TIPO: ENTERA, PROCESO: PASTEURIZADA, AGREGADO: VITAMINAS A Y D, PRESENTACION: ENVASE X 800 GR, MATERIAL ENVASE: CARTON, ELEM. TRANSPORTE: SIN, MATERIAL ELEM. TRANSPORTE: SIN, CERTIFICADO FORESTAL (GFS): SIN, LIBRE DE GLUTEN: SI | H23: NO | I23: ='NECESIDADES TRIMESTRALES'!F21 -> CAJA | J23: ='NECESIDADES TRIMESTRALES'!H21 -> 1500 | K23: ='NECESIDADES TRIMESTRALES'!G21 -> 1200
... A39: ='NECESIDADES TRIMESTRALES'!A37 -> 28 | B39: ='NECESIDADES TRIMESTRALES'!B37 -> 2.1.1-2127.1 | C39: ='NECESIDADES TRIMESTRALES'!E37 -> MEJORADOR DE PANIFICACION: ESTADO: NATURAL, PESO: 10 KG. PRESENTACION: BOLSA | H39: NO | I39: ='NECESIDADES TRIMESTRALES'!F37 -> BOLSA | J39: ='NECESIDADES TRIMESTRALES'!H37 -> 6000 | K39: ='NECESIDADES TRIMESTRALES'!G37 -> 20
A40: Costo total estimado | J40: =SUMPRODUCT(J12:J39,K12:K39) -> 12813500

Sheet APG
A1: EJERCICIO: | D1: 2022 | P1: AUTORIZACION PARA GASTAR
A4: JURISDICCIÓN: | G4: ='NOTA DE PEDIDO'!D3 -> 90 - MINISTERIO DE SEGURIDAD
A5: SAF: | G5: ='NOTA DE PEDIDO'!D4 -> 8 - DIRECCION GENERAL SERVICIO PENITENCIARIO PROVINCIAL
A6: UNIDAD EJECUTORA: | G6: ='NOTA DE PEDIDO'!D5 -> SERVICIO PENITENCIARIO PROVINCIAL
A7: DEPENDENCIA SOLICITANTE: | G7: ='NOTA DE PEDIDO'!D6 -> LOGISTICA
A8: AUTORIZACIÓN:
A9: Señor Director de Administración o Titular del Servicio Administrativo Financiero:
A10: Autorizo la realización de los trámites correspondientes los bienes y/o servicios que se detallan en la Nota de Pedido Nº DOCFI-2022-02111944-CAT-SPC#SSD, afectando la erogación resultante a los créditos presupuestarios aprobados a favor de esta Unidad Ejecutora, conforme al siguiente detalle:
A12: IMPUTACIÓN PRESUPUESTARIA
A13: CÓDIGO | O13: DENOMINACIÓN DE LA PARTIDA PRESUPUESTARIA | Q13: IMPORTE
A14: PR | B14: SB | C14: PY | D14: AC | E14: OB | F14: UG | G14: FIN | H14: FUN | I14: I | J14: P | K14: P | L14: SubP | M14: M | N14: FF
A15: 21 | D15: 2 | F15: 4201 | G15: 2 | H15: 220 | I15: 2 | J15: 1 | K15: 1 | M15: 1 | N15: 1.1 | O15: Alimentos Para Personas | Q15: 12813500
A22: TOTAL DE PESOS: | Q22: =SUM(Q15:Q21) -> 12813500
A24: JUSTIFICACIÓN:
