Workbook

Sheet SAF 011
A1: 2021
B2: Pedido de Necesidades Trimestrales
A4: JURISDICCION: | C4: 040 - MINISTERIO DE SALUD
A5: SAF N°: | C5: 011 - DIRECCION PROVINCIAL DE ADMINISTRACION - MINISTERIO DE SALUD
A6: EJERCICIO: | C6: 2021
A7: TRIMESTRE: | C7: CUARTO
A9: ID | B9: CODIGO ITEM | C9: RUBRO DE COMPRA | D9: I.P.P. | E9: DESCRIPCION | F9: UNIDAD DE MEDIDA | G9: SECRETARIA DE ADMINISTRACION | H9: TOTAL S.A. | I9: SMPyPS | J9: TOTAL SMPyPS | K9: DIR. LAB. CENTRAL | L9: TOTAL DE LAB CENTRAL | M9: BCO DE SANGRE | N9: TOTAL BANCO DE SANGRE | O9: APS | P9: TOTAL A.P.S. | Q9: DIR DE CANCER | R9: TOTAL DE DIR DE CANCER | S9: FARMACIA | T9: TOTAL FARMACIA | U9: ODONTOLOGIA | V9: TOTAL DE ODONTOLOG | W9: SAME | X9: TOTAL DE SAME | Y9: HPTAL MALBRAN | Z9: TOTAL HPTAL MALBRAN | AA9: MATERNIDAD E INFANCIA | AB9: TOTAL MATERNIDAD E INFANCIA | AC9: SASP | AD9: TOTAL SASP | AE9: SALUD Y MEDIO AMBIENTE | AF9: TOTAL SALUD Y MEDIO AMBIENTE | AG9: VECTORES Y ZOONOSIS | AH9: TOTAL DE VECT Y ZOON | AI9: SUMAR | AJ9: TOTAL SUMAR | AK9: CUR | AL9: TOTAL CUR | AM9: SPyGS | AN9: TOTAL SPyGS | AO9: SALUD MENTAL | AP9: TOTAL SALUD MENTAL | AQ9: AREAS Y DPAS | AR9: TOTAL DPAS | AS9: CANTIDAD TOTAL | AT9: PRECIO UNITARIO ESTIMADO | AU9: IMPORTE TOTAL ESTIMADO | AV9: ESPECIFICACION TECNICA | AX9: 256 | AY9: 252 | AZ9: 295 | BA9: 265 | BB9: 259
A10: 1 | C10: COMBUSTIBLES Y LUBRICANTES | D10: 2.5.6 | E10: ACEITES LUBRICANTES; USO: TURBINA ODONTOLOGICA, PRESENTACION: SPRAY X 250 mL, NORMA: SAE 30 | F10: UNIDAD | U10: 15 | V10: =+U10*AT10 -> 22500 | AS10: =+G10+I10+K10+M10+O10+Q10+S10+U10+W10+Y10++AA10+AC10+AE10+AG10+AI10+AK10+AM10+AO10+AQ10 -> 15 | AT10: 1500 | AU10: =+AS10*AT10 -> 22500 | AX10: =+AU10 -> 22500
A11: 2 | C11: PROD. MEDICO/FARMACEUTICOS/LAB | D11: 2.5.2 | E11: ACIDO GRABADOR ODONTOLOG.; ESTADO: GEL, PRESENTACION: JERINGA X 12 GR | F11: UNIDAD | U11: 30 | V11: =+U11*AT11 -> 26550 | AS11: =+G11+I11+K11+M11+O11+Q11+S11+U11+W11+Y11++AA11+AC11+AE11+AG11+AI11+AK11+AM11+AO11+AQ11 -> 30 | AT11: 885 | AU11: =+AS11*AT11 -> 26550 | AY11: 26550
A12: 3 | C12: PROD. MEDICO/FARMACEUTICOS/LAB | D12: 2.5.2 | E12: ADHESIVOS P/ODONTOLOGIA; TIPO: ADHESIVO+PRIMER, USO: ODONTOLOGICO, PRESENTACION: FRASCO X 4,5 mm | F12: UNIDAD | U12: 10 | V12: =+U12*AT12 -> 14900 | AS12: =+G12+I12+K12+M12+O12+Q12+S12+U12+W12+Y12++AA12+AC12+AE12+AG12+AI12+AK12+AM12+AO12+AQ12 -> 10 | AT12: 1490 | AU12: =+AS12*AT12 -> 14900 | AY12: 14900
A13: 4 | C13: PROD. MEDICO/FARMACEUTICOS/LAB | D13: 2.9.5 | E13: AGUJAS QUIRURGICAS; TIPO: ODONTOLOGICA, ESPECIFICACION: CORTA DE 21 mm, PRESENTACION: ENVASE X 100 UN | F13: CAJA | U13: 1 | V13: =+U13*AT13 -> 930 | AS13: =+G13+I13+K13+M13+O13+Q13+S13+U13+W13+Y13++AA13+AC13+AE13+AG13+AI13+AK13+AM13+AO13+AQ13 -> 1 | AT13: 930 | AU13: =+AS13*AT13 -> 930 | AZ13: =+AU13 -> 930
A14: 5 | C14: PROD. MEDICO/FARMACEUTICOS/LAB | D14: 2.9.5 | E14: ALAMBRE DE ACERO D. 0,7 MM, DESCARTABLE: SI, PRESENTACION: ROLLO X 500 GR | F14: UNIDAD | U14: 5 | V14: =+U14*AT14 -> 37250 | AS14: =+G14+I14+K14+M14+O14+Q14+S14+U14+W14+Y14++AA14+AC14+AE14+AG14+AI14+AK14+AM14+AO14+AQ14 -> 5 | AT14: 7450 | AU14: =+AS14*AT14 -> 37250 | AZ14: =+AU14 -> 37250
A15: 6 | C15: PROD. MEDICO/FARMACEUTICOS/LAB | D15: 2.9.5 | E15: ALAMBRE DE ACERO D. 0,8 MM; DESCARTABLE: SI, PRESENTACION: ROLLO X 100 GR | F15: UNIDAD | U15: 5 | V15: =+U15*AT15 -> 4400 | AS15: =+G15+I15+K15+M15+O15+Q15+S15+U15+W15+Y15++AA15+AC15+AE15+AG15+AI15+AK15+AM15+AO15+AQ15 -> 5 | AT15: 880 | AU15: =+AS15*AT15 -> 4400 | AZ15: =+AU15 -> 4400
A16: 7 | C16: PROD. MEDICO/FARMACEUTICOS/LAB | D16: 2.9.5 | E16: ALAMBRE DE ACERO D. 0,9 MM, DESCARTABLE: SI, PRESENTACION: ROLLO X 500 GR | F16: UNIDAD | U16: 5 | V16: =+U16*AT16 -> 37250 | AS16: =+G16+I16+K16+M16+O16+Q16+S16+U16+W16+Y16++AA16+AC16+AE16+AG16+AI16+AK16+AM16+AO16+AQ16 -> 5 | AT16: 7450 | AU16: =+AS16*AT16 -> 37250 | AZ16: =+AU16 -> 37250
A17: 8 | C17: PROD. MEDICO/FARMACEUTICOS/LAB | D17: 2.9.5 | E17: ALAMBRE DE ACERO D.1 MM, DESCARTABLE: SI, PRESENTACION: ROLLO X 50 GR | F17: UNIDAD | U17: 1 | V17: =+U17*AT17 -> 880 | AS17: =+G17+I17+K17+M17+O17+Q17+S17+U17+W17+Y17++AA17+AC17+AE17+AG17+AI17+AK17+AM17+AO17+AQ17 -> 1 | AT17: 880 | AU17: =+AS17*AT17 -> 880 | AZ17: =+AU17 -> 880
A18: 9 | C18: PROD. MEDICO/FARMACEUTICOS/LAB | D18: 2.9.5 | E18: ALGODONES; TIPO: ROLLO P/ODONTOLOGIA, PRESENTACION: ENVASE X 500 UN | F18: BOLSA | U18: 1000 | V18: =+U18*AT18 -> 655000 | AS18: =+G18+I18+K18+M18+O18+Q18+S18+U18+W18+Y18++AA18+AC18+AE18+AG18+AI18+AK18+AM18+AO18+AQ18 -> 1000 | AT18: 655 | AU18: =+AS18*AT18 -> 655000 | AZ18: =+AU18 -> 655000
A19: 10 | C19: PROD. MEDICO/FARMACEUTICOS/LAB | D19: 2.9.5 | E19: ALICATE UNIVERSAL, DESCARTABLE: NO, PRESENTACION: UNIDAD | F19: UNIDAD | U19: 50 | V19: =+U19*AT19 -> 72500 | AS19: =+G19+I19+K19+M19+O19+Q19+S19+U19+W19+Y19++AA19+AC19+AE19+AG19+AI19+AK19+AM19+AO19+AQ19 -> 50 | AT19: 1450 | AU19: =+AS19*AT19 -> 72500 | AZ19: =+AU19 -> 72500
A20: 11 | C20: PROD. MEDICO/FARMACEUTICOS/LAB | D20: 2.5.2 | E20: ANESTESICOS LOCALES; TIPO: ANESTESIA ODONTOLOGICA, DROGA GENERICA: CLORHIDRATO DE CARTICAINA 4%, FORMA FARMACEUTICA: ANESTUBOS, PRESENTACION: ENVASE X 50 ANESTUBOS | F20: CAJA | U20: 870 | V20: =+U20*AT20 -> 2923200 | AS20: =+G20+I20+K20+M20+O20+Q20+S20+U20+W20+Y20++AA20+AC20+AE20+AG20+AI20+AK20+AM20+AO20+AQ20 -> 870 | AT20: 3360 | AU20: =+AS20*AT20 -> 2923200 | AY20: 2923200
A21: 12 | C21: PROD. MEDICO/FARMACEUTICOS/LAB | D21: 2.5.2 | E21: ANTISEPTICOS LOCALES P/PERSONA; TIPO: ANTISEPTICO, DROGA GENERICA: EUGENOL, FORMA FARMACEUTICA: LIQUIDO, PRESENTACION: FRASCO X 10 mL | F21: UNIDAD | U21: 10 | V21: =+U21*AT21 -> 3000 | AS21: =+G21+I21+K21+M21+O21+Q21+S21+U21+W21+Y21++AA21+AC21+AE21+AG21+AI21+AK21+AM21+AO21+AQ21 -> 10 | AT21: 300 | AU21: =+AS21*AT21 -> 3000 | AY21: 3000
A22: 13 | C22: PROD. MEDICO/FARMACEUTICOS/LAB | D22: 2.5.2 | E22: ANTISEPTICOS LOCALES P/PERSONA; TIPO: MONODROGA, DROGA GENERICA: IODOFORMO, FORMA FARMACEUTICA: POLVO, PRESENTACION: FRASCO X 20 GR | F22: UNIDAD | U22: 10 | V22: =+U22*AT22 -> 11900 | AS22: =+G22+I22+K22+M22+O22+Q22+S22+U22+W22+Y22++AA22+AC22+AE22+AG22+AI22+AK22+AM22+AO22+AQ22 -> 10 | AT22: 1190 | AU22: =+AS22*AT22 -> 11900 | AY22: 11900
A23: 14 | C23: PROD. MEDICO/FARMACEUTICOS/LAB | D23: 2.9.5 | E23: ATACADOR P/CONOS GUTA-PERCHA, PRESENTACION: UNIDAD, DESCARTABLE: NO | F23: UNIDAD | U23: 30 | V23: =+U23*AT23 -> 8970 | AS23: =+G23+I23+K23+M23+O23+Q23+S23+U23+W23+Y23++AA23+AC23+AE23+AG23+AI23+AK23+AM23+AO23+AQ23 -> 30 | AT23: 299 | AU23: =+AS23*AT23 -> 8970 | AZ23: =+AU23 -> 8970
A24: 15 | C24: PROD. MEDICO/FARMACEUTICOS/LAB | D24: 2.9.5 | E24: BANDEJA METALICA PARA EL INSTRUMENTAL, DESCARTABLE: NO, PRESENTACION: UNIDAD | F24: UNIDAD | U24: 300 | V24: =+U24*AT24 -> 126000 | AS24: =+G24+I24+K24+M24+O24+Q24+S24+U24+W24+Y24++AA24+AC24+AE24+AG24+AI24+AK24+AM24+AO24+AQ24 -> 300 | AT24: 420 | AU24: =+AS24*AT24 -> 126000 | AZ24: =+AU24 -> 126000
A25: 16 | C25: PROD. MEDICO/FARMACEUTICOS/LAB | D25: 2.9.5 | E25: BARRA ALTO BRILLO P/PULIR, DESCARTABLE: NO, PRESENTACION: UNIDAD | F25: UNIDAD | U25: 30 | V25: =+U25*AT25 -> 8970 | AS25: =+G25+I25+K25+M25+O25+Q25+S25+U25+W25+Y25++AA25+AC25+AE25+AG25+AI25+AK25+AM25+AO25+AQ25 -> 30 | AT25: 299 | AU25: =+AS25*AT25 -> 8970 | AZ25: =+AU25 -> 8970
A26: 17 | C26: PROD. MEDICO/FARMACEUTICOS/LAB | D26: 2.9.5 | E26: BROCHITA P/ LIMPIEZA, DESCARTABLE: SI, PRESENTACION: UNIDAD | F26: UNIDAD | U26: 50 | V26: =+U26*AT26 -> 3112 | AS26: =+G26+I26+K26+M26+O26+Q26+S26+U26+W26+Y26++AA26+AC26+AE26+AG26+AI26+AK26+AM26+AO26+AQ26 -> 50 | AT26: 62.24 | AU26: =+AS26*AT26 -> 3112 | AZ26: =+AU26 -> 3112
A27: 18 | C27: PROD. MEDICO/FARMACEUTICOS/LAB | D27: 2.9.5 | E27: CADENAS P/BABEROS; MATERIAL : 147 dBV/mPa , USO: ODONTOLOGIA, MATERIAL: METAL | F27: UNIDAD | U27: 200 | V27: =+U27*AT27 -> 39800 | AS27: =+G27+I27+K27+M27+O27+Q27+S27+U27+W27+Y27++AA27+AC27+AE27+AG27+AI27+AK27+AM27+AO27+AQ27 -> 200 | AT27: 199 | AU27: =+AS27*AT27 -> 39800 | AZ27: =+AU27 -> 39800
A28: 19 | C28: PROD. MEDICO/FARMACEUTICOS/LAB | D28: 2.5.2 | E28: CEMENTOS QUIRURGICOS; TIPO: GROSSMAN, USO: ODONTOLOGIA, PRESENTACION: ENVASE X 20 GR | F28: CAJA | U28: 10 | V28: =+U28*AT28 -> 4400 | AS28: =+G28+I28+K28+M28+O28+Q28+S28+U28+W28+Y28++AA28+AC28+AE28+AG28+AI28+AK28+AM28+AO28+AQ28 -> 10 | AT28: 440 | AU28: =+AS28*AT28 -> 4400 | AY28: 4400
A29: 20 | C29: PROD. MEDICO/FARMACEUTICOS/LAB | D29: 2.5.2 | E29: CEMENTOS QUIRURGICOS; TIPO: HIDROXIDO DE CALCIO FRAGUABLE, USO: ODONTOLOGIA, PRESENTACION: AVIO 13 GRS/11 GRS HIDCAL | F29: CAJA | U29: 10 | V29: =+U29*AT29 -> 23000 | AS29: =+G29+I29+K29+M29+O29+Q29+S29+U29+W29+Y29++AA29+AC29+AE29+AG29+AI29+AK29+AM29+AO29+AQ29 -> 10 | AT29: 2300 | AU29: =+AS29*AT29 -> 23000 | AY29: 23000
A30: 21 | C30: PROD. MEDICO/FARMACEUTICOS/LAB | D30: 2.5.2 | E30: CEMENTOS QUIRURGICOS; TIPO: OXIDO DE ZINC Y EUGENOL REFORZ, USO: ODONTOLOGICO, PRESENTACION: AVIO 38 GRS/15 ML | F30: CAJA | U30: 10 | V30: =+U30*AT30 -> 18500 | AS30: =+G30+I30+K30+M30+O30+Q30+S30+U30+W30+Y30++AA30+AC30+AE30+AG30+AI30+AK30+AM30+AO30+AQ30 -> 10 | AT30: 1850 | AU30: =+AS30*AT30 -> 18500 | AY30: 18500
A31: 22 | C31: PROD. MEDICO/FARMACEUTICOS/LAB | D31: 2.9.5 | E31: CEPILLO LIMPIAFRESA, DESCARTABLE: NO, PRESENTACION: UNIDAD | F31: UNIDAD | U31: 20 | V31: =+U31*AT31 -> 5000 | AS31: =+G31+I31+K31+M31+O31+Q31+S31+U31+W31+Y31++AA31+AC31+AE31+AG31+AI31+AK31+AM31+AO31+AQ31 -> 20 | AT31: 250 | AU31: =+AS31*AT31 -> 5000 | AZ31: =+AU31 -> 5000
A32: 23 | C32: PROD. MEDICO/FARMACEUTICOS/LAB | D32: 2.5.9 | E32: CERAS ROSAS P/ODONTOLOGIA; MATERIAL: UTILITY EN LAMINA, USO: ODONTOLOGICO, PRESENTACION: ENVASE X 1 Kg | F32: CAJA | U32: 5 | V32: =+U32*AT32 -> 12250 | AS32: =+G32+I32+K32+M32+O32+Q32+S32+U32+W32+Y32++AA32+AC32+AE32+AG32+AI32+AK32+AM32+AO32+AQ32 -> 5 | AT32: 2450 | AU32: =+AS32*AT32 -> 12250 | BB32: 12250
A33: 24 | C33: PROD. MEDICO/FARMACEUTICOS/LAB | D33: 2.5.2 | E33: COMPOSITE TIPO ULTRAFILL; COLOR: A2, POLIMERIZACION: FOTOPOLIMERIZACION, TAMAÑO PARTICULA: HIBRIDO, FORMA DE PRESENTACION: JERINGA, PRESENTACION: ENVASE X 4 GR | F33: UNIDAD | U33: 50 | V33: =+U33*AT33 -> 64500 | AS33: =+G33+I33+K33+M33+O33+Q33+S33+U33+W33+Y33++AA33+AC33+AE33+AG33+AI33+AK33+AM33+AO33+AQ33 -> 50 | AT33: 1290 | AU33: =+AS33*AT33 -> 64500 | AY33: 64500
A34: 25 | C34: PROD. MEDICO/FARMACEUTICOS/LAB | D34: 2.5.2 | E34: COMPOSITE TIPO ULTRAFILL; COLOR: A3, POLIMERIZACION: FOTOPOLIMERIZACION, TAMAÑO PARTICULA: HIBRIDO, FORMA DE PRESENTACION: JERINGA, PRESENTACION: ENVASE X 4 GR | F34: UNIDAD | U34: 50 | V34: =+U34*AT34 -> 64500 | AS34: =+G34+I34+K34+M34+O34+Q34+S34+U34+W34+Y34++AA34+AC34+AE34+AG34+AI34+AK34+AM34+AO34+AQ34 -> 50 | AT34: 1290 | AU34: =+AS34*AT34 -> 64500 | AY34: 64500
A35: 26 | C35: PROD. MEDICO/FARMACEUTICOS/LAB | D35: 2.5.2 | E35: COMPOSITE TIPO ULTRAFILL; COLOR: A3,5, POLIMERIZACION: FOTOPOLIMERIZACION, TAMAÑO PARTICULA: HIBRIDO, FORMA DE PRESENTACION: JERINGA, PRESENTACION: ENVASE X 4 GR | F35: UNIDAD | U35: 10 | V35: =+U35*AT35 -> 12900 | AS35: =+G35+I35+K35+M35+O35+Q35+S35+U35+W35+Y35++AA35+AC35+AE35+AG35+AI35+AK35+AM35+AO35+AQ35 -> 10 | AT35: 1290 | AU35: =+AS35*AT35 -> 12900 | AY35: 12900
A36: 27 | C36: PROD. MEDICO/FARMACEUTICOS/LAB | D36: 2.9.5 | E36: COMPRESA P/PLATINA AZUL, DESCARTABLE: SI, PRESENTACION: CAJA X 500 UN | F36: CAJA | U36: 200 | V36: =+U36*AT36 -> 585000 | AS36: =+G36+I36+K36+M36+O36+Q36+S36+U36+W36+Y36++AA36+AC36+AE36+AG36+AI36+AK36+AM36+AO36+AQ36 -> 200 | AT36: 2925 | AU36: =+AS36*AT36 -> 585000 | AZ36: =+AU36 -> 585000
A37: 28 | C37: PROD. MEDICO/FARMACEUTICOS/LAB | D37: 2.9.5 | E37: CONO DE FIELTRO Nº 4, DESCARTABLE: SI, PRESENTACION: UNIDAD | F37: UNIDAD | U37: 10 | V37: =+U37*AT37 -> 5500 | AS37: =+G37+I37+K37+M37+O37+Q37+S37+U37+W37+Y37++AA37+AC37+AE37+AG37+AI37+AK37+AM37+AO37+AQ37 -> 10 | AT37: 550 | AU37: =+AS37*AT37 -> 5500 | AZ37: =+AU37 -> 5500
A38: 29 | C38: PROD. MEDICO/FARMACEUTICOS/LAB | D38: 2.9.5 | E38: CONO GUTAPERCHA 1ªSERIE, DESCARTABLE: SI, PRESENTACION: CAJA X 100 | F38: CAJA | U38: 30 | V38: =+U38*AT38 -> 21900 | AS38: =+G38+I38+K38+M38+O38+Q38+S38+U38+W38+Y38++AA38+AC38+AE38+AG38+AI38+AK38+AM38+AO38+AQ38 -> 30 | AT38: 730 | AU38: =+AS38*AT38 -> 21900 | AZ38: =+AU38 -> 21900
A39: 30 | C39: PROD. MEDICO/FARMACEUTICOS/LAB | D39: 2.9.5 | E39: CONO GUTAPERCHA 2ªSERIE, DESCARTABLE: SI, PRESENTACION: CAJA X 100 | F39: CAJA | U39: 30 | V39: =+U39*AT39 -> 21900 | AS39: =+G39+I39+K39+M39+O39+Q39+S39+U39+W39+Y39++AA39+AC39+AE39+AG39+AI39+AK39+AM39+AO39+AQ39 -> 30 | AT39: 730 | AU39: =+AS39*AT39 -> 21900 | AZ39: =+AU39 -> 21900
A40: 31 | C40: PROD. MEDICO/FARMACEUTICOS/LAB | D40: 2.9.5 | E40: CUCHARITAS DE BLACK DOBLES, DESCARTABLE: NO, PRESENTACION: UNIDAD | F40: UNIDAD | U40: 100 | V40: =+U40*AT40 -> 29850 | AS40: =+G40+I40+K40+M40+O40+Q40+S40+U40+W40+Y40++AA40+AC40+AE40+AG40+AI40+AK40+AM40+AO40+AQ40 -> 100 | AT40: 298.5 | AU40: =+AS40*AT40 -> 29850 | AZ40: =+AU40 -> 29850
A41: 32 | C41: PROD. MEDICO/FARMACEUTICOS/LAB | D41: 2.9.5 | E41: CURETA DE GRACEY, DESCARTABLE: NO, PRESENTACION: UNIDAD | F41: UNIDAD | U41: 100 | V41: =+U41*AT41 -> 175000 | AS41: =+G41+I41+K41+M41+O41+Q41+S41+U41+W41+Y41++AA41+AC41+AE41+AG41+AI41+AK41+AM41+AO41+AQ41 -> 100 | AT41: 1750 | AU41: =+AS41*AT41 -> 175000 | AZ41: =+AU41 -> 175000
A42: 33 | C42: PROD. MEDICO/FARMACEUTICOS/LAB | D42: 2.9.5 | E42: DISCO P/ PULIR, DESCARTABLE: NO, PRESENTACION: UNIDAD | F42: UNIDAD | U42: 50 | V42: =+U42*AT42 -> 10000 | AS42: =+G42+I42+K42+M42+O42+Q42+S42+U42+W42+Y42++AA42+AC42+AE42+AG42+AI42+AK42+AM42+AO42+AQ42 -> 50 | AT42: 200 | AU42: =+AS42*AT42 -> 10000 | AZ42: =+AU42 -> 10000
A43: 34 | C43: PROD. MEDICO/FARMACEUTICOS/LAB | D43: 2.9.5 | E43: DISCO P/PULIR COMPOSITE, DESCARTABLE: NO, PRESENTACION: ENVASE X 50 UN | F43: CAJA | U43: 20 | V43: =+U43*AT43 -> 199000 | AS43: =+G43+I43+K43+M43+O43+Q43+S43+U43+W43+Y43++AA43+AC43+AE43+AG43+AI43+AK43+AM43+AO43+AQ43 -> 20 | AT43: 9950 | AU43: =+AS43*AT43 -> 199000 | AZ43: =+AU43 -> 199000
A44: 35 | C44: PROD. MEDICO/FARMACEUTICOS/LAB | D44: 2.9.5 | E44: ESPACIADOR P/CONOS GUTA-PERCHA, DESCARTABLE: NO, PRESENTACION: CAJA X 6 | F44: CAJA | U44: 50 | V44: =+U44*AT44 -> 69500 | AS44: =+G44+I44+K44+M44+O44+Q44+S44+U44+W44+Y44++AA44+AC44+AE44+AG44+AI44+AK44+AM44+AO44+AQ44 -> 50 | AT44: 1390 | AU44: =+AS44*AT44 -> 69500 | AZ44: =+AU44 -> 69500
A45: 36 | C45: PROD. MEDICO/FARMACEUTICOS/LAB | D45: 2.9.5 | E45: ESPATULA P/CEMENTO DOBLE, DESCARTABLE: NO, PRESENTACION: UNIDAD | F45: UNIDAD | U45: 150 | V45: =+U45*AT45 -> 44850 | AS45: =+G45+I45+K45+M45+O45+Q45+S45+U45+W45+Y45++AA45+AC45+AE45+AG45+AI45+AK45+AM45+AO45+AQ45 -> 150 | AT45: 299 | AU45: =+AS45*AT45 -> 44850 | AZ45: =+AU45 -> 44850
A46: 37 | C46: PROD. MEDICO/FARMACEUTICOS/LAB | D46: 2.9.5 | E46: ESPATULA PARA GUTTA, DESCARTABLE: NO, PRESENTACION: UNIDAD | F46: UNIDAD | U46: 50 | V46: =+U46*AT46 -> 14950 | AS46: =+G46+I46+K46+M46+O46+Q46+S46+U46+W46+Y46++AA46+AC46+AE46+AG46+AI46+AK46+AM46+AO46+AQ46 -> 50 | AT46: 299 | AU46: =+AS46*AT46 -> 14950 | AZ46: =+AU46 -> 14950
A47: 38 | C47: PROD. MEDICO/FARMACEUTICOS/LAB | D47: 2.9.5 | E47: ESPEJOS BUCALES; PRESENTACION: ENVASE X 12 UN | F47: CAJA | U47: 10 | V47: =+U47*AT47 -> 16000 | AS47: =+G47+I47+K47+M47+O47+Q47+S47+U47+W47+Y47++AA47+AC47+AE47+AG47+AI47+AK47+AM47+AO47+AQ47 -> 10 | AT47: 1600 | AU47: =+AS47*AT47 -> 16000 | AZ47: =+AU47 -> 16000
... A49: 40 | C49: PROD. MEDICO/FARMACEUTICOS/LAB | D49: 2.9.5 | E49: EXPLORADOR CURVO P/EXAMEN BUCA; DESCARTABLE: NO, PRESENTACION: UNIDAD | F49: UNIDAD | U49: 100 | V49: =+U49*AT49 -> 20250 | AS49: =+G49+I49+K49+M49+O49+Q49+S49+U49+W49+Y49++AA49+AC49+AE49+AG49+AI49+AK49+AM49+AO49+AQ49 -> 100 | AT49: 202.5 | AU49: =+AS49*AT49 -> 20250 | AZ49: =+AU49 -> 20250
A50: 41 | C50: PROD. MEDICO/FARMACEUTICOS/LAB | D50: 2.5.9 | E50: FIJADORES P/RADIOLOGIA; SENSIBILIDAD: AL VERDE, PROCESO: MANUAL, PROCESO DE UTILIZACION: MANUAL, PRESENTACION: BOTELLA, CAPACIDAD: 480 mL | F50: BOTELLA | U50: 100 | V50: =+U50*AT50 -> 54000 | AS50: =+G50+I50+K50+M50+O50+Q50+S50+U50+W50+Y50++AA50+AC50+AE50+AG50+AI50+AK50+AM50+AO50+AQ50 -> 100 | AT50: 540 | AU50: =+AS50*AT50 -> 54000 | BB50: 54000
A51: 42 | C51: PROD. MEDICO/FARMACEUTICOS/LAB | D51: 2.9.5 | E51: FRESAS P/ODONTOLOGIA; MATERIAL: ACERO INOXIDABLE, Nº: 6991, LARGO: CHICA, TIPO: TRONCOCONICA, NUMERO: 6991 | F51: UNIDAD | U51: 20 | V51: =+U51*AT51 -> 4689.6 | AS51: =+G51+I51+K51+M51+O51+Q51+S51+U51+W51+Y51++AA51+AC51+AE51+AG51+AI51+AK51+AM51+AO51+AQ51 -> 20 | AT51: 234.48 | AU51: =+AS51*AT51 -> 4689.6 | AZ51: =+AU51 -> 4689.6
A52: 43 | C52: PROD. MEDICO/FARMACEUTICOS/LAB | D52: 2.9.5 | E52: FRESAS P/ODONTOLOGIA; MATERIAL: ACERO INOXIDABLE, Nº: 701L, LARGO: MEDIANA, TIPO: TRONCOCONICA, NUMERO: 701L | F52: UNIDAD | U52: 20 | V52: =+U52*AT52 -> 4689.6 | AS52: =+G52+I52+K52+M52+O52+Q52+S52+U52+W52+Y52++AA52+AC52+AE52+AG52+AI52+AK52+AM52+AO52+AQ52 -> 20 | AT52: 234.48 | AU52: =+AS52*AT52 -> 4689.6 | AZ52: =+AU52 -> 4689.6
A53: 44 | C53: PROD. MEDICO/FARMACEUTICOS/LAB | D53: 2.9.5 | E53: FRESAS P/ODONTOLOGIA; MATERIAL: ACERO INOXIDABLE, Nº: 703, LARGO: GRANDE, TIPO: TRONCOCONICA, NUMERO: 703 | F53: UNIDAD | U53: 20 | V53: =+U53*AT53 -> 9000 | AS53: =+G53+I53+K53+M53+O53+Q53+S53+U53+W53+Y53++AA53+AC53+AE53+AG53+AI53+AK53+AM53+AO53+AQ53 -> 20 | AT53: 450 | AU53: =+AS53*AT53 -> 9000 | AZ53: =+AU53 -> 9000
A54: 45 | C54: PROD. MEDICO/FARMACEUTICOS/LAB | D54: 2.9.5 | E54: FRESAS P/ODONTOLOGIA; MATERIAL: ACERO INOXIDABLE, NUMERO: 1, LARGO: 32 mm, TIPO: GATES | F54: UNIDAD | U54: 20 | V54: =+U54*AT54 -> 7464 | AS54: =+G54+I54+K54+M54+O54+Q54+S54+U54+W54+Y54++AA54+AC54+AE54+AG54+AI54+AK54+AM54+AO54+AQ54 -> 20 | AT54: 373.2 | AU54: =+AS54*AT54 -> 7464 | AZ54: =+AU54 -> 7464
A55: 46 | C55: PROD. MEDICO/FARMACEUTICOS/LAB | D55: 2.9.5 | E55: FRESAS P/ODONTOLOGIA; MATERIAL: ACERO INOXIDABLE, NUMERO: 1, LARGO: 32 mm, TIPO: PEESO | F55: UNIDAD | U55: 20 | V55: =+U55*AT55 -> 7464 | AS55: =+G55+I55+K55+M55+O55+Q55+S55+U55+W55+Y55++AA55+AC55+AE55+AG55+AI55+AK55+AM55+AO55+AQ55 -> 20 | AT55: 373.2 | AU55: =+AS55*AT55 -> 7464 | AZ55: =+AU55 -> 7464
A56: 47 | C56: PROD. MEDICO/FARMACEUTICOS/LAB | D56: 2.9.5 | E56: FRESAS P/ODONTOLOGIA; MATERIAL: ACERO INOXIDABLE, NUMERO: 2, LARGO: 32 mm, TIPO: GATES | F56: UNIDAD | U56: 20 | V56: =+U56*AT56 -> 7464 | AS56: =+G56+I56+K56+M56+O56+Q56+S56+U56+W56+Y56++AA56+AC56+AE56+AG56+AI56+AK56+AM56+AO56+AQ56 -> 20 | AT56: 373.2 | AU56: =+AS56*AT56 -> 7464 | AZ56: =+AU56 -> 7464
A57: 48 | C57: PROD. MEDICO/FARMACEUTICOS/LAB | D57: 2.9.5 | E57: FRESAS P/ODONTOLOGIA; MATERIAL: ACERO INOXIDABLE, NUMERO: 2, LARGO: 32 mm, TIPO: PEESO | F57: UNIDAD | U57: 20 | V57: =+U57*AT57 -> 7464 | AS57: =+G57+I57+K57+M57+O57+Q57+S57+U57+W57+Y57++AA57+AC57+AE57+AG57+AI57+AK57+AM57+AO57+AQ57 -> 20 | AT57: 373.2 | AU57: =+AS57*AT57 -> 7464 | AZ57: =+AU57 -> 7464
A58: 49 | C58: PROD. MEDICO/FARMACEUTICOS/LAB | D58: 2.9.5 | E58: FRESAS P/ODONTOLOGIA; MATERIAL: ACERO INOXIDABLE, NUMERO: 3, LARGO: 32 mm, TIPO: GATES | F58: UNIDAD | U58: 20 | V58: =+U58*AT58 -> 7464 | AS58: =+G58+I58+K58+M58+O58+Q58+S58+U58+W58+Y58++AA58+AC58+AE58+AG58+AI58+AK58+AM58+AO58+AQ58 -> 20 | AT58: 373.2 | AU58: =+AS58*AT58 -> 7464 | AZ58: =+AU58 -> 7464
A59: 50 | C59: PROD. MEDICO/FARMACEUTICOS/LAB | D59: 2.9.5 | E59: FRESAS P/ODONTOLOGIA; MATERIAL: ACERO INOXIDABLE, NUMERO: 3, LARGO: 32 mm, TIPO: PEESO | F59: UNIDAD | U59: 20 | V59: =+U59*AT59 -> 7464 | AS59: =+G59+I59+K59+M59+O59+Q59+S59+U59+W59+Y59++AA59+AC59+AE59+AG59+AI59+AK59+AM59+AO59+AQ59 -> 20 | AT59: 373.2 | AU59: =+AS59*AT59 -> 7464 | AZ59: =+AU59 -> 7464
A60: 51 | C60: PROD. MEDICO/FARMACEUTICOS/LAB | D60: 2.9.5 | E60: FRESAS P/ODONTOLOGIA; MATERIAL: ACERO INOXIDABLE, NUMERO: 4, LARGO: 22 mm, TIPO: CIRUGIA P/EXTRACCIONES | F60: UNIDAD | U60: 20 | V60: =+U60*AT60 -> 8517 | AS60: =+G60+I60+K60+M60+O60+Q60+S60+U60+W60+Y60++AA60+AC60+AE60+AG60+AI60+AK60+AM60+AO60+AQ60 -> 20 | AT60: 425.85 | AU60: =+AS60*AT60 -> 8517 | AZ60: =+AU60 -> 8517
A61: 52 | C61: PROD. MEDICO/FARMACEUTICOS/LAB | D61: 2.9.5 | E61: FRESAS P/ODONTOLOGIA; MATERIAL: ACERO INOXIDABLE, NUMERO: 4, LARGO: 32 mm, TIPO: GATES | F61: UNIDAD | U61: 20 | V61: =+U61*AT61 -> 7464 | AS61: =+G61+I61+K61+M61+O61+Q61+S61+U61+W61+Y61++AA61+AC61+AE61+AG61+AI61+AK61+AM61+AO61+AQ61 -> 20 | AT61: 373.2 | AU61: =+AS61*AT61 -> 7464 | AZ61: =+AU61 -> 7464
A62: 53 | C62: PROD. MEDICO/FARMACEUTICOS/LAB | D62: 2.9.5 | E62: FRESAS P/ODONTOLOGIA; MATERIAL: ACERO INOXIDABLE, NUMERO: 6, LARGO: 25 mm, TIPO: CIRUGIA FG MD | F62: UNIDAD | U62: 20 | V62: =+U62*AT62 -> 8517 | AS62: =+G62+I62+K62+M62+O62+Q62+S62+U62+W62+Y62++AA62+AC62+AE62+AG62+AI62+AK62+AM62+AO62+AQ62 -> 20 | AT62: 425.85 | AU62: =+AS62*AT62 -> 8517 | AZ62: =+AU62 -> 8517
... A99: 90 | C99: PROD. MEDICO/FARMACEUTICOS/LAB | D99: 2.9.5 | E99: HOJA DE SIERRA PLANA; DESCARTABLE: SI, PRESENTACION: UNIDAD | F99: UNIDAD | U99: 20 | V99: =+U99*AT99 -> 5800 | AS99: =+G99+I99+K99+M99+O99+Q99+S99+U99+W99+Y99++AA99+AC99+AE99+AG99+AI99+AK99+AM99+AO99+AQ99 -> 20 | AT99: 290 | AU99: =+AS99*AT99 -> 5800 | AZ99: =+AU99 -> 5800
A100: 91 | C100: PROD. MEDICO/FARMACEUTICOS/LAB | D100: 2.5.2 | E100: IONOMEROS VITREOS; USO: AUTOCURADO, ESTADO: POLVO - LIQUIDO, FORMA DE PRESENTACION: POLVO - LIQUIDO, PRESENTACION: AVIO 10 GRS/ 10 ML | F100: CAJA | U100: 10 | V100: =+U100*AT100 -> 25000 | AS100: =+G100+I100+K100+M100+O100+Q100+S100+U100+W100+Y100++AA100+AC100+AE100+AG100+AI100+AK100+AM100+AO100+AQ100 -> 10 | AT100: 2500 | AU100: =+AS100*AT100 -> 25000 | AY100: 25000
A101: 92 | C101: PROD. MEDICO/FARMACEUTICOS/LAB | D101: 2.5.2 | E101: IONOMEROS VITREOS; USO: FOTOCURADO, FORMA DE PRESENTACION: POLVO - LIQUIDO, PRESENTACION: AVIO 5 GRS/ 3 ML | F101: CAJA | U101: 10 | V101: =+U101*AT101 -> 53170 | AS101: =+G101+I101+K101+M101+O101+Q101+S101+U101+W101+Y101++AA101+AC101+AE101+AG101+AI101+AK101+AM101+AO101+AQ101 -> 10 | AT101: 5317 | AU101: =+AS101*AT101 -> 53170 | AY101: 53170
A102: 93 | C102: PROD. MEDICO/FARMACEUTICOS/LAB | D102: 2.9.5 | E102: JERINGAS DESCARTABLES CON AGUJA; CAPACIDAD: 20 CM3, USO: ODONTOLOGIA, PRESENTACION: ENVASE X 50 UNIDADES | F102: CAJA | U102: 400 | V102: =+U102*AT102 -> 425856 | AS102: =+G102+I102+K102+M102+O102+Q102+S102+U102+W102+Y102++AA102+AC102+AE102+AG102+AI102+AK102+AM102+AO102+AQ102 -> 400 | AT102: 1064.64 | AU102: =+AS102*AT102 -> 425856 | AZ102: =+AU102 -> 425856
A103: 94 | C103: PROD. MEDICO/FARMACEUTICOS/LAB | D103: 2.9.5 | E103: JERINGAS TIPO CARPULE, DESCARTABLE: NO, PRESENTACION: UNIDAD | F103: UNIDAD | U103: 300 | V103: =+U103*AT103 -> 463500 | AS103: =+G103+I103+K103+M103+O103+Q103+S103+U103+W103+Y103++AA103+AC103+AE103+AG103+AI103+AK103+AM103+AO103+AQ103 -> 300 | AT103: 1545 | AU103: =+AS103*AT103 -> 463500 | AZ103: =+AU103 -> 463500
A104: 95 | C104: PROD. MEDICO/FARMACEUTICOS/LAB | D104: 2.9.5 | E104: JERINGAS TRIPLES METALICAS, DESCARTABLE: NO, PRESENTACION: UNIDAD | F104: UNIDAD | U104: 50 | V104: =+U104*AT104 -> 198414 | AS104: =+G104+I104+K104+M104+O104+Q104+S104+U104+W104+Y104++AA104+AC104+AE104+AG104+AI104+AK104+AM104+AO104+AQ104 -> 50 | AT104: 3968.28 | AU104: =+AS104*AT104 -> 198414 | AZ104: =+AU104 -> 198414
A105: 96 | C105: PROD. MEDICO/FARMACEUTICOS/LAB | D105: 2.9.5 | E105: JUEGO DE FORCEPS ADULTO P/MICROCIRUGIAS; USO: ODONTOLOGIA, TIPO: EXTRACCION, MATERIAL: ACERO QUIRURGICO, PRESENTACION: ESTUCHE X 10 UNIDADES | F105: ESTUCHE | U105: 50 | V105: =+U105*AT105 -> 725685 | AS105: =+G105+I105+K105+M105+O105+Q105+S105+U105+W105+Y105++AA105+AC105+AE105+AG105+AI105+AK105+AM105+AO105+AQ105 -> 50 | AT105: 14513.7 | AU105: =+AS105*AT105 -> 725685 | AZ105: =+AU105 -> 725685
A106: 97 | C106: PROD. MEDICO/FARMACEUTICOS/LAB | D106: 2.9.5 | E106: LIMAS P/ODONTOLOGIA; MATERIAL: ACERO FLEXIBLE, NUMERO: 15 AL 40, LARGO: 31 mm, TIPO: LISA, PRESENTACION: ENVASE X 6 UNIDADES | F106: BLISTER | U106: 22 | V106: =+U106*AT106 -> 25300 | AS106: =+G106+I106+K106+M106+O106+Q106+S106+U106+W106+Y106++AA106+AC106+AE106+AG106+AI106+AK106+AM106+AO106+AQ106 -> 22 | AT106: 1150 | AU106: =+AS106*AT106 -> 25300 | AZ106: =+AU106 -> 25300
A107: 98 | C107: PROD. MEDICO/FARMACEUTICOS/LAB | D107: 2.9.5 | E107: LIMAS P/ODONTOLOGIA; MATERIAL: ACERO INOXIDABLE, NUMERO: 010, LARGO: 25 mm, TIPO: K, PRESENTACION: ENVASE X 6 UNIDADES | F107: BLISTER | U107: 35 | V107: =+U107*AT107 -> 40250 | AS107: =+G107+I107+K107+M107+O107+Q107+S107+U107+W107+Y107++AA107+AC107+AE107+AG107+AI107+AK107+AM107+AO107+AQ107 -> 35 | AT107: 1150 | AU107: =+AS107*AT107 -> 40250 | AZ107: =+AU107 -> 40250
A108: 99 | C108: PROD. MEDICO/FARMACEUTICOS/LAB | D108: 2.9.5 | E108: LIMAS P/ODONTOLOGIA; MATERIAL: ACERO INOXIDABLE, NUMERO: 015, LARGO: 25 mm, TIPO: K, PRESENTACION: ENVASE X 6 UNIDADES | F108: BLISTER | U108: 35 | V108: =+U108*AT108 -> 40250 | AS108: =+G108+I108+K108+M108+O108+Q108+S108+U108+W108+Y108++AA108+AC108+AE108+AG108+AI108+AK108+AM108+AO108+AQ108 -> 35 | AT108: 1150 | AU108: =+AS108*AT108 -> 40250 | AZ108: =+AU108 -> 40250
A109: 100 | C109: PROD. MEDICO/FARMACEUTICOS/LAB | D109: 2.9.5 | E109: LIMAS P/ODONTOLOGIA; MATERIAL: ACERO INOXIDABLE, NUMERO: 020, LARGO: 25 mm, TIPO: K, PRESENTACION: ENVASE X 6 UNIDADES | F109: BLISTER | U109: 35 | V109: =+U109*AT109 -> 40250 | AS109: =+G109+I109+K109+M109+O109+Q109+S109+U109+W109+Y109++AA109+AC109+AE109+AG109+AI109+AK109+AM109+AO109+AQ109 -> 35 | AT109: 1150 | AU109: =+AS109*AT109 -> 40250 | AZ109: =+AU109 -> 40250
A110: 101 | C110: PROD. MEDICO/FARMACEUTICOS/LAB | D110: 2.9.5 | E110: LIMAS P/ODONTOLOGIA; MATERIAL: ACERO INOXIDABLE, NUMERO: 025, LARGO: 25 mm, TIPO: K, PRESENTACION: ENVASE X 6 UNIDADES | F110: BLISTER | U110: 35 | V110: =+U110*AT110 -> 40250 | AS110: =+G110+I110+K110+M110+O110+Q110+S110+U110+W110+Y110++AA110+AC110+AE110+AG110+AI110+AK110+AM110+AO110+AQ110 -> 35 | AT110: 1150 | AU110: =+AS110*AT110 -> 40250 | AZ110: =+AU110 -> 40250
A111: 102 | C111: PROD. MEDICO/FARMACEUTICOS/LAB | D111: 2.9.5 | E111: LIMAS P/ODONTOLOGIA; MATERIAL: ACERO INOXIDABLE, NUMERO: 030, LARGO: 25 mm, TIPO: K, PRESENTACION: ENVASE X 6 UNIDADES | F111: BLISTER | U111: 35 | V111: =+U111*AT111 -> 40250 | AS111: =+G111+I111+K111+M111+O111+Q111+S111+U111+W111+Y111++AA111+AC111+AE111+AG111+AI111+AK111+AM111+AO111+AQ111 -> 35 | AT111: 1150 | AU111: =+AS111*AT111 -> 40250 | AZ111: =+AU111 -> 40250
A112: 103 | C112: PROD. MEDICO/FARMACEUTICOS/LAB | D112: 2.9.5 | E112: LIMAS P/ODONTOLOGIA; MATERIAL: ACERO INOXIDABLE, NUMERO: 035, LARGO: 25 mm, TIPO: K, PRESENTACION: ENVASE X 6 UNIDADES | F112: BLISTER | U112: 35 | V112: =+U112*AT112 -> 40250 | AS112: =+G112+I112+K112+M112+O112+Q112+S112+U112+W112+Y112++AA112+AC112+AE112+AG112+AI112+AK112+AM112+AO112+AQ112 -> 35 | AT112: 1150 | AU112: =+AS112*AT112 -> 40250 | AZ112: =+AU112 -> 40250
A113: 104 | C113: PROD. MEDICO/FARMACEUTICOS/LAB | D113: 2.9.5 | E113: LIMAS P/ODONTOLOGIA; MATERIAL: ACERO INOXIDABLE, NUMERO: 040, LARGO: 25 mm, TIPO: K, PRESENTACION: ENVASE X 6 UNIDADES | F113: BLISTER | U113: 35 | V113: =+U113*AT113 -> 40250 | AS113: =+G113+I113+K113+M113+O113+Q113+S113+U113+W113+Y113++AA113+AC113+AE113+AG113+AI113+AK113+AM113+AO113+AQ113 -> 35 | AT113: 1150 | AU113: =+AS113*AT113 -> 40250 | AZ113: =+AU113 -> 40250
... A143: 134 | C143: PROD. MEDICO/FARMACEUTICOS/LAB | D143: 2.9.5 | E143: PLACA BASE SUPERIOR, PRESENTACION: ENVASE X 100 | F143: CAJA | U143: 5 | V143: =+U143*AT143 -> 25200 | AS143: =+G143+I143+K143+M143+O143+Q143+S143+U143+W143+Y143++AA143+AC143+AE143+AG143+AI143+AK143+AM143+AO143+AQ143 -> 5 | AT143: 5040 | AU143: =+AS143*AT143 -> 25200 | AZ143: =+AU143 -> 25200
A144: 135 | C144: PROD. MEDICO/FARMACEUTICOS/LAB | D144: 2.5.9 | E144: PLACAS RADIOGRAFICAS; SENSIBILIDAD: AL VERDE, DIMENSION: P/ODONTOLOGIA, PRESENTACION: ENVASE X 150 UNIDADES | F144: CAJA | U144: 35 | V144: =+U144*AT144 -> 233800 | AS144: =+G144+I144+K144+M144+O144+Q144+S144+U144+W144+Y144++AA144+AC144+AE144+AG144+AI144+AK144+AM144+AO144+AQ144 -> 35 | AT144: 6680 | AU144: =+AS144*AT144 -> 233800 | BB144: 233800
A145: 136 | C145: PROD. MEDICO/FARMACEUTICOS/LAB | D145: 2.9.5 | E145: PORTA ALGODÓN, DESCARTABLE: NO, PRESENTACION: UNIDAD | F145: UNIDAD | U145: 30 | V145: =+U145*AT145 -> 31200 | AS145: =+G145+I145+K145+M145+O145+Q145+S145+U145+W145+Y145++AA145+AC145+AE145+AG145+AI145+AK145+AM145+AO145+AQ145 -> 30 | AT145: 1040 | AU145: =+AS145*AT145 -> 31200 | AZ145: =+AU145 -> 31200
A146: 137 | C146: PROD. MEDICO/FARMACEUTICOS/LAB | D146: 2.5.9 | E146: REVELADORES P/RADIOLOGIA; SENSIBILIDAD: AL VERDE, PROCESO: MANUAL, PROCESO DE UTILIZACION: MANUAL, PRESENTACION: BOTELLA, CAPACIDAD: 480 Ml | F146: BOTELLA | U146: 100 | V146: =+U146*AT146 -> 57000 | AS146: =+G146+I146+K146+M146+O146+Q146+S146+U146+W146+Y146++AA146+AC146+AE146+AG146+AI146+AK146+AM146+AO146+AQ146 -> 100 | AT146: 570 | AU146: =+AS146*AT146 -> 57000 | BB146: 57000
A147: 138 | C147: PROD. MEDICO/FARMACEUTICOS/LAB | D147: 2.9.5 | E147: SACABANDAS P/MOLARES; DESCARTABLE: NO, PRESENTACION: UNIDAD | F147: UNIDAD | U147: 10 | V147: =+U147*AT147 -> 29000 | AS147: =+G147+I147+K147+M147+O147+Q147+S147+U147+W147+Y147++AA147+AC147+AE147+AG147+AI147+AK147+AM147+AO147+AQ147 -> 10 | AT147: 2900 | AU147: =+AS147*AT147 -> 29000 | AZ147: =+AU147 -> 29000
A148: 139 | C148: PROD. MEDICO/FARMACEUTICOS/LAB | D148: 2.9.5 | E148: SEPARADOR DE YESO ROSA, DESCARTABLE: SI, PRESENTACION: ENVASE X 1 L | F148: UNIDAD | U148: 10 | V148: =+U148*AT148 -> 9500 | AS148: =+G148+I148+K148+M148+O148+Q148+S148+U148+W148+Y148++AA148+AC148+AE148+AG148+AI148+AK148+AM148+AO148+AQ148 -> 10 | AT148: 950 | AU148: =+AS148*AT148 -> 9500 | AZ148: =+AU148 -> 9500
A149: 140 | C149: PROD. MEDICO/FARMACEUTICOS/LAB | D149: 2.9.5 | E149: SEPARADORES DE CIRUGIA, DESCARTABLE: NO, PRESENTACION: UNIDAD | F149: UNIDAD | U149: 10 | V149: =+U149*AT149 -> 6500 | AS149: =+G149+I149+K149+M149+O149+Q149+S149+U149+W149+Y149++AA149+AC149+AE149+AG149+AI149+AK149+AM149+AO149+AQ149 -> 10 | AT149: 650 | AU149: =+AS149*AT149 -> 6500 | AZ149: =+AU149 -> 6500
A150: 141 | C150: PROD. MEDICO/FARMACEUTICOS/LAB | D150: 2.9.5 | E150: TIJERAS P/MEDICINA; TIPO: SPENCER, MEDIDA: 11 Cm, USO: SUTURA | F150: UNIDAD | U150: 5 | V150: =+U150*AT150 -> 4495 | AS150: =+G150+I150+K150+M150+O150+Q150+S150+U150+W150+Y150++AA150+AC150+AE150+AG150+AI150+AK150+AM150+AO150+AQ150 -> 5 | AT150: 899 | AU150: =+AS150*AT150 -> 4495 | AZ150: =+AU150 -> 4495
A151: 142 | C151: PROD. MEDICO/FARMACEUTICOS/LAB | D151: 2.9.5 | E151: TIRA P/PULIR COMPOSITE, DESCARTABLE: NO, PRESENTACION: ENVASE X 100 UN | F151: CAJA | U151: 30 | V151: =+U151*AT151 -> 29700 | AS151: =+G151+I151+K151+M151+O151+Q151+S151+U151+W151+Y151++AA151+AC151+AE151+AG151+AI151+AK151+AM151+AO151+AQ151 -> 30 | AT151: 990 | AU151: =+AS151*AT151 -> 29700 | AZ151: =+AU151 -> 29700
A152: 143 | C152: PROD. MEDICO/FARMACEUTICOS/LAB | D152: 2.9.5 | E152: TOALLITAS P/ODONTOLOGIA; TIPO: DESCONTAMINANTE DE SUPERFICIE, PRESENTACION: ENVASE X 170 UN | F152: TUBO | U152: 100 | V152: =+U152*AT152 -> 54000 | AS152: =+G152+I152+K152+M152+O152+Q152+S152+U152+W152+Y152++AA152+AC152+AE152+AG152+AI152+AK152+AM152+AO152+AQ152 -> 100 | AT152: 540 | AU152: =+AS152*AT152 -> 54000 | AZ152: =+AU152 -> 54000
A153: 144 | C153: PROD. MEDICO/FARMACEUTICOS/LAB | D153: 2.5.2 | E153: TOPICOS ODONTOLOGICOS; DROGA GENERICA: FORMOCRESOL, ESTADO: LIQUIDO, PRESENTACION: FRASCO X 20 mL | F153: UNIDAD | U153: 10 | V153: =+U153*AT153 -> 3600 | AS153: =+G153+I153+K153+M153+O153+Q153+S153+U153+W153+Y153++AA153+AC153+AE153+AG153+AI153+AK153+AM153+AO153+AQ153 -> 10 | AT153: 360 | AU153: =+AS153*AT153 -> 3600 | AY153: 3600
A154: 145 | C154: PROD. MEDICO/FARMACEUTICOS/LAB | D154: 2.9.5 | E154: TURBINA DE ALTA PRECISION, DESCARTABLE: NO, PRESENTACION: UNIDAD | F154: UNIDAD | U154: 5 | V154: =+U154*AT154 -> 54500 | AS154: =+G154+I154+K154+M154+O154+Q154+S154+U154+W154+Y154++AA154+AC154+AE154+AG154+AI154+AK154+AM154+AO154+AQ154 -> 5 | AT154: 10900 | AU154: =+AS154*AT154 -> 54500 | AZ154: =+AU154 -> 54500
A155: 146 | C155: PROD. MEDICO/FARMACEUTICOS/LAB | D155: 2.9.5 | E155: VASOS, DESCARTABLE: SI, PRESENTACION: CAJA X 3500 UN | F155: CAJA | U155: 40 | V155: =+U155*AT155 -> 523200 | AS155: =+G155+I155+K155+M155+O155+Q155+S155+U155+W155+Y155++AA155+AC155+AE155+AG155+AI155+AK155+AM155+AO155+AQ155 -> 40 | AT155: 13080 | AU155: =+AS155*AT155 -> 523200 | AZ155: =+AU155 -> 523200
A156: 147 | C156: MATERIALES DE CONSTRUCCION | D156: 2.6.5 | E156: YESO EN POLVO; USO: ODONTOLOGICO, TIPO: PIEDRA, PRESENTACION: BOLSA, PESO: 25 Kg | F156: BOLSA | U156: 40 | V156: =+U156*AT156 -> 158800 | AS156: =+G156+I156+K156+M156+O156+Q156+S156+U156+W156+Y156++AA156+AC156+AE156+AG156+AI156+AK156+AM156+AO156+AQ156 -> 40 | AT156: 3970 | AU156: =+AS156*AT156 -> 158800 | BA156: 158800
A157: 148 | C157: MATERIALES DE CONSTRUCCION | D157: 2.6.5 | E157: YESO EN POLVO; USO: ODONTOLOGICO, TIPO: TALLER, PRESENTACION: BOLSA, PESO: 25 Kg | F157: BOLSA | U157: 40 | V157: =+U157*AT157 -> 147600 | AS157: =+G157+I157+K157+M157+O157+Q157+S157+U157+W157+Y157++AA157+AC157+AE157+AG157+AI157+AK157+AM157+AO157+AQ157 -> 40 | AT157: 3690 | AU157: =+AS157*AT157 -> 147600 | BA157: 147600
E158: TOTAL RUBRO INSUMOS PARA ODONTOLOGIA | V158: =SUM(V10:V157) -> 10378994 | AL158: =SUM(AL23:AL157) -> 0 | AU158: =+SUM(AU10:AU157) -> 10378994 | AX158: =SUM(AX10:AX157) -> 22500 | AY158: =SUM(AY10:AY157) -> 3249120 | AZ158: =SUM(AZ10:AZ157) -> 6443924.5 | BA158: =SUM(BA10:BA157) -> 306400 | BB158: =SUM(BB10:BB157) -> 357050 | BC158: =SUM(AX158:BB158) -> 10378995
C160: Especificidades: | D160: ANEXO 1-Para oferentes de la Provincia de Catamarca deberán presentar Habilitación Provincial para comercializar el producto que cotizan. 2-Para el resto de oferentes deberán presentar Certificado de Inscripción de ANMAT vigente al momento de la oferta, el mismo deberá ser correspondiente al objeto de la contratación y de encontrarse vencido adjuntar la solicitud de renovación. 3-No se aceptarán ofertas de productos no registrados y autorizada su venta por ANMAT. Se deberá especificar en cada ítem de la propuesta, marca y número de certificado otorgado por dicho ente regulador. 4-Los productos deberán tener un vencimiento posterior a doce (12) meses a partir de la fecha de su recepción. | AX160: 256 | AY160: 252 | AZ160: 295 | BA160: 265 | BB160: 259
C162: Descripcion Tecnica:
AZ163: 6500000
C164: Plazos de entrega: | D164: veinte (20) dias corridos
AZ165: =+AZ158-AZ163 -> -56075.5
C166: Lugar de Entrega: | D166: DIR. PROV. DE ODONTOLOGIA - CHACABUCO N° 169 - en el horario de 8:00hs a 12:00hs de lunes a viernes
C168: Calidad Minima esperada:
C170: Mantenimiento: | D170: cuarenta y cinco (45) días

Sheet NP
A1: NOTA DE PEDIDO | J1: N° | K1: 16/2021
A3: JURISDICCIÓN: | D3: 040 - MINISTERIO DE SALUD
A4: SAF: | D4: 011 - DIRECCION PROVINCIAL DE ADMINISTRACION DEL MINISTERIO DE SALUD
A5: UNIDAD EJECUTORA: | D5: 470 - DIRECCION PROVINCIAL DE ODONTOLOGIA
A6: DEPENDENCIA SOLICITANTE: | D6: 470 - DIRECCION PROVINCIAL DE ODONTOLOGIA
A7: PERIODO UTILIZACIÓN: | D7: 4TO TRIMESTRE
A8: OBJETO: | D8: ADQ. DEL RUBRO INSUMOS PARA ODONTOLOGIA
A10: Ítem | B10: Codigo Item | C10: DESCRIPCIÓN | H10: Adjunta Detalle Técnico | I10: Unidad Medida | J10: Precio Unitario Estimado | K10: Cantidad Solicitada
A12: 1 | C12: ='SAF 011'!E10 -> ACEITES LUBRICANTES; USO: TURBINA ODONTOLOGICA, PRESENTACION: SPRAY X 250 mL, NORMA: SAE 30 | H12: NO | I12: ='SAF 011'!F10 -> UNIDAD | J12: ='SAF 011'!AT10 -> 1500 | K12: ='SAF 011'!U10 -> 15 | M12: =+J12*K12 -> 22500
A13: 2 | C13: ='SAF 011'!E11 -> ACIDO GRABADOR ODONTOLOG.; ESTADO: GEL, PRESENTACION: JERINGA X 12 GR | H13: NO | I13: ='SAF 011'!F11 -> UNIDAD | J13: ='SAF 011'!AT11 -> 885 | K13: ='SAF 011'!U11 -> 30 | M13: =+J13*K13 -> 26550
A14: 3 | C14: ='SAF 011'!E12 -> ADHESIVOS P/ODONTOLOGIA; TIPO: ADHESIVO+PRIMER, USO: ODONTOLOGICO, PRESENTACION: FRASCO X 4,5 mm | H14: NO | I14: ='SAF 011'!F12 -> UNIDAD | J14: ='SAF 011'!AT12 -> 1490 | K14: ='SAF 011'!U12 -> 10 | M14: =+J14*K14 -> 14900
A15: 4 | C15: ='SAF 011'!E13 -> AGUJAS QUIRURGICAS; TIPO: ODONTOLOGICA, ESPECIFICACION: CORTA DE 21 mm, PRESENTACION: ENVASE X 100 UN | H15: NO | I15: ='SAF 011'!F13 -> CAJA | J15: ='SAF 011'!AT13 -> 930 | K15: ='SAF 011'!U13 -> 1 | M15: =+J15*K15 -> 930
A16: 5 | C16: ='SAF 011'!E14 -> ALAMBRE DE ACERO D. 0,7 MM, DESCARTABLE: SI, PRESENTACION: ROLLO X 500 GR | H16: NO | I16: ='SAF 011'!F14 -> UNIDAD | J16: ='SAF 011'!AT14 -> 7450 | K16: ='SAF 011'!U14 -> 5 | M16: =+J16*K16 -> 37250
A17: 6 | C17: ='SAF 011'!E15 -> ALAMBRE DE ACERO D. 0,8 MM; DESCARTABLE: SI, PRESENTACION: ROLLO X 100 GR | H17: NO | I17: ='SAF 011'!F15 -> UNIDAD | J17: ='SAF 011'!AT15 -> 880 | K17: ='SAF 011'!U15 -> 5 | M17: =+J17*K17 -> 4400
A18: 7 | C18: ='SAF 011'!E16 -> ALAMBRE DE ACERO D. 0,9 MM, DESCARTABLE: SI, PRESENTACION: ROLLO X 500 GR | H18: NO | I18: ='SAF 011'!F16 -> UNIDAD | J18: ='SAF 011'!AT16 -> 7450 | K18: ='SAF 011'!U16 -> 5 | M18: =+J18*K18 -> 37250
A19: 8 | C19: ='SAF 011'!E17 -> ALAMBRE DE ACERO D.1 MM, DESCARTABLE: SI, PRESENTACION: ROLLO X 50 GR | H19: NO | I19: ='SAF 011'!F17 -> UNIDAD | J19: ='SAF 011'!AT17 -> 880 | K19: ='SAF 011'!U17 -> 1 | M19: =+J19*K19 -> 880
A20: 9 | C20: ='SAF 011'!E18 -> ALGODONES; TIPO: ROLLO P/ODONTOLOGIA, PRESENTACION: ENVASE X 500 UN | H20: NO | I20: ='SAF 011'!F18 -> BOLSA | J20: ='SAF 011'!AT18 -> 655 | K20: ='SAF 011'!U18 -> 1000 | M20: =+J20*K20 -> 655000
A21: 10 | C21: ='SAF 011'!E19 -> ALICATE UNIVERSAL, DESCARTABLE: NO, PRESENTACION: UNIDAD | H21: NO | I21: ='SAF 011'!F19 -> UNIDAD | J21: ='SAF 011'!AT19 -> 1450 | K21: ='SAF 011'!U19 -> 50 | M21: =+J21*K21 -> 72500
A22: 11 | C22: ='SAF 011'!E20 -> ANESTESICOS LOCALES; TIPO: ANESTESIA ODONTOLOGICA, DROGA GENERICA: CLORHIDRATO DE CARTICAINA 4%, FORMA FARMACEUTICA: ANESTUBOS, PRESENTACION: ENVASE X 50 ANESTUBOS | H22: NO | I22: ='SAF 011'!F20 -> CAJA | J22: ='SAF 011'!AT20 -> 3360 | K22: ='SAF 011'!U20 -> 870 | M22: =+J22*K22 -> 2923200
A23: 12 | C23: ='SAF 011'!E21 -> ANTISEPTICOS LOCALES P/PERSONA; TIPO: ANTISEPTICO, DROGA GENERICA: EUGENOL, FORMA FARMACEUTICA: LIQUIDO, PRESENTACION: FRASCO X 10 mL | H23: NO | I23: ='SAF 011'!F21 -> UNIDAD | J23: ='SAF 011'!AT21 -> 300 | K23: ='SAF 011'!U21 -> 10 | M23: =+J23*K23 -> 3000
... A159: 148 | C159: ='SAF 011'!E157 -> YESO EN POLVO; USO: ODONTOLOGICO, TIPO: TALLER, PRESENTACION: BOLSA, PESO: 25 Kg | H159: NO | I159: ='SAF 011'!F157 -> BOLSA | J159: ='SAF 011'!AT157 -> 3690 | K159: ='SAF 011'!U157 -> 40 | M159: =+J159*K159 -> 147600
M160: =+J160*K160 -> 0
A161: Costo total estimado: | C161: DIEZ MILLONES TRESCIENTOS SETENTA Y OCHO MIL NOVECIENTOS NOVENTA Y CUATRO CON 50/100.- | J161: =+M161 -> 10378994 | M161: =SUM(M12:M160) -> 10378994

Sheet APG
A1: EJERCICIO: | D1: 2021 | P1: AUTORIZACION PARA GASTAR
A4: JURISDICCIÓN: | G4: =NP!D3 -> 040 - MINISTERIO DE SALUD
A5: SAF: | G5: =NP!D4 -> 011 - DIRECCION PROVINCIAL DE ADMINISTRACION DEL MINISTERIO DE SALUD
A6: UNIDAD EJECUTORA: | G6: =NP!D5 -> 470 - DIRECCION PROVINCIAL DE ODONTOLOGIA
A7: DEPENDENCIA SOLICITANTE: | G7: =NP!D6 -> 470 - DIRECCION PROVINCIAL DE ODONTOLOGIA
A8: AUTORIZACIÓN:
A9: Señor Director de Administración o Titular del Servicio Administrativo Financiero:
A10: Autorizo la realización de los trámites correspondientes, a fin de proveer a este Organismo los bienes que se detallan en Nota de Pedido N° 16/2021 afectando la erogación resultante a los créditos presupuestarios aprobados a favor de esta Unidad Ejecutora, conforme al siguiente detalle:
A12: IMPUTACIÓN PRESUPUESTARIA
A13: CÓDIGO | O13: DENOMINACIÓN DE LA PARTIDA PRESUPUESTARIA | Q13: IMPORTE
A14: PR | B14: SB | C14: PY | D14: AC | E14: OB | F14: UG | G14: FIN | H14: FUN | I14: I | J14: P | K14: P | L14: SubP | M14: M | N14: FF
A15: 29 | D15: 1 | F15: 4901 | G15: 3 | H15: 1 | I15: 2 | J15: 5 | K15: 2 | M15: 1 | N15: 1.1 | O15: PRODUCTOS FARMACEUTICOS Y MEDICINALES | Q15: ='SAF 011'!AY158 -> 3249120
A16: 29 | D16: 1 | F16: 4901 | G16: 3 | H16: 1 | I16: 2 | J16: 5 | K16: 6 | M16: 1 | N16: 1.1 | O16: COMBUSTIBLES Y LUBRICANTES | Q16: ='SAF 011'!AX158 -> 22500
A17: 29 | D17: 1 | F17: 4901 | G17: 3 | H17: 1 | I17: 2 | J17: 5 | K17: 9 | M17: 1 | N17: 1.1 | O17: OTROS N.E.P | Q17: ='SAF 011'!BB158 -> 357050
A18: 29 | D18: 1 | F18: 4901 | G18: 3 | H18: 1 | I18: 2 | J18: 6 | K18: 5 | M18: 1 | N18: 1.1 | O18: CEMENTO, CAL Y YESO | Q18: ='SAF 011'!BA158 -> 306400
A19: 29 | D19: 1 | F19: 4901 | G19: 3 | H19: 1 | I19: 2 | J19: 9 | K19: 5 | M19: 1 | N19: 1.1 | O19: UTILES MENORES MEDIDOS, QUIRURGICOS Y DE LABORATORIO | Q19: ='SAF 011'!AZ158 -> 6443924.5
A26: TOTAL DE PESOS: | F26: =NP!C161 -> DIEZ MILLONES TRESCIENTOS SETENTA Y OCHO MIL NOVECIENTOS NOVENTA Y CUATRO CON 50/100.- | Q26: =SUM(Q15:Q25) -> 10378995
A28: JUSTIFICACIÓN:
A29: =NP!D8 -> ADQ. DEL RUBRO INSUMOS PARA ODONTOLOGIA

Sheet RR.HH.
B1: DIRECCION PROVINCIAL DE ODONTOLOGIA
A3: CAPS / HOSPITALES | B3: PROFESIONALES | C3: HORARIOS | D3: PRESTACIONES | E3: SILLONES | F3: ESTADO | G3: APA. DE RAYO | H3: OBSERVACIONES
A4: CAPS JESUS DE NAZARET | B4: VALLICA ANABELLA | C4: TM | D4: OPERATORIA | E4: 1 | G4: 1
B5: BLANCO ADRIANA | C5: TT | D5: OPERATORIA
A6: CAPS APOLO | B6: ROBLES MARIA GIMENA | C6: TT | D6: ODONTOLOGIA GRAL. | E6: 1
B7: VILLAFAÑEZ EMILIO | C7: TM | D7: ODONTOLOGIA GRAL.
B8: MESA LILIANA | C8: TM | D8: ODONTOLOGIA GRAL.
A9: CAPS SAN JOSE OBRERO | B9: TAPIA SERGIO | C9: TM | D9: ODONTOLOGIA GRAL. | E9: 1
B10: SECO AGUSTIN | C10: TT | D10: ODONTOLOGIA GRAL.
A11: CAPS EVA PERON | B11: MOYANO DANIEL | C11: TM | D11: ODONTOLOGIA GRAL. | E11: 1
B12: AREVALO JULIA | C12: TT | D12: ODONTOLOGIA GRAL.
A13: CAPS 500 VIVIENDAS | B13: LOBOS ALEJANDRO | C13: TT | D13: ODONTOLOGIA GRAL. | E13: 1
B14: CAROSELLA ANTONELA | C14: TM | D14: ODONTOLOGIA GRAL.
B15: FADEL MARIA SOLEDAD | C15: TT | D15: ODONTOLOGIA GRAL.
A16: CAPS TERESA DE CALCUTA | B16: MORENO FERNANDO | C16: TT | D16: ODONTOLOGIA GRAL. | E16: 1 | F16: CAPS QUE PASA A LA MUNICIPALIDAD | G16: PASARIA AL EDGARDO ACUÑA | H16: EQUIPAMIENTO MUNICIPAL
A17: HOGAR ESCUELA | E17: 1 | H17: EQUPAMIENTO DE EDUCACION
A19: ESCUELA 271 PROV. STGO. DEL ESTERO PASO AL EDGARDO ACUÑA | B19: MIRANDA RUTH | C19: TM | D19: ODONTOLOGIA GRAL. | E19: 1
A20: CAPS LA CRUZ NEGRA | B20: OVEJERO ANA GABRIELA | C20: TM | D20: ODONTOLOGIA GRAL. | E20: 1
B21: BURGOS LUCIANA | C21: TT | D21: ODONTOLOGIA GRAL.
A22: CAPS BANDA DE VALERA | B22: VALVERDI GIMENA | C22: TM | D22: ODONTOLOGIA GRAL. | E22: 1
B23: DINARO ALDO | C23: TT | D23: ODONTOLOGIA GRAL.
A24: CAPS NUEVA CONETA | B24: UNZAGA MARIANO | C24: TT | D24: CIRUGIA | E24: 1
B25: MARTINEZ JAVIER | C25: TM L,M,V | D25: ODONTOLOGIA GRAL.
A26: CAPS LIBERTADOR ll | B26: ZURITA VIRGINIA | C26: TT | D26: OPERATORIA | E26: 1 | G26: 1
B27: AVALOS BERRONDO GABRIEL | C27: TT | D27: EXODONCIA
B28: NAVARRO LOSSO SILVINA | C28: TM | D28: OPERATORIA
B29: FERNANDEZ CINTIA | C29: TM | D29: EXODONCIA
A30: CAPS ALEM | B30: ALSINA LUCIA | C30: TM | D30: EXODONCIA | E30: 1 | G30: 1
B31: GOMEZ PAOLA | C31: TT | D31: ODONTOLOGIA GRAL.
A32: CAPS SAN MARTIN | B32: PERDIGON ELENA | C32: TT | D32: ODONTOLOGIA GRAL. | E32: 1 | G32: 1
B33: APARICIO GONZALO | C33: TM | D33: EXODONCIA
A34: CAPS CARLOS BRAVO | B34: SOLA MARIANA | C34: TM | D34: ODONTOPEDIATRIA | E34: 4 | F34: 2 NO FUNCIONAN | G34: 1
B35: MORETA LEANDRO | C35: TT | D35: ODONTOLOGIA GRAL. | F35: 1 FUNCIONA | H35: EQUIPAMIENTO MUNICIPAL
B36: MACEDO IGNACIO | C36: TM | D36: ODONTOLOGIA GRAL. | F36: 1 CON VARIOS DESPERFECTOS
B37: CARO HORACIO | C37: TT | D37: ODONTOLOGIA GRAL.
A38: CAPS EDGARDO ACUÑA | B38: GARRIGA GUSTAVO | C38: TM | D38: ODONTOLOGIA GRAL. | E38: 4 | F38: 1 FUNCIONA | G38: 1 | H38: SILLON MUNICIPAL
B39: MIRANDA RUTH | C39: TM | D39: ODONTOLOGIA GRAL.
B40: OLMOS PABLO | C40: TM | D40: ODONTOLOGIA GRAL. | F40: 3 CON VARIOS DESPERFECTOS | H40: RX PROVINCIA
A41: CAPS 920 | B41: PEÑARANDA KAREN | C41: TM | D41: ODONTOLOGIA GRAL. | E41: 1 | G41: 1
B42: DE MARCO MARIA INES | C42: TT( ART.25) | D42: LARGO TRAMIENTO POR HIJO CON C.A.
A43: LAS PIEDRAS BLANCAS | B43: FADEL SOLEDAD | D43: ODONTOLOGIA GRAL. | E43: 1
A44: EL RODEO | B44: FADEL SOLEDAD | C44: L TM y Mi TT | D44: ODONTOLOGIA GRAL. | E44: 1 | G44: 1
A45: LAS JUNTAS | B45: FADEL SOLEDAD | C45: Mi TM | D45: ODONTOLOGIA GRAL. | E45: 1 | G45: 1
A46: HULLAPIMA | B46: PERNAS MAGALI | C46: TM | D46: ODONTOLOGIA GRAL. | E46: 1 | G46: 1
A47: COLONIA DEL VALLE | B47: BRANDAN JORGE | C47: TM | D47: ODONTOLOGIA GRAL. | E47: 1
A48: CONCEPCION | B48: PERNA MAGALI | C48: TM | D48: ODONTOLOGIA GRAL. | E48: 1
A49: LOS ANGELES | B49: MOLAS SANTIAGO | C49: TM | D49: ODONTOLOGIA GRAL. | E49: 1
A50: MIRAFLORES | B50: MARTINEZ JAVIER | C50: Mar y Ju TM | D50: ODONTOLOGIA GRAL. | E50: 1 | G50: 1
A51: DISCAPACIDAD | B51: HERRERA MARIA JOSE | C51: TM | D51: ODONTOLOGIA GRAL. | E51: 1 | G51: 1
B52: GIL KARINA | C52: TT | D52: ODONTOLOGIA GRAL.
A53: SERVICIO PENITENCIARIO | B53: LOYOLA DAVID | C53: TM | D53: ODONTOLOGIA GRAL. | E53: 1 | G53: 1
B54: SUTIN MIRIAM | C54: TM | D54: ODONTOLOGIA GRAL.
A55: C.I.S. | B55: GUILLAMONDEGUI PAT. | C55: TM | D55: OPERATORIA/EXODONCIA | E55: 1 | G55: 1
B56: AVALOS BERRONDO ANA | C56: TT | D56: OPERATORIA/EXODONCIA
A57: MATERNIDAD | B57: FERNANDEZ CECILIA | C57: TT | D57: ODONTOLOGIA GRAL. | E57: 2 | G57: 1
B58: LOBO HERRERA CRISTINA | C58: TM | D58: ODONTOLOGIA GRAL.
B59: CAULA ALEJANDRA | C59: TM | D59: ODONTOLOGIA GRAL.
A60: C.I.O. | B60: AGOSTINELLI CARLOS | C60: TM | D60: JEFE DE PROTESIS | E60: 11 | G60: 3
B61: COLIVA IVANA | C61: TM | D61: CONSULTAS
B62: LUNA CARLOS | C62: TM | D62: CIRUGIA
B63: SORIA MARIO | C63: TM | D63: CIRUGIA
B64: GOMEZ GABRIEL | C64: TM | D64: JEFE DE CIRUGIA
B65: CLAVERO LUIS | C65: TM | D65: CONSULTAS
B66: RENTIN MARCELA | C66: TM | D66: OPERATORIA
B67: FIGUEROA MARTHA | C67: TM | D67: DIRECTORA DEL CIO/ ENDOCONCIA
B68: DUARTE ALICIA | C68: TM | D68: PERIODONCIA
B69: MERCADO ELSA | C69: TM | D69: ENDODONCIA
B70: ROBLES ANA LAURA | C70: TM | D70: CONSULTAS
B71: BOSIO CAROLINA | C71: TT | D71: ENDOCONCIA
B72: DIAZ GALVEZ ALEJANDRO | C72: TT | D72: CONSULTAS
... B79: HERRERA MARIA DE LOS ANGELES | C79: TM | D79: ESTOMATOLOGIA
B80: BARRIONUEVO GUILLERMO | D80: JEFE DE EMERGENCIAS
B81: SORIA FERMINATT | C81: TT | D81: CONSULTAS
A82: H. DE NIÑOS E. PERON | B82: MAZUCHELLI CECILIA | C82: TM | D82: DIRECTORA | E82: 2 | G82: 1
B83: JIMENEZ CECILIA | C83: TM/T | D83: ODONTOLOGIA GRAL.
B84: GLERIA MARCELO | C84: TM/T | D84: ODONTOLOGIA GRAL.
B85: TOLEDO VICTOR | C85: TM/T | D85: ODONTOLOGIA GRAL.
B86: ROMERO PERNA CANDELARIA | C86: TM | D86: ODONTOLOGIA GRAL.
B87: ANDRADA CANDELARIA | C87: TM/T | D87: ODONTOLOGIA GRAL.
B88: FLORIT MARCELA | C88: TM/T | D88: ENDOCONCIA
A89: HOSPITAL VILLA DOLORES | B89: FADEL EDUARDO | C89: TM | E89: 2 | G89: 2
B90: FADEL HORACIO | C90: TM
B91: SORIA CELESTE | C91: TM
B92: FIGUEROA MARTIN | C92: TM
B93: GOMEZ MARIANGELES | C93: TT
B94: BALVERDI GERMAN | C94: TM/T
B95: YEDRO GUSTAVO | C95: TM
B96: JIMENEZ JOSE MARIA | C96: TT
B97: BARRIONUEVO NATALIA | C97: TT
B98: FADEL MARIA LAURA | C98: TM
B99: CORONEL NATALIA | C99: TT
A100: LA PUERTA | B100: RODRIGUEZ YANINA | C100: TM | E100: 1
A101: COLLAGASTA | B101: PARRA FEDERICO | C101: TM | E101: 1
A102: LA CARRERA | B102: FIGUEROA MARTIN | E102: 1
B103: BARRIONUEVO FRANCO | C103: TM
B104: PERNA CANDELA
A105: LOS VARELAS | B105: PARRA FEDERICO | C105: TM | E105: 1
A106: EL PORTEZUELA | B106: FADEL HORACIO | C106: TM | E106: 1
A107: LAS PIRQUITAS | B107: FADEL HORACIO | C107: TM | E107: 1
A108: SAN ISIDRO | B108: FADEL EDUARDO | C108: TM | D108: EXODONCIA | E108: 1
...
