Workbook

Sheet Necesidades Trimestrales (2)
A1: 2021
B2: Pedido de Necesidades Trimestrales
A4: JURISDICCION: | C4: 40 - MINISTERIO DE SALUD
A5: SAF N°: | C5: 11 - DIRE PROV DE ADMINISTRACION - MINISTERIO DE SALUD
A6: EJERCICIO: | C6: 2021
A7: TRIMESTRE: | C7: SEGUNDO TRIMESTRE
A9: ID | B9: CODIGO ITEM | C9: RUBRO DE COMPRA | D9: I.P.P. | E9: DESCRIPCION | F9: UNIDAD DE MEDIDA | G9: DIR. ADM. | H9: TOTAL DIR DE ADM | I9: DIR. LAB. CENTRAL | J9: TOTAL DE LAB CENTRAL | K9: BCO DE SANGRE | L9: TOTAL BANCO DE SANGRE | M9: ATENCION PRIMARIA | N9: TOTAL ATENCION PRI | O9: DIR DE CANCER | P9: TOTAL DE DIR DE CANCER | Q9: FARMACIA | R9: TOTAL FARMACIA | S9: ODONTOLOGIA | T9: TOTAL DE ODONTOLOG | U9: SAME | V9: TOTAL DE SAME | W9: MALBRAN | X9: HOSPITAL MALBRAN | Y9: maternidade e infancia | Z9: total maternidad | AA9: SEC DE ASIST EN SALUD PUB | AB9: TOTAL SEC EN ASIS EN SAL | AC9: SALUD Y MEDIO AMBIENTE | AD9: TOTAL SALUD Y MEDIO AMBIENTE | AE9: VECTORES Y ZOONOSIS | AF9: TOTAL DE VECT Y ZOON | AG9: SUMAR | AH9: TOTAL SUMAR | AI9: CUR | AJ9: TOTAL CUR | AK9: PLANIFICACION | AL9: TOTAL PLANIFICA | AM9: SALUD MENTAL | AN9: TOTAL SALUD MENTAL | AO9: AREAS Y DPAS | AP9: TOTAL DPAS | AQ9: CANTIDAD TOTAL | AR9: PRECIO UNITARIO ESTIMADO | AS9: IMPORTE TOTAL ESTIMADO
A10: 1 | B10: 2.5.6-793.31 | C10: COMBUSTIBLES Y LUBRICANTES | D10: 2.5.6 | E10: GAS OIL; PRESENTACION: POR LITRO, USO: MOTORES DIESEL,COMERCIALIZACION: GRADO 3, DESTINO: DPTO. S.F.V. DE CATAMARCA | F10: LITROS | K10: 200 | L10: =+K10*AR10 -> 18180 | M10: 1112 | N10: =+M10*AR10 -> 101080.8 | O10: 1400 | P10: =+O10*AR10 -> 127260 | U10: 15286 | V10: =+U10*AR10 -> 1389497.4 | Y10: 3893 | Z10: =+Y10*AR10 -> 353873.7 | AA10: =2200+360 -> 2560 | AB10: =+AA10*AR10 -> 232704 | AC10: 1995 | AD10: =+AC10*AR10 -> 181345.5 | AE10: 2534 | AF10: =+AE10*AR10 -> 230340.6 | AI10: 2000 | AJ10: =+AI10*AR10 -> 181800 | AK10: 4000 | AL10: =+AK10*AR10 -> 363600 | AM10: 900 | AN10: =+AM10*AR10 -> 81810 | AO10: =8800+2850+3000+3000+12000+1800+3500+5000+6000+8000+15375+6000+3000+6000+4000 -> 88325 | AP10: =+AO10*AR10 -> 8028742.5 | AQ10: =+'NP ATENCION PRIMARIA'!K12+'NP BCO DE SANGRE'!K12+'NP CANCER'!K12+'NP SAME'!K12+'NP MATERNO'!K12+'NP sasp'!K12+'NP salud y medio ambie'!K12+'NP zoonosis'!K12+'NP cur'!K12+'NP PLANIFICACION'!K12+'NP salud mental'!K12+'[1]NP asistencia sanitaria'!K12 -> 96500 | AR10: 90.9 | AS10: =+AQ10*AR10 -> 8771850
A11: 3 | B11: 2.5.6-797.39 | C11: COMBUSTIBLES Y LUBRICANTES | D11: 2.5.6 | E11: NAFTA SUPER; TIPO: SUPER, OCTANO: 95, PRESENTACION: POR LITRO, DESTINO: DPTO. S.F.V. DE CATAMARCA | F11: LITROS | AM11: 1000 | AN11: =+AM11*AR11 -> 93900 | AQ11: =+'NP salud mental'!K13 -> 770 | AR11: 93.9 | AS11: =+AQ11*AR11 -> 72303
E12: TOTAL DEL RUBRO COMBUSTIBLE | L12: =SUM(L10:L11) -> 18180 | N12: =SUM(N10:N11) -> 101080.8 | P12: =SUM(P10:P11) -> 127260 | V12: =SUM(V10:V11) -> 1389497.4 | X12: =SUM(X10:X11) -> 0 | Z12: =SUM(Z10:Z11) -> 353873.7 | AB12: =SUM(AB10:AB11) -> 232704 | AD12: =SUM(AD10:AD11) -> 181345.5 | AF12: =SUM(AF10:AF11) -> 230340.6 | AJ12: =SUM(AJ10:AJ11) -> 181800 | AL12: =SUM(AL10:AL11) -> 363600 | AN12: =SUM(AN10:AN11) -> 175710 | AP12: =SUM(AP10:AP11) -> 8028742.5 | AS12: =+'APG ATENCION PRIMARIA'!Q23+'APG BCO DE SANGRE'!Q23+'APG CANCER'!Q23+'APG SAME'!Q23+'APG MATERNO'!Q23+'APG sasp'!Q23+'APG salud y medio ambie'!Q23+'APG zoonosis'!Q23+'APG cur'!Q23+'APG PLANIFICACION'!Q23+'APG salud mental'!Q23+'APG asistencia sanitaria'!Q23 -> 8844153
B14: ITEM 1 Y 2
B15: Descripción técnica | C15: Se Entregarán Fraccionado bajo la forma de vales de 30 Lts. cada uno y cuando la cantidad adjudicada no permita la confección de dicho vale, para completar se emitirá uno por una cantidad menor hasta completar la cantidad solicitada
B17: Plazos de entrega | C17: cinco (5) dias habiles
B18: SE ADJUNTA ANEXO CON LOS DOMINIOS Y MATRICULA DE LOS VEHICULOS PARA LO CUAL SE SOLICITA EL COMBUSTIBLE
B20: Lugar de Entrega: | C20: DIR. PROV. DE AMINISTRACION - CHACABUCO N° 169 - en el horario de 8:00hs a 12:00hs de lunes a viernes
B24: Calidad Minima esperada
B26: Mantenimiento | C26: cuarenta y cinco (45) días

Sheet Anexo de matriculas y dominio 
A1: DIRECCION PROVINCIAL ASISTENCIA SANITARIA NIVEL I Y II
A3: Area Programatica Nº1
A5: Vehiculo | B5: Dominio | C5: Nº de Motor | D5: Nº Chasis | E5: Año
A6: Renault Master - Ambulancia.- | B6: GEU-277 | C6: G9UA724C030714 | D6: 93YADCUE57J787157 | E6: 2007
A7: Renault Master- Ambulancia.- | B7: GUV-922 | C7: G9UA724C035587 | D7: 93YADCUE58J896449 | E7: 2008
A8: Renault Master-PH3 DCI 120 L1H2 Ambulancia.- | B8: KNI-753 | C8: G9UA754C268409 | D8: 93YADCUE6CJ897389 | E8: 2011
A9: Ford F-100 4x2 XL PLUS 3,9 D - Ambulacia.- | B9: ILC-099 | C9: 36071580 | D9: 9EFFF22C99B859146 | E9: 2010
A10: Renault Master PH3 DCI 120 L1H2 - Ambulancia.- | B10: LAD-136 | C10: G9UA754C270571 | D10: 93YADCUE6CJ969873 | E10: 2012
A11: Fiat Ducato. Ambulancia.- | B11: NHW-650 | C11: 7173538 | D11: 93W245G84D2112772 | E11: 2013
A12: Mercedez Benz Sprinter Furgon.- | B12: GWJ-779 | C12: 61198170074458 | D12: 8AC90036628A984192 | E12: 2008
A13: Renault Master MASTER PH3 DCI 120 - Ambulancia.- | B13: LAD-135 | C13: G9UA650C244170 | D13: 93YADC1E6CJ140233 | E13: 2012
A14: Renault Master DCI 120 - Ambulancia.- | B14: GJP-880 | C14: G9UA724C026899 | D14: 93YADCUH56J706159 | E14: 2007
A15: Chevrolet S-10. Camioneta.- | B15: GWJ-742 | C15: M1A304122 | D15: 9BG124AJ08C11312 | E15: 2008
A16: Chevrolet Zafira. Camioneta.- | B16: HUD-575 | C16: 1N0006130 | D16: 9BGTT75F09C131088 | E16: 2008
A17: Fiat Ducato Amxicargo 2,3 JTD. Ambulancia.- | B17: AA-842-EL | C17: 7250765 | D17: 93W245G84H2160838 | E17: 2016
A18: Fiat Ducato Amxicargo 2,3 JTD. Ambulancia.- | B18: AA-842-EI | C18: 7250728 | D18: 93W245G84H2160833 | E18: 2016
A19: Toyota Hilux 4x4 c/s DX 2,4 TDI M/T. Ambulancia | B19: AA-793-NE | C19: 2GD-0137533 | D19: 8AJFB8CB5H1550878 | E19: 2017
A20: Renault Master- Ambulancia.- | B20: AE-041-BD | C20: M9TB870C262154 | D20: 93YMAFESCLJ213469 | E20: 2020
A22: Area Programatica Nº2
A24: Vehiculo | B24: Dominio | C24: Nº de Motor | D24: Nº Chasis | E24: Año
A25: Fiat Ducato Maxi cargo 2,3 JTD Furgon. Ambulancia.- | B25: AA-842-EH | C25: 7250726 | D25: 93W245G84H2160832 | E25: 2016
A26: Fiat Ducato Maxi cargo 2,3 JTD Furgon. Ambulancia.- | B26: AA-842-EF | C26: 7250640 | D26: 93W245G84H2160831 | E26: 2016
A27: Fiat Ducato 2,3. Ambulancia.- | B27: NSE-229 | C27: 7166125 | D27: 93W245G74D2109008 | E27: 2014
A28: Renault Master DCI120. Ambulancia - | B28: GUO-325 | C28: G9UA7240035511 | D28: 93YADCUE58J896313 | E28: 2007
A29: Renault Master DCI120 - Ambulancia .- | B29: GJS-713 | C29: G9UA724C030282 | D29: 93YADCUE57J787718 | E29: 2007
A30: Fiat iveco Daily. Ambulancia.- | B30: S/P | C30: 37344067044 | D30: 93ZC4980158318123 | E30: 2005
A31: Ford Ranger XLC/C 4x4 2,8. Camioneta.- | B31: FYK-918 | C31: B61618215 | D31: 8AFER13FX4J326463 | E31: 2007
A33: Area Programatica Nº3
A35: Vehiculo | B35: Dominio | C35: Nº de Motor | D35: Nº Chasis | E35: Año
A36: Chevrolet S10 2,8 TDI - Camioneta.- | B36: GDD-914 | C36: M1A282868 | D36: 9BG138AJ07C413213 | E36: 2007
A37: Renautl Master 2,5 D - Ambulancia.- | B37: GJC-299 | C37: J9UA724C030522 | D37: 93YADCUE57J787225 | E37: 2007
A38: Fiat Ducato Maxi cargo 2,3. Ambulancia | B38: AA-702-MN | C38: 7251288 | D38: 93W245G74H2161118 | E38: 2016
A39: Ford Transit 2,2 L 125 T350 TA C/AA - Ambulancia.- | B39: MNW-258 | C39: CYRCDTT22471 | D39: WFOXXPTTFDTT22471 | E39: 2013
A40: Mercedez Benz Sprinter - Ambulancia.- | B40: DCA-098 | C40: 10520880 | D40: 8AC690311YA537631 | E40: 1998
A41: Chevrolet S10 2,8 T.I- Ambulancia.- | B41: ESH-451 | C41: 40704192268 | D41: 986124AC05C410447 | E41: 2014
A46: Vehiculo | B46: Dominio | C46: Nº de Motor | D46: Nº Chasis | E46: Año
A47: Chevrolet S10 2,8 TDI SID 4x2 - Ambulancia.- | B47: GDD-918 | C47: M1A282927 | D47: 9BG1384J07C413214 | E47: 2007
A48: Renault Master DCI 120- Ambulancia.- | B48: GEU-279 | C48: G9UA724C030527 | D48: 93YADCUE7J787131 | E48: 2007
A49: Chevrolet S10 2,8 TDI - Ambulancia.- | B49: ESH-453 | C49: 40704192255 | D49: 9BG124ACOSC410400 | E49: 1999
A50: Mercedez Benz Sprinter - Ambulancia.- | B50: DCA-097 | C50: 632999105118976 | D50: 8AC690311 | E50: 2000
A51: Ford Transit Furgon - Ambulancia.- | B51: MNW-259 | C51: CYRCDTT23622 | D51: WF0XXPTTFDTT2362 | E51: 2013
A52: Fiat Ducato Maxicargo 2,3 JTD. Ambulancia.- | B52: AA-842-EG | C52: 7250638 | D52: 93W245G84H2160827 | E52: 2016
A53: Renault Master. Ambulancia.- | B53: AD-484-QZ | C53: A4MH737Q004131 | D53: 8A18SRD04KL428948 | E53: 2018
A54: Renault Master. Ambulancia.- | B54: AD-939-YG | C54: H4MH737Q013096 | D54: 8A18SRD04LL935267 | E54: 2018
A55: Toyota Hilux 4x4 CS DX 2,4 TDI 6 MT- Ambulancia.- | B55: AE-677-LK | C55: 2GD0900959 | D55: 8AJDB3CB5M5542258 | E55: 2021
A58: Area Programatica Nº5
A60: Vehiculo | B60: Dominio | C60: Nº de Motor | D60: Nº Chasis | E60: Año
A61: Fiat Ducato Ambulancia.- | B61: NHW-649 | C61: 7167190 | D61: 93W245G84D2109862 | E61: 2013
A62: Ford Transit 2,2 L Ambulancia.- | B62: MBW-831 | C62: CYRCCTC58021 | D62: WF0XXPTTFCTC5802 | E62: 2013
A63: Toyota Hilux. Ambulancia.- | B63: AA-793-NF | C63: 2GD-0106033 | D63: 8AJFB8CB2H1550532 | E63: 2016
A64: Fiat Ducato Ambulancia.- | B64: AA-842-EM | C64: 7250657 | D64: 93W245G84H2160779 | E64: 2016
A65: Iveco Daily - Ambulancia, Camion 3,5 Tn Modelo 4912-3300 | B65: QAC-895 | C65: 37344093481 | D65: 93ZC4980158319325 | E65: 2006
A66: Chevrolet S10 - Ambulancia.- | B66: ESH-452 | C66: 40704192455 | D66: 9BG124AC05C410604 | E66: 2004
A67: Toyota Hilux 4x4 CS DX 2,4 TDI 6 MT- Ambulancia.- | B67: AE-677-LJ | C67: 2GD0875349 | D67: 8SJDB3CB2M5542069 | E67: 2021
A70: Area Programatica Nº6
A72: Vehiculo | B72: Dominio | C72: Nº de Motor | D72: Nº Chasis | E72: Año
A73: Renault Master 2,5 DCI Furgon corto. Ambulancia.- | B73: LOI-294 | C73: 69VA650C248593 | D73: 93YADCIE6DJ286241 | E73: 2012
A74: Fiat Ducato Maxicargo 2,3 JTD. Ambulancia.- | B74: AA-842-EJ | C74: 7250764 | D74: 93W245G84H2160835 | E74: 2016
A75: Fiat Ducato Maxicargo 2,3 JTD. Ambulancia.- | B75: AA-842-ED | C75: 7250709 | D75: 93W245G84H2160784 | E75: 2016
A76: Toyota Hilux 4X4 Pick-Up. Ambulancia.- | B76: AE-454-BB | C76: 2GD-0753775 | D76: 8AJFB8CB9L1560130 | E76: 2020
A77: Toyota Hilux 4X4 Pick-Up. Ambulancia.- | B77: AE-454-BA | C77: 2GD-0756654 | D77: 8AJFB8CB2L1560177 | E77: 2020
A80: Area Programatica Nº7
A82: Vehiculo | B82: Dominio | C82: Nº de Motor | D82: Nº Chasis | E82: Año
A83: Nissan Patrol - Ambulancia.- | B83: S/P | C83: RD280716B | D83: VSKAYG260U0594208 | E83: 1997
A84: Ford Ranger - Ambulancia | B84: MNW-255 | C84: QW2PDJ102410 | D84: 8AFAR21J4DJ102410 | E84: 2013
A85: Fiat Ducato Maxi Cargo - Ambulancia | B85: NHW-647 | C85: 7167101 | D85: 93W245G84D1209434 | E85: 2013
A86: Renault Master 2,5 DCI - Ambulancia.- | B86: GUO-331 | C86: G9UA724C035717 | D86: 93YADCUE58J896363 | E86: 2007
A87: Toyota Hilux - Ambulancia | B87: LBA-309 | C87: KC5639076 | D87: 8AJCR2267C4017192 | E87: 2012
A88: Fiat Ducato Maxi Cargo 2,3 JPA- Ambulancia | B88: NYS-581 | C88: 7187302 | D88: 93W245674EZ120871 | E88: 2014
A89: Fiat Ducato Maxi Cargo 2,3 JTD- Ambulancia | B89: AA-842-EB | C89: 7250706 | D89: 93W245G84H2160819 | E89: 2016
A90: Fiat Ducato Maxi Cargo 2,3 JTD- Ambulancia | B90: AA-842-EC | C90: 7250703 | D90: 93W245G84H2160823 | E90: 2016
A91: Toyota Hilux 4X4 Pick-Up. Ambulancia.- | B91: AE-454-BC | C91: 2GD-0754623 | D91: 8AJFB8CBXL1560170 | E91: 2020
A92: Peugeot Boxer Premiun 2.2 HDI 435MH 130. Ambulancia.- | B92: E/T | C92: 10TRJN3381337 | D92: VF3YDTMFBM2P20555 | E92: 2020
A95: Area Programatica Nº8
A97: Vehiculo | B97: Dominio | C97: Nº de Motor | D97: Nº Chasis | E97: Año
A98: Fiat Ducato Maxicargo L2B 2,3 TJ. Ambulancia.- | B98: NHW-648 | C98: 7167125 | D98: 93W245G84D2109432 | E98: 2014
A99: Reanult Master Ambulancia.- | B99: NXE-335 | C99: M9TA876C016101 | D99: 93YMAFECAEJ262720 | E99: 2014
A100: Renault Kangoo 1,6. Camioneta- | B100: PEX-160 | C100: K4MJ730Q160389 | D100: 8A1FC1315GL915416 | E100: 2015
A101: Fiat Ducato Maxicargo L2B 2,3 TJ. Ambulancia.- | B101: AA-842-EE | C101: 7250752 | D101: 96W245G84H2160826 | E101: 2016
A102: Fiat Ducato Maxicargo L4H2. Ambulancia | B102: AD-964-PG | C102: F1AE3481D7279698 | D102: 3C6DFVDK9KE510986 | E102: 2019
A105: Area Programatica Nº9
A107: Vehiculo | B107: Dominio | C107: Nº de Motor | D107: Nº Chasis | E107: Año
A108: Ford Ranger CS 4x4 XL PLUS 2,8L D- Ambulancia.- | B108: FKA-420 | C108: C35191571 | D108: 8AFER11H86J457138 | E108: 2007
A109: Fiat Ducato - Ambulancia.- | B109: E/T | C109: A236NZ2T16482713 | D109: 93W231F6031011212 | E109: 2003
A110: Fiat Ducato-Ambulancia.- | B110: MPH-695 | C110: 7155140 | D110: 93W245G84D2102211 | E110: 2013
A111: Ford Transit- Ambulancia.- | B111: POD-622 | C111: CY24FTD15384 | D111: WF0BXKTTGFTD15384 | E111: 2016
A112: Ford Ranger CS 4x4 XL PLUS 2,8 L D- Ambulancia.- | B112: FKA-417 | C112: C35191955 | D112: 8AFER11H06J457148 | E112: 2006
A113: Toyota Hilux 4x4- Ambulancia.- | B113: AA-793-NH | C113: 2GD0106226 | D113: BAJFBBCB1H155 | E113: 2017
A114: Toyota Hilux 4x4 CS DX 2,4 TDI 6 MT- Ambulancia.- | B114: AE-677-LI | C114: 2GD0883798 | D114: 8AJD3CB4M5542249 | E114: 2021
A115: Toyota Hilux 4X4 Pick-Up. Ambulancia.- | B115: AE-414-KY | C115: 2GD-0711512 | D115: 8AJFB8CB2L1560244 | E115: 2020
A117: Area Programatica Nº10
A119: Vehiculo | B119: Dominio | C119: Nº de Motor | D119: Nº Chasis | E119: Año
A120: Renault Master TDI 2,8 L1H1 - Ambulancia.- | B120: MPD-320 | C120: G9UA650C26371 | D120: 93YADC1D6DJ54222 | E120: 2013
A121: Ford Transit 2,2 L 125 T 350. Furgon Ambulancia.- | B121: MBW-830 | C121: CYRCCTC58015 | D121: WF0XXPTTCTC58015 | E121: 2013
A122: M. Benz 415 CDIF3665. Ambulancia.- | B122: AA-683-ZG | C122: 651955W0056914 | D122: 8ac906633ge118977 | E122: 2016
A123: Ford F-100 - Ambulancia.- | B123: E/T | C123: 5KAR20702 | D123: 8AFETNL23SJ001415 | E123: 1995
A124: Ford F-100 4x4. Ambulancia.- | B124: E/T | C124: 4025419 | D124: 9BFBTPJCXUDB0759 | E124: 1997
A125: Ford Ranger - Camioneta.- | B125: CJB-883 | C125: C34224022 | D125: 8AFER13P97J066070 | E125: 2007
A126: Chevrolet S10 2,8 TL. Camioneta.- | B126: EHU-681 | C126: 40704149219 | D126: 9PGA38AC04C09415 | E126: 2006
A127: Renault Master L2H2 AA. Ambulancia.- | B127: AE-041-BC | C127: M9TB870C262203 | D127: 93YMAFESCLJ213466 | E127: 2020
...

Sheet NP asistencia sanitaria
A1: NOTA DE PEDIDO | J1: N° | K1: 06/2021
A3: JURISDICCIÓN: | D3: 040 - Ministerio de Salud
A4: SAF: | D4: 011 - Direccion Provincial de Administración - Ministerio de Salud
A5: UNIDAD EJECUTORA: | D5: 476 - DIRECCION PROVINCIAL ASISTENCIA SANITARIA NIVEL I Y II
A6: DEPENDENCIA SOLICITANTE: | D6: 476 - DIRECCION PROVINCIAL ASISTENCIA SANITARIA NIVEL I Y II
A7: PERIODO UTILIZACIÓN: | D7: 2° TRIMESTRE
A8: OBJETO: | D8: Adquisición de Combustibles.
A10: Ítem | B10: Codigo Item | C10: DESCRIPCIÓN | H10: Adjunta Detalle Técnico | I10: Unidad Medida | J10: Precio Unitario Estimado | K10: Cantidad Solicitada
A12: 1 | B12: =+'Necesidades Trimestrales (2)'!B10 -> 2.5.6-793.31 | C12: =+'Necesidades Trimestrales (2)'!E10 -> GAS OIL; PRESENTACION: POR LITRO, USO: MOTORES DIESEL,COMERCIALIZACION: GRADO 3, DESTINO: DPTO. S.F.V. DE CATAMARCA | H12: no | I12: UNIDAD | J12: =+'Necesidades Trimestrales (2)'!AR10 -> 90.9 | K12: 68600 | M12: =+K12*J12 -> 6235740
M13: =+K13*J13 -> 0
M14: =+K14*J14 -> 0
M15: =+K15*J15 -> 0
A19: Costo total estimado: Seis Millones Doscientos Treinta y Cinco Mil Setecientos Cuarenta con 00/100 | J19: =SUM(M12:M15) -> 6235740

Sheet APG asistencia sanitaria
A1: EJERCICIO: | D1: 2021 | P1: AUTORIZACION PARA GASTAR
A4: JURISDICCIÓN: | G4: 040 - Ministerio de Salud
A5: SAF: | G5: 011- Dirección Provincial de Administración
A6: UNIDAD EJECUTORA: | G6: 476 - DIRECCION PROVINCIAL ASISTENCIA SANITARIA NIVEL I Y II
A7: DEPENDENCIA SOLICITANTE: | G7: 476 - DIRECCION PROVINCIAL ASISTENCIA SANITARIA NIVEL I Y II
A8: AUTORIZACIÓN:
A9: Señor Jefe de Servicio Administrativo Financiero:
A10: Autorizo la realización de los trámites correspondientes, a fin de proveer a este Organismo los bienes que se detallan en Nota de pedido y Entrega N°06/2021, afectando la erogación resultante a los créditos presupuestarios aprobados a favor de esta Unidad Ejecutora, conforme al siguiente detalle:
A12: IMPUTACIÓN PRESUPUESTARIA
A13: CÓDIGO | O13: DENOMINACIÓN DE LA PARTIDA PRESUPUESTARIA | Q13: IMPORTE
A14: PR | B14: SB | C14: PY | D14: AC | E14: OB | F14: UG | G14: FIN | H14: FUN | I14: I | J14: P | K14: P | L14: SubP | M14: M | N14: FF
A15: 21 | D15: 1 | F15: 4901 | G15: 3 | H15: 1 | I15: 2 | J15: 5 | K15: 6 | M15: 1 | N15: 1.1 | O15: Combustibles y Lubricantes | Q15: 6235740
A23: TOTAL DE PESOS: Seis Millones Doscientos Treinta y Cinco Mil Setecientos Cuarenta con 00/100 | Q23: =SUM(Q15:Q22) -> 6235740
A25: JUSTIFICACIÓN:
A26: Adquisición de Combustibles.

Sheet NP salud mental
A1: NOTA DE PEDIDO | J1: N° | K1: 04/2021
A3: JURISDICCIÓN: | D3: 040 - Ministerio de Salud
A4: SAF: | D4: 011 - Direccion Provincial de Administración - Ministerio de Salud
A5: UNIDAD EJECUTORA: | D5: 745- SECRETARIA DE SALUD MENTAL Y ADICCIONES
A6: DEPENDENCIA SOLICITANTE: | D6: 745- SECRETARIA DE SALUD MENTAL Y ADICCIONES
A7: PERIODO UTILIZACIÓN: | D7: 2° TRIMESTRE
A8: OBJETO: | D8: Adquisición de Combustibles.
A10: Ítem | B10: Codigo Item | C10: DESCRIPCIÓN | H10: Adjunta Detalle Técnico | I10: Unidad Medida | J10: Precio Unitario Estimado | K10: Cantidad Solicitada
A12: 1 | B12: =+'Necesidades Trimestrales (2)'!B10 -> 2.5.6-793.31 | C12: =+'[1]NP asistencia sanitaria'!C12:G12 -> GAS OIL; PRESENTACION: POR LITRO, USO: MOTORES DIESEL,COMERCIALIZACION: GRADO 3, DESTINO: DPTO. S.F.V. DE CATAMARCA | H12: no | I12: UNIDAD | J12: 90.9 | K12: 790 | M12: =+K12*J12 -> 71811
A13: 2 | B13: =+'Necesidades Trimestrales (2)'!B11 -> 2.5.6-797.39 | C13: =+'Necesidades Trimestrales (2)'!E11 -> NAFTA SUPER; TIPO: SUPER, OCTANO: 95, PRESENTACION: POR LITRO, DESTINO: DPTO. S.F.V. DE CATAMARCA | H13: no | I13: UNIDAD | J13: =+'Necesidades Trimestrales (2)'!AR11 -> 93.9 | K13: 770 | M13: =+K13*J13 -> 72303
M14: =+K14*J14 -> 0
M15: =+K15*J15 -> 0
A19: Costo total estimado: Ciento Cuarenta y Cuatro Mil Ciento Catorce con 00/100 | J19: =SUM(M12:M15) -> 144114

Sheet APG salud mental
A1: EJERCICIO: | D1: 2021 | P1: AUTORIZACION PARA GASTAR
A4: JURISDICCIÓN: | G4: 040 - Ministerio de Salud
A5: SAF: | G5: 011- Dirección Provincial de Administración
A6: UNIDAD EJECUTORA: | G6: 745- SECRETARIA DE SALUD MENTAL Y ADICCIONES
A7: DEPENDENCIA SOLICITANTE: | G7: 745- SECRETARIA DE SALUD MENTAL Y ADICCIONES
A8: AUTORIZACIÓN:
A9: Señor Jefe de Servicio Administrativo Financiero:
A10: Autorizo la realización de los trámites correspondientes, a fin de proveer a este Organismo los bienes que se detallan en Nota de pedido y Entrega N°04/2021, afectando la erogación resultante a los créditos presupuestarios aprobados a favor de esta Unidad Ejecutora, conforme al siguiente detalle:
A12: IMPUTACIÓN PRESUPUESTARIA
A13: CÓDIGO | O13: DENOMINACIÓN DE LA PARTIDA PRESUPUESTARIA | Q13: IMPORTE
A14: PR | B14: SB | C14: PY | D14: AC | E14: OB | F14: UG | G14: FIN | H14: FUN | I14: I | J14: P | K14: P | L14: SubP | M14: M | N14: FF
A15: 5 | D15: 1 | F15: 4901 | G15: 1 | H15: 3 | I15: 2 | J15: 5 | K15: 6 | M15: 1 | N15: 1.1 | O15: Combustibles y Lubricantes | Q15: 144114
A23: TOTAL DE PESOS: Ciento Cuarenta y Cuatro Mil Ciento Catorce con 00/100 | Q23: =SUM(Q15:Q22) -> 144114
A24: g
A25: JUSTIFICACIÓN:
A26: Adquisición de Combustibles.

Sheet NP PLANIFICACION
A1: NOTA DE PEDIDO | J1: N° | K1: 05/2021
A3: JURISDICCIÓN: | D3: 040 - Ministerio de Salud
A4: SAF: | D4: 011 - Direccion Provincial de Administración - Ministerio de Salud
A5: UNIDAD EJECUTORA: | D5: 382- SECRETARIA DE PLANIFICACION Y GESTION EN SALUD
A6: DEPENDENCIA SOLICITANTE: | D6: 382- SECRETARIA DE PLANIFICACION Y GESTION EN SALUD
A7: PERIODO UTILIZACIÓN: | D7: 2° TRIMESTRE
A8: OBJETO: | D8: Adquisición de Combustibles.
A10: Ítem | B10: Codigo Item | C10: DESCRIPCIÓN | H10: Adjunta Detalle Técnico | I10: Unidad Medida | J10: Precio Unitario Estimado | K10: Cantidad Solicitada
A12: 1 | B12: =+'NP salud mental'!B12 -> 2.5.6-793.31 | C12: =+'NP salud mental'!C12:G12 -> GAS OIL; PRESENTACION: POR LITRO, USO: MOTORES DIESEL,COMERCIALIZACION: GRADO 3, DESTINO: DPTO. S.F.V. DE CATAMARCA | H12: no | I12: UNIDAD | J12: =+'Necesidades Trimestrales (2)'!AR10 -> 90.9 | K12: 3100 | M12: =+K12*J12 -> 281790
M13: =+K13*J13 -> 0
M14: =+K14*J14 -> 0
M15: =+K15*J15 -> 0
A19: Costo total estimado: Doscientos Ochenta y Un Mil Setecientos Noventa con 00/100 | J19: =SUM(M12:M15) -> 281790

Sheet APG PLANIFICACION
A1: EJERCICIO: | D1: 2021 | P1: AUTORIZACION PARA GASTAR
A4: JURISDICCIÓN: | G4: 040 - Ministerio de Salud
A5: SAF: | G5: 011- Dirección Provincial de Administración
A6: UNIDAD EJECUTORA: | G6: 382- SECRETARIA DE PLANIFICACION Y GESTION EN SALUD
A7: DEPENDENCIA SOLICITANTE: | G7: 382- SECRETARIA DE PLANIFICACION Y GESTION EN SALUD
A8: AUTORIZACIÓN:
A9: Señor Jefe de Servicio Administrativo Financiero:
A10: Autorizo la realización de los trámites correspondientes, a fin de proveer a este Organismo los bienes que se detallan en Nota de pedido y Entrega N°05/2021, afectando la erogación resultante a los créditos presupuestarios aprobados a favor de esta Unidad Ejecutora, conforme al siguiente detalle:
A12: IMPUTACIÓN PRESUPUESTARIA
A13: CÓDIGO | O13: DENOMINACIÓN DE LA PARTIDA PRESUPUESTARIA | Q13: IMPORTE
A14: PR | B14: SB | C14: PY | D14: AC | E14: OB | F14: UG | G14: FIN | H14: FUN | I14: I | J14: P | K14: P | L14: SubP | M14: M | N14: FF
A15: 2 | D15: 1 | F15: 4901 | G15: 1 | H15: 3 | I15: 2 | J15: 5 | K15: 6 | M15: 1 | N15: 1.1 | O15: Combustibles y Lubricantes | Q15: 281790
A23: TOTAL DE PESOS: Doscientos Ochenta y Un Mil Setecientos Noventa con 00/100 | Q23: =SUM(Q15:Q22) -> 281790
A24: g
A25: JUSTIFICACIÓN:
A26: Adquisición de Combustibles.

Sheet NP cur
A1: NOTA DE PEDIDO | J1: N° | K1: 08/2021
A3: JURISDICCIÓN: | D3: 040 - Ministerio de Salud
A4: SAF: | D4: 011 - Direccion Provincial de Administración - Ministerio de Salud
A5: UNIDAD EJECUTORA: | D5: 160 - DIRECCION PROVINCIAL CENTRO UNICO DE REFERENCIA
A6: DEPENDENCIA SOLICITANTE: | D6: 160 - DIRECCION PROVINCIAL CENTRO UNICO DE REFERENCIA
A7: PERIODO UTILIZACIÓN: | D7: 2° TRIMESTRE
A8: OBJETO: | D8: Adquisición de Combustibles.
A10: Ítem | B10: Codigo Item | C10: DESCRIPCIÓN | H10: Adjunta Detalle Técnico | I10: Unidad Medida | J10: Precio Unitario Estimado | K10: Cantidad Solicitada
A12: 1 | B12: =+'Necesidades Trimestrales (2)'!B10 -> 2.5.6-793.31 | C12: =+'NP PLANIFICACION'!C12:G12 -> GAS OIL; PRESENTACION: POR LITRO, USO: MOTORES DIESEL,COMERCIALIZACION: GRADO 3, DESTINO: DPTO. S.F.V. DE CATAMARCA | H12: no | I12: UNIDAD | J12: =+'Necesidades Trimestrales (2)'!AR10 -> 90.9 | K12: 1550 | M12: =+K12*J12 -> 140895
M13: =+K13*J13 -> 0
M14: =+K14*J14 -> 0
M15: =+K15*J15 -> 0
A19: Costo total estimado: Ciento Cuarenta Mil Ochocientos Noventa y Cinco con 00/100 | J19: =SUM(M12:M15) -> 140895

Sheet APG cur
A1: EJERCICIO: | D1: 2021 | P1: AUTORIZACION PARA GASTAR
A4: JURISDICCIÓN: | G4: 040 - Ministerio de Salud
A5: SAF: | G5: 011- Dirección Provincial de Administración
A6: UNIDAD EJECUTORA: | G6: 160 - DIRECCION PROVINCIAL CENTRO UNICO DE REFERENCIA
A7: DEPENDENCIA SOLICITANTE: | G7: 160 - DIRECCION PROVINCIAL CENTRO UNICO DE REFERENCIA
A8: AUTORIZACIÓN:
A9: Señor Jefe de Servicio Administrativo Financiero:
A10: Autorizo la realización de los trámites correspondientes, a fin de proveer a este Organismo los bienes que se detallan en Nota de pedido y Entrega N°08/2021, afectando la erogación resultante a los créditos presupuestarios aprobados a favor de esta Unidad Ejecutora, conforme al siguiente detalle:
A12: IMPUTACIÓN PRESUPUESTARIA
A13: CÓDIGO | O13: DENOMINACIÓN DE LA PARTIDA PRESUPUESTARIA | Q13: IMPORTE
A14: PR | B14: SB | C14: PY | D14: AC | E14: OB | F14: UG | G14: FIN | H14: FUN | I14: I | J14: P | K14: P | L14: SubP | M14: M | N14: FF
A15: 35 | D15: 1 | F15: 4901 | G15: 3 | H15: 1 | I15: 2 | J15: 5 | K15: 6 | M15: 1 | N15: 1.1 | O15: Combustibles y Lubricantes | Q15: 80000
A16: 35 | D16: 2 | F16: 4901 | G16: 3 | H16: 1 | I16: 2 | J16: 5 | K16: 6 | M16: 1 | N16: 1.1 | O16: Combustibles y Lubricantes | Q16: =+Q23-Q15 -> 60895
A23: TOTAL DE PESOS: Ciento Cuarenta Mil Ochocientos Noventa y Cinco con 00/100 | Q23: 140895
A24: g
A25: JUSTIFICACIÓN:
A26: Adquisición de Combustibles.

Sheet NP zoonosis
A1: NOTA DE PEDIDO | J1: N° | K1: 04/2021
A3: JURISDICCIÓN: | D3: 040 - Ministerio de Salud
A4: SAF: | D4: 011 - Direccion Provincial de Administración - Ministerio de Salud
A5: UNIDAD EJECUTORA: | D5: 746 - DIRECCION PROVINCIAL DE VECTORES Y ZOONOSIS
A6: DEPENDENCIA SOLICITANTE: | D6: 746 - DIRECCION PROVINCIAL DE VECTORES Y ZOONOSIS
A7: PERIODO UTILIZACIÓN: | D7: 2° TRIMESTRE
A8: OBJETO: | D8: Adquisición de Combustibles.
A10: Ítem | B10: Codigo Item | C10: DESCRIPCIÓN | H10: Adjunta Detalle Técnico | I10: Unidad Medida | J10: Precio Unitario Estimado | K10: Cantidad Solicitada
A12: 1 | B12: =+'Necesidades Trimestrales (2)'!B10 -> 2.5.6-793.31 | C12: =+'NP cur'!C12:G12 -> GAS OIL; PRESENTACION: POR LITRO, USO: MOTORES DIESEL,COMERCIALIZACION: GRADO 3, DESTINO: DPTO. S.F.V. DE CATAMARCA | H12: no | I12: UNIDAD | J12: =+'Necesidades Trimestrales (2)'!AR10 -> 90.9 | K12: 1960 | M12: =+K12*J12 -> 178164
M13: =+K13*J13 -> 0
M14: =+K14*J14 -> 0
M15: =+K15*J15 -> 0
A19: Costo total estimado: Ciento Setenta y Ocho Mil Ciento Sesenta y Cuatro con 00/100 | J19: =SUM(M12:M15) -> 178164

Sheet APG zoonosis
A1: EJERCICIO: | D1: 2021 | P1: AUTORIZACION PARA GASTAR
A4: JURISDICCIÓN: | G4: 040 - Ministerio de Salud
A5: SAF: | G5: 011- Dirección Provincial de Administración
A6: UNIDAD EJECUTORA: | G6: 746 - DIRECCION PROVINCIAL DE VECTORES Y ZOONOSIS
A7: DEPENDENCIA SOLICITANTE: | G7: 746 - DIRECCION PROVINCIAL DE VECTORES Y ZOONOSIS
A8: AUTORIZACIÓN:
A9: Señor Jefe de Servicio Administrativo Financiero:
A10: Autorizo la realización de los trámites correspondientes, a fin de proveer a este Organismo los bienes que se detallan en Nota de pedido y Entrega N°04/2021, afectando la erogación resultante a los créditos presupuestarios aprobados a favor de esta Unidad Ejecutora, conforme al siguiente detalle:
A12: IMPUTACIÓN PRESUPUESTARIA
A13: CÓDIGO | O13: DENOMINACIÓN DE LA PARTIDA PRESUPUESTARIA | Q13: IMPORTE
A14: PR | B14: SB | C14: PY | D14: AC | E14: OB | F14: UG | G14: FIN | H14: FUN | I14: I | J14: P | K14: P | L14: SubP | M14: M | N14: FF
A15: 23 | D15: 1 | F15: 4901 | G15: 3 | H15: 1 | I15: 2 | J15: 5 | K15: 6 | M15: 1 | N15: 1.1 | O15: Combustibles y Lubricantes | Q15: 178164
A23: TOTAL DE PESOS: Ciento Setenta y Ocho Mil Ciento Sesenta y Cuatro con 00/100 | Q23: 178164
A24: g
A25: JUSTIFICACIÓN:
A26: Adquisición de Combustibles.

Sheet NP salud y medio ambie
A1: NOTA DE PEDIDO | J1: N° | K1: 05/2021
A3: JURISDICCIÓN: | D3: 040 - Ministerio de Salud
A4: SAF: | D4: 011 - Direccion Provincial de Administración - Ministerio de Salud
A5: UNIDAD EJECUTORA: | D5: 488 - DIRECCION PROVINCIAL DE SALUD Y MEDIO AMBIENTE
A6: DEPENDENCIA SOLICITANTE: | D6: 488 - DIRECCION PROVINCIAL DE SALUD Y MEDIO AMBIENTE
A7: PERIODO UTILIZACIÓN: | D7: 2° TRIMESTRE
A8: OBJETO: | D8: Adquisición de Combustibles.
A10: Ítem | B10: Codigo Item | C10: DESCRIPCIÓN | H10: Adjunta Detalle Técnico | I10: Unidad Medida | J10: Precio Unitario Estimado | K10: Cantidad Solicitada
A12: 1 | B12: =+'Necesidades Trimestrales (2)'!B10 -> 2.5.6-793.31 | C12: =+'NP zoonosis'!C12:G12 -> GAS OIL; PRESENTACION: POR LITRO, USO: MOTORES DIESEL,COMERCIALIZACION: GRADO 3, DESTINO: DPTO. S.F.V. DE CATAMARCA | H12: no | I12: UNIDAD | J12: =+'Necesidades Trimestrales (2)'!AR10 -> 90.9 | K12: 1540 | M12: =+K12*J12 -> 139986
M13: =+K13*J13 -> 0
M14: =+K14*J14 -> 0
M15: =+K15*J15 -> 0
A19: Costo total estimado: Ciento Treinta y Nueve Mil Novecientos Ochenta y Seis con 00/100 | J19: =SUM(M12:M15) -> 139986

Sheet APG salud y medio ambie
A1: EJERCICIO: | D1: 2021 | P1: AUTORIZACION PARA GASTAR
A4: JURISDICCIÓN: | G4: 040 - Ministerio de Salud
A5: SAF: | G5: 011- Dirección Provincial de Administración
A6: UNIDAD EJECUTORA: | G6: 488 - DIRECCION PROVINCIAL DE SALUD Y MEDIO AMBIENTE
A7: DEPENDENCIA SOLICITANTE: | G7: 488 - DIRECCION PROVINCIAL DE SALUD Y MEDIO AMBIENTE
A8: AUTORIZACIÓN:
A9: Señor Jefe de Servicio Administrativo Financiero:
A10: Autorizo la realización de los trámites correspondientes, a fin de proveer a este Organismo los bienes que se detallan en Nota de pedido y Entrega N°05/2021, afectando la erogación resultante a los créditos presupuestarios aprobados a favor de esta Unidad Ejecutora, conforme al siguiente detalle:
A12: IMPUTACIÓN PRESUPUESTARIA
A13: CÓDIGO | O13: DENOMINACIÓN DE LA PARTIDA PRESUPUESTARIA | Q13: IMPORTE
A14: PR | B14: SB | C14: PY | D14: AC | E14: OB | F14: UG | G14: FIN | H14: FUN | I14: I | J14: P | K14: P | L14: SubP | M14: M | N14: FF
A15: 22 | D15: 1 | F15: 4901 | G15: 4 | H15: 4 | I15: 2 | J15: 5 | K15: 6 | M15: 1 | N15: 1.1 | O15: Combustibles y Lubricantes | Q15: 139986
A23: TOTAL DE PESOS: Ciento Treinta y Nueve Mil Novecientos Ochenta y Seis con 00/100 | Q23: =SUM(Q15:Q22) -> 139986
A24: g
A25: JUSTIFICACIÓN:
A26: Adquisición de Combustibles.

Sheet NP sasp
A1: NOTA DE PEDIDO | J1: N° | K1: 06/2021
A3: JURISDICCIÓN: | D3: 040 - Ministerio de Salud
A4: SAF: | D4: 011 - Direccion Provincial de Administración - Ministerio de Salud
A5: UNIDAD EJECUTORA: | D5: 743 - Secretaria de Asistencia en Salud Publica
A6: DEPENDENCIA SOLICITANTE: | D6: 743 - Secretaria de Asistencia en Salud Publica
A7: PERIODO UTILIZACIÓN: | D7: 2° TRIMESTRE
A8: OBJETO: | D8: Adquisición de Combustibles.
A10: Ítem | B10: Codigo Item | C10: DESCRIPCIÓN | H10: Adjunta Detalle Técnico | I10: Unidad Medida | J10: Precio Unitario Estimado | K10: Cantidad Solicitada
A12: 1 | B12: =+'Necesidades Trimestrales (2)'!B10 -> 2.5.6-793.31 | C12: =+'NP salud y medio ambie'!C12:G12 -> GAS OIL; PRESENTACION: POR LITRO, USO: MOTORES DIESEL,COMERCIALIZACION: GRADO 3, DESTINO: DPTO. S.F.V. DE CATAMARCA | H12: no | I12: UNIDAD | J12: =+'Necesidades Trimestrales (2)'!AR10 -> 90.9 | K12: 1980 | M12: =+K12*J12 -> 179982
M13: =+K13*J13 -> 0
M14: =+K14*J14 -> 0
M15: =+K15*J15 -> 0
A19: Costo total estimado: Ciento Setenta y Nueve Mil Novecientos Ochenta y Dos con 00/100 | J19: =SUM(M12:M15) -> 179982

Sheet APG sasp
A1: EJERCICIO: | D1: 2021 | P1: AUTORIZACION PARA GASTAR
A4: JURISDICCIÓN: | G4: 040 - Ministerio de Salud
A5: SAF: | G5: 011- Dirección Provincial de Administración
A6: UNIDAD EJECUTORA: | G6: 743 - Secretaria de Asistencia en Salud Publica
A7: DEPENDENCIA SOLICITANTE: | G7: 743 - Secretaria de Asistencia en Salud Publica
A8: AUTORIZACIÓN:
A9: Señor Jefe de Servicio Administrativo Financiero:
A10: Autorizo la realización de los trámites correspondientes, a fin de proveer a este Organismo los bienes que se detallan en Nota de pedido y Entrega N°06/2021, afectando la erogación resultante a los créditos presupuestarios aprobados a favor de esta Unidad Ejecutora, conforme al siguiente detalle:
A12: IMPUTACIÓN PRESUPUESTARIA
A13: CÓDIGO | O13: DENOMINACIÓN DE LA PARTIDA PRESUPUESTARIA | Q13: IMPORTE
A14: PR | B14: SB | C14: PY | D14: AC | E14: OB | F14: UG | G14: FIN | H14: FUN | I14: I | J14: P | K14: P | L14: SubP | M14: M | N14: FF
A15: 3 | D15: 1 | F15: 4901 | G15: 1 | H15: 3 | I15: 2 | J15: 5 | K15: 6 | M15: 1 | N15: 1.1 | O15: Combustibles y Lubricantes | Q15: 179982
A23: TOTAL DE PESOS: Ciento Setenta y Nueve Mil Novecientos Ochenta y Dos con 00/100 | Q23: =SUM(Q15:Q22) -> 179982
A24: g
A25: JUSTIFICACIÓN:
A26: Adquisición de Combustibles.

Sheet NP MATERNO
A1: NOTA DE PEDIDO | J1: N° | K1: 04/2021
A3: JURISDICCIÓN: | D3: 040 - Ministerio de Salud
A4: SAF: | D4: 011 - Direccion Provincial de Administración - Ministerio de Salud
A5: UNIDAD EJECUTORA: | D5: 162 - DIR PROVINCIAL MATERNIDAD, INFANCIA Y ADOLESCENCIA
A6: DEPENDENCIA SOLICITANTE: | D6: 162 - DIR PROVINCIAL MATERNIDAD, INFANCIA Y ADOLESCENCIA
A7: PERIODO UTILIZACIÓN: | D7: 2° TRIMESTRE
A8: OBJETO: | D8: Adquisición de Combustibles.
A10: Ítem | B10: Codigo Item | C10: DESCRIPCIÓN | H10: Adjunta Detalle Técnico | I10: Unidad Medida | J10: Precio Unitario Estimado | K10: Cantidad Solicitada
A12: 1 | B12: =+'Necesidades Trimestrales (2)'!B10 -> 2.5.6-793.31 | C12: =+'NP sasp'!C12:G12 -> GAS OIL; PRESENTACION: POR LITRO, USO: MOTORES DIESEL,COMERCIALIZACION: GRADO 3, DESTINO: DPTO. S.F.V. DE CATAMARCA | H12: no | I12: UNIDAD | J12: =+'Necesidades Trimestrales (2)'!AR10 -> 90.9 | K12: 3020 | M12: =+K12*J12 -> 274518
M13: =+K13*J13 -> 0
M14: =+K14*J14 -> 0
M15: =+K15*J15 -> 0
A19: Costo total estimado: Doscientos Setenta y Cuatro Mil Quinientos Dieciocho con 00/100 | J19: =SUM(M12:M15) -> 274518

Sheet APG MATERNO
A1: EJERCICIO: | D1: 2021 | P1: AUTORIZACION PARA GASTAR
A4: JURISDICCIÓN: | G4: 040 - Ministerio de Salud
A5: SAF: | G5: 011- Dirección Provincial de Administración
A6: UNIDAD EJECUTORA: | G6: 162 - DIR PROVINCIAL MATERNIDAD, INFANCIA Y ADOLESCENCIA
A7: DEPENDENCIA SOLICITANTE: | G7: 162 - DIR PROVINCIAL MATERNIDAD, INFANCIA Y ADOLESCENCIA
A8: AUTORIZACIÓN:
A9: Señor Jefe de Servicio Administrativo Financiero:
A10: Autorizo la realización de los trámites correspondientes, a fin de proveer a este Organismo los bienes que se detallan en Nota de pedido y Entrega N°04/2021, afectando la erogación resultante a los créditos presupuestarios aprobados a favor de esta Unidad Ejecutora, conforme al siguiente detalle:
A12: IMPUTACIÓN PRESUPUESTARIA
A13: CÓDIGO | O13: DENOMINACIÓN DE LA PARTIDA PRESUPUESTARIA | Q13: IMPORTE
A14: PR | B14: SB | C14: PY | D14: AC | E14: OB | F14: UG | G14: FIN | H14: FUN | I14: I | J14: P | K14: P | L14: SubP | M14: M | N14: FF
A15: 20 | D15: 1 | F15: 4901 | G15: 3 | H15: 1 | I15: 2 | J15: 5 | K15: 6 | M15: 1 | N15: 1.1 | O15: Combustibles y Lubricantes | Q15: 274518
A23: TOTAL DE PESOS: Doscientos Setenta y Cuatro Mil Quinientos Dieciocho con 00/100 | Q23: =SUM(Q15:Q22) -> 274518
A25: JUSTIFICACIÓN:
A26: Adquisición de Combustibles.

Sheet NP SAME
A1: NOTA DE PEDIDO | J1: N° | K1: 09/2021
A3: JURISDICCIÓN: | D3: 040 - Ministerio de Salud
A4: SAF: | D4: 011 - Direccion Provincial de Administración - Ministerio de Salud
A5: UNIDAD EJECUTORA: | D5: 748 - DIRECCION PROVINCIAL DEL SISTEMA DE ATENCION MEDICA DE EMERGENCIA
A6: DEPENDENCIA SOLICITANTE: | D6: 748 - DIRECCION PROVINCIAL DEL SISTEMA DE ATENCION MEDICA DE EMERGENCIA
A7: PERIODO UTILIZACIÓN: | D7: 2° TRIMESTRE
A8: OBJETO: | D8: Adquisición de Combustibles.
A10: Ítem | B10: Codigo Item | C10: DESCRIPCIÓN | H10: Adjunta Detalle Técnico | I10: Unidad Medida | J10: Precio Unitario Estimado | K10: Cantidad Solicitada
A12: 1 | B12: =+'Necesidades Trimestrales (2)'!B10 -> 2.5.6-793.31 | C12: =+'NP MATERNO'!C12:G12 -> GAS OIL; PRESENTACION: POR LITRO, USO: MOTORES DIESEL,COMERCIALIZACION: GRADO 3, DESTINO: DPTO. S.F.V. DE CATAMARCA | H12: no | I12: UNIDAD | J12: =+'Necesidades Trimestrales (2)'!AR10 -> 90.9 | K12: 11870 | M12: =+K12*J12 -> 1078983
M13: =+K13*J13 -> 0
M14: =+K14*J14 -> 0
M15: =+K15*J15 -> 0
A19: Costo total estimado: Un Millon Setenta y Ocho Mil Novecientos Ochenta y Tres con 00/100 | J19: =SUM(M12:M15) -> 1078983

Sheet APG SAME
A1: EJERCICIO: | D1: 2021 | P1: AUTORIZACION PARA GASTAR
A4: JURISDICCIÓN: | G4: 040 - Ministerio de Salud
A5: SAF: | G5: 011- Dirección Provincial de Administración
A6: UNIDAD EJECUTORA: | G6: 748 - DIR PROVINCIAL DEL SISTEMA DE ATENCION MEDICA DE EMERGENCIA
A7: DEPENDENCIA SOLICITANTE: | G7: 748 - DIR PROVINCIAL DEL SISTEMA DE ATENCION MEDICA DE EMERGENCIA
A8: AUTORIZACIÓN:
A9: Señor Jefe de Servicio Administrativo Financiero:
A10: Autorizo la realización de los trámites correspondientes, a fin de proveer a este Organismo los bienes que se detallan en Nota de pedido y Entrega N°09/2021, afectando la erogación resultante a los créditos presupuestarios aprobados a favor de esta Unidad Ejecutora, conforme al siguiente detalle:
A12: IMPUTACIÓN PRESUPUESTARIA
A13: CÓDIGO | O13: DENOMINACIÓN DE LA PARTIDA PRESUPUESTARIA | Q13: IMPORTE
A14: PR | B14: SB | C14: PY | D14: AC | E14: OB | F14: UG | G14: FIN | H14: FUN | I14: I | J14: P | K14: P | L14: SubP | M14: M | N14: FF
A15: 31 | D15: 1 | F15: 4901 | G15: 3 | H15: 1 | I15: 2 | J15: 5 | K15: 6 | M15: 1 | N15: 1.1 | O15: Combustibles y Lubricantes | Q15: 1078983
A23: TOTAL DE PESOS: Un Millon Setenta y Ocho Mil Novecientos Ochenta y Tres con 00/100 | Q23: =SUM(Q15:Q22) -> 1078983
A25: JUSTIFICACIÓN:
A26: Adquisición de Combustibles.

Sheet NP CANCER
A1: NOTA DE PEDIDO | J1: N° | K1: 07/2021
A3: JURISDICCIÓN: | D3: 040 - Ministerio de Salud
A4: SAF: | D4: 011 - Direccion Provincial de Administración - Ministerio de Salud
A5: UNIDAD EJECUTORA: | D5: 159 - DIRECCION PROVINCIAL DE CANCER
A6: DEPENDENCIA SOLICITANTE: | D6: 159 - DIRECCION PROVINCIAL DE CANCER
A7: PERIODO UTILIZACIÓN: | D7: 2° TRIMESTRE
A8: OBJETO: | D8: Adquisición de Combustibles.
A10: Ítem | B10: Codigo Item | C10: DESCRIPCIÓN | H10: Adjunta Detalle Técnico | I10: Unidad Medida | J10: Precio Unitario Estimado | K10: Cantidad Solicitada
A12: 1 | B12: =+'Necesidades Trimestrales (2)'!B10 -> 2.5.6-793.31 | C12: =+'NP SAME'!C12:G12 -> GAS OIL; PRESENTACION: POR LITRO, USO: MOTORES DIESEL,COMERCIALIZACION: GRADO 3, DESTINO: DPTO. S.F.V. DE CATAMARCA | H12: no | I12: UNIDAD | J12: =+'Necesidades Trimestrales (2)'!AR10 -> 90.9 | K12: 1080 | M12: =+K12*J12 -> 98172
M13: =+K13*J13 -> 0
M14: =+K14*J14 -> 0
M15: =+K15*J15 -> 0
A19: Costo total estimado: Noventa y Ocho Mil Ciento Setenta y Dos con 00/100 | J19: =SUM(M12:M15) -> 98172

Sheet APG CANCER
A1: EJERCICIO: | D1: 2021 | P1: AUTORIZACION PARA GASTAR
A4: JURISDICCIÓN: | G4: 040 - Ministerio de Salud
A5: SAF: | G5: 011- Dirección Provincial de Administración
A6: UNIDAD EJECUTORA: | G6: 159 - DIRECCION PROVINCIAL DE CANCER
A7: DEPENDENCIA SOLICITANTE: | G7: 159 - DIRECCION PROVINCIAL DE CANCER
A8: AUTORIZACIÓN:
A9: Señor Jefe de Servicio Administrativo Financiero:
A10: Autorizo la realización de los trámites correspondientes, a fin de proveer a este Organismo los bienes que se detallan en Nota de pedido y Entrega N°07/2021, afectando la erogación resultante a los créditos presupuestarios aprobados a favor de esta Unidad Ejecutora, conforme al siguiente detalle:
A12: IMPUTACIÓN PRESUPUESTARIA
A13: CÓDIGO | O13: DENOMINACIÓN DE LA PARTIDA PRESUPUESTARIA | Q13: IMPORTE
A14: PR | B14: SB | C14: PY | D14: AC | E14: OB | F14: UG | G14: FIN | H14: FUN | I14: I | J14: P | K14: P | L14: SubP | M14: M | N14: FF
A15: 44 | D15: 1 | F15: 4901 | G15: 3 | H15: 1 | I15: 2 | J15: 5 | K15: 6 | M15: 1 | N15: 1.1 | O15: Combustibles y Lubricantes | Q15: 98172
A23: TOTAL DE PESOS: Noventa y Ocho Mil Ciento Setenta y Dos con 00/100 | Q23: =SUM(Q15:Q22) -> 98172
A25: JUSTIFICACIÓN:
A26: Adquisición de Combustibles.

Sheet NP BCO DE SANGRE
A1: NOTA DE PEDIDO | J1: N° | K1: 05/2021
A3: JURISDICCIÓN: | D3: 040 - Ministerio de Salud
A4: SAF: | D4: 011 - Direccion Provincial de Administración - Ministerio de Salud
A5: UNIDAD EJECUTORA: | D5: 747 - DIRECCION PROVINCIAL BANCO DE SANGRE
A6: DEPENDENCIA SOLICITANTE: | D6: 747 - DIRECCION PROVINCIAL BANCO DE SANGRE
A7: PERIODO UTILIZACIÓN: | D7: 2° TRIMESTRE
A8: OBJETO: | D8: Adquisición de Combustibles.
A10: Ítem | B10: Codigo Item | C10: DESCRIPCIÓN | H10: Adjunta Detalle Técnico | I10: Unidad Medida | J10: Precio Unitario Estimado | K10: Cantidad Solicitada
A12: 1 | B12: =+'Necesidades Trimestrales (2)'!B10 -> 2.5.6-793.31 | C12: =+'NP CANCER'!C12:G12 -> GAS OIL; PRESENTACION: POR LITRO, USO: MOTORES DIESEL,COMERCIALIZACION: GRADO 3, DESTINO: DPTO. S.F.V. DE CATAMARCA | H12: no | I12: UNIDAD | J12: =+'Necesidades Trimestrales (2)'!AR10 -> 90.9 | K12: 150 | M12: =+K12*J12 -> 13635
M13: =+K13*J13 -> 0
M14: =+K14*J14 -> 0
M15: =+K15*J15 -> 0
A19: Costo total estimado: Trece Mil Seiscientos Treinta y Cinco con 00/100 | J19: =SUM(M12:M15) -> 13635

Sheet APG BCO DE SANGRE
A1: EJERCICIO: | D1: 2021 | P1: AUTORIZACION PARA GASTAR
A4: JURISDICCIÓN: | G4: 040 - Ministerio de Salud
A5: SAF: | G5: 011- Dirección Provincial de Administración
A6: UNIDAD EJECUTORA: | G6: 747 - DIRECCION PROVINCIAL BANCO DE SANGRE
A7: DEPENDENCIA SOLICITANTE: | G7: 747 - DIRECCION PROVINCIAL BANCO DE SANGRE
A8: AUTORIZACIÓN:
A9: Señor Jefe de Servicio Administrativo Financiero:
A10: Autorizo la realización de los trámites correspondientes, a fin de proveer a este Organismo los bienes que se detallan en Nota de pedido y Entrega N°05/2021, afectando la erogación resultante a los créditos presupuestarios aprobados a favor de esta Unidad Ejecutora, conforme al siguiente detalle:
A12: IMPUTACIÓN PRESUPUESTARIA
A13: CÓDIGO | O13: DENOMINACIÓN DE LA PARTIDA PRESUPUESTARIA | Q13: IMPORTE
A14: PR | B14: SB | C14: PY | D14: AC | E14: OB | F14: UG | G14: FIN | H14: FUN | I14: I | J14: P | K14: P | L14: SubP | M14: M | N14: FF
A15: 27 | D15: 1 | F15: 4901 | G15: 3 | H15: 1 | I15: 2 | J15: 5 | K15: 6 | M15: 1 | N15: 1.1 | O15: Combustibles y Lubricantes | Q15: 13635
A23: TOTAL DE PESOS: Trece Mil Seiscientos Treinta y Cinco con 00/100 | Q23: =SUM(Q15:Q22) -> 13635
A25: JUSTIFICACIÓN:
A26: Adquisición de Combustibles.

Sheet NP ATENCION PRIMARIA
A1: NOTA DE PEDIDO | J1: N° | K1: 07/2021
A3: JURISDICCIÓN: | D3: 040 - Ministerio de Salud
A4: SAF: | D4: 011 - Direccion Provincial de Administración - Ministerio de Salud
A5: UNIDAD EJECUTORA: | D5: 750 - DIRECCION PROVINCIAL PRIMER NIVEL DE ATENCION PRIMARIA
A6: DEPENDENCIA SOLICITANTE: | D6: 750 - DIRECCION PROVINCIAL PRIMER NIVEL DE ATENCION PRIMARIA
A7: PERIODO UTILIZACIÓN: | D7: 2° TRIMESTRE
A8: OBJETO: | D8: Adquisición de Combustibles.
A10: Ítem | B10: Codigo Item | C10: DESCRIPCIÓN | H10: Adjunta Detalle Técnico | I10: Unidad Medida | J10: Precio Unitario Estimado | K10: Cantidad Solicitada
A12: 1 | B12: =+'Necesidades Trimestrales (2)'!B10 -> 2.5.6-793.31 | C12: =+'NP BCO DE SANGRE'!C12:G12 -> GAS OIL; PRESENTACION: POR LITRO, USO: MOTORES DIESEL,COMERCIALIZACION: GRADO 3, DESTINO: DPTO. S.F.V. DE CATAMARCA | H12: no | I12: UNIDAD | J12: =+'Necesidades Trimestrales (2)'!AR10 -> 90.9 | K12: 860 | M12: =+K12*J12 -> 78174
M13: =+K13*J13 -> 0
M14: =+K14*J14 -> 0
M15: =+K15*J15 -> 0
A19: Costo total estimado: Setenta y Ocho Mil Ciento Setenta y Cuatro con 00/100 | J19: =SUM(M12:M15) -> 78174

Sheet APG ATENCION PRIMARIA
A1: EJERCICIO: | D1: 2021 | P1: AUTORIZACION PARA GASTAR
A4: JURISDICCIÓN: | G4: 040 - Ministerio de Salud
A5: SAF: | G5: 011- Dirección Provincial de Administración
A6: UNIDAD EJECUTORA: | G6: 750 - DIRECCION PROVINCIAL PRIMER NIVEL DE ATENCION PRIMARIA
A7: DEPENDENCIA SOLICITANTE: | G7: 750 - DIRECCION PROVINCIAL PRIMER NIVEL DE ATENCION PRIMARIA
A8: AUTORIZACIÓN:
A9: Señor Jefe de Servicio Administrativo Financiero:
A10: Autorizo la realización de los trámites correspondientes, a fin de proveer a este Organismo los bienes que se detallan en Nota de pedido y Entrega N°07/2021, afectando la erogación resultante a los créditos presupuestarios aprobados a favor de esta Unidad Ejecutora, conforme al siguiente detalle:
A12: IMPUTACIÓN PRESUPUESTARIA
A13: CÓDIGO | O13: DENOMINACIÓN DE LA PARTIDA PRESUPUESTARIA | Q13: IMPORTE
A14: PR | B14: SB | C14: PY | D14: AC | E14: OB | F14: UG | G14: FIN | H14: FUN | I14: I | J14: P | K14: P | L14: SubP | M14: M | N14: FF
A15: 47 | D15: 1 | F15: 4901 | G15: 3 | H15: 1 | I15: 2 | J15: 5 | K15: 6 | M15: 1 | N15: 1.1 | O15: Combustibles y Lubricantes | Q15: 78174
A23: TOTAL DE PESOS: Setenta y Ocho Mil Ciento Setenta y Cuatro con 00/100 | Q23: =SUM(Q15:Q22) -> 78174
A25: JUSTIFICACIÓN:
A26: Adquisición de Combustibles.
