Workbook

Sheet DESC. NUTRICION NT 
B2: Pedido de Necesidades Trimestrales
A4: JURISDICCION: | C4: 40 - Ministerio de Salud
A5: SAF N°: | C5: 23 - Hospital Interzonal San Juan Bautista
A6: EJERCICIO: | C6: 2021
A7: TRIMESTRE: | C7: 1
A9: ID | B9: CODIGO ITEM | C9: RUBRO DE COMPRA | D9: I.P.P. | E9: DESCRIPCION | F9: UNIDAD DE MEDIDA | G9: CANTIDAD | H9: PRECIO UNITARIO ESTIMADO | I9: IMPORTE TOTAL ESTIMADO
A10: 1 | B10: 2.9.4-4743.4 | C10: BAZAR Y MENAJE | D10: 2.9.4 | E10: BANDEJA P/TRANSP. DE ALIMENTO; CAPACIDAD: 700 GR, MATERIAL: ALUMINIO, TIPO: SIN VALOR, MEDIDAS: 14 X 10 X 4,5 Cm, INTERIOR: SIN VALOR, EXTERIOR: SIN VALOR, DIMENSION: 14 X 10 X 4,5 Cm, ACABADO: SIN VALOR | F10: UNIDAD | G10: 18000 | H10: 18 | I10: =G10*H10 -> 324000 | L10: BANDEJA P/TRANSP. DE ALIMENTO; CAPACIDAD: 700 GR, MATERIAL: ALUMINIO, TIPO: SIN VALOR, MEDIDAS: 14 X 10 X 4,5 Cm, INTERIOR: SIN VALOR, EXTERIOR: SIN VALOR, DIMENSION: 14 X 10 X 4,5 Cm, ACABADO: SIN VALOR
A11: 2 | B11: 2.9.4-4743.24 | C11: BAZAR Y MENAJE | D11: 2.9.4 | E11: BANDEJA P/TRANSP. DE ALIMENTO; DIMENSION: 18 X 14 X 4 Cm, TIPO: C/TAPA, MATERIAL: ALUMINIO APTO MICROONDAS, CAPACIDAD: 750 CM3 | F11: UNIDAD | G11: 5000 | H11: 16 | I11: =G11*H11 -> 80000 | L11: BANDEJA P/TRANSP. DE ALIMENTO; DIMENSION: 18 X 14 X 4 Cm, TIPO: C/TAPA, MATERIAL: ALUMINIO APTO MICROONDAS, CAPACIDAD: 750 CM3
A12: 3 | B12: 2.9.4-6970.3 | C12: BAZAR Y MENAJE | D12: 2.9.4 | E12: COMPOTERAS; MATERIAL: POLICARBONATO, CAPACIDAD: 250 mL | F12: UNIDAD | G12: 18000 | H12: 6.5 | I12: =G12*H12 -> 117000 | L12: COMPOTERAS; MATERIAL: POLICARBONATO, CAPACIDAD: 250 mL
A13: 4 | B13: 2.9.4-690.15 | C13: BAZAR Y MENAJE | D13: 2.9.4 | E13: CUCHARAS; TIPO: DE MESA, MATERIAL: PLASTICO | F13: UNIDAD | G13: 12000 | H13: 2.5 | I13: =G13*H13 -> 30000 | L13: CUCHARAS; TIPO: DE MESA, MATERIAL: PLASTICO
A14: 5 | B14: 2.9.4-690.16 | C14: BAZAR Y MENAJE | D14: 2.9.4 | E14: CUCHARAS; TIPO: TE, MATERIAL: PLASTICO | F14: UNIDAD | G14: 12000 | H14: 1.1 | I14: =G14*H14 -> 13200 | L14: CUCHARAS; TIPO: TE, MATERIAL: PLASTICO
A15: 6 | B15: 2.9.4-689.15 | C15: BAZAR Y MENAJE | D15: 2.9.4. | E15: CUCHILLOS; TIPO: DE MESA, MATERIAL: PLASTICO | F15: UNIDAD | G15: 12000 | H15: 1.7 | I15: =G15*H15 -> 20400 | L15: CUCHILLOS; TIPO: DE MESA, MATERIAL: PLASTICO
A16: 7 | B16: 2.9.4-692.10 | C16: BAZAR Y MENAJE | D16: 2.9.4 | E16: TENEDORES; TIPO: DE MESA, MATERIAL: PLASTICO | F16: UNIDAD | G16: 12000 | H16: 1.7 | I16: =G16*H16 -> 20400 | L16: TENEDORES; TIPO: DE MESA, MATERIAL: PLASTICO
A17: 8 | B17: 2.9.4-1015.40 | C17: BAZAR Y MENAJE | D17: 2.9.4 | E17: BANDEJAS DE MESA; MATERIAL: PLASTICO, DIMENSION: 16,5 X 12 X 5,5 Cm, FORMA: RECTANGULAR | F17: UNIDAD | G17: 1500 | H17: 7 | I17: =G17*H17 -> 10500 | L17: BANDEJAS DE MESA; MATERIAL: PLASTICO, DIMENSION: 16,5 X 12 X 5,5 Cm, FORMA: RECTANGULAR | M17: A
A18: 9 | B18: 2.5.8-3977.40 | C18: FERRETERIA | D18: 2.5.8 | E18: BOLSAS DE POLIETILENO; TAMAÑO: 15 X 25 Cm, ESPESOR: 17 Mn, PRESENTACION: ROLLO X 200 UN | F18: UNIDAD | G18: 50 | H18: 300 | I18: =G18*H18 -> 15000 | L18: BOLSAS DE POLIETILENO; TAMAÑO: 15 X 25 Cm, ESPESOR: 17 Mn, PRESENTACION: ROLLO X 200 UN
A19: 10 | B19: 2.9.4-1184.49 | C19: BAZAR Y MENAJE | D19: 2.9.4 | E19: VASOS; MATERIAL: POLIESTIRENO, TIPO: TERMICO, CAPACIDAD: 240 mL | F19: UNIDAD | G19: 18000 | H19: 5 | I19: =G19*H19 -> 90000 | L19: VASOS; MATERIAL: POLIESTIRENO, TIPO: TERMICO, CAPACIDAD: 240 mL
A20: 11 | B20: 2.9.4-588.70 | C20: BAZAR Y MENAJE | D20: 2.9.4 | E20: VASOS PLASTICOS DESCARTABLES; MATERIAL: POLIESTIRENO, MOTIVO: LISO, CAPACIDAD: 240 CM3, PRESENTACION: ENVASE X 1000 UN, TIPO: APTO MICROONDAS | F20: ENVASE | G20: 18 | H20: 8500 | I20: =G20*H20 -> 153000 | L20: VASOS PLASTICOS DESCARTABLES; MATERIAL: POLIESTIRENO, MOTIVO: LISO, CAPACIDAD: 240 CM3, PRESENTACION: ENVASE X 1000 UN, TIPO: APTO MICROONDAS
A21: 12 | B21: 2.3.4-938.46 | C21: BAZAR Y MENAJE | D21: 2.3.4 | E21: SERVILLETAS DE PAPEL; TIPO: LISAS, MOTIVO: SIN, DIMENSION: 33 X 33 Cm, PRESENTACION: PAQUETE X 1000 UN, COLOR: BLANCA | F21: CAJAS | G21: 10 | H21: 1200 | I21: =G21*H21 -> 12000 | L21: SERVILLETAS DE PAPEL; TIPO: LISAS, MOTIVO: SIN, DIMENSION: 33 X 33 Cm, PRESENTACION: PAQUETE X 1000 UN, COLOR: BLANCA
A22: 13 | B22: 2.5.8-1055.37 | C22: BAZAR Y MENAJE | D22: 2.5.8 | E22: BANDEJAS DE PLASTICO; MATERIAL: PLASTICO, LARGO X ANCHO: 233 X 170 mm, FORMA: OVAL, PRESENTACION: CAJA X 600 | F22: CAJAS | G22: 2 | H22: 21000 | I22: =G22*H22 -> 42000 | L22: BANDEJAS DE PLASTICO; MATERIAL: PLASTICO, LARGO X ANCHO: 233 X 170 mm, FORMA: OVAL, PRESENTACION: CAJA X 600
A23: 14 | B23: 2.5.8-5590.59 | C23: LIBRERIA,PAP. Y UTILES OFICINA | D23: 2.5.8 | E23: FILMS DE POLIETILENO; ESPESOR: 10 Mn, ANCHO: 45 Cm, PRESENTACION: ROLLO X 900 M, USO: ALIMENTARIO | F23: UNIDAD | G23: 3 | H23: 1200 | I23: =G23*H23 -> 3600 | L23: FILMS DE POLIETILENO; ESPESOR: 10 Mn, ANCHO: 45 Cm, PRESENTACION: ROLLO X 900 M, USO: ALIMENTARIO
A24: 15 | B24: 2.9.4-1184.42 | C24: BAZAR Y MENAJE | D24: 2.9.4 | E24: VASOS; MATERIAL: POLIESTIRENO EXPANDIDO, TIPO: DESCARTABLE, CAPACIDAD: 180 CM3 | F24: UNIDAD | G24: 5000 | H24: 8 | I24: =G24*H24 -> 40000 | L24: VASOS; MATERIAL: POLIESTIRENO EXPANDIDO, TIPO: DESCARTABLE, CAPACIDAD: 180 CM3
A25: 16 | B25: 2.3.4-938.59 | C25: BAZAR Y MENAJE | D25: 2.3.4 | E25: SERVILLETAS DE PAPEL; TIPO: ROLLO, MOTIVO: SIN, DIMENSION: 25 X 10 Cm, PRESENTACION: ENVASE X 3 UN | F25: PACK | G25: 70 | H25: 90 | I25: =G25*H25 -> 6300 | L25: SERVILLETAS DE PAPEL; TIPO: ROLLO, MOTIVO: SIN, DIMENSION: 25 X 10 Cm, PRESENTACION: ENVASE X 3 UN
A26: 17 | B26: 2.9.5-1909.206 | C26: PROD. MEDICO/FARMACEUTICOS/LAB | D26: 2.9.5 | E26: GUANTES USO MEDICINAL; TIPO: DESCARTABLE, TAMAÑO: UNICO, MATERIAL: POLIETILENO, PRESENTACION: ENVASE X 100 UN, ESTERIL: SI, TALCO: NO, DESCARTABLE: SI | F26: CAJAS | G26: 10 | H26: 80 | I26: =G26*H26 -> 800 | L26: GUANTES USO MEDICINAL; TIPO: DESCARTABLE, TAMAÑO: UNICO, MATERIAL: POLIETILENO, PRESENTACION: ENVASE X 100 UN, ESTERIL: SI, TALCO: NO, DESCARTABLE: SI
B28: (*) PLAZO DE ENTREGA: SEGÚN NECESIDAD DEL SERVICIO DE NUTRICION DEL HISJB - LUGAR DE ENTREGA: SERVICIO DE NUTRICION DEL HISJB
B31: Especificidades Item N° 11:
B33: Descripción técnica
C34: VASO PLASTICO REDONDO CON TAPA PARA POSTRES X 240 CC. X 1000 UNIDADES
B35: Plazos y lugares de entrega
C36: ver (*)
B38: Calidad Minima esperada
B40: Mantenimiento
B42: Garantia
B46: Especificidades Item N° 16:
B48: Descripción técnica
C49: VASO TÉRMICO PARA INFUSIONES X 180 CC. CON TAPAS
B50: Plazos y lugares de entrega
C51: ver (*)
B53: Calidad Minima esperada
B55: Mantenimiento
B57: Garantia

Sheet DESC. NUTRICION NPYE 
A1: NOTA DE PEDIDO | J1: N° | K1: 373 - 2020
A3: JURISDICCIÓN: | D3: ='DESC. NUTRICION NT '!C4 -> 40 - Ministerio de Salud
A4: SAF: | D4: ='DESC. NUTRICION NT '!C5 -> 23 - Hospital Interzonal San Juan Bautista
A5: UNIDAD EJECUTORA: | D5: 168 - Direccion Asistencial
A6: DEPENDENCIA SOLICITANTE: | D6: Servicio de Nutrición
A7: PERIODO UTILIZACIÓN: | D7: ='[1]DESC. NUTRICION NT '!C7 & "° Trimestre - Año " & '[1]DESC. NUTRICION NT '!C6 -> 1° Trimestre - Año 2021
A8: OBJETO: | D8: Adquisición de Descartables Para Nutrición
A10: Ítem | B10: Codigo Item | C10: DESCRIPCIÓN | H10: Adjunta Detalle Técnico | I10: Unidad Medida | J10: Precio Unitario Estimado | K10: Cantidad Solicitada
A12: 1 | B12: ='DESC. NUTRICION NT '!B10 -> 2.9.4-4743.4 | C12: ='DESC. NUTRICION NT '!E10 -> BANDEJA P/TRANSP. DE ALIMENTO; CAPACIDAD: 700 GR, MATERIAL: ALUMINIO, TIPO: SIN VALOR, MEDIDAS: 14 X 10 X 4,5 Cm, INTERIOR: SIN VALOR, EXTERIOR: SIN VALOR, DIMENSION: 14 X 10 X 4,5 Cm, ACABADO: SIN VALOR | H12: NO | I12: ='DESC. NUTRICION NT '!F10 -> UNIDAD | J12: ='DESC. NUTRICION NT '!H10 -> 18 | K12: ='DESC. NUTRICION NT '!G10 -> 18000
A13: 2 | B13: ='DESC. NUTRICION NT '!B11 -> 2.9.4-4743.24 | C13: ='DESC. NUTRICION NT '!E11 -> BANDEJA P/TRANSP. DE ALIMENTO; DIMENSION: 18 X 14 X 4 Cm, TIPO: C/TAPA, MATERIAL: ALUMINIO APTO MICROONDAS, CAPACIDAD: 750 CM3 | H13: NO | I13: ='DESC. NUTRICION NT '!F11 -> UNIDAD | J13: ='DESC. NUTRICION NT '!H11 -> 16 | K13: ='DESC. NUTRICION NT '!G11 -> 5000
A14: 3 | B14: ='DESC. NUTRICION NT '!B12 -> 2.9.4-6970.3 | C14: ='DESC. NUTRICION NT '!E12 -> COMPOTERAS; MATERIAL: POLICARBONATO, CAPACIDAD: 250 mL | H14: NO | I14: ='DESC. NUTRICION NT '!F12 -> UNIDAD | J14: ='DESC. NUTRICION NT '!H12 -> 6.5 | K14: ='DESC. NUTRICION NT '!G12 -> 18000
A15: 4 | B15: ='DESC. NUTRICION NT '!B13 -> 2.9.4-690.15 | C15: ='DESC. NUTRICION NT '!E13 -> CUCHARAS; TIPO: DE MESA, MATERIAL: PLASTICO | H15: NO | I15: ='DESC. NUTRICION NT '!F13 -> UNIDAD | J15: ='DESC. NUTRICION NT '!H13 -> 2.5 | K15: ='DESC. NUTRICION NT '!G13 -> 12000
A16: 5 | B16: ='DESC. NUTRICION NT '!B14 -> 2.9.4-690.16 | C16: ='DESC. NUTRICION NT '!E14 -> CUCHARAS; TIPO: TE, MATERIAL: PLASTICO | H16: NO | I16: ='DESC. NUTRICION NT '!F14 -> UNIDAD | J16: ='DESC. NUTRICION NT '!H14 -> 1.1 | K16: ='DESC. NUTRICION NT '!G14 -> 12000
A17: 6 | B17: ='DESC. NUTRICION NT '!B15 -> 2.9.4-689.15 | C17: ='DESC. NUTRICION NT '!E15 -> CUCHILLOS; TIPO: DE MESA, MATERIAL: PLASTICO | H17: NO | I17: ='DESC. NUTRICION NT '!F15 -> UNIDAD | J17: ='DESC. NUTRICION NT '!H15 -> 1.7 | K17: ='DESC. NUTRICION NT '!G15 -> 12000
A18: 7 | B18: ='DESC. NUTRICION NT '!B16 -> 2.9.4-692.10 | C18: ='DESC. NUTRICION NT '!E16 -> TENEDORES; TIPO: DE MESA, MATERIAL: PLASTICO | H18: NO | I18: ='DESC. NUTRICION NT '!F16 -> UNIDAD | J18: ='DESC. NUTRICION NT '!H16 -> 1.7 | K18: ='DESC. NUTRICION NT '!G16 -> 12000
A19: 8 | B19: ='DESC. NUTRICION NT '!B17 -> 2.9.4-1015.40 | C19: ='DESC. NUTRICION NT '!E17 -> BANDEJAS DE MESA; MATERIAL: PLASTICO, DIMENSION: 16,5 X 12 X 5,5 Cm, FORMA: RECTANGULAR | H19: NO | I19: ='DESC. NUTRICION NT '!F17 -> UNIDAD | J19: ='DESC. NUTRICION NT '!H17 -> 7 | K19: ='DESC. NUTRICION NT '!G17 -> 1500
A20: 9 | B20: ='DESC. NUTRICION NT '!B18 -> 2.5.8-3977.40 | C20: ='DESC. NUTRICION NT '!E18 -> BOLSAS DE POLIETILENO; TAMAÑO: 15 X 25 Cm, ESPESOR: 17 Mn, PRESENTACION: ROLLO X 200 UN | H20: NO | I20: ='DESC. NUTRICION NT '!F18 -> UNIDAD | J20: ='DESC. NUTRICION NT '!H18 -> 300 | K20: ='DESC. NUTRICION NT '!G18 -> 50
A21: 10 | B21: ='DESC. NUTRICION NT '!B19 -> 2.9.4-1184.49 | C21: ='DESC. NUTRICION NT '!E19 -> VASOS; MATERIAL: POLIESTIRENO, TIPO: TERMICO, CAPACIDAD: 240 mL | H21: NO | I21: ='DESC. NUTRICION NT '!F19 -> UNIDAD | J21: ='DESC. NUTRICION NT '!H19 -> 5 | K21: ='DESC. NUTRICION NT '!G19 -> 18000
A22: 11 | B22: ='DESC. NUTRICION NT '!B20 -> 2.9.4-588.70 | C22: ='DESC. NUTRICION NT '!E20 -> VASOS PLASTICOS DESCARTABLES; MATERIAL: POLIESTIRENO, MOTIVO: LISO, CAPACIDAD: 240 CM3, PRESENTACION: ENVASE X 1000 UN, TIPO: APTO MICROONDAS | H22: NO | I22: ='DESC. NUTRICION NT '!F20 -> ENVASE | J22: ='DESC. NUTRICION NT '!H20 -> 8500 | K22: ='DESC. NUTRICION NT '!G20 -> 18
A23: 12 | B23: ='DESC. NUTRICION NT '!B21 -> 2.3.4-938.46 | C23: ='DESC. NUTRICION NT '!E21 -> SERVILLETAS DE PAPEL; TIPO: LISAS, MOTIVO: SIN, DIMENSION: 33 X 33 Cm, PRESENTACION: PAQUETE X 1000 UN, COLOR: BLANCA | H23: NO | I23: ='DESC. NUTRICION NT '!F21 -> CAJAS | J23: ='DESC. NUTRICION NT '!H21 -> 1200 | K23: ='DESC. NUTRICION NT '!G21 -> 10
... A28: 17 | B28: ='DESC. NUTRICION NT '!B26 -> 2.9.5-1909.206 | C28: ='DESC. NUTRICION NT '!E26 -> GUANTES USO MEDICINAL; TIPO: DESCARTABLE, TAMAÑO: UNICO, MATERIAL: POLIETILENO, PRESENTACION: ENVASE X 100 UN, ESTERIL: SI, TALCO: NO, DESCARTABLE: SI | H28: NO | I28: ='DESC. NUTRICION NT '!F26 -> CAJAS | J28: ='DESC. NUTRICION NT '!H26 -> 80 | K28: ='DESC. NUTRICION NT '!G26 -> 10
A29: Costo total estimado: NOVECIENTOS SETENTA Y OCHO MIL DOSCIENTOS CON 00/100.----------------- | J29: =SUMPRODUCT(J12:J28,K12:K28) -> 978200

Sheet DESC. NUTRICION
A1: EJERCICIO: | D1: ='[1]DESC. NUTRICION NT '!C6 -> 2021 | P1: AUTORIZACION PARA GASTAR
A4: JURISDICCIÓN: | G4: ='DESC. NUTRICION NPYE '!D3 -> 40 - Ministerio de Salud
A5: SAF: | G5: ='DESC. NUTRICION NPYE '!D4 -> 23 - Hospital Interzonal San Juan Bautista
A6: UNIDAD EJECUTORA: | G6: ='DESC. NUTRICION NPYE '!D5 -> 168 - Direccion Asistencial
A7: DEPENDENCIA SOLICITANTE: | G7: ='DESC. NUTRICION NPYE '!D6 -> Servicio de Nutrición
A8: AUTORIZACIÓN:
A9: Señor Jefe de Servicio Administrativo Financiero:
A10: ="Autorizo la realización de los trámites correspondientes, a fin de proveer a este Organismo los bienes y/o servicios que se detallan en Nota de Pedido N° " & '[2]DESC. NUTRICION NPYE '!K1&", afectando la erogación resultante a los créditos presupuestarios aprobados a favor de esta Unidad Ejecutora, conforme al siguiente detalle:" -> Autorizo la realización de los trámites correspondientes, a fin de proveer a este Organismo los bienes y/o servicios que se detallan en Nota de Pedido N° 373 - 2020, afectando la erogación resultante a los créditos presupuestarios aprobados a favor de esta Unidad Ejecutora, conforme al siguiente detalle:
A12: IMPUTACIÓN PRESUPUESTARIA
A13: CÓDIGO | O13: DENOMINACIÓN DE LA PARTIDA PRESUPUESTARIA | Q13: IMPORTE
A14: PR | B14: SB | C14: PY | D14: AC | E14: OB | F14: UG | G14: FIN | H14: FUN | I14: I | J14: P | K14: P | L14: SubP | M14: M | N14: FF
A15: 33 | D15: 2 | F15: 4901 | G15: 3 | H15: 3.1 | I15: 2 | J15: 3 | K15: 4 | M15: 1 | N15: 1.1 | O15: Productos de papel y carton | Q15: 18300
A16: 33 | D16: 2 | F16: 4901 | G16: 3 | H16: 3.1 | I16: 2 | J16: 5 | K16: 8 | M16: 1 | N16: 1.1 | O16: Productos de material plastico | Q16: 60600
A17: 33 | D17: 2 | F17: 4901 | G17: 3 | H17: 3.1 | I17: 2 | J17: 9 | K17: 4 | M17: 1 | N17: 1.1 | O17: Utensillos de cocina y comedor | Q17: 898500
A18: 33 | D18: 2 | F18: 4901 | G18: 3 | H18: 3.1 | I18: 2 | J18: 9 | K18: 5 | M18: 1 | N18: 1.1 | O18: Utensillos Men, Med, Quir y Laborat. | Q18: 800
A23: TOTAL DE PESOS: NOVECIENTOS SETENTA Y OCHO MIL DOSCIENTOS CON 00/100.- | Q23: =SUM(Q15:Q22) -> 978200
A25: JUSTIFICACIÓN:
A26: ="Para la "& '[2]DESC. NUTRICION NPYE '!D8 &" para ser destinados al " & '[2]DESC. NUTRICION NPYE '!D6 &" del HISJB del Ministerio de Salud." -> Para la Adquisición de Descartables Para Nutrición para ser destinados al Servicio de Nutrición del HISJB del Ministerio de Salud.
