Workbook

Sheet Necesidades Trimestrales
B2: Pedido de Necesidades Trimestrales
A4: JURISDICCION: | D4: 040 - Ministerio de Salud
A5: SAF N°: | D5: 024 - Hospital Interzonal de Niños
A6: EJERCICIO: | D6: 2021
A7: TRIMESTRE: | D7: 1
A9: ID | B9: IPP | C9: CODIGO ITEM | D9: RUBRO DE COMPRA | E9: DESCRIPCION | F9: UNIDAD DE MEDIDA | G9: CANTIDAD | H9: PRECIO UNITARIO ESTIMADO | I9: IMPORTE TOTAL ESTIMADO
A10: 1 | B10: 251 | D10: PROD. MEDICO/FARMACEUTICOS/LAB | E10: REACTIVOS P/LAB. TEC. MANUAL ; NOMBRE: SUERO HEMOTIPIFICADOR ANTI-A1, USO: HEMOTERAPIA, PRESENTACION: ENVASE X 10 mL | F10: UNIDAD | G10: 4 | H10: 786 | I10: =+G10*H10 -> 3144
A11: 2 | B11: 251 | D11: PROD. MEDICO/FARMACEUTICOS/LAB | E11: REACTIVOS P/LAB. TEC. MANUAL ; NOMBRE: SUERO HEMOTIPIFICADOR ANTI-B, USO: HEMOTERAPIA, PRESENTACION: ENVASE X 10 mL | F11: UNIDAD | G11: 4 | H11: 786 | I11: =G11*H11 -> 3144
A12: 3 | B12: 251 | D12: PROD. MEDICO/FARMACEUTICOS/LAB | E12: REACTIVOS P/LAB. TEC. MANUAL ; NOMBRE: SUERO HEMOTIPIFICADOR ANTI-AB, USO: HEMOTERAPIA, PRESENTACION: ENVASE X 10 mL | F12: UNIDAD | G12: 4 | H12: 797 | I12: =G12*H12 -> 3188
A13: 4 | B13: 251 | D13: PROD. MEDICO/FARMACEUTICOS/LAB | E13: REACTIVO P/LAB TEC. MANUAL NOMBRE:SOLUCION DE BAJA FUERZA IONICA (LISS) USO: HEMOTERAPIA PRESENTACION FCO X 10 ML | F13: UNIDAD | G13: 4 | H13: 1487 | I13: =+G13*H13 -> 5948
A14: 5 | B14: 251 | D14: PROD. MEDICO/FARMACEUTICOS/LAB | E14: REACTIVOS P/LAB. TEC. MANUAL ; NOMBRE: SUERO HEMOTIPIFICADOR ANTI-D, USO: HEMOTERAPIA, PRESENTACION: ENVASE X 10 mL | F14: UNIDAD | G14: 4 | H14: 1487 | I14: =+G14*H14 -> 5948
A15: 6 | B15: 251 | D15: PROD. MEDICO/FARMACEUTICOS/LAB | E15: REACTIVOS P/LAB. TEC. MANUAL ; NOMBRE: SUERO COOMBS POLI.ANTI IGG/C3B, USO: HEMOTERAPIA, PRESENTACION: ENVASE X 10 mL | F15: UNIDAD | G15: 4 | H15: 1840 | I15: =+G15*H15 -> 7360
A16: 7 | B16: 295 | D16: PROD. MEDICO/FARMACEUTICOS/LAB | E16: TUBOS P/ANALISIS DE SANGRE; MATERIAL: POLIMETILMETACRILATO, DIMENSION: 13 X 115 mm, TIPO: C/CITRATO DE SODIO | F16: UNIDAD | G16: 1500 | H16: 10 | I16: =+G16*H16 -> 15000
A17: 8 | B17: 295 | D17: PROD. MEDICO/FARMACEUTICOS/LAB | E17: TUBOS P/ANALISIS DE SANGRE; MATERIAL: POLIMETILMETACRILATO, DIMENSION: 16 X 100 mm, TIPO: C/ACELER. COAG. C/ GEL SEPARAD | F17: UNIDAD | G17: 1500 | H17: 11 | I17: =+G17*H17 -> 16500
A18: 9 | B18: 295 | D18: PROD. MEDICO/FARMACEUTICOS/LAB | E18: MICROTUBOS P/LABORATORIO; MATERIAL: POLIPROPILENO, PRESENTACION: ENVASE X 1000 UN, MEDIDA: 2 mL, TIPO: EPPENDORF | F18: BOLSA X 1000U | G18: 1 | H18: 3101 | I18: =+G18*H18 -> 3101
A19: 10 | B19: 295 | D19: PROD. MEDICO/FARMACEUTICOS/LAB | E19: TIP P/MICROPIPETA; MATERIAL: PLASTICO DESCARTABLE, TAMAÑO: 1000 mL | F19: BOLSA X100 U | G19: 1 | H19: 1356 | I19: =+G19*H19 -> 1356
A20: 11 | B20: 295 | D20: PROD. MEDICO/FARMACEUTICOS/LAB | E20: PORTAOBJETOS P/LABORATORIO; PRESENTACION: CAJA X 50 UN, MEDIDA: 2,5 X 7,5 Cm, USO: LABORATORIO, MATERIAL: VIDRIO | F20: CAJA X 50 UNID | G20: 2 | H20: 138 | I20: =+G20*H20 -> 276
A21: 12 | B21: 295 | D21: PROD. MEDICO/FARMACEUTICOS/LAB | E21: FILTROS DE DESLUOCOTIZACION; USO: DERIVAR A BOLSA SATELITE , CAPACIDAD DE FILTRADO: 1 UNIDAD DE GLOBULOS ROJOS, CAPACIDAD DEL FILTRO: LOGARITMO 5 | F21: UNIDAD | G21: 25 | H21: 3790 | I21: =+G21*H21 -> 94750
A22: 13 | B22: 295 | D22: PROD. MEDICO/FARMACEUTICOS/LAB | E22: FILTROS DE DESLUOCOTIZACION; USO: RETENCION DE LEUCOCITO, CAPACIDAD DE FILTRADO: 2 A 6 UNIDADES DE PLAQUETAS, CAPACIDAD DEL FILTRO: 5 LOGARITMOS | F22: UNIDAD | G22: 25 | H22: 5980 | I22: =+G22*H22 -> 149500
B25: Plazos y lugares de entrega
B26: Lugar de Entrega: SERVICIO DE HEMOTERAPIA -HOSPITAL INT. DE NIÑOS – AV. VIRGEN DEL VALLE N° 1050-CATAMARCA DE 8:00 A 12:00HS., DEBIENDO CORRER LOS GASTOS DE FLETES, ACARREO, CARGA, DESCARGA Y SEGURO A CARGO DEL ADJUDICATARIO.
B28: Plazo de vencimiento de los bienes ofrecidos: No podrán ser inferior a los 18 meses.
B29: Plazo de entrega: Dentro de los 10 días de notificada la Orden de Compra
B30: Mantenimiento de Oferta:
D31: 45 dias habiles

Sheet  NotaPedido
A1: NOTA DE PEDIDO | F1: N° | G1: 024/2021
A3: JURISDICCIÓN: | D3: ='[1]Necesidades Trimestrales'!C4 -> 040 - Ministerio de Salud
A4: SAF: | D4: ='[1]Necesidades Trimestrales'!C5 -> 024 - Hospital Interzonal de Niños
A5: UNIDAD EJECUTORA: | D5: 024 - Hospital Interzonal de Niños
A6: DEPENDENCIA SOLICITANTE: | D6: Servicio de Hemoterapia
A7: PERIODO UTILIZACIÓN: | D7: 1er TRIMESTRE - 2021
A8: OBJETO: | D8: Adquisición de Insumos de Hemoterapia
A10: Ítem | B10: Codigo Item | C10: DESCRIPCIÓN | D10: Adjunta Detalle Técnico | E10: Unidad Medida | F10: Precio Unitario Estimado | G10: Cantidad Solicitada
A12: 1 | B12: ='Necesidades Trimestrales'!B10 -> 251 | C12: ='Necesidades Trimestrales'!E10 -> REACTIVOS P/LAB. TEC. MANUAL ; NOMBRE: SUERO HEMOTIPIFICADOR ANTI-A1, USO: HEMOTERAPIA, PRESENTACION: ENVASE X 10 mL | D12: NO | E12: ='Necesidades Trimestrales'!F10 -> UNIDAD | F12: =+'Necesidades Trimestrales'!H10 -> 786 | G12: =+'Necesidades Trimestrales'!G10 -> 4
A13: 2 | B13: ='Necesidades Trimestrales'!B11 -> 251 | C13: ='Necesidades Trimestrales'!E11 -> REACTIVOS P/LAB. TEC. MANUAL ; NOMBRE: SUERO HEMOTIPIFICADOR ANTI-B, USO: HEMOTERAPIA, PRESENTACION: ENVASE X 10 mL | D13: NO | E13: ='Necesidades Trimestrales'!F11 -> UNIDAD | F13: =+'Necesidades Trimestrales'!H11 -> 786 | G13: =+'Necesidades Trimestrales'!G11 -> 4
A14: 3 | B14: ='Necesidades Trimestrales'!B12 -> 251 | C14: ='Necesidades Trimestrales'!E12 -> REACTIVOS P/LAB. TEC. MANUAL ; NOMBRE: SUERO HEMOTIPIFICADOR ANTI-AB, USO: HEMOTERAPIA, PRESENTACION: ENVASE X 10 mL | D14: NO | E14: ='Necesidades Trimestrales'!F12 -> UNIDAD | F14: =+'Necesidades Trimestrales'!H12 -> 797 | G14: =+'Necesidades Trimestrales'!G12 -> 4
A15: 4 | B15: 252 | C15: ='Necesidades Trimestrales'!E13 -> REACTIVO P/LAB TEC. MANUAL NOMBRE:SOLUCION DE BAJA FUERZA IONICA (LISS) USO: HEMOTERAPIA PRESENTACION FCO X 10 ML | D15: NO | E15: ='Necesidades Trimestrales'!F13 -> UNIDAD | F15: =+'Necesidades Trimestrales'!H13 -> 1487 | G15: =+'Necesidades Trimestrales'!G13 -> 4
A16: 5 | B16: ='Necesidades Trimestrales'!B14 -> 251 | C16: ='Necesidades Trimestrales'!E14 -> REACTIVOS P/LAB. TEC. MANUAL ; NOMBRE: SUERO HEMOTIPIFICADOR ANTI-D, USO: HEMOTERAPIA, PRESENTACION: ENVASE X 10 mL | D16: NO | E16: ='Necesidades Trimestrales'!F14 -> UNIDAD | F16: =+'Necesidades Trimestrales'!H14 -> 1487 | G16: =+'Necesidades Trimestrales'!G14 -> 4
A17: 6 | B17: ='Necesidades Trimestrales'!B15 -> 251 | C17: ='Necesidades Trimestrales'!E15 -> REACTIVOS P/LAB. TEC. MANUAL ; NOMBRE: SUERO COOMBS POLI.ANTI IGG/C3B, USO: HEMOTERAPIA, PRESENTACION: ENVASE X 10 mL | D17: NO | E17: ='Necesidades Trimestrales'!F15 -> UNIDAD | F17: =+'Necesidades Trimestrales'!H15 -> 1840 | G17: =+'Necesidades Trimestrales'!G15 -> 4
A18: 7 | B18: ='Necesidades Trimestrales'!B16 -> 295 | C18: ='Necesidades Trimestrales'!E16 -> TUBOS P/ANALISIS DE SANGRE; MATERIAL: POLIMETILMETACRILATO, DIMENSION: 13 X 115 mm, TIPO: C/CITRATO DE SODIO | D18: NO | E18: ='Necesidades Trimestrales'!F16 -> UNIDAD | F18: =+'Necesidades Trimestrales'!H16 -> 10 | G18: =+'Necesidades Trimestrales'!G16 -> 1500
A19: 8 | B19: ='Necesidades Trimestrales'!B17 -> 295 | C19: ='Necesidades Trimestrales'!E17 -> TUBOS P/ANALISIS DE SANGRE; MATERIAL: POLIMETILMETACRILATO, DIMENSION: 16 X 100 mm, TIPO: C/ACELER. COAG. C/ GEL SEPARAD | D19: NO | E19: ='Necesidades Trimestrales'!F17 -> UNIDAD | F19: =+'Necesidades Trimestrales'!H17 -> 11 | G19: =+'Necesidades Trimestrales'!G17 -> 1500
A20: 9 | B20: ='Necesidades Trimestrales'!B18 -> 295 | C20: ='Necesidades Trimestrales'!E18 -> MICROTUBOS P/LABORATORIO; MATERIAL: POLIPROPILENO, PRESENTACION: ENVASE X 1000 UN, MEDIDA: 2 mL, TIPO: EPPENDORF | D20: NO | E20: ='Necesidades Trimestrales'!F18 -> BOLSA X 1000U | F20: =+'Necesidades Trimestrales'!H18 -> 3101 | G20: =+'Necesidades Trimestrales'!G18 -> 1
A21: 10 | B21: ='Necesidades Trimestrales'!B19 -> 295 | C21: ='Necesidades Trimestrales'!E19 -> TIP P/MICROPIPETA; MATERIAL: PLASTICO DESCARTABLE, TAMAÑO: 1000 mL | D21: NO | E21: ='Necesidades Trimestrales'!F19 -> BOLSA X100 U | F21: =+'Necesidades Trimestrales'!H19 -> 1356 | G21: =+'Necesidades Trimestrales'!G19 -> 1
A22: 11 | B22: ='Necesidades Trimestrales'!B20 -> 295 | C22: ='Necesidades Trimestrales'!E20 -> PORTAOBJETOS P/LABORATORIO; PRESENTACION: CAJA X 50 UN, MEDIDA: 2,5 X 7,5 Cm, USO: LABORATORIO, MATERIAL: VIDRIO | D22: NO | E22: ='Necesidades Trimestrales'!F20 -> CAJA X 50 UNID | F22: =+'Necesidades Trimestrales'!H20 -> 138 | G22: =+'Necesidades Trimestrales'!G20 -> 2
A23: 12 | B23: ='Necesidades Trimestrales'!B21 -> 295 | C23: ='Necesidades Trimestrales'!E21 -> FILTROS DE DESLUOCOTIZACION; USO: DERIVAR A BOLSA SATELITE , CAPACIDAD DE FILTRADO: 1 UNIDAD DE GLOBULOS ROJOS, CAPACIDAD DEL FILTRO: LOGARITMO 5 | D23: NO | E23: ='Necesidades Trimestrales'!F21 -> UNIDAD | F23: =+'Necesidades Trimestrales'!H21 -> 3790 | G23: =+'Necesidades Trimestrales'!G21 -> 25
A24: 13 | B24: ='Necesidades Trimestrales'!B22 -> 295 | C24: ='Necesidades Trimestrales'!E22 -> FILTROS DE DESLUOCOTIZACION; USO: RETENCION DE LEUCOCITO, CAPACIDAD DE FILTRADO: 2 A 6 UNIDADES DE PLAQUETAS, CAPACIDAD DEL FILTRO: 5 LOGARITMOS | D24: NO | E24: ='Necesidades Trimestrales'!F22 -> UNIDAD | F24: =+'Necesidades Trimestrales'!H22 -> 5980 | G24: =+'Necesidades Trimestrales'!G22 -> 25
A25: COSTO TOTAL ESTIMADO: Trescientos Nueve Mil Doscientos Quince Con 00/100. | F25: =SUMPRODUCT(F12:F24,G12:G24) -> 309215

Sheet Autor Gastar
A1: EJERCICIO: | D1: ='Necesidades Trimestrales'!D6 -> 2021 | P1: AUTORIZACION PARA GASTAR
A4: JURISDICCIÓN: | G4: 040 - Ministerio de Salud
A5: SAF: | G5: 024 - Hospital Interzonal de Niños
A6: UNIDAD EJECUTORA: | G6: 024 - Hospital Interzonal de Niños
A7: DEPENDENCIA SOLICITANTE: | G7: Servicio de Hemoterapia
A8: AUTORIZACIÓN:
A9: Señor Jefe de Servicio Administrativo Financiero:
A10: ="Autorizo la realización de los trámites correspondientes, a fin de proveer a este Organismo los bienes y/o servicios que se detallan en Nota de Pedido N° " & ' NotaPedido'!G1&", afectando la erogación resultante a los créditos presupuestarios aprobados a favor de esta Unidad Ejecutora, conforme al siguiente detalle:" -> Autorizo la realización de los trámites correspondientes, a fin de proveer a este Organismo los bienes y/o servicios que se detallan en Nota de Pedido N° 024/2021, afectando la erogación resultante a los créditos presupuestarios aprobados a favor de esta Unidad Ejecutora, conforme al siguiente detalle:
A12: IMPUTACIÓN PRESUPUESTARIA
A13: CÓDIGO | O13: DENOMINACIÓN DE LA PARTIDA PRESUPUESTARIA | Q13: IMPORTE
A14: PR | B14: SB | C14: PY | D14: AC | E14: OB | F14: UG | G14: FIN | H14: FUN | I14: I | J14: P | K14: P | L14: SubP | M14: M | N14: FF
A15: 36 | D15: 1 | F15: 4901 | G15: 3 | H15: 310 | I15: 2 | J15: 5 | K15: 1 | M15: 1 | N15: 1.1 | O15: Compuestos Quimicos | Q15: 28732
A16: 36 | D16: 1 | F16: 4901 | G16: 3 | H16: 310 | I16: 2 | J16: 9 | K16: 5 | M16: 1 | N16: 1.1 | O16: Utiles Menores Medico, Quirurgico y de Laboratorio | Q16: 280483
A23: TOTAL DE PESOS: Trescientos Nueve Mil Doscientos Quince Con 00/100. | Q23: =SUM(Q15:Q22) -> 309215
A25: JUSTIFICACIÓN:
A26: Para la adquisición de Insumos destinados al servico de Hemoterapia del Hospital Interzonal de Niños Eva Peron, para el normal funcionamiento del organismo.
