Workbook

Sheet Necesidades Trimestrales
B2: Pedido de Necesidades Trimestrales
A4: JURISDICCION: | C4: 90 - Ministerio de Seguridad
A5: SAF N°: | C5: 7- Dirección Provincial de Administración de la Policía de la Provincia de Catamarca
A6: EJERCICIO: | C6: 2021 | G6: =1524*8200 -> 12496800
A7: TRIMESTRE: | C7: 3
A9: ID | B9: CODIGO ITEM | C9: RUBRO DE COMPRA | D9: I.P.P. | E9: DESCRIPCION | F9: UNIDAD DE MEDIDA | G9: CANTIDAD | H9: PRECIO UNITARIO ESTIMADO | I9: IMPORTE TOTAL ESTIMADO
A10: 1 | B10: 2.2.2-6728.85 | C10: INDUMENT TEXTIL Y CONFECCIONES | D10: 2.2.2 | E10: CALZADO DE SEGURIDAD; TIPO: BORCEGUI TACTICO, SUELA: ANTIDESLIZANTE, PUNTERA: CON, MATERIAL: CUERO FLOR | F10: UNIDAD | G10: 1524 | H10: 8200 | I10: =G10*H10 -> 12496800
I11: =SUM(I10:I10) -> 12496800
B12: Especificidades:
B13: Descripción técnica Item 1
C14: Características; Modelo Borceguí. Cuero vacuno flor, de 1.8 mm a 2 mm de espesor en capellada, talonera, refuerza de caña, ojalillero y tira larga. Cañas y fuelle: tejido plano fibra poliéster resistente al rasgado, durable y permeable al vapor de humedad. Forro (talonera, ojalillero, fuelle y cuello alto) material cuero vacuno flor napa, espesor de 1 a 1.2 mm de espesor como mínimo. Caña: Altura de caña: 200 mm como mínimo (desde la costura inferior), material tejido con soporte de 2 mm de espesor. Capellada: constituida en material no tejido de 1 mm a 1.2 mm de espesor como mínimo. Accesorios y elementos de armado: Cuello: Llevara en su interior acolchado perimetral de poliuretano expandido (goma espuma) con una densidad de 20grs/cm3, altura de 10 mm como mínimo. Pasa cordones: deberá llevar ocho (08) ojalillos, distribuido 4 de cada lado y diez (10) ganchos alpinos cerrados distribuidos cinco (05) de cada lado. Puntera: en material plástico ubicado en el interior entre el forro y el cuero, lo que deberá evitar la deformación en la punta del calzado. Contrafuerte: en material sintético termo formable, de 1.5 mm, lo que suministrara al talón una posición firme sin provocar molestias. Deberá llevar dos remaches por pie en unión de costura de capellada con caña. Cordones: de fibra sintética con herretes plásticos en sus extremos, largo aproximado 1,80 a 2,00 metros. Planilla de armado: material no tejido de 2 mm de espesor como mínimo, que contenga la forma anatómica del pie. Planilla de interior: material textil no tejida respirable, antimicótico, con soporte inyectado PU de alto confort, desmontable. Forma anatómica, con elevación en los laterales, llevara en el arco un soporte lo que otorgue estabilidad y contención. Deberá contar debajo del metatarso una elevación en forma de gota lo que evitara futuras deformaciones en los dedos. Planta exterior: constituida en poliuretano bidensidad, planta y entre planta inyectada (no pegada) al corte con la fusión del material. Resistente al choque eléctrico según normas IRAM 3610. Planta: densidad de 1 +/-0.1 gr/cm3 dureza shore a 70 +/-5 grados, con dibujo antideslizante, con relieve ubicado para evitar el quiebre de la planta. Costuras: en hilo de nylon. Puntadas: 3 por cm, tres (03) por cm en costura de cuello. Unión de caña y capellada: cuatro (04) costuras. Unión de talonera y caña tres (03) costura. Refuerzo de caña y tira de atrás dos costuras. Refuerzo de ojalillo, dibujo de fuelle, pegado del vivo del fuelle, dibujo de la caña una costura. Talles: 35/05; 36/14; 37/50; 38/140; 39/200; 40/250; 41/250; 42/250; 43/200; 44/100; 45/50; 46/10; 47/05.
B17: Plazos y lugares de entrega
C18: a) LUGAR DE ENTREGA: Departamento Logística, sito en Av. Felix Avellaneda RP N° 33 KM 2., SUMALAO - VALLE VIEJO. De 08 a 12 horas. b) FORMA DE LA ENTREGA: Libre de flete, acarreo y embalaje, como así también, de todo riesgo de pérdida o destrucción total o parcial, por causas ajenas a la Institución. c) PLAZO DE ENTREGA: El Oferente deberá establecer plazo de entrega de los elementos cotizados, debiendo ser expresado en días hábiles; que no podrá ser superior a cinco (5) días hábiles, contados a partir de la recepción de la comunicación prevista en el Artículo 80° de del Reglamento Parcial N° 2 de la ley 4938.
B20: Calidad Minima esperada
C21: Que Cumpla con lo Solicitado de Forma Integra. Presentar Muestras para todos los ítems, en su empaque original, en el cual puedan observase en forma clara la marca del mismo y sus características. c.1) La recepción de las muestras se realizará en el Departamento Logística (D-4) de la Policía de Catamarca, hasta momentos antes de la apertura, sito en Ruta Provincial Nº 33, Sumalao - Valle Viejo. Provincia de Catamarca. c.2) Debidamente rotuladas por ítems e identificando claramente el oferente cotizante. No se aceptaran muestras distintas a lo cotizado.
B24: Mantenimiento
C25: 30 (treinta) días
B26: Garantia
C27: 6 meses

Sheet  NotaPedido
A1: NOTA DE PEDIDO | J1: N° | K1: 81/2021
A3: JURISDICCIÓN: | D3: ='Necesidades Trimestrales'!C4 -> 90 - Ministerio de Seguridad
A4: SAF: | D4: ='Necesidades Trimestrales'!C5 -> 7- Dirección Provincial de Administración de la Policía de la Provincia de Catamarca
A5: UNIDAD EJECUTORA: | D5: Policía de la Provincia de Catamarca
A6: DEPENDENCIA SOLICITANTE: | D6: División Intendencia, Departamento Logística
A7: PERIODO UTILIZACIÓN: | D7: 3er trimestre Año 2021.-
A8: OBJETO: | D8: Adquisición de Uniformes de Fajina para el personal policial.
A10: Ítem | B10: Codigo Item | C10: DESCRIPCIÓN | H10: Adjunta Detalle Técnico | I10: Unidad Medida | J10: Precio Unitario Estimado | K10: Cantidad Solicitada
A12: 1 | B12: ='Necesidades Trimestrales'!B10 -> 2.2.2-6728.85 | C12: ='Necesidades Trimestrales'!E10 -> CALZADO DE SEGURIDAD; TIPO: BORCEGUI TACTICO, SUELA: ANTIDESLIZANTE, PUNTERA: CON, MATERIAL: CUERO FLOR | H12: SI | I12: ='Necesidades Trimestrales'!F10 -> UNIDAD | J12: ='Necesidades Trimestrales'!H10 -> 8200 | K12: ='Necesidades Trimestrales'!G10 -> 1524
B13: ='Necesidades Trimestrales'!#REF! -> #REF! | C13: ='Necesidades Trimestrales'!#REF! -> #REF! | H13: SI | I13: ='Necesidades Trimestrales'!#REF! -> #REF! | J13: ='Necesidades Trimestrales'!#REF! -> #REF! | K13: ='Necesidades Trimestrales'!#REF! -> #REF!
A14: 3 | B14: ='Necesidades Trimestrales'!#REF! -> #REF! | C14: ='Necesidades Trimestrales'!#REF! -> #REF! | H14: SI | I14: ='Necesidades Trimestrales'!#REF! -> #REF! | J14: ='Necesidades Trimestrales'!#REF! -> #REF! | K14: ='Necesidades Trimestrales'!#REF! -> #REF!
A15: Costo total estimado: Pesos Cinco Millones Doscientos Mil con 00/100.- | J15: ='Necesidades Trimestrales'!I11 -> 12496800

Sheet Autor Gastar
A1: EJERCICIO: | D1: ='Necesidades Trimestrales'!C6 -> 2021 | P1: AUTORIZACION PARA GASTAR
A4: JURISDICCIÓN: | G4: =' NotaPedido'!D3 -> 90 - Ministerio de Seguridad
A5: SAF: | G5: =' NotaPedido'!D4 -> 7- Dirección Provincial de Administración de la Policía de la Provincia de Catamarca
A6: UNIDAD EJECUTORA: | G6: =' NotaPedido'!D5 -> Policía de la Provincia de Catamarca
A7: DEPENDENCIA SOLICITANTE: | G7: =' NotaPedido'!D6 -> División Intendencia, Departamento Logística
A8: AUTORIZACIÓN:
A9: Señor Jefe de Servicio Administrativo Financiero:
A10: ="Autorizo la realización de los trámites correspondientes, a fin de proveer a este Organismo los bienes y/o servicios que se detallan en Nota de Pedido N° " &' NotaPedido'!K1&", afectando la erogación resultante a los créditos presupuestarios aprobados a favor de esta Unidad Ejecutora, conforme al siguiente detalle:" -> Autorizo la realización de los trámites correspondientes, a fin de proveer a este Organismo los bienes y/o servicios que se detallan en Nota de Pedido N° 81/2021, afectando la erogación resultante a los créditos presupuestarios aprobados a favor de esta Unidad Ejecutora, conforme al siguiente detalle:
A12: IMPUTACIÓN PRESUPUESTARIA
A13: CÓDIGO | O13: DENOMINACIÓN DE LA PARTIDA PRESUPUESTARIA | Q13: IMPORTE
A14: PR | B14: SB | C14: PY | D14: AC | E14: OB | F14: UG | G14: FIN | H14: FUN | I14: I | J14: P | K14: P | L14: SubP | M14: M | N14: FF
A15: 16 | B15: 0 | C15: 0 | D15: 1 | E15: 0 | F15: 10 | G15: 2 | H15: 210 | I15: 2 | J15: 9 | K15: 1 | L15: 0 | M15: 1 | N15: 1.1 | O15: ='Necesidades Trimestrales'!#REF! -> #REF! | Q15: =' NotaPedido'!J15 -> 12496800
A16: TOTAL DE PESOS: Treinta y Cuatro Mil Novecientos Cincuenta con 00/100.- | Q16: =Q15 -> 12496800
A18: JUSTIFICACIÓN:
A19: =' NotaPedido'!D8 -> Adquisición de Uniformes de Fajina para el personal policial.
