Workbook

Sheet Necesidades Trimestrales
B2: Pedido de Necesidades Trimestrales
A4: JURISDICCION: | C4: 40 - Ministerio de Salud
A5: SAF N°: | C5: 23 - Hospital Interzonal San Juan Bautista
A6: EJERCICIO: | C6: 2021
A7: TRIMESTRE: | C7: 1
A9: ID | B9: CODIGO ITEM | C9: RUBRO DE COMPRA | D9: I.P.P. | E9: DESCRIPCION | F9: UNIDAD DE MEDIDA | G9: CANTIDAD | H9: PRECIO UNITARIO ESTIMADO | I9: IMPORTE TOTAL ESTIMADO
A10: 1 | B10: 2.1.1-439.60 | C10: ALIMENTOS | D10: 2.1.1 | E10: ACEITES COMESTIBLES; TIPO: MEZCLA, PRESENTACION: ENVASE X 900 CM3, MATERIAL ENVASE: PLASTICO 1 (PET), ELEM. TRANSPORTE: SIN, MATERIAL ELEM. TRANSPORTE : SIN, LIBRE DE GLUTEN: SI | F10: BOTELLA | G10: 250 | H10: =98.72*1.2 -> 118.464 | I10: =G10*H10 -> 29616
A11: 2 | B11: 2.1.1-481.38 | C11: ALIMENTOS | D11: 2.1.1 | E11: AZUCARES; TIPO: "A" COMUN, ESTADO: MOLIDA, PESO: 1 Kg, MATERIAL ENVASE: PLASTICO, CERTIFICADO FORESTAL (GFS): SIN, ELEM. TRANSPORTE: SIN, MATERIAL ELEM. TRANSPORTE: SIN | F11: PAQUETES | G11: 400 | H11: =60*1.2 -> 72 | I11: =G11*H11 -> 28800
A12: 3 | B12: 2.1.1-705.116 | C12: ALIMENTOS | D12: 2.1.1 | E12: LECHE; ESTADO: LIQUIDO, TIPO: DESCREMADA, PROCESO: LARGA VIDA, AGREGADO: VITAMINAS A Y D, PRESENTACION: ENVASE X 1 L, MATERIAL ENVASE: PLASTICO, ELEM. TRANSPORTE: SIN, MATERIAL ELEM. TRANSPORTE: SIN, CERTIFICADO FORESTAL (GFS): SIN, LIBRE DE GLUTEN: SIN VALOR | F12: LITROS | G12: 600 | H12: =59.98*1.2 -> 71.976 | I12: =G12*H12 -> 43185.6
A13: 4 | B13: 2.1.1-2868.55 | C13: ALIMENTOS | D13: 2.1.1 | E13: FIDEOS SECOS; VARIEDAD: TALLARIN, RELLENO: SIN, PRESENTACION: ENVASE X 500 GR, MATERIAL ENVASE: PLASTICO 1 (PET), ELEM. TRANSPORTE: SIN, MATERIAL ELEM. TRANSPORTE: SIN, CERTIFICADO FORESTAL (GFS): SIN, LIBRE DE GLUTEN: NO | F13: PAQUETES | G13: 50 | H13: =38.88*1.2 -> 46.656 | I13: =G13*H13 -> 2332.8
A14: 5 | B14: 2.1.1-511.8 | C14: ALIMENTOS | D14: 2.1.1 | E14: TE; SAQUITOS 2G P/CAJA: 50, PESO: SIN VALOR, TIPO: SIN VALOR, PRESENTACION: EN SAQUITOS | F14: CAJAS | G14: 650 | H14: =(135.01/2)*1.2 -> 81.006 | I14: =G14*H14 -> 52653.9
A15: 6 | B15: 2.1.1-454.25 | C15: ALIMENTOS | D15: 2.1.1 | E15: YERBAS; PALO: CON, PESO: 1 Kg, MATERIAL ENVASE : PAPEL, CERTIFICADO FORESTAL (GFS): CON, ELEM. TRANSPORTE: SIN, MATERIAL ELEM. TRANSPORTE: SIN, LIBRE DE GLUTEN: SI | F15: PAQUETES | G15: 25 | H15: =189*1.2 -> 226.8 | I15: =G15*H15 -> 5670
A16: 7 | B16: 2.1.1-2126.13 | C16: ALIMENTOS | D16: 2.1.1 | E16: SEMOLAS; TIPO: VITINA, PRESENTACION: BOLSA, PESO: 500 GR, MATERIAL ENVASE: PLASTICO 1 (PET), CERTICADO FORESTAL (GFS): SIN, LIBRE DE GLUTEN: NO | F16: PAQUETES | G16: 7 | H16: =85*1.2 -> 102 | I16: =G16*H16 -> 714
A17: 8 | B17: 2.1.1-2868.53 | C17: ALIMENTOS | D17: 2.1.1 | E17: FIDEOS SECOS; VARIEDAD: TIRABUZON, RELLENO: SIN, PRESENTACION: ENVASE X 500 GR, MATERIAL ENVASE: PLASTICO 1 (PET), ELEM. TRANSPORTE: SIN, MATERIAL ELEM. TRANSPORTE: SIN, CERTIFICADO FORESTAL (GFS): SIN, LIBRE DE GLUTEN: NO | F17: PAQUETES | G17: 42 | H17: =38.88*1.2 -> 46.656 | I17: =G17*H17 -> 1959.552
A18: 9 | B18: 2.1.1-613.9 | C18: ALIMENTOS | D18: 2.1.1 | E18: FECULA DE MAIZ; ENVASE: BOLSA, PESO: 500 GR, LIBRE DE GLUTEN: SI | F18: PAQUETES | G18: 17 | H18: =78.99*1.2 -> 94.788 | I18: =G18*H18 -> 1611.396
A19: 10 | B19: 2.1.1-6547.57 | C19: ALIMENTOS | D19: 2.1.1 | E19: LEGUMBRES; VARIEDAD: LENTEJAS SECAS, ESTADO: SECO, PRESENTACION: BOLSA, PESO: 500 GR | F19: PAQUETES | G19: 13 | H19: =98.37*1.2 -> 118.044 | I19: =G19*H19 -> 1534.572
A20: 11 | B20: 2.1.1-514.2 | C20: ALIMENTOS | D20: 2.1.1 | E20: SAL DE MESA; CONSISTENCIA: FINA, PESO: 500 GR, TIPO: SIN VALOR, ENVASE: PAQUETE | F20: PAQUETES | G20: 33 | H20: =37.9*1.2 -> 45.48 | I20: =G20*H20 -> 1500.84
A21: 12 | B21: 2.1.1-514.11 | C21: ALIMENTOS | D21: 2.1.1 | E21: SAL DE MESA; CONSISTENCIA: GRUESA, PESO: 50 Kg, TIPO: SIN VALOR, ENVASE: BOLSA | F21: BOLSAS | G21: 5 | H21: =(43.35*50)*1.2 -> 2601 | I21: =G21*H21 -> 13005
A22: 13 | B22: 2.1.1-482.61 | C22: ALIMENTOS | D22: 2.1.1 | E22: HARINAS; TIPO: LEUDANTE, PRESENTACION: ENVASE X 1 Kg, MATERIAL ENVASE: PAPEL, CERTICADO FORESTAL (GFS): SIN, ELEM. TRANSPORTE: PALLET RETORNABLE, MATERIAL ELEM. TRANSPORTE: MADERA | F22: PAQUETES | G22: 17 | H22: =52.15*1.2 -> 62.58 | I22: =G22*H22 -> 1063.86
A23: 14 | B23: 2.1.1-482.69 | C23: ALIMENTOS | D23: 2.1.1 | E23: HARINAS; TIPO: MAIZ, PRESENTACION: ENVASE X 1 Kg, MATERIAL ENVASE: PAPEL, CERTICADO FORESTAL (GFS): SIN, ELEM. TRANSPORTE: SIN, MATERIAL ELEM. TRANSPORTE: SIN, LIBRE DE GLUTEN: NO | F23: PAQUETES | G23: 10 | H23: =50.02*1.2 -> 60.024 | I23: =G23*H23 -> 600.24
A24: 15 | B24: 2.1.1-706.4 | C24: ALIMENTOS | D24: 2.1.1 | E24: MATE COCIDO; ENVASE: CAJA CARTON, PESO X SAQ.: 3, PRESENTACION: ENSOBRADO, SAQUITOS P/CAJA: 50 | F24: CAJAS | G24: 25 | H24: =171.36*1.2 -> 205.632 | I24: =G24*H24 -> 5140.8
A25: 16 | B25: 2.1.1-595.2 | C25: ALIMENTOS | D25: 2.1.1 | E25: EDULCORANTES; PRESENTACION: LIQUIDO, ENVASE: BOTELLA PLASTICA, CONTENIDO: 500 CM3 | F25: BOTELLAS | G25: 17 | H25: =145*1.2 -> 174 | I25: =G25*H25 -> 2958
A26: 17 | B26: 2.1.1-2868.86 | C26: ALIMENTOS | D26: 2.1.1 | E26: FIDEOS SECOS; VARIEDAD: SPAGHETTI AL HUEVO, RELLENO: SIN, PRESENTACION: PAQUETE X 500 GR, MATERIAL ENVASE: PLASTICO 1 (PET), ELEM. TRANSPORTE: SIN, MATERIAL ELEM. TRANSPORTE: SIN, CERTIFICADO FORESTAL (GFS): SIN, LIBRE DE GLUTEN: NO | F26: PAQUETES | G26: 50 | H26: =55.8*1.2 -> 66.96 | I26: =G26*H26 -> 3348
A27: 18 | B27: 2.1.1-482.80 | C27: ALIMENTOS | D27: 2.1.1 | E27: HARINAS; TIPO: DE TRIGO 000, PRESENTACION: ENVASE X 1 Kg, MATERIAL ENVASE: PAPEL, CERTICADO FORESTAL (GFS): SIN, ELEM. TRANSPORTE: SIN, MATERIAL ELEM. TRANSPORTE: SIN, LIBRE DE GLUTEN: NO | F27: PAQUETES | G27: 10 | H27: =40.44*1.2 -> 48.528 | I27: =G27*H27 -> 485.28
A28: 19 | B28: 2.1.1-435.38 | C28: ALIMENTOS | D28: 2.1.1 | E28: ARROZ; TIPO GRANO: DOBLE, TIPO: BLANCO, PROCESO: PARBOLIZADO, PRESENTACION: ENVASE X 1 Kg, MATERIAL ENVASE: CARTON, CERTIFICADO FORESTAL (GFS): SIN, ELEM. TRANSPORTE: SIN, MATERIAL ELEM. TRANSPORTE: SIN | F28: PAQUETES | G28: 117 | H28: =125*1.2 -> 150 | I28: =G28*H28 -> 17550
A29: 20 | B29: 2.1.1-510.5 | C29: ALIMENTOS | D29: 2.1.1 | E29: GELATINAS; ENVASE: CAJA DE CARTON, PESO: 30 GR, TIPO: BAJAS CALORIAS, SABOR: FRUTILLA | F29: CAJAS | G29: 133 | H29: =49.89*1.2 -> 59.868 | I29: =G29*H29 -> 7962.444
A30: 21 | B30: 2.1.1-435.50 | C30: ALIMENTOS | D30: 2.1.1 | E30: ARROZ; TIPO GRANO: ENTERO, TIPO: BLANCO, PROCESO: FORTIFICADO, PRESENTACION: ENVASE X 1 Kg, MATERIAL ENVASE: PLASTICO 1 (PET), CERTIFICADO FORESTAL (GFS): SIN, ELEM. TRANSPORTE: SIN, MATERIAL ELEM. TRANSPORTE: SIN, LIBRE DE GLUTEN: NO | F30: PAQUETES | G30: 17 | H30: =67.68*1.2 -> 81.216 | I30: =G30*H30 -> 1380.672
A31: 22 | B31: 2.1.1-517.28 | C31: ALIMENTOS | D31: 2.1.1 | E31: POSTRES; SABOR: CHOCOLATE, ENVASE: CAJA DE CARTON, TIPO: DIETETICO, PESO: 30 GR, ESTADO PREPARACION: CON COCCION | F31: CAJAS | G31: 20 | H31: =65*1.2 -> 78 | I31: =G31*H31 -> 1560
A32: 23 | B32: 2.1.1-517.86 | C32: ALIMENTOS | D32: 2.1.1 | E32: POSTRES; ESTADO PREPARACION: CON COCCION, TIPO: POLVO, ENVASE: CAJA DE CARTON, PESO: 80 GR, SABOR: VAINILLA, LIBRE DE GLUTEN: SI | F32: CAJAS | G32: 13 | H32: =32.94*1.2 -> 39.528 | I32: =G32*H32 -> 513.864
A33: 24 | B33: 2.1.1-5917.8 | C33: ALIMENTOS | D33: 2.1.1 | E33: CEREALES; TIPO: TRIGO BURGOL, PRESENTACION: ENVASE X 1 Kg | F33: PAQUETES | G33: 4 | H33: 95 | I33: =G33*H33 -> 380
A34: 25 | B34: 2.1.1-6539.114 | C34: ALIMENTOS | D34: 2.1.1 | E34: FRUTAS; VARIEDAD: CIRUELA ( SIN CAROZO ), ESTADO: DESECADA, PRESENTACION: ENVASE X 10 Kg, PESO: 10 Kg | F34: ENVASE | G34: 1 | H34: 5600 | I34: =G34*H34 -> 5600
A35: 26 | B35: 2.1.1-6539.178 | C35: ALIMENTOS | D35: 2.1.1 | E35: FRUTAS; VARIEDAD: DURAZNO ( SIN CAROZO ), ESTADO: DESECADA, PRESENTACION: ENVASE X 5 Kg, ELEM. TRANSPORTE: SIN, MATERIAL ELEM. TRANSPORTE: SIN | F35: ENVASE | G35: 1 | H35: 3400 | I35: =G35*H35 -> 3400
A36: 27 | B36: 2.1.1-513.9 | C36: ALIMENTOS | D36: 2.1.1 | E36: FLANES; PESO: 60 GR, ENVASE: CAJA CARTON, ESTADO PREPARACION: CON COCCION, SABOR: VAINILLA, TIPO: SIN VALOR, PRESENTACION: 60 GR | F36: CAJAS | G36: 67 | H36: =35.53*1.2 -> 42.636 | I36: =G36*H36 -> 2856.612
A37: 28 | B37: 2.1.1-519.27 | C37: ALIMENTOS | D37: 2.1.1 | E37: VINAGRES; TIPO: VINO, PRESENTACION: ENVASE X 1 L, MATERIAL ENVASE: PLASTICO 1 (PET), LIBRE DE GLUTEN: NO | F37: BOTELLA | G37: 7 | H37: =82*1.2 -> 98.4 | I37: =G37*H37 -> 688.8
A38: 29 | B38: 2.1.1-2124.3 | C38: ALIMENTOS | D38: 2.1.1 | E38: AVENAS; TIPO: ARROLLADA, ESTADO: NATURAL, PRESENTACION: BOLSA, PESO: 1 Kg | F38: PAQUETES | G38: 4 | H38: =170*1.2 -> 204 | I38: =G38*H38 -> 816
A39: 30 | B39: 2.1.1-6547.84 | C39: ALIMENTOS | D39: 2.1.1 | E39: LEGUMBRES; VARIEDAD: ARVEJAS, ESTADO: CONSERVA, PRESENTACION: LATA, PESO: 350 GR, MATERIAL ENVASE: METAL, ELEM. TRANSPORTE: SIN, MATERIAL ELEM. TRANSPORTE: SIN, LIBRE DE GLUTEN: NO | F39: LATAS | G39: 100 | H39: =30.1*1.2 -> 36.12 | I39: =G39*H39 -> 3612
A40: 31 | B40: 2.1.1-708.43 | C40: ALIMENTOS | D40: 2.1.1 | E40: CONSERVAS PESCADO Y FRUTOS MAR; TIPO: ATUN, ESTADO: AL NATURAL, PESO: 170 GR, ENVASE: LATA, ELEM. TRANSPORTE: SIN, MATERIAL ELEM. TRANSPORTE: SIN | F40: LATAS | G40: 33 | H40: =135*1.2 -> 162 | I40: =G40*H40 -> 5346
A41: 32 | B41: 2.1.1-6546.183 | C41: ALIMENTOS | D41: 2.1.1 | E41: VERDURAS Y HORTALIZAS; VARIEDAD: TOMATE PERITA, ESTADO: NATURAL, PRESENTACION: LATA, PESO: 380 GR | F41: LATAS | G41: 100 | H41: =57.32*1.2 -> 68.784 | I41: =G41*H41 -> 6878.4
A42: 33 | B42: 2.1.1-6539.46 | C42: ALIMENTOS | D42: 2.1.1 | E42: FRUTAS; VARIEDAD: DURAZNO, ESTADO: CONSERVA, PRESENTACION: ENVASE X 800 GR, PESO: 800 GR | F42: LATAS | G42: 200 | H42: =165*1.2 -> 198 | I42: =G42*H42 -> 39600
A43: 34 | B43: 2.1.1-597.41 | C43: ALIMENTOS | D43: 2.1.1 | E43: CONSERVAS DE FRUTAS; VARIEDAD: COCTEL, ENVASE: LATA, PESO: 800 GR, ELEM. TRANSPORTE: SIN, MATERIAL ELEM. TRANSPORTE: SIN, LIBRE DE GLUTEN: NO | F43: LATAS | G43: 200 | H43: =210*1.2 -> 252 | I43: =G43*H43 -> 50400
A44: 35 | B44: 2.1.1-6558.8 | C44: ALIMENTOS | D44: 2.1.1 | E44: JARDINERA; PRESENTACION: ENVASE X 350 GR, PESO: SIN VALOR, MATERIAL ENVASE: METAL, ELEM. TRANSPORTE: SIN, MATERIAL ELEM. TRANSPORTE: SIN | F44: LATAS | G44: 67 | H44: =58.25*1.2 -> 69.9 | I44: =G44*H44 -> 4683.3
A45: 36 | B45: 2.1.1-438.37 | C45: ALIMENTOS | D45: 2.1.1 | E45: ADEREZOS; TIPO: MAYONESA, ENVASE: BOLSA, CONTENIDO: 2,9 Kg, PRESENTACION: ENVASE X 2,9 Kg | F45: SACHET | G45: 5 | H45: =(82.05*6)*1.2 -> 590.76 | I45: =G45*H45 -> 2953.8
A46: 37 | B46: 2.1.1-6546.269 | C46: ALIMENTOS | D46: 2.1.1 | E46: VERDURAS Y HORTALIZAS; VARIEDAD: CHOCLO, ESTADO: GRANO, PRESENTACION: LATA, PESO: 350 GR | F46: LATAS | G46: 67 | H46: =66.84*1.2 -> 80.208 | I46: =G46*H46 -> 5373.936
A47: 38 | B47: 2.1.1-6546.81 | C47: ALIMENTOS | D47: 2.1.1 | E47: VERDURAS Y HORTALIZAS; VARIEDAD: TOMATE, ESTADO: PURE NATURAL, PRESENTACION: CAJA, PESO: 500 GR | F47: CAJAS | G47: 100 | H47: =42.36*1.2 -> 50.832 | I47: =G47*H47 -> 5083.2
A48: 39 | B48: 2.1.1-2113.1 | C48: ALIMENTOS | D48: 2.1.1 | E48: DULCES; TIPO: DE BATATA, PRESENTACION: LATA, PESO: 5 | F48: UNIDAD | G48: 13 | H48: =785*1.2 -> 942 | I48: =G48*H48 -> 12246
A49: 40 | B49: 2.1.1-2113.2 | C49: ALIMENTOS | D49: 2.1.1 | E49: DULCES; TIPO: DE MEMBRILLO, PRESENTACION: LATA, PESO: 5 Kg | F49: UNIDAD | G49: 13 | H49: =762.56*1.2 -> 915.072 | I49: =G49*H49 -> 11895.936
A50: 41 | B50: 2.1.1-6546.336 | C50: ALIMENTOS | D50: 2.1.1 | E50: VERDURAS Y HORTALIZAS; VARIEDAD: CHOCLO, ESTADO: CREMOSO, PRESENTACION: LATA, PESO: 350 GR, ELEM. TRANSPORTE: SIN, MATERIAL ELEM. TRANSPORTE: SIN, LIBRE DE GLUTEN: NO | F50: LATAS | G50: 17 | H50: =45.05*1.2 -> 54.06 | I50: =G50*H50 -> 919.02
A51: 42 | B51: 2.1.1-489.66 | C51: ALIMENTOS | D51: 2.1.1 | E51: ESPECIAS; TIPO: OREGANO, PRESENTACION: BOLSA DE 1 Kg | F51: KG | G51: 3 | H51: =1586*1.2 -> 1903.2 | I51: =G51*H51 -> 5709.6
A52: 43 | B52: 2.1.1-489.67 | C52: ALIMENTOS | D52: 2.1.1 | E52: ESPECIAS; TIPO: PIMENTON, PRESENTACION: BOLSA DE 1 Kg | F52: KG | G52: 3 | H52: =1112.6*1.2 -> 1335.12 | I52: =G52*H52 -> 4005.36
A53: 44 | B53: 2.1.1-489.53 | C53: ALIMENTOS | D53: 2.1.1 | E53: ESPECIAS; TIPO: NUEZ MOSCADA, PRESENTACION: POLVO | F53: KG | G53: 1 | H53: =3765.6*1.2 -> 4518.72 | I53: =G53*H53 -> 4518.72
A54: 45 | B54: 2.1.1-489.132 | C54: ALIMENTOS | D54: 2.1.1 | E54: ESPECIAS; TIPO: PIMIENTA BLANCA, PRESENTACION: ENVASE X 1 Kg | F54: KG | G54: 1 | H54: =1210.8*1.2 -> 1452.96 | I54: =G54*H54 -> 1452.96
A55: 46 | B55: 2.1.1-621.7 | C55: ALIMENTOS | D55: 2.1.1 | E55: AVES; ESPECIE: POLLO, EVISCERADO: SIN MENUDOS, PRESENTACION: ENTERO, TIPO: POLLO | F55: KG | G55: 1000 | H55: =105.9*1.2 -> 127.08 | I55: =G55*H55 -> 127080
A56: 47 | B56: 2.1.1-483.20 | C56: ALIMENTOS | D56: 2.1.1 | E56: HUEVO DE GALLINA; COLOR: COLOR, PRESENTACION: 60, TAMAÑO: MEDIANOS | F56: UNIDAD | G56: 160 | H56: =495*1.2 -> 594 | I56: =G56*H56 -> 95040
A57: 48 | B57: 2.1.1-621.11 | C57: ALIMENTOS | D57: 2.1.1 | E57: AVES; ESPECIE: PECHUGA DE POLLO, PRESENTACION: BOLSA X 2 Kg, EVISCERADO: SIN VALOR, TIPO: PECHUGA DE POLLO | F57: BOLSAS | G57: 70 | H57: =780*1.2 -> 936 | I57: =G57*H57 -> 65520
A58: 49 | B58: 2.1.1-590.27 | C58: ALIMENTOS | D58: 2.1.1 | E58: PESCADOS Y FRUTOS CONGELADOS; TIPO: FILET DE MERLUZA, ENVASE: POLIESTIRENO, PRESENTACION: ENVASE X 1 Kg, ELEM. TRANSPORTE: SIN, MATERIAL ELEM. TRANSPORTE: SIN | F58: KG | G58: 100 | H58: =390*1.2 -> 468 | I58: =G58*H58 -> 46800
A59: 50 | B59: 2.1.1-669.27 | C59: ALIMENTOS | D59: 2.1.1 | E59: PANES; TIPO: MIÑON, PRESENTACION: GRANEL | F59: KG | G59: 1500 | H59: =154*1.2 -> 184.8 | I59: =G59*H59 -> 277200
A60: 51 | B60: 2.1.1-669.51 | C60: ALIMENTOS | D60: 2.1.1 | E60: PANES; TIPO: FRANCES, PRESENTACION: UNIDAD | F60: UNIDAD | G60: 1500 | H60: =21*1.2 -> 25.2 | I60: =G60*H60 -> 37800
A61: 52 | B61: 2.1.1-669.1 | C61: ALIMENTOS | D61: 2.1.1 | E61: PANES; PRESENTACION: GRANEL, TIPO: SALVADO | F61: UNIDAD | G61: 1500 | H61: =21*1.2 -> 25.2 | I61: =G61*H61 -> 37800
A62: 53 | B62: 2.1.1-669.37 | C62: ALIMENTOS | D62: 2.1.1 | E62: PANES; TIPO: RALLADO, PRESENTACION: BOLSA X 5 Kg | F62: BOLSAS | G62: 13 | H62: =155*1.2 -> 186 | I62: =G62*H62 -> 2418
A63: 54 | B63: 2.1.1-2430.1 | C63: ALIMENTOS | D63: 2.1.1 | E63: PREPIZZA; GUSTO: TOMATE, TAMAÑO: MEDIANO | F63: UNIDAD | G63: 60 | H63: =67*1.2 -> 80.4 | I63: =G63*H63 -> 4824
A64: 55 | B64: 2.1.1-518.32 | C64: ALIMENTOS | D64: 2.1.1 | E64: TORTAS; TIPO: PIONONO, PESO: 180 GR | F64: UNIDAD | G64: 10 | H64: =370*1.2 -> 444 | I64: =G64*H64 -> 4440
A65: 56 | B65: 2.1.1-788.229 | C65: ALIMENTOS | D65: 2.1.1 | E65: GALLETITAS; VARIEDAD: VAINILLA, RELLENO: SIN, PRESENTACION: ENVASE X 792 GR, ELEM. TRANSPORTE: SIN, MATERIAL ELEM. TRANSPORTE: SIN, LIBRE DE GLUTEN: NO | F65: PAQUETES | G65: 17 | H65: =270*1.2 -> 324 | I65: =G65*H65 -> 5508
A66: 57 | B66: 2.1.1-788.224 | C66: ALIMENTOS | D66: 2.1.1 | E66: GALLETITAS; VARIEDAD: SALADA, RELLENO: SIN, PRESENTACION: ENVASE X 275 GR, ELEM. TRANSPORTE: SIN, MATERIAL ELEM. TRANSPORTE: SIN, LIBRE DE GLUTEN: SI | F66: PAQUETES | G66: 10 | H66: =80*1.2 -> 96 | I66: =G66*H66 -> 960
A67: 58 | B67: 2.1.1-6546.34 | C67: ALIMENTOS | D67: 2.1.1 | E67: VERDURAS Y HORTALIZAS; VARIEDAD: ACELGA, ESTADO: EN HOJA, PRESENTACION: ATADO, PESO: SIN VALOR | F67: ATADOS | G67: 1334 | H67: =21.3333333333333*1.2 -> 25.6 | I67: =G67*H67 -> 34150.4
A68: 59 | B68: 2.1.1-6546.166 | C68: ALIMENTOS | D68: 2.1.1 | E68: VERDURAS Y HORTALIZAS; PRESENTACION: GRANEL, VARIEDAD: ZANAHORIA, ESTADO: NATURAL, PESO: SIN VALOR | F68: BOLSAS | G68: 30 | H68: =1350*1.2 -> 1620 | I68: =G68*H68 -> 48600
A69: 60 | B69: 2.1.1-6546.151 | C69: ALIMENTOS | D69: 2.1.1 | E69: VERDURAS Y HORTALIZAS; VARIEDAD: ZAPALLITO REDONDO, ESTADO: NATURAL, PRESENTACION: CAJON, PESO: SIN VALOR | F69: CAJON | G69: 30 | H69: =1250*1.2 -> 1500 | I69: =G69*H69 -> 45000
A70: 61 | B70: 2.1.1-6546.100 | C70: ALIMENTOS | D70: 2.1.1 | E70: VERDURAS Y HORTALIZAS; ESTADO: NATURAL, PRESENTACION: GRANEL, VARIEDAD: PAPA BLANCA, PESO: SIN VALOR | F70: BOLSAS | G70: 30 | H70: =900*1.2 -> 1080 | I70: =G70*H70 -> 32400
A71: 62 | B71: 2.1.1-6546.49 | C71: ALIMENTOS | D71: 2.1.1 | E71: VERDURAS Y HORTALIZAS; VARIEDAD: CHAUCHA, PRESENTACION: GRANEL, ESTADO: NATURAL, PESO: SIN VALOR | F71: KG | G71: 100 | H71: =240*1.2 -> 288 | I71: =G71*H71 -> 28800
A72: 63 | B72: 2.1.1-6546.2 | C72: ALIMENTOS | D72: 2.1.1 | E72: VERDURAS Y HORTALIZAS; VARIEDAD: TOMATE REDONDO, ESTADO: NATURAL, PRESENTACION: GRANEL, PESO: SIN VALOR | F72: CAJON | G72: 30 | H72: =1275*1.2 -> 1530 | I72: =G72*H72 -> 45900
A73: 64 | B73: 2.1.1-6546.39 | C73: ALIMENTOS | D73: 2.1.1 | E73: VERDURAS Y HORTALIZAS; VARIEDAD: CEBOLLA, ESTADO: NATURAL, PRESENTACION: BOLSA, PESO: 25 Kg | F73: BOLSAS | G73: 20 | H73: =850*1.2 -> 1020 | I73: =G73*H73 -> 20400
A74: 65 | B74: 2.1.1-6546.47 | C74: ALIMENTOS | D74: 2.1.1 | E74: VERDURAS Y HORTALIZAS; VARIEDAD: CEBOLLA DE VERDEO, ESTADO: NATURAL, PRESENTACION: GRANEL, PESO: SIN VALOR | F74: ATADOS | G74: 5 | H74: =80*1.2 -> 96 | I74: =G74*H74 -> 480
A75: 66 | B75: 2.1.1-6546.124 | C75: ALIMENTOS | D75: 2.1.1 | E75: VERDURAS Y HORTALIZAS; PESO: SIN VALOR, VARIEDAD: REMOLACHA, ESTADO: NATURAL, PRESENTACION: GRANEL | F75: ATADOS | G75: 150 | H75: =255*1.2 -> 306 | I75: =G75*H75 -> 45900
A76: 67 | B76: 2.1.1-6546.231 | C76: ALIMENTOS | D76: 2.1.1 | E76: VERDURAS Y HORTALIZAS; VARIEDAD: ZAPALLO ANCO, ESTADO: NATURAL, PRESENTACION: BOLSA, PESO: 20 Kg | F76: BOLSAS | G76: 60 | H76: =750*1.2 -> 900 | I76: =G76*H76 -> 54000
A77: 68 | B77: 2.1.1-6546.162 | C77: ALIMENTOS | D77: 2.1.1 | E77: VERDURAS Y HORTALIZAS; VARIEDAD: ZAPALLO CRIOLLO, ESTADO: NATURAL, PRESENTACION: UNIDAD, PESO: SIN VALOR | F77: KG | G77: 200 | H77: =55*1.2 -> 66 | I77: =G77*H77 -> 13200
A78: 69 | B78: 2.1.1-6546.132 | C78: ALIMENTOS | D78: 2.1.1 | E78: VERDURAS Y HORTALIZAS; VARIEDAD: PEREJIL, ESTADO: NATURAL, PRESENTACION: GRANEL, PESO: SIN VALOR | F78: KG | G78: 20 | H78: =90*1.2 -> 108 | I78: =G78*H78 -> 2160
A79: 70 | B79: 2.1.1-6546.95 | C79: ALIMENTOS | D79: 2.1.1 | E79: VERDURAS Y HORTALIZAS; VARIEDAD: MORRON VERDE, ESTADO: NATURAL, PRESENTACION: GRANEL, PESO: SIN VALOR | F79: CAJON | G79: 20 | H79: =950*1.2 -> 1140 | I79: =G79*H79 -> 22800
A80: 71 | B80: 2.1.1-6546.83 | C80: ALIMENTOS | D80: 2.1.1 | E80: VERDURAS Y HORTALIZAS; VARIEDAD: LECHUGA CRIOLLA, ESTADO: NATURAL, PRESENTACION: UNIDAD, PESO: SIN VALOR | F80: KG | G80: 20 | H80: =65*1.2 -> 78 | I80: =G80*H80 -> 1560
A81: 72 | B81: 2.1.1-6539.20 | C81: ALIMENTOS | D81: 2.1.1 | E81: FRUTAS; ESTADO: NATURAL, VARIEDAD: MANZANA RED DELICIOSA, PRESENTACION: CAJON, PESO: SIN VALOR | F81: CAJON | G81: 40 | H81: =2150*1.2 -> 2580 | I81: =G81*H81 -> 103200
A82: 73 | B82: 2.1.1-6539.30 | C82: ALIMENTOS | D82: 2.1.1 | E82: FRUTAS; VARIEDAD: BANANA, PRESENTACION: CAJON, ESTADO: NATURAL, PESO: SIN VALOR | F82: CAJON | G82: 40 | H82: =2200*1.2 -> 2640 | I82: =G82*H82 -> 105600
A83: 74 | B83: 2.1.1-6539.8 | C83: ALIMENTOS | D83: 2.1.1 | E83: FRUTAS; VARIEDAD: NARANJA ESPECIAL, ESTADO: NATURAL, PRESENTACION: CAJON, PESO: SIN VALOR | F83: CAJON | G83: 30 | H83: =750*1.2 -> 900 | I83: =G83*H83 -> 27000
A84: 75 | B84: 2.1.1-6539.32 | C84: ALIMENTOS | D84: 2.1.1 | E84: FRUTAS; VARIEDAD: PERA AMARILLA, ESTADO: NATURAL, PRESENTACION: CAJON, PESO: SIN VALOR | F84: CAJON | G84: 30 | H84: =2100*1.2 -> 2520 | I84: =G84*H84 -> 75600
A85: 76 | B85: 2.1.1-6539.187 | C85: ALIMENTOS | D85: 2.1.1 | E85: FRUTAS; VARIEDAD: LIMON, ESTADO: NATURAL, PRESENTACION: CAJON, ELEM. TRANSPORTE: SIN, MATERIAL ELEM. TRANSPORTE: SIN, ORGANICO: NO | F85: CAJON | G85: 20 | H85: =750*1.2 -> 900 | I85: =G85*H85 -> 18000
A86: 77 | B86: 2.1.1-541.27 | C86: ALIMENTOS | D86: 2.1.1 | E86: CARNES; ESPECIE: VACUNA, CORTE: CUADRIL, TIPO: VACUNA | F86: KG | G86: 200 | H86: 750 | I86: =G86*H86 -> 150000
A87: 78 | B87: 2.1.1-541.49 | C87: ALIMENTOS | D87: 2.1.1 | E87: CARNES; ESPECIE: VACUNA, CORTE: NALGA, TIPO: VACUNA | F87: KG | G87: 100 | H87: 750 | I87: =G87*H87 -> 75000
A88: 79 | B88: 2.1.1-541.7 | C88: ALIMENTOS | D88: 2.1.1 | E88: CARNES; ESPECIE: VACUNA, CORTE: PICADA ESPECIAL, TIPO: VACUNA | F88: KG | G88: 150 | H88: 600 | I88: =G88*H88 -> 90000
A89: 80 | B89: 2.1.1-541.70 | C89: ALIMENTOS | D89: 2.1.1 | E89: CARNES; CORTE: CARRE CON LOMO, TIPO: PORCINA, ESPECIE: PORCINA | F89: KG | G89: 30 | H89: 450 | I89: =G89*H89 -> 13500
A90: 81 | B90: 2.1.1-541.164 | C90: ALIMENTOS | D90: 2.1.1 | E90: CARNES; TIPO: PORCINA, CORTE: COSTELETA | F90: KG | G90: 20 | H90: 450 | I90: =G90*H90 -> 9000
A91: 82 | B91: 2.1.1-542.212 | C91: ALIMENTOS | D91: 2.1.1 | E91: QUESOS; TIPO: CUARTIROLO, PRESENTACION: HORMA, ELEM. TRANSPORTE: SIN, MATERIAL ELEM. TRANSPORTE: SIN, MATERIAL ENVASE: SIN, CERTIFICADO FORESTAL (GFS): SIN, LIBRE DE GLUTEN: SI | F91: KG | G91: 70 | H91: =290*1.2 -> 348 | I91: =G91*H91 -> 24360
A92: 83 | B92: 2.1.1-542.197 | C92: ALIMENTOS | D92: 2.1.1 | E92: QUESOS; TIPO: TYBO, PRESENTACION: HORMA, ELEM. TRANSPORTE: SIN, MATERIAL ELEM. TRANSPORTE: SIN, MATERIAL ENVASE: PLASTICO, CERTIFICADO FORESTAL (GFS): SIN, LIBRE DE GLUTEN: NO | F92: KG | G92: 30 | H92: =320*1.2 -> 384 | I92: =G92*H92 -> 11520
A93: 84 | B93: 2.1.1-542.207 | C93: ALIMENTOS | D93: 2.1.1 | E93: QUESOS; TIPO: SARDO, PRESENTACION: HORMA X 3 Kg, ELEM. TRANSPORTE: SIN, MATERIAL ELEM. TRANSPORTE: SIN, MATERIAL ENVASE: SIN, CERTIFICADO FORESTAL (GFS): SIN, LIBRE DE GLUTEN: NO | F93: HORMA | G93: 25 | H93: =420*1.2 -> 504 | I93: =G93*H93 -> 12600
A94: 85 | B94: 2.1.1-969.35 | C94: ALIMENTOS | D94: 2.1.1 | E94: FIAMBRES; TIPO: JAMON COCIDO ITALIANO, PRESENTACION: AL PESO | F94: KG | G94: 35 | H94: =416.56*1.2 -> 499.872 | I94: =G94*H94 -> 17495.52
A95: 86 | B95: 2.1.1-4975.2 | C95: ALIMENTOS | D95: 2.1.1 | E95: RICOTA; ENVASE: PAQUETE, PESO: 1 Kg, SABOR: SIN | F95: KG | G95: 10 | H95: =326*1.2 -> 391.2 | I95: =G95*H95 -> 3912
A96: 87 | B96: 2.1.1-707.35 | C96: ALIMENTOS | D96: 2.1.1 | E96: PASTAS FRESCAS; VARIEDAD: RAVIOL, RELLENO: RICOTA Y POLLO, PRESENTACION: ENVASE X 2 PLANCHAS | F96: PLANCHAS | G96: 130 | H96: =80.15*1.2 -> 96.18 | I96: =G96*H96 -> 12503.4
A97: 88 | B97: 2.1.1-2429.1 | C97: ALIMENTOS | D97: 2.1.1 | E97: TAPAS P/TARTAS; TIPO: REDONDA, MASA: CASERA, PRESENTACION: BOLSA | F97: UNIDAD | G97: 120 | H97: =61.36*1.2 -> 73.632 | I97: =G97*H97 -> 8835.84
A98: 89 | B98: 2.1.1-2610.1 | C98: ALIMENTOS | D98: 2.1.1 | E98: TAPAS P/EMPANADAS; TIPO: P/HORNO, PRESENTACION: BOLSA X 12 | F98: UNIDAD | G98: 80 | H98: =32*1.2 -> 38.4 | I98: =G98*H98 -> 3072
A99: 90 | B99: 2.1.1-456.79 | C99: ALIMENTOS | D99: 2.1.1 | E99: YOGHURT; TIPO: DESCREMADO, AGREGADO: SIN, CONSISTENCIA: FIRME, SABOR: VAINILLA, PRESENTACION: POTE PLASTICO X 200 GR | F99: UNIDAD | G99: 400 | H99: =42.97*1.2 -> 51.564 | I99: =G99*H99 -> 20625.6
A100: 91 | B100: 2.1.1-455.16 | C100: ALIMENTOS | D100: 2.1.1 | E100: DULCE DE LECHE; ENVASE: DE CARTON, CAPACIDAD: 5000 GR, TIPO: DE REPOSTERIA, PRESENTACION: ENVASE DE CARTON X 5 Kg | F100: UNIDAD | G100: 1 | H100: =(178.09*5)*1.2 -> 1068.54 | I100: =G100*H100 -> 1068.54
B103: Especificidades Item N° 1:
B105: Descripción técnica
C106: ACEITE MEZCLA BOTELLA X 900 CC
...

Sheet NotaPedido
A1: NOTA DE PEDIDO | J1: N° | K1: 366 - 2020
A3: JURISDICCIÓN: | D3: ='Necesidades Trimestrales'!C4 -> 40 - Ministerio de Salud
A4: SAF: | D4: ='Necesidades Trimestrales'!C5 -> 23 - Hospital Interzonal San Juan Bautista
A5: UNIDAD EJECUTORA: | D5: 168 - Direccion Asistencial
A6: DEPENDENCIA SOLICITANTE: | D6: Servicio de Nutrición
A7: PERIODO UTILIZACIÓN: | D7: ='Necesidades Trimestrales'!C7 & "° Trimestre - Año " & 'Necesidades Trimestrales'!C6 -> 1° Trimestre - Año 2021
A8: OBJETO: | D8: Adquisición de Alimentos Perecederos y no Perecederos
A10: Ítem | B10: Codigo Item | C10: DESCRIPCIÓN | H10: Adjunta Detalle Técnico | I10: Unidad Medida | J10: Precio Unitario Estimado | K10: Cantidad Solicitada
A12: 1 | B12: ='Necesidades Trimestrales'!B10 -> 2.1.1-439.60 | C12: ='Necesidades Trimestrales'!E10 -> ACEITES COMESTIBLES; TIPO: MEZCLA, PRESENTACION: ENVASE X 900 CM3, MATERIAL ENVASE: PLASTICO 1 (PET), ELEM. TRANSPORTE: SIN, MATERIAL ELEM. TRANSPORTE : SIN, LIBRE DE GLUTEN: SI | H12: NO | I12: ='Necesidades Trimestrales'!F10 -> BOTELLA | J12: ='Necesidades Trimestrales'!H10 -> 118.464 | K12: ='Necesidades Trimestrales'!G10 -> 250
A13: 2 | B13: ='Necesidades Trimestrales'!B11 -> 2.1.1-481.38 | C13: ='Necesidades Trimestrales'!E11 -> AZUCARES; TIPO: "A" COMUN, ESTADO: MOLIDA, PESO: 1 Kg, MATERIAL ENVASE: PLASTICO, CERTIFICADO FORESTAL (GFS): SIN, ELEM. TRANSPORTE: SIN, MATERIAL ELEM. TRANSPORTE: SIN | H13: NO | I13: ='Necesidades Trimestrales'!F11 -> PAQUETES | J13: ='Necesidades Trimestrales'!H11 -> 72 | K13: ='Necesidades Trimestrales'!G11 -> 400
A14: 3 | B14: ='Necesidades Trimestrales'!B12 -> 2.1.1-705.116 | C14: ='Necesidades Trimestrales'!E12 -> LECHE; ESTADO: LIQUIDO, TIPO: DESCREMADA, PROCESO: LARGA VIDA, AGREGADO: VITAMINAS A Y D, PRESENTACION: ENVASE X 1 L, MATERIAL ENVASE: PLASTICO, ELEM. TRANSPORTE: SIN, MATERIAL ELEM. TRANSPORTE: SIN, CERTIFICADO FORESTAL (GFS): SIN, LIBRE DE GLUTEN: SIN VALOR | H14: NO | I14: ='Necesidades Trimestrales'!F12 -> LITROS | J14: ='Necesidades Trimestrales'!H12 -> 71.976 | K14: ='Necesidades Trimestrales'!G12 -> 600
A15: 4 | B15: ='Necesidades Trimestrales'!B13 -> 2.1.1-2868.55 | C15: ='Necesidades Trimestrales'!E13 -> FIDEOS SECOS; VARIEDAD: TALLARIN, RELLENO: SIN, PRESENTACION: ENVASE X 500 GR, MATERIAL ENVASE: PLASTICO 1 (PET), ELEM. TRANSPORTE: SIN, MATERIAL ELEM. TRANSPORTE: SIN, CERTIFICADO FORESTAL (GFS): SIN, LIBRE DE GLUTEN: NO | H15: NO | I15: ='Necesidades Trimestrales'!F13 -> PAQUETES | J15: ='Necesidades Trimestrales'!H13 -> 46.656 | K15: ='Necesidades Trimestrales'!G13 -> 50
A16: 5 | B16: ='Necesidades Trimestrales'!B14 -> 2.1.1-511.8 | C16: ='Necesidades Trimestrales'!E14 -> TE; SAQUITOS 2G P/CAJA: 50, PESO: SIN VALOR, TIPO: SIN VALOR, PRESENTACION: EN SAQUITOS | H16: NO | I16: ='Necesidades Trimestrales'!F14 -> CAJAS | J16: ='Necesidades Trimestrales'!H14 -> 81.006 | K16: ='Necesidades Trimestrales'!G14 -> 650
A17: 6 | B17: ='Necesidades Trimestrales'!B15 -> 2.1.1-454.25 | C17: ='Necesidades Trimestrales'!E15 -> YERBAS; PALO: CON, PESO: 1 Kg, MATERIAL ENVASE : PAPEL, CERTIFICADO FORESTAL (GFS): CON, ELEM. TRANSPORTE: SIN, MATERIAL ELEM. TRANSPORTE: SIN, LIBRE DE GLUTEN: SI | H17: NO | I17: ='Necesidades Trimestrales'!F15 -> PAQUETES | J17: ='Necesidades Trimestrales'!H15 -> 226.8 | K17: ='Necesidades Trimestrales'!G15 -> 25
A18: 7 | B18: ='Necesidades Trimestrales'!B16 -> 2.1.1-2126.13 | C18: ='Necesidades Trimestrales'!E16 -> SEMOLAS; TIPO: VITINA, PRESENTACION: BOLSA, PESO: 500 GR, MATERIAL ENVASE: PLASTICO 1 (PET), CERTICADO FORESTAL (GFS): SIN, LIBRE DE GLUTEN: NO | H18: NO | I18: ='Necesidades Trimestrales'!F16 -> PAQUETES | J18: ='Necesidades Trimestrales'!H16 -> 102 | K18: ='Necesidades Trimestrales'!G16 -> 7
A19: 8 | B19: ='Necesidades Trimestrales'!B17 -> 2.1.1-2868.53 | C19: ='Necesidades Trimestrales'!E17 -> FIDEOS SECOS; VARIEDAD: TIRABUZON, RELLENO: SIN, PRESENTACION: ENVASE X 500 GR, MATERIAL ENVASE: PLASTICO 1 (PET), ELEM. TRANSPORTE: SIN, MATERIAL ELEM. TRANSPORTE: SIN, CERTIFICADO FORESTAL (GFS): SIN, LIBRE DE GLUTEN: NO | H19: NO | I19: ='Necesidades Trimestrales'!F17 -> PAQUETES | J19: ='Necesidades Trimestrales'!H17 -> 46.656 | K19: ='Necesidades Trimestrales'!G17 -> 42
A20: 9 | B20: ='Necesidades Trimestrales'!B18 -> 2.1.1-613.9 | C20: ='Necesidades Trimestrales'!E18 -> FECULA DE MAIZ; ENVASE: BOLSA, PESO: 500 GR, LIBRE DE GLUTEN: SI | H20: NO | I20: ='Necesidades Trimestrales'!F18 -> PAQUETES | J20: ='Necesidades Trimestrales'!H18 -> 94.788 | K20: ='Necesidades Trimestrales'!G18 -> 17
A21: 10 | B21: ='Necesidades Trimestrales'!B19 -> 2.1.1-6547.57 | C21: ='Necesidades Trimestrales'!E19 -> LEGUMBRES; VARIEDAD: LENTEJAS SECAS, ESTADO: SECO, PRESENTACION: BOLSA, PESO: 500 GR | H21: NO | I21: ='Necesidades Trimestrales'!F19 -> PAQUETES | J21: ='Necesidades Trimestrales'!H19 -> 118.044 | K21: ='Necesidades Trimestrales'!G19 -> 13
A22: 11 | B22: ='Necesidades Trimestrales'!B20 -> 2.1.1-514.2 | C22: ='Necesidades Trimestrales'!E20 -> SAL DE MESA; CONSISTENCIA: FINA, PESO: 500 GR, TIPO: SIN VALOR, ENVASE: PAQUETE | H22: NO | I22: ='Necesidades Trimestrales'!F20 -> PAQUETES | J22: ='Necesidades Trimestrales'!H20 -> 45.48 | K22: ='Necesidades Trimestrales'!G20 -> 33
A23: 12 | B23: ='Necesidades Trimestrales'!B21 -> 2.1.1-514.11 | C23: ='Necesidades Trimestrales'!E21 -> SAL DE MESA; CONSISTENCIA: GRUESA, PESO: 50 Kg, TIPO: SIN VALOR, ENVASE: BOLSA | H23: NO | I23: ='Necesidades Trimestrales'!F21 -> BOLSAS | J23: ='Necesidades Trimestrales'!H21 -> 2601 | K23: ='Necesidades Trimestrales'!G21 -> 5
... A102: 91 | B102: ='Necesidades Trimestrales'!B100 -> 2.1.1-455.16 | C102: ='Necesidades Trimestrales'!E100 -> DULCE DE LECHE; ENVASE: DE CARTON, CAPACIDAD: 5000 GR, TIPO: DE REPOSTERIA, PRESENTACION: ENVASE DE CARTON X 5 Kg | H102: NO | I102: ='Necesidades Trimestrales'!F100 -> UNIDAD | J102: ='Necesidades Trimestrales'!H100 -> 1068.54 | K102: ='Necesidades Trimestrales'!G100 -> 1
A103: Costo total estimado: dos millones doscientos ochenta y siete mil ciento noventa y nueve con 76/100.------------- | J103: =SUMPRODUCT(J12:J102,K12:K102) -> 2287199.8

Sheet Autor Gastar
A1: EJERCICIO: | D1: ='Necesidades Trimestrales'!C6 -> 2021 | P1: AUTORIZACION PARA GASTAR
A4: JURISDICCIÓN: | G4: =NotaPedido!D3 -> 40 - Ministerio de Salud
A5: SAF: | G5: =NotaPedido!D4 -> 23 - Hospital Interzonal San Juan Bautista
A6: UNIDAD EJECUTORA: | G6: =NotaPedido!D5 -> 168 - Direccion Asistencial
A7: DEPENDENCIA SOLICITANTE: | G7: =NotaPedido!D6 -> Servicio de Nutrición
A8: AUTORIZACIÓN:
A9: Señor Jefe de Servicio Administrativo Financiero:
A10: ="Autorizo la realización de los trámites correspondientes, a fin de proveer a este Organismo los bienes y/o servicios que se detallan en Nota de Pedido N° " & NotaPedido!K1&", afectando la erogación resultante a los créditos presupuestarios aprobados a favor de esta Unidad Ejecutora, conforme al siguiente detalle:" -> Autorizo la realización de los trámites correspondientes, a fin de proveer a este Organismo los bienes y/o servicios que se detallan en Nota de Pedido N° 366 - 2020, afectando la erogación resultante a los créditos presupuestarios aprobados a favor de esta Unidad Ejecutora, conforme al siguiente detalle:
A12: IMPUTACIÓN PRESUPUESTARIA
A13: CÓDIGO | O13: DENOMINACIÓN DE LA PARTIDA PRESUPUESTARIA | Q13: IMPORTE
A14: PR | B14: SB | C14: PY | D14: AC | E14: OB | F14: UG | G14: FIN | H14: FUN | I14: I | J14: P | K14: P | L14: SubP | M14: M | N14: FF
A15: 33 | D15: 2 | F15: 4901 | G15: 3 | H15: 3.1 | I15: 2 | J15: 1 | K15: 1 | M15: 1 | N15: 1.1 | O15: Alimentos para Personas | Q15: =+NotaPedido!J103 -> 2287199.8
A23: TOTAL DE PESOS: DOS MILLONES DOSCIENTOS OCHENTA Y SIETE MIL CIENTO NOVENTA Y NUEVE CON 76/100.-- | Q23: =SUM(Q15:Q22) -> 2287199.8
A25: JUSTIFICACIÓN:
A26: ="Para la "& NotaPedido!D8 &" para ser destinados al " & NotaPedido!D6 &" del HISJB del Ministerio de Salud." -> Para la Adquisición de Alimentos Perecederos y no Perecederos para ser destinados al Servicio de Nutrición del HISJB del Ministerio de Salud.
