Workbook

Sheet SAF 011
A1: 2022
B2: Pedido de Necesidades Trimestrales
A4: JURISDICCION: | C4: 040 - MINISTERIO DE SALUD
A5: SAF N°: | C5: 011 - DIRECCION PROVINCIAL DE ADMINISTRACION - MINISTERIO DE SALUD
A6: EJERCICIO: | C6: 2022
A7: TRIMESTRE: | C7: TERCERO
A9: ID | B9: CODIGO ITEM | C9: RUBRO DE COMPRA | D9: I.P.P. | E9: DESCRIPCION | F9: UNIDAD DE MEDIDA | G9: CANTIDAD TOTAL | H9: PRECIO UNITARIO ESTIMADO | I9: IMPORTE TOTAL ESTIMADO | J9: ESPECIFICACION TECNICA
A10: 1 | B10: 2.5.2-3956.66 | C10: PRODUCTOS FARMACEUTICOS Y MEDICINALES | D10: 2.5.2 | E10: ANTINEOPLASICOS; TIPO: MONODROGA, DROGA GENERICA: ASPARAGINASA PEGILADA, FORMA FARMACEUTICA: FRASCO AMPOLLA, PRESENTACION: ENVASE X 3750 UI | F10: AMPOLLA | G10: 2 | H10: 616730 | I10: =+G10*H10 -> 1233460
A11: 2 | B11: 2.5.2-3956.30 | C11: PRODUCTOS FARMACEUTICOS Y MEDICINALES | D11: 2.5.2 | E11: ANTINEOPLASICOS; TIPO: MONODROGA, DROGA GENERICA: BORTEZOMIB, FORMA FARMACEUTICA: AMPOLLA, PRESENTACION: ENVASE X 3,5 MGR | F11: AMPOLLA | G11: 2 | H11: 4680 | I11: =+G11*H11 -> 9360
A12: 3 | B12: 2.5.2-3956.65 | C12: PRODUCTOS FARMACEUTICOS Y MEDICINALES | D12: 2.5.2 | E12: ANTINEOPLASICOS; TIPO: MONODROGA, DROGA GENERICA: BRENTUXIMAB, FORMA FARMACEUTICA: AMPOLLA, PRESENTACION: UNIDAD | F12: AMPOLLA | G12: 1 | H12: 828100 | I12: =+G12*H12 -> 828100
A13: 4 | B13: 2.5.2-3956.63 | C13: PRODUCTOS FARMACEUTICOS Y MEDICINALES | D13: 2.5.2 | E13: ANTINEOPLASICOS; TIPO: MONODROGA, DROGA GENERICA: PEMBROLIZUMAB, FORMA FARMACEUTICA: AMPOLLA, PRESENTACION: UNIDAD | F13: AMPOLLA | G13: 6 | H13: 399906.1 | I13: =+G13*H13 -> 2399436.6
A14: 5 | B14: 2.5.2-3956.22 | C14: PRODUCTOS FARMACEUTICOS Y MEDICINALES | D14: 2.5.2 | E14: ANTINEOPLASICOS; TIPO: MONODROGA, DROGA GENERICA: TRASTUZUMAB, FORMA FARMACEUTICA: AMPOLLA, PRESENTACION: ENVASE X 440 MGR | F14: AMPOLLA | G14: 8 | H14: 197243.75 | I14: =+G14*H14 -> 1577950
A15: 6 | B15: 2.5.2-1894.102 | C15: PRODUCTOS FARMACEUTICOS Y MEDICINALES | D15: 2.5.2 | E15: CITOSTATICOS; TIPO: MONODROGA, DROGA GENERICA: BEVACIZUMAB 400 MG, FORMA FARMACEUTICA: VIAL X 16 mL, PRESENTACION: UNIDAD | F15: AMPOLLA | G15: 5 | H15: 7740 | I15: =+G15*H15 -> 38700
A16: 7 | B16: 2.5.2-1894.125 | C16: PRODUCTOS FARMACEUTICOS Y MEDICINALES | D16: 2.5.2 | E16: CITOSTATICOS; TIPO: MONODROGA, DROGA GENERICA: PERTUZUMAB 420 MG, FORMA FARMACEUTICA: AMPOLLA, PRESENTACION: ENVASE X 14 ML | F16: AMPOLLA | G16: 8 | H16: 527797.2 | I16: =+G16*H16 -> 4222377.6
A17: 8 | B17: 2.5.2-1894.126 | C17: PRODUCTOS FARMACEUTICOS Y MEDICINALES | D17: 2.5.2 | E17: CITOSTATICOS; TIPO: MONODROGA, DROGA GENERICA: TRASTUZUMAB 600 MG, FORMA FARMACEUTICA: AMPOLLA, PRESENTACION: ENVASE X 5 ML | F17: AMPOLLA | G17: 2 | H17: 297000 | I17: =+G17*H17 -> 594000
A18: 9 | B18: 2.5.2-1913.9 | C18: PRODUCTOS FARMACEUTICOS Y MEDICINALES | D18: 2.5.2 | E18: SULFONAMIDA-QUIMIOTERAPICO; TIPO: MONODROGA, DROGA GENERICA: DACTINOMICINA, FORMA FARMACEUTICA: AMPOLLA, PRESENTACION: 0,5 mGr | F18: AMPOLLA | G18: 3 | H18: 91890 | I18: =+G18*H18 -> 275670
A19: TOTAL RUBRO MEDICAMENTOS ONCOLOGICOS | I19: =SUM(I10:I18) -> 11179054
C22: DETALLE TECNICO Y ESPECIFICACIONES | D22: ANEXO 1-Para oferentes de la Provincia de Catamarca deberán presentar Habilitación Provincial para comercializar el producto que cotizan. 2-Para el resto de oferentes deberán presentar Certificado de Inscripción de ANMAT vigente al momento de la oferta, el mismo deberá ser correspondiente al objeto de la contratación y de encontrarse vencido adjuntar la solicitud de renovación. 3-No se aceptarán ofertas de productos no registrados y autorizada su venta por ANMAT. Se deberá especificar en cada ítem de la propuesta, marca y número de certificado otorgado por dicho ente regulador. 4-Los productos deberán tener un vencimiento posterior a doce (12) meses a partir de la fecha de su recepción.
C24: Plazos de entrega | D24: diez (10) dias habiles
C26: Lugar de Entrega: | D26: DIR. PROV. DE CANCER - CHACABUCO N° 169 - en el horario de 8:00hs a 12:00hs de lunes a viernes
C28: Calidad Minima esperada
C30: Mantenimiento | D30: cuarenta y cinco (45) días
C33: Especificidades: ITEMS NUM 8
C34: Subcutaneo

Sheet NP
A1: NOTA DE PEDIDO | J1: N° | K1: XX/2022
A3: JURISDICCIÓN: | D3: ='SAF 011'!C4 -> 040 - MINISTERIO DE SALUD
A4: SAF: | D4: ='SAF 011'!C5 -> 011 - DIRECCION PROVINCIAL DE ADMINISTRACION - MINISTERIO DE SALUD
A5: UNIDAD EJECUTORA: | D5: 159 - DIRECCION PROVINCIAL DE CANCER
A6: DEPENDENCIA SOLICITANTE: | D6: 159 - DIRECCION PROVINCIAL DE CANCER
A7: PERIODO UTILIZACIÓN: | D7: TRES (3) MESES
A8: OBJETO: | D8: ADQ. DEL RUBRO MEDICAMENTOS ONCOLOGICOS
A10: Ítem | B10: Codigo Item | C10: DESCRIPCIÓN | H10: Adjunta Detalle Técnico | I10: Unidad Medida | J10: Precio Unitario Estimado | K10: Cantidad Solicitada
A12: 1 | B12: ='SAF 011'!B10 -> 2.5.2-3956.66 | C12: ='SAF 011'!E10 -> ANTINEOPLASICOS; TIPO: MONODROGA, DROGA GENERICA: ASPARAGINASA PEGILADA, FORMA FARMACEUTICA: FRASCO AMPOLLA, PRESENTACION: ENVASE X 3750 UI | H12: NO | I12: ='SAF 011'!F10 -> AMPOLLA | J12: 616730 | K12: 2
A13: 2 | B13: ='SAF 011'!B11 -> 2.5.2-3956.30 | C13: ='SAF 011'!E11 -> ANTINEOPLASICOS; TIPO: MONODROGA, DROGA GENERICA: BORTEZOMIB, FORMA FARMACEUTICA: AMPOLLA, PRESENTACION: ENVASE X 3,5 MGR | H13: NO | I13: ='SAF 011'!F11 -> AMPOLLA | J13: 4680 | K13: 2
A14: 3 | B14: ='SAF 011'!B12 -> 2.5.2-3956.65 | C14: ='SAF 011'!E12 -> ANTINEOPLASICOS; TIPO: MONODROGA, DROGA GENERICA: BRENTUXIMAB, FORMA FARMACEUTICA: AMPOLLA, PRESENTACION: UNIDAD | H14: NO | I14: ='SAF 011'!F12 -> AMPOLLA | J14: 828100 | K14: 1
A15: 4 | B15: ='SAF 011'!B13 -> 2.5.2-3956.63 | C15: ='SAF 011'!E13 -> ANTINEOPLASICOS; TIPO: MONODROGA, DROGA GENERICA: PEMBROLIZUMAB, FORMA FARMACEUTICA: AMPOLLA, PRESENTACION: UNIDAD | H15: NO | I15: ='SAF 011'!F13 -> AMPOLLA | J15: 399906.1 | K15: 6
A16: 5 | B16: ='SAF 011'!B14 -> 2.5.2-3956.22 | C16: ='SAF 011'!E14 -> ANTINEOPLASICOS; TIPO: MONODROGA, DROGA GENERICA: TRASTUZUMAB, FORMA FARMACEUTICA: AMPOLLA, PRESENTACION: ENVASE X 440 MGR | H16: NO | I16: ='SAF 011'!F14 -> AMPOLLA | J16: 197243.75 | K16: 8
A17: 6 | B17: ='SAF 011'!B15 -> 2.5.2-1894.102 | C17: ='SAF 011'!E15 -> CITOSTATICOS; TIPO: MONODROGA, DROGA GENERICA: BEVACIZUMAB 400 MG, FORMA FARMACEUTICA: VIAL X 16 mL, PRESENTACION: UNIDAD | H17: NO | I17: ='SAF 011'!F15 -> AMPOLLA | J17: 7740 | K17: 5
A18: 7 | B18: ='SAF 011'!B16 -> 2.5.2-1894.125 | C18: ='SAF 011'!E16 -> CITOSTATICOS; TIPO: MONODROGA, DROGA GENERICA: PERTUZUMAB 420 MG, FORMA FARMACEUTICA: AMPOLLA, PRESENTACION: ENVASE X 14 ML | H18: NO | I18: ='SAF 011'!F16 -> AMPOLLA | J18: 527797.2 | K18: 8
A19: 8 | B19: ='SAF 011'!B17 -> 2.5.2-1894.126 | C19: ='SAF 011'!E17 -> CITOSTATICOS; TIPO: MONODROGA, DROGA GENERICA: TRASTUZUMAB 600 MG, FORMA FARMACEUTICA: AMPOLLA, PRESENTACION: ENVASE X 5 ML | H19: SI | I19: ='SAF 011'!F17 -> AMPOLLA | J19: 297000 | K19: 2
A20: 9 | B20: ='SAF 011'!B18 -> 2.5.2-1913.9 | C20: ='SAF 011'!E18 -> SULFONAMIDA-QUIMIOTERAPICO; TIPO: MONODROGA, DROGA GENERICA: DACTINOMICINA, FORMA FARMACEUTICA: AMPOLLA, PRESENTACION: 0,5 mGr | H20: NO | I20: ='SAF 011'!F18 -> AMPOLLA | J20: 91890 | K20: 3
A22: Costo total estimado: PESOS ONCE MILLONES CIENTO SETENTA Y NUEVE MIL CINCUENTA Y CUATRO CON 20/100.- | J22: =SUMPRODUCT(J12:J20,K12:K20) -> 11179054

Sheet APG
A1: EJERCICIO: | D1: 2022 | P1: AUTORIZACION PARA GASTAR
A4: JURISDICCIÓN: | G4: =NP!D3 -> 040 - MINISTERIO DE SALUD
A5: SAF: | G5: =NP!D4 -> 011 - DIRECCION PROVINCIAL DE ADMINISTRACION - MINISTERIO DE SALUD
A6: UNIDAD EJECUTORA: | G6: =NP!D5 -> 159 - DIRECCION PROVINCIAL DE CANCER
A7: DEPENDENCIA SOLICITANTE: | G7: =NP!D6 -> 159 - DIRECCION PROVINCIAL DE CANCER
A8: AUTORIZACIÓN:
A9: Señor Director de Administración o Titular del Servicio Administrativo Financiero:
A10: Autorizo la realización de los trámites correspondientes, a fin de proveer a este Organismo los bienes que se detallan en Nota de Pedido N° XX/2022, afectando la erogación resultante a los créditos presupuestarios aprobados a favor de esta Unidad Ejecutora, conforme al siguiente detalle:
A12: IMPUTACIÓN PRESUPUESTARIA
A13: CÓDIGO | O13: DENOMINACIÓN DE LA PARTIDA PRESUPUESTARIA | Q13: IMPORTE
A14: PR | B14: SB | C14: PY | D14: AC | E14: OB | F14: UG | G14: FIN | H14: FUN | I14: I | J14: P | K14: P | L14: SubP | M14: M | N14: FF
A15: 44 | D15: 1 | F15: 4901 | G15: 3 | H15: 1 | I15: 2 | J15: 5 | K15: 2 | M15: 1 | N15: 1.1 | O15: PRODUCTOS FARMACEUTICOS Y MEDICINALES | Q15: 11179054
A38: TOTAL DE PESOS: ONCE MILLONES CIENTO SETENTA Y NUEVE MIL CINCUENTA Y CUATRO CON 00/100 | Q38: =SUM(Q15:Q37) -> 11179054
A40: JUSTIFICACIÓN:
A41: =NP!D8 -> ADQ. DEL RUBRO MEDICAMENTOS ONCOLOGICOS
