Workbook

Sheet Necesidades Trimestrales
B2: Pedido de Necesidades Trimestrales
A4: JURISDICCION: | C4: 040 - Ministerio de Salud
A5: SAF N°: | C5: 028-Maternidad provincial 25 de Mayo
A6: EJERCICIO: | C6: 2022
A7: TRIMESTRE: | C7: 4
A9: ID | B9: CODIGO ITEM | C9: RUBRO DE COMPRA | D9: I.P.P. | E9: DESCRIPCION | F9: UNIDAD DE MEDIDA | G9: CANTIDAD | H9: PRECIO UNITARIO ESTIMADO | I9: IMPORTE TOTAL ESTIMADO
A10: 1 | B10: 2.5.2-1821.1 | C10: PROD. MEDICO/FARMACEUTICOS/LAB | D10: 252 | E10: ANTIBIOTICOS P/PERSONAS; TIPO: MONODROGA, DROGA GENERICA: AMIKACINA, PRESENTACION: 500 mGr, FORMA FARMACEUTICA: AMPOLLA | F10: AMPOLLA | G10: 200 | H10: 87.95 | I10: =+G10*H10 -> 17590
A11: 2 | B11: 2.5.2-1821.440 | C11: PROD. MEDICO/FARMACEUTICOS/LAB | D11: 252 | E11: ANTIBIOTICOS P/PERSONAS; TIPO: ASOCIACION, DROGA GENERICA: AMOXICIL. 875 MG+CLAVUL.125 MG mGr, FORMA FARMACEUTICA: COMPRIMIDO, PRESENTACION: UNIDAD | F11: COMPRIMIDO | G11: 700 | H11: 38 | I11: =+G11*H11 -> 26600
A12: 3 | B12: 2.5.2-1821.9 | C12: PROD. MEDICO/FARMACEUTICOS/LAB | D12: 252 | E12: ANTIBIOTICOS P/PERSONAS; TIPO: MONODROGA, DROGA GENERICA: AMOXICILINA, PRESENTACION: 500 mGr, FORMA FARMACEUTICA: COMPRIMIDOS | F12: COMPRIMIDO | G12: 160 | H12: 15 | I12: =+G12*H12 -> 2400
A13: 4 | B13: 2.5.2-1821.8 | C13: PROD. MEDICO/FARMACEUTICOS/LAB | D13: 252 | E13: ANTIBIOTICOS P/PERSONAS; TIPO: MONODROGA, DROGA GENERICA: AMPICILINA, FORMA FARMACEUTICA: AMPOLLA, PRESENTACION: 1 GR | F13: AMPOLLA | G13: 1800 | H13: 99 | I13: =+G13*H13 -> 178200
A14: 5 | B14: 2.5.2-1821.5 | C14: PROD. MEDICO/FARMACEUTICOS/LAB | D14: 252 | E14: ANTIBIOTICOS P/PERSONAS; TIPO: MONODROGA, DROGA GENERICA: AMPICILINA, FORMA FARMACEUTICA: COMPRIMIDOS, PRESENTACION: 500 mGr | F14: COMPRIMIDO | G14: 80 | H14: 22 | I14: =+G14*H14 -> 1760
A15: 6 | B15: 2.5.2-1821.502 | C15: PROD. MEDICO/FARMACEUTICOS/LAB | D15: 252 | E15: ANTIBIOTICOS P/PERSONAS; TIPO: MONODROGA, DROGA GENERICA: AZITROMICINA 200 mGr, FORMA FARMACEUTICA: SUSPENSION, PRESENTACION: ENVASE X 15 Ml | F15: FRASCO | G15: 30 | H15: 562.5 | I15: =+G15*H15 -> 16875
A16: 7 | B16: 2.5.2-1821.94 | C16: PROD. MEDICO/FARMACEUTICOS/LAB | D16: 252 | E16: ANTIBIOTICOS P/PERSONAS; TIPO: MONODROGA, DROGA GENERICA: AZITROMICINA, FORMA FARMACEUTICA: COMPRIMIDO, PRESENTACION: 500 mGr | F16: COMPRIMIDO | G16: 400 | H16: 37.45 | I16: =+G16*H16 -> 14980
A17: 8 | B17: 2.5.2-1883.24 | C17: PROD. MEDICO/FARMACEUTICOS/LAB | D17: 252 | E17: ANESTESICOS LOCALES; TIPO: MONODROGA, DROGA GENERICA: BUPIVACAINA 0,5 %, FORMA FARMACEUTICA: FRASCO, PRESENTACION: 20 mL | F17: FRASCO | G17: 10 | H17: 350 | I17: =+G17*H17 -> 3500
A18: 9 | B18: 2.5.2-1883.188 | C18: PROD. MEDICO/FARMACEUTICOS/LAB | D18: 252 | E18: ANESTESICOS LOCALES; TIPO: MONODROGA, DROGA GENERICA: BUPIVACAINA 0,5% HIPERBARICA, FORMA FARMACEUTICA: AMPOLLA, PRESENTACION: 4 ML CON AGUJA 27 G X 3 1/2 CON INTRODUCTOR | F18: AMPOLLA | G18: 1200 | H18: 1420 | I18: =+G18*H18 -> 1704000
A19: 10 | B19: 2.5.2-1821.321 | C19: PROD. MEDICO/FARMACEUTICOS/LAB | D19: 252 | E19: ANTIBIOTICOS P/PERSONAS; TIPO: MONODROGA, DROGA GENERICA: CEFALEXINA 500 mGr, FORMA FARMACEUTICA: COMPRIMIDO, PRESENTACION: 1 UN | F19: COMPRIMIDO | G19: 4200 | H19: 15.3 | I19: =+G19*H19 -> 64260
A20: 11 | B20: 2.5.2-1821.337 | C20: PROD. MEDICO/FARMACEUTICOS/LAB | D20: 252 | E20: ANTIBIOTICOS P/PERSONAS; TIPO: MONODROGA, DROGA GENERICA: CEFALEXINA 500MG, FORMA FARMACEUTICA: SUSPENSION, PRESENTACION: ENVASE X 90 mL | F20: FRASCO | G20: 20 | H20: 298 | I20: =+G20*H20 -> 5960
A21: 12 | B21: 2.5.2-1821.405 | C21: PROD. MEDICO/FARMACEUTICOS/LAB | D21: 252 | E21: ANTIBIOTICOS P/PERSONAS; TIPO: MONODROGA, DROGA GENERICA: CEFALOTINA SODICA, FORMA FARMACEUTICA: FRASCO AMPOLLA, PRESENTACION: 1 GR | F21: AMPOLLA | G21: 3000 | H21: 145 | I21: =+G21*H21 -> 435000
... A65: 56 | B65: 2.5.2-2199.13 | C65: PROD. MEDICO/FARMACEUTICOS/LAB | D65: 252 | E65: BLOQUEANTES NEUROMUSCULARES; DROGA GENERICA: BROMURO DE VECURONIO, FORMA FARMACEUTICA: AMPOLLA X 10 mGr, PRESENTACION: UNIDAD, TIPO: MONODROGA | F65: AMPOLLA | G65: 50 | H65: 864 | I65: =+G65*H65 -> 43200
B69: Especificidades: ITEMS 1 al 56 :
B70: Lugar de Entrega: SERVICIO DE FARMACIA DE 08:00 A 12:00HS. HERNAN DE PEDRAZA 1650- DEBIENDO CORRER LOS GASTOS DE FLETES, ACARREO, CARGA, DESCARGA Y SEGURO A CARGO DEL ADJUDICATARIO.
B72: Plazo de entrega: 10 DIAS HABILES
B74: Calidad Minima esperada:
B75: Mantenimiento: 45 dias habiles
B80: Especificidades: ITEMS 8: BUPIVACAINA 0,5 % S/EPINEFRINA
B81: Lugar de Entrega: SERVICIO DE FARMACIA DE 08:00 A 12:00HS. HERNAN DE PEDRAZA 1650- DEBIENDO CORRER LOS GASTOS DE FLETES, ACARREO, CARGA, DESCARGA Y SEGURO A CARGO DEL ADJUDICATARIO.
B84: Plazo de entrega: 10 DIAS HABILES
B86: Calidad Minima esperada:
B87: Mantenimiento: 45 dias habiles

Sheet  NotaPedido
A1: NOTA DE PEDIDO | J1: N° | K1: xxx/2022
A3: JURISDICCIÓN: | D3: ='Necesidades Trimestrales'!C4 -> 040 - Ministerio de Salud
A4: SAF: | D4: ='Necesidades Trimestrales'!C5 -> 028-Maternidad provincial 25 de Mayo
A5: UNIDAD EJECUTORA: | D5: 169-Direccion Asistencial
A6: DEPENDENCIA SOLICITANTE: | D6: Servicio de Farmacia
A7: PERIODO UTILIZACIÓN: | D7: Semestral
A8: OBJETO: | D8: Adquisición de TERAPIA ANTIINFECCIOSA SISTEMICA/SUEROS INMUNES E INMUNOGLOBULINAS Y MEDIOS DE CONTRASTES /ANALGESICOS ANTINFLAMATORIOS /MIORRELAJANTES/ANESTESICOS/ANALGESICOS OPIACIOS
A10: Ítem | B10: Codigo Item | C10: DESCRIPCIÓN | H10: Adjunta Detalle Técnico | I10: Unidad Medida | J10: Precio Unitario Estimado | K10: Cantidad Solicitada
A12: 1 | B12: =+'Necesidades Trimestrales'!B10 -> 2.5.2-1821.1 | C12: =+'Necesidades Trimestrales'!E10 -> ANTIBIOTICOS P/PERSONAS; TIPO: MONODROGA, DROGA GENERICA: AMIKACINA, PRESENTACION: 500 mGr, FORMA FARMACEUTICA: AMPOLLA | H12: NO | I12: =+'Necesidades Trimestrales'!F10 -> AMPOLLA | J12: =+'Necesidades Trimestrales'!H10 -> 87.95 | K12: =+'Necesidades Trimestrales'!G10 -> 200
A13: 2 | B13: =+'Necesidades Trimestrales'!B11 -> 2.5.2-1821.440 | C13: =+'Necesidades Trimestrales'!E11 -> ANTIBIOTICOS P/PERSONAS; TIPO: ASOCIACION, DROGA GENERICA: AMOXICIL. 875 MG+CLAVUL.125 MG mGr, FORMA FARMACEUTICA: COMPRIMIDO, PRESENTACION: UNIDAD | H13: NO | I13: =+'Necesidades Trimestrales'!F11 -> COMPRIMIDO | J13: =+'Necesidades Trimestrales'!H11 -> 38 | K13: =+'Necesidades Trimestrales'!G11 -> 700
A14: 3 | B14: =+'Necesidades Trimestrales'!B12 -> 2.5.2-1821.9 | C14: =+'Necesidades Trimestrales'!E12 -> ANTIBIOTICOS P/PERSONAS; TIPO: MONODROGA, DROGA GENERICA: AMOXICILINA, PRESENTACION: 500 mGr, FORMA FARMACEUTICA: COMPRIMIDOS | H14: NO | I14: =+'Necesidades Trimestrales'!F12 -> COMPRIMIDO | J14: =+'Necesidades Trimestrales'!H12 -> 15 | K14: =+'Necesidades Trimestrales'!G12 -> 160
A15: 4 | B15: =+'Necesidades Trimestrales'!B13 -> 2.5.2-1821.8 | C15: =+'Necesidades Trimestrales'!E13 -> ANTIBIOTICOS P/PERSONAS; TIPO: MONODROGA, DROGA GENERICA: AMPICILINA, FORMA FARMACEUTICA: AMPOLLA, PRESENTACION: 1 GR | H15: NO | I15: =+'Necesidades Trimestrales'!F13 -> AMPOLLA | J15: =+'Necesidades Trimestrales'!H13 -> 99 | K15: =+'Necesidades Trimestrales'!G13 -> 1800
A16: 5 | B16: =+'Necesidades Trimestrales'!B14 -> 2.5.2-1821.5 | C16: =+'Necesidades Trimestrales'!E14 -> ANTIBIOTICOS P/PERSONAS; TIPO: MONODROGA, DROGA GENERICA: AMPICILINA, FORMA FARMACEUTICA: COMPRIMIDOS, PRESENTACION: 500 mGr | H16: NO | I16: =+'Necesidades Trimestrales'!F14 -> COMPRIMIDO | J16: =+'Necesidades Trimestrales'!H14 -> 22 | K16: =+'Necesidades Trimestrales'!G14 -> 80
A17: 6 | B17: =+'Necesidades Trimestrales'!B15 -> 2.5.2-1821.502 | C17: =+'Necesidades Trimestrales'!E15 -> ANTIBIOTICOS P/PERSONAS; TIPO: MONODROGA, DROGA GENERICA: AZITROMICINA 200 mGr, FORMA FARMACEUTICA: SUSPENSION, PRESENTACION: ENVASE X 15 Ml | H17: NO | I17: =+'Necesidades Trimestrales'!F15 -> FRASCO | J17: =+'Necesidades Trimestrales'!H15 -> 562.5 | K17: =+'Necesidades Trimestrales'!G15 -> 30
A18: 7 | B18: =+'Necesidades Trimestrales'!B16 -> 2.5.2-1821.94 | C18: =+'Necesidades Trimestrales'!E16 -> ANTIBIOTICOS P/PERSONAS; TIPO: MONODROGA, DROGA GENERICA: AZITROMICINA, FORMA FARMACEUTICA: COMPRIMIDO, PRESENTACION: 500 mGr | H18: NO | I18: =+'Necesidades Trimestrales'!F16 -> COMPRIMIDO | J18: =+'Necesidades Trimestrales'!H16 -> 37.45 | K18: =+'Necesidades Trimestrales'!G16 -> 400
A19: 8 | B19: =+'Necesidades Trimestrales'!B17 -> 2.5.2-1883.24 | C19: =+'Necesidades Trimestrales'!E17 -> ANESTESICOS LOCALES; TIPO: MONODROGA, DROGA GENERICA: BUPIVACAINA 0,5 %, FORMA FARMACEUTICA: FRASCO, PRESENTACION: 20 mL | H19: SI | I19: =+'Necesidades Trimestrales'!F17 -> FRASCO | J19: =+'Necesidades Trimestrales'!H17 -> 350 | K19: =+'Necesidades Trimestrales'!G17 -> 10
A20: 9 | B20: =+'Necesidades Trimestrales'!B18 -> 2.5.2-1883.188 | C20: =+'Necesidades Trimestrales'!E18 -> ANESTESICOS LOCALES; TIPO: MONODROGA, DROGA GENERICA: BUPIVACAINA 0,5% HIPERBARICA, FORMA FARMACEUTICA: AMPOLLA, PRESENTACION: 4 ML CON AGUJA 27 G X 3 1/2 CON INTRODUCTOR | H20: NO | I20: =+'Necesidades Trimestrales'!F18 -> AMPOLLA | J20: =+'Necesidades Trimestrales'!H18 -> 1420 | K20: =+'Necesidades Trimestrales'!G18 -> 1200
A21: 10 | B21: =+'Necesidades Trimestrales'!B19 -> 2.5.2-1821.321 | C21: =+'Necesidades Trimestrales'!E19 -> ANTIBIOTICOS P/PERSONAS; TIPO: MONODROGA, DROGA GENERICA: CEFALEXINA 500 mGr, FORMA FARMACEUTICA: COMPRIMIDO, PRESENTACION: 1 UN | H21: NO | I21: =+'Necesidades Trimestrales'!F19 -> COMPRIMIDO | J21: =+'Necesidades Trimestrales'!H19 -> 15.3 | K21: =+'Necesidades Trimestrales'!G19 -> 4200
A22: 11 | B22: =+'Necesidades Trimestrales'!B20 -> 2.5.2-1821.337 | C22: =+'Necesidades Trimestrales'!E20 -> ANTIBIOTICOS P/PERSONAS; TIPO: MONODROGA, DROGA GENERICA: CEFALEXINA 500MG, FORMA FARMACEUTICA: SUSPENSION, PRESENTACION: ENVASE X 90 mL | H22: NO | I22: =+'Necesidades Trimestrales'!F20 -> FRASCO | J22: =+'Necesidades Trimestrales'!H20 -> 298 | K22: =+'Necesidades Trimestrales'!G20 -> 20
A23: 12 | B23: =+'Necesidades Trimestrales'!B21 -> 2.5.2-1821.405 | C23: =+'Necesidades Trimestrales'!E21 -> ANTIBIOTICOS P/PERSONAS; TIPO: MONODROGA, DROGA GENERICA: CEFALOTINA SODICA, FORMA FARMACEUTICA: FRASCO AMPOLLA, PRESENTACION: 1 GR | H23: NO | I23: =+'Necesidades Trimestrales'!F21 -> AMPOLLA | J23: =+'Necesidades Trimestrales'!H21 -> 145 | K23: =+'Necesidades Trimestrales'!G21 -> 3000
... A67: 56 | B67: =+'Necesidades Trimestrales'!B65 -> 2.5.2-2199.13 | C67: =+'Necesidades Trimestrales'!E65 -> BLOQUEANTES NEUROMUSCULARES; DROGA GENERICA: BROMURO DE VECURONIO, FORMA FARMACEUTICA: AMPOLLA X 10 mGr, PRESENTACION: UNIDAD, TIPO: MONODROGA | H67: NO | I67: =+'Necesidades Trimestrales'!F65 -> AMPOLLA | J67: =+'Necesidades Trimestrales'!H65 -> 864 | K67: =+'Necesidades Trimestrales'!G65 -> 50
A68: Costo total estimado: CINCO MILLONES QUINIENTOS NOVENTA Y SEIS MIL SEISCIENTOS OCHENTA CON 45/100. | J68: =SUMPRODUCT(J12:J67,K12:K67) -> 5596680.5

Sheet Autor Gastar
A1: EJERCICIO: | D1: ='Necesidades Trimestrales'!C6 -> 2022 | P1: AUTORIZACION PARA GASTAR
A4: JURISDICCIÓN: | G4: =' NotaPedido'!D3 -> 040 - Ministerio de Salud
A5: SAF: | G5: =' NotaPedido'!D4 -> 028-Maternidad provincial 25 de Mayo
A6: UNIDAD EJECUTORA: | G6: 169-Direccion Asistencial
A7: DEPENDENCIA SOLICITANTE: | G7: =' NotaPedido'!D6 -> Servicio de Farmacia
A8: AUTORIZACIÓN:
A9: Señor Jefe de Servicio Administrativo Financiero:
A10: ="Autorizo la realización de los trámites correspondientes, a fin de proveer a este Organismo los bienes y/o servicios que se detallan en Nota de Pedido N° " & ' NotaPedido'!K1&", afectando la erogación resultante a los créditos presupuestarios aprobados a favor de esta Unidad Ejecutora, conforme al siguiente detalle:" -> Autorizo la realización de los trámites correspondientes, a fin de proveer a este Organismo los bienes y/o servicios que se detallan en Nota de Pedido N° xxx/2022, afectando la erogación resultante a los créditos presupuestarios aprobados a favor de esta Unidad Ejecutora, conforme al siguiente detalle:
A12: IMPUTACIÓN PRESUPUESTARIA
A13: CÓDIGO | O13: DENOMINACIÓN DE LA PARTIDA PRESUPUESTARIA | Q13: IMPORTE
A14: PR | B14: SB | C14: PY | D14: AC | E14: OB | F14: UG | G14: FIN | H14: FUN | I14: I | J14: P | K14: P | L14: SubP | M14: M | N14: FF
A15: 42 | D15: 2 | F15: 4901 | G15: 3 | H15: 1 | I15: 2 | J15: 5 | K15: 2 | M15: 1 | N15: 1.1 | O15: Productos Farmacéuticos y Medicinales | Q15: 5596680.5
A23: TOTAL DE PESOS: CINCO MILLONES QUINIENTOS NOVENTA YSEIS MIL SEISCIENTOS OCHENTA CON 45 /100. | Q23: =SUM(Q15:Q22) -> 5596680.5
A25: JUSTIFICACIÓN:
A26: =' NotaPedido'!$D$8 -> Adquisición de TERAPIA ANTIINFECCIOSA SISTEMICA/SUEROS INMUNES E INMUNOGLOBULINAS Y MEDIOS DE CONTRASTES /ANALGESICOS ANTINFLAMATORIOS /MIORRELAJANTES/ANESTESICOS/ANALGESICOS OPIACIOS
