Workbook

Sheet Necesidades Trimestrales
B2: Pedido de Necesidades Trimestrales
A4: JURISDICCION: | C4: 90 - Ministerio de Seguridad
A5: SAF N°: | C5: 7- Dirección Provincial de Administración de la Policía de la Provincia de Catamarca
A6: EJERCICIO: | C6: 2021
A7: TRIMESTRE: | C7: 3
A9: ID | B9: CODIGO ITEM | C9: RUBRO DE COMPRA | D9: I.P.P. | E9: DESCRIPCION | F9: UNIDAD DE MEDIDA | G9: CANTIDAD | H9: PRECIO UNITARIO ESTIMADO | I9: IMPORTE TOTAL ESTIMADO
A10: 1 | B10: 2.9.6-9688.624 | C10: REPUESTOS | D10: 2.9.6 | E10: REP. Y ACC. P/CAMIONETAS; MARCA AUTOMOTOR: SEGÚN PLIEGO, MODELO AUTOMOTOR: SEGÚN PLIEGO, ELEMENTO: KIT DE FILTROS | F10: UNIDAD | G10: 170 | H10: 12343.27 | I10: =G10*H10 -> 2098355.9
A11: 2 | B11: 2.9.6-9688.390 | C11: REPUESTOS | D11: 2.9.6 | E11: REP. Y ACC. P/CAMIONETAS; MARCA AUTOMOTOR: TOYOTA, MODELO AUTOMOTOR: HILUX, ELEMENTO: KIT DE FILTROS | F11: UNIDAD | G11: 200 | H11: 9314 | I11: =G11*H11 -> 1862800
A12: 3 | B12: 2.9.6-9688.386 | C12: REPUESTOS | D12: 2.9.6 | E12: REP. Y ACC. P/CAMIONETAS; MARCA AUTOMOTOR: CHEVROLET, MODELO AUTOMOTOR: S10, ELEMENTO: KIT DE FILTROS | F12: UNIDAD | G12: 70 | H12: 7990 | I12: =G12*H12 -> 559300
A13: 4 | B13: 2.9.6-9688.521 | C13: REPUESTOS | D13: 2.9.6 | E13: REP. Y ACC. P/CAMIONETAS; MARCA AUTOMOTOR: VOLKSWAGEN, MODELO AUTOMOTOR: AMAROK, ELEMENTO: AMORTIGUADOR | F13: UNIDAD | G13: 10 | H13: 24900 | I13: =G13*H13 -> 249000
A14: 5 | B14: 2.9.6-9688.521 | C14: REPUESTOS | D14: 2.9.6 | E14: REP. Y ACC. P/CAMIONETAS; MARCA AUTOMOTOR: VOLKSWAGEN, MODELO AUTOMOTOR: AMAROK, ELEMENTO: AMORTIGUADOR | F14: UNIDAD | G14: 10 | H14: 10896 | I14: =G14*H14 -> 108960
A15: 6 | B15: 2.9.6-9688.376 | C15: REPUESTOS | D15: 2.9.6 | E15: REP. Y ACC. P/CAMIONETAS; MARCA AUTOMOTOR: TOYOTA, MODELO AUTOMOTOR: HILUX, ELEMENTO: AMORTIGUADOR DELANTERO | F15: UNIDAD | G15: 10 | H15: 15998 | I15: =G15*H15 -> 159980
A16: 7 | B16: 2.9.6-9688.377 | C16: REPUESTOS | D16: 2.9.6 | E16: REP. Y ACC. P/CAMIONETAS; MARCA AUTOMOTOR: TOYOTA, MODELO AUTOMOTOR: HILUX, ELEMENTO: AMORTIGUADOR TRASERO | F16: UNIDAD | G16: 10 | H16: 9500 | I16: =G16*H16 -> 95000
A17: 8 | B17: 2.9.6-9688.376 | C17: REPUESTOS | D17: 2.9.6 | E17: REP. Y ACC. P/CAMIONETAS; MARCA AUTOMOTOR: TOYOTA, MODELO AUTOMOTOR: HILUX, ELEMENTO: AMORTIGUADOR DELANTERO | F17: UNIDAD | G17: 5 | H17: 15998 | I17: =G17*H17 -> 79990
A18: 9 | B18: 2.9.6-9688.377 | C18: REPUESTOS | D18: 2.9.6 | E18: REP. Y ACC. P/CAMIONETAS; MARCA AUTOMOTOR: TOYOTA, MODELO AUTOMOTOR: HILUX, ELEMENTO: AMORTIGUADOR TRASERO | F18: UNIDAD | G18: 5 | H18: 9500 | I18: =G18*H18 -> 47500
A19: 10 | B19: 2.9.6-9688.534 | C19: REPUESTOS | D19: 2.9.6 | E19: REP. Y ACC. P/CAMIONETAS; MARCA AUTOMOTOR: CHEVROLET, MODELO AUTOMOTOR: S10, ELEMENTO: AMORTIGUADOR DELANTERO | F19: UNIDAD | G19: 10 | H19: 9453 | I19: =G19*H19 -> 94530
A20: 11 | B20: 2.9.6-9688.535 | C20: REPUESTOS | D20: 2.9.6 | E20: REP. Y ACC. P/CAMIONETAS; MARCA AUTOMOTOR: CHEVROLET, MODELO AUTOMOTOR: S10, ELEMENTO: AMORTIGUADOR TRASERO | F20: UNIDAD | G20: 10 | H20: 16736 | I20: =G20*H20 -> 167360
A21: 12 | B21: 2.9.6-9688.534 | C21: REPUESTOS | D21: 2.9.6 | E21: REP. Y ACC. P/CAMIONETAS; MARCA AUTOMOTOR: CHEVROLET, MODELO AUTOMOTOR: S10, ELEMENTO: AMORTIGUADOR DELANTERO | F21: UNIDAD | G21: 10 | H21: 9453 | I21: =G21*H21 -> 94530
... A118: 109 | B118: 2.9.6-3997.546 | C118: REPUESTOS | D118: 2.9.6. | E118: REP. Y ACC. P/MOTOS; REPUESTO: KIT EMBRAGUE, USO: HONDA, MODELO MOTO: XR 250 TORNADO | F118: UNIDAD | G118: 30 | H118: 7655 | I118: =G118*H118 -> 229650
I119: =SUM(I10:I118) -> 23482274
B121: Especificidades
B122: Item N° : 01
C123: Descripción técnica | D123: MARCA VOLKSWAGEN. MODELO: AMAROK 4x2, AÑO: 2015, ELEMENTO: KIT DE FILTROS PARA SERVIS Incluye filtro de aire, filtro de aceite, filtro de aire acondicionado, filtro de combustible
B125: Item N° : 02
C126: Descripción técnica | D126: MARCA TOYOTA. MODELO: HILUX 4X2, AÑO: 2015 ELEMENTO: KIT DE FILTROS PARA SERVIS Incluye filtro de aire, filtro de aceite, filtro de aire acondicionado,
F127: filtro decombustible
B128: Item N° : 03
C129: Descripción técnica | D129: MARCA CHEVROLET MODELO: S-10 4X2 AÑO: 2019, ELEMENTO: KIT DE FILTROS PARA SERVIS Incluye filtro de aire, filtro de aceite, filtro de aire acondicionado, filtro de combustible
B131: Item N° : 04
C132: Descripción técnica | D132: MARCA VOLKSWAGEN. MODELO: AMAROK 4X2 AÑO: 2015 ELEMENTO: JUEGO AMORTIGUADORES DELANTEROS (incluye 2: 1 Derecho y 1 Izquierdo)
B133: Item N° : 05
C134: Descripción técnica | D134: MARCA VOLKSWAGEN. MODELO: AMAROK 4X2 AÑO: 2015, ELEMENTO: JUEGO AMORTIGUADORES TRASEROS (incluye 2: 1 Derecho y 1 Izquierdo)
B136: Item N° : 06
C137: Descripción técnica | D137: MARCA TOYOTA MODELO: HILUX 4X2 AÑO: 2015 ELEMENTO: JUEGO AMORTIGUADORES DELANTEROS (incluye 2: 1 Derecho y 1 Izquierdo)
B139: Item N° : 07
C140: Descripción técnica | D140: MARCA TOYOTA MODELO: HILUX 4X2 AÑO: 2015 ELEMENTO: JUEGO AMORTIGUADORES TRASEROS (incluye 2: 1 Derecho y 1 Izquierdo)
B142: Item N° : 08
C143: Descripción técnica | D143: MARCA TOYOTA MODELO: HILUX 4X4 AÑO: 2012 ELEMENTO: JUEGO AMORTIGUADORES DELANTEROS (incluye 2: 1 Derecho y 1 Izquierdo)
B145: Item N° : 09
C146: Descripción técnica | D146: MARCA TOYOTA MODELO: HILUX 4X4, AÑO: 2012 ELEMENTO: JUEGO AMORTIGUADORES TRASEROS (incluye 2: 1 Derecho y 1 Izquierdo)
B148: Item N° : 10
C149: Descripción técnica | D149: MARCA CHEVROLET MODELO: S-10 4X2 AÑO: 2010 ELEMENTO: JUEGO AMORTIGUADORES DELANTEROS (incluye 2: 1 Derecho y 1 Izquierdo)
B151: Item N° : 11
C152: Descripción técnica | D152: MARCA CHEVROLET MODELO: S-10 4x2, AÑO: 2010 ELEMENTO: JUEGO AMORTIGUADORES TRASEROS (incluye 2: 1 Derecho y 1 Izquierdo)
B154: Item N° : 12
C155: Descripción técnica | D155: MARCA CHEVROLET MODELO: S-10 4X2 AÑO: 2019 ELEMENTO: JUEGO AMORTIGUADORES DELANTEROS (incluye 2: 1 Derecho y 1 Izquierdo)
B157: Item N° : 13
C158: Descripción técnica | D158: MARCA CHEVROLET MODELO: S-10 4x2, AÑO: 2019 ELEMENTO: JUEGO AMORTIGUADORES TRASEROS (incluye 2: 1 Derecho y 1 Izquierdo)
B160: Item N° : 14
C161: Descripción técnica | D161: MARCA VOLKSWAGEN. MODELO: AMAROK 4X2 AÑO: 2015 ELEMENTO: JUEGO DE PASTILLAS DE FRENO (incluye 2 pares : 1 Derecho y 1 Izquierdo)
B163: Item N° : 15 | C163: Descripción técnica | D163: MARCA TOYOTA MODELO: HILUX 4X2, AÑO: 2015 ELEMENTO: JUEGO DE PASTILLAS DE FRENO | F163: (incluye 2 pares : 1 Derecho y 1 Izquierdo)
B166: Item N° : 16 | C166: Descripción técnica | D166: MARCA TOYOTA MODELO: HILUX 4X4 AÑO: 2012, ELEMENTO: JUEGO DE PASTILLAS DE FRENO | F166: (incluye 2 pares : 1 Derecho y 1 Izquierdo)
B169: Item N° : 17 | C169: Descripción técnica | D169: MARCA CHEVROLET MODELO: S-10 4X2 AÑO: 2.019 ELEMENTO: JUEGO DE PASTILLAS DE FRENO (incluye 2 pares : 1 Derecho y 1 Izquierdo)
B172: Item N° : 18 | C172: Descripción técnica | D172: MARCA VOLKSWAGEN. MODELO: AMAROK 4X2 AÑO: 2015 ELEMENTO: JUEGO DE INYECTORES PARA MOTOR 2.5 (Incluye: cuatro (4) inyectores diesel por juego)
B175: Item N° : 19 | C175: Descripción técnica | D175: MARCA TOYOTA MODELO: HILUX 4X2 AÑO: 2015 ELEMENTO: JUEGO DE INYECTORES PARA MOTOR 2.5 (Incluye: cuatro (4) inyectores diesel por juego)
B178: Item N° : 20 | C178: Descripción técnica | D178: MARCA TOYOTA MODELO: HILUX 4X4 AÑO: 2012 ELEMENTO: JUEGO DE INYECTORES PARA MOTOR 3.0 (Incluye: cuatro (4) inyectores diesel por juego)
B181: Item N° : 21 | C181: Descripción técnica | D181: MARCA CHEVROLET MODELO: S-10 4X2 AÑO: 2.019 ELEMENTO: JUEGO DE INYECTORES PARA MOTOR 2.5 (Incluye: cuatro (4) inyectores diesel por juego)
B184: Item N° : 22 | C184: Descripción técnica | D184: MARCA VOLKSWAGEN. MODELO: AMAROK 4x2, AÑO: 2015 ELEMENTO: RADIADOR DE AGUA (Altura x Ancho: 62 cm x 58 cm, Tipo de montaje: Delantero, Espesor: 30 cm)
B187: Item N° : 23 | C187: Descripción técnica | D187: MARCA TOYOTA MODELO: HILUX 4X2 AÑO: 2015 ELEMENTO: RADIADOR DE AGUA (Montaje delantero, Altura x Ancho: 53 cm x 65 cm, Material: PLASTICO Y ALUMINIO)
B190: Item N° : 24 | C190: Descripción técnica | D190: MARCA TOYOTA MODELO: HILUX 4X4 AÑO: 2015, ELEMENTO: RADIADOR DE AGUA (montaje delantero, Altura x Ancho: 53 cm x 65 cm, Material: PLASTICO Y ALUMINIO)
B193: Item N° : 25 | C193: Descripción técnica | D193: MARCA CHEVROLET MODELO: S-10 4X2 AÑO: 2.019 ELEMENTO: RADIADOR DE AGUA (Otras características, Altura x Ancho: 580 cm x 650 cm, Tipo de montaje: Delantero, Espesor: 26 mm, Material: PLASTICO ALUMINIO BRAZADO)
B196: Item N° : 26 | C196: Descripción técnica | D196: MARCA VOLKSWAGEN. MODELO: AMAROK 4x2, AÑO: 2015, ELEMENTO: VOLANTE MOTOR BIMASA (Cantidad de dientes: 118, Diámetro: 300 mm, Material: Acero)
B199: Item N° : 27 | C199: Descripción técnica | D199: MARCA VOLKSWAGEN. MODELO: AMAROK 4x2, AÑO: 2015, ELEMENTO: KIT DE EMBRAGUE COMPLETO Tipo de embrague: Monodisco, Incluye placa: Sí, Incluye disco: Sí, Diámetro del disco: 240 mm
B202: Item N° : 28 | C202: Descripción técnica | D202: MARCA VOLKSWAGEN. MODELO: AMAROK 4x2, AÑO: 2015, ELEMENTO: BOMBA DE AGUA PARA VW AMAROK/PASSAT 2.0TD.I .Material del cuerpo: Plastico
B205: Item N° : 29 | C205: Descripción técnica | D205: MARCA VOLKSWAGEN. MODELO: AMAROK 4x2, AÑO: 2015, ELEMENTO: KIT DE DISTRIBUCION VW AMAROK 2.0 (Incluye: tensor, bomba de agua, correa poli v,
H206: rodamientos, rodillo)
B208: Item N° : 30 | C208: Descripción técnica | D208: MARCA VOLKSWAGEN. MODELO: AMAROK 4x2, AÑO: 2015, ELEMENTO: ENFRIADOR DE ACEITE (Enfriador de aceite, base de filtro aceite, filtro de aceite)
B211: Item N° : 31 | C211: Descripción técnica | D211: MARCA VOLKSWAGEN. MODELO: AMAROK 4x2, AÑO: 2015, ELEMENTO: CORREA DE ALTERNADOR TRAKER POLI V 6PK1550 ALTERNADOR/AIRE ACONDICIONADO, Material: Goma, Largo: 1555 mm, Peso: 500 g
B214: Item N° : 32 | C214: Descripción técnica | D214: MARCA VOLKSWAGEN. MODELO: AMAROK 4x2, AÑO: 2015, ELEMENTO: PARRILLA SUPERIOR DERECHA. (Material del buje: Goma, Material de la parrilla: Metal)
B217: Item N° : 33 | C217: Descripción técnica | D217: MARCA VOLKSWAGEN. MODELO: AMAROK 4x2, AÑO: 2015, ELEMENTO: PARRILLA SUPERIOR IZQUIERDA. (Material del buje: Goma, Material de la parrilla: Metal)
B220: Item N° : 34 | C220: Descripción técnica | D220: MARCA VOLKSWAGEN. MODELO: AMAROK 4x2, AÑO: 2015, ELEMENTO: PARRILLA INFERIOR DERECHA. (Material del buje: Goma, Material de la parrilla: Metal)
B223: Item N° : 35 | C223: Descripción técnica | D223: MARCA VOLKSWAGEN. MODELO: AMAROK 4x2, AÑO: 2015, ELEMENTO: PARRILLA INFERIOR IZQUIERDA. (Material del buje: Goma, Material de la parrilla: Metal)
B226: Item N° : 36 | C226: Descripción técnica | D226: MARCA VOLKSWAGEN. MODELO: AMAROK 4x2, AÑO: 2015, ELEMENTO: TENSOR MONOCORREA (MOVIL) VW AMAROK 4X2 2015 (Material del tensor de distribución: Alum/ Polimeto alta Resist, Ancho del tensor de distribución: 70 mm, Diámetro externo del tensor de distribución: 24 mm)
B229: Item N° : 37 | C229: Descripción técnica | D229: MARCA VOLKSWAGEN. MODELO: AMAROK 4x2, AÑO: 2015, ELEMENTO: JUEGO DE DISCOS DE FRENO (Incluye 2 discos, IZQ y DER)
B232: Item N° : 38 | C232: Descripción técnica | D232: MARCA VOLKSWAGEN. MODELO: AMAROK 4x2, AÑO: 2015, ELEMENTO: BOMBA DE COMBUSTIBLE SUMERGIDA (MOTOR SOLO) Tipo de combustible: Diésel. Es eléctrica: Sí. Incluye filtro: No. Incluye kit de montaje: No. Incluye junta o sello: No
B235: Item N° : 39 | C235: Descripción técnica | D235: MARCA VOLKSWAGEN. MODELO: AMAROK 4x2, AÑO: 2015, ELEMENTO: JUEGO DE ROTULAS INFERIOR CON SEGURO (Incluye 2 rótulas IZQ y DER)
B238: Item N° : 40 | C238: Descripción técnica | D238: MARCA VOLKSWAGEN. MODELO: AMAROK 4x2, AÑO: 2015, ELEMENTO: BOMBA AUXILIAR ELECTRICA (Material del cuerpo: PLASTICO, Material de la hélice: Plástico)
B241: Item N° : 41 | C241: Descripción técnica | D241: MARCA VOLKSWAGEN. MODELO: AMAROK 4x2, AÑO: 2015, ELEMENTO: CORREA POLI "V" (correa unicamente) Material: Goma. Largo: 1755 mm- Peso: 500 mg
... B259: Item N° : 47 | C259: Descripción técnica | D259: MARCA TOYOTA MODELO: HILUX 4X2 AÑO: 2015, ELEMENTO: KIT DE DISTRIBUCION (Incluye: tensor, bomba de agua, correa poli v,
F260: rodamientos, rodillo)
B262: Item N° : 48 | C262: Descripción técnica | D262: MARCA TOYOTA MODELO: HILUX 4x4 AÑO: 2012, ELEMENTO: KIT DE DISTRIBUCION (Incluye: tensor, bomba de agua, correa poli v,
F263: rodamientos, rodillo)
B265: Item N° : 49 | C265: Descripción técnica | D265: MARCA TOYOTA MODELO: HILUX 4X2 AÑO: 2015, ELEMENTO: BOMBA DE AGUA Material de la hélice : Aluminio, Material del cuerpo : Aluminio)
B268: Item N° : 50 | C268: Descripción técnica | D268: MARCA TOYOTA MODELO: HILUX 4X2 AÑO: 2015, ELEMENTO: PARRILLA SUPERIOR DERECHA COMPLETA. Incluye rótula: Sí. Incluye buje: Sí. Incluye grasa: Sí
B271: Item N° : 51 | C271: Descripción técnica | D271: MARCA TOYOTA MODELO: HILUX 4X2 AÑO: 2015, ELEMENTO: PARRILLA INFERIOR IZQUIERDA COMPLETA. Incluye rótula: Sí. Incluye buje: Sí. Incluye grasa: Sí
B274: Item N° : 52 | C274: Descripción técnica | D274: MARCA TOYOTA MODELO: HILUX 4X2 AÑO: 2015, ELEMENTO: PARRILLA INFERIOR DERECHA COMPLETA. Incluye rótula: Sí. Incluye buje: Sí. Incluye grasa: Sí
B277: Item N° : 53 | C277: Descripción técnica | D277: MARCA TOYOTA MODELO: HILUX 4X2 AÑO: 2015, ELEMENTO: PARRILLA SUPERIOR IZQUIERDA COMPLETA5. Incluye rótula: Sí. Incluye buje: Sí. Incluye grasa: Sí
B280: Item N° : 54 | C280: Descripción técnica | D280: MARCA TOYOTA MODELO: HILUX 4X4 AÑO: 2012 ELEMENTO: PARRILLA SUPERIOR DERECHA COMPLETA. Incluye rótula: Sí. Incluye buje: Sí. Incluye grasa: Sí
B283: Item N° : 55 | C283: Descripción técnica | D283: MARCA TOYOTA MODELO: HILUX 4X4 AÑO: 2012 ELEMENTO: PARRILLA INFERIOR IZQUIERDA COMPLETA. Incluye rótula: Sí. Incluye buje: Sí. Incluye grasa: Sí
B286: Item N° : 56 | C286: Descripción técnica | D286: MARCA TOYOTA MODELO: HILUX 4X4 AÑO: 2012 ELEMENTO: PARRILLA INFERIOR DERECHA COMPLETA. Incluye rótula: Sí. Incluye buje: Sí. Incluye grasa: Sí
B289: Item N° : 57 | C289: Descripción técnica | D289: MARCA TOYOTA MODELO: HILUX 4X4 AÑO: 2012 ELEMENTO: PARRILLA SUPERIOR IZQUIERDA COMPLETA. Incluye rótula: Sí. Incluye buje: Sí. Incluye grasa: Sí
B292: Item N° : 58 | C292: Descripción técnica | D292: MARCA VOLKSWAGEN. MODELO: AMAROK 4x2, AÑO: 2015, ELEMENTO: DERIVADOR DE AGUA (Material del cuerpo: Plastico)
B295: Item N° : 59 | C295: Descripción técnica | D295: MARCA VOLKSWAGEN. MODELO: AMAROK 4x2, AÑO: 2015, ELEMENTO: POLEA EMBRAGUE PARA ALTERNADOR. Ancho de la polea: 40.2 mm. Diámetro interno: 17 mm.Diámetro externo: 49.4 mm
B298: Item N° : 60 | C298: Descripción técnica | D298: MARCA VOLKSWAGEN. MODELO: AMAROK 4x2, AÑO: 2015, ELEMENTO: TERMOSTATO (Temperatura de apertura: 80 °C)
... B361: Item N° : 81 | C361: Descripción técnica | D361: MARCA TOYOTA MODELO: HILUX 4x2, AÑO: 2015, ELEMENTO: SOPORTE DE CAJA
B363: Item N° : 82
C364: Descripción técnica | D364: MARCA HONDA MODELO: XR-250 CC. TORNADO - ELEMENTO: FILTRO DE AIRE. Material: celulosa. Forma del filtro: Rectangular. Diámetro de entrada: 13.5 cm. Diseño: Flexible
B366: Item N° : 83
C367: Descripción técnica | D367: MARCA HONDA MODELO: CBX 250 CC. TWISTER ELEMENTO: FILTRO DE AIRE. Material: Aluminio. Forma del filtro: redondo. Diámetro de entrada: 6 cm. Diseño: Rígido
B369: Item N° : 84
...

Sheet NOTA
A1: ACLARACIÒN PARA ITEMS, 99, 100, 101, 102 Y 105: DICHOS REPUESTOS DEBEN SER COMPATIBLES CON LOS SIGUIENES MODELOS DE MOTOS MARCA HONDA: XR 150 CC, XR 250 CC TORNADO Y CBX 250 CC TWISTER.

Sheet  NotaPedido
A1: NOTA DE PEDIDO | J1: N° | K1: 57/2021
A3: JURISDICCIÓN: | D3: ='Necesidades Trimestrales'!C4 -> 90 - Ministerio de Seguridad
A4: SAF: | D4: ='Necesidades Trimestrales'!C5 -> 7- Dirección Provincial de Administración de la Policía de la Provincia de Catamarca
A5: UNIDAD EJECUTORA: | D5: Jefatura de Policía de la Provincia de Catamarca
A6: DEPENDENCIA SOLICITANTE: | D6: División Transporte (D-4)
A7: PERIODO UTILIZACIÓN: | D7: ='Necesidades Trimestrales'!C7 & "° Trimestre - Año " & 'Necesidades Trimestrales'!C6 -> 3° Trimestre - Año 2021
A8: OBJETO: | D8: Adquisición de Repuestos de Automotor destinados a División Transporte (D-4)- Policia de Catamarca
A10: Ítem | B10: Codigo Item | C10: DESCRIPCIÓN | H10: Adjunta Detalle Técnico | I10: Unidad Medida | J10: Precio Unitario Estimado | K10: Cantidad Solicitada
A12: ='Necesidades Trimestrales'!A10 -> 1 | B12: ='Necesidades Trimestrales'!B10 -> 2.9.6-9688.624 | C12: ='Necesidades Trimestrales'!E10 -> REP. Y ACC. P/CAMIONETAS; MARCA AUTOMOTOR: SEGÚN PLIEGO, MODELO AUTOMOTOR: SEGÚN PLIEGO, ELEMENTO: KIT DE FILTROS | H12: SI | I12: ='Necesidades Trimestrales'!F10 -> UNIDAD | J12: ='Necesidades Trimestrales'!H10 -> 12343.27 | K12: ='Necesidades Trimestrales'!G10 -> 170
A13: 2 | B13: ='Necesidades Trimestrales'!B11 -> 2.9.6-9688.390 | C13: ='Necesidades Trimestrales'!E11 -> REP. Y ACC. P/CAMIONETAS; MARCA AUTOMOTOR: TOYOTA, MODELO AUTOMOTOR: HILUX, ELEMENTO: KIT DE FILTROS | H13: SI | I13: ='Necesidades Trimestrales'!F11 -> UNIDAD | J13: ='Necesidades Trimestrales'!H11 -> 9314 | K13: ='Necesidades Trimestrales'!G11 -> 200
A14: 3 | B14: ='Necesidades Trimestrales'!B12 -> 2.9.6-9688.386 | C14: ='Necesidades Trimestrales'!E12 -> REP. Y ACC. P/CAMIONETAS; MARCA AUTOMOTOR: CHEVROLET, MODELO AUTOMOTOR: S10, ELEMENTO: KIT DE FILTROS | H14: SI | I14: ='Necesidades Trimestrales'!F12 -> UNIDAD | J14: ='Necesidades Trimestrales'!H12 -> 7990 | K14: ='Necesidades Trimestrales'!G12 -> 70
A15: 4 | B15: ='Necesidades Trimestrales'!B13 -> 2.9.6-9688.521 | C15: ='Necesidades Trimestrales'!E13 -> REP. Y ACC. P/CAMIONETAS; MARCA AUTOMOTOR: VOLKSWAGEN, MODELO AUTOMOTOR: AMAROK, ELEMENTO: AMORTIGUADOR | H15: SI | I15: ='Necesidades Trimestrales'!F13 -> UNIDAD | J15: ='Necesidades Trimestrales'!H13 -> 24900 | K15: ='Necesidades Trimestrales'!G13 -> 10
A16: 5 | B16: ='Necesidades Trimestrales'!B14 -> 2.9.6-9688.521 | C16: ='Necesidades Trimestrales'!E14 -> REP. Y ACC. P/CAMIONETAS; MARCA AUTOMOTOR: VOLKSWAGEN, MODELO AUTOMOTOR: AMAROK, ELEMENTO: AMORTIGUADOR | H16: SI | I16: ='Necesidades Trimestrales'!F14 -> UNIDAD | J16: ='Necesidades Trimestrales'!H14 -> 10896 | K16: ='Necesidades Trimestrales'!G14 -> 10
A17: 6 | B17: ='Necesidades Trimestrales'!B15 -> 2.9.6-9688.376 | C17: ='Necesidades Trimestrales'!E15 -> REP. Y ACC. P/CAMIONETAS; MARCA AUTOMOTOR: TOYOTA, MODELO AUTOMOTOR: HILUX, ELEMENTO: AMORTIGUADOR DELANTERO | H17: SI | I17: ='Necesidades Trimestrales'!F15 -> UNIDAD | J17: ='Necesidades Trimestrales'!H15 -> 15998 | K17: ='Necesidades Trimestrales'!G15 -> 10
A18: 7 | B18: ='Necesidades Trimestrales'!B16 -> 2.9.6-9688.377 | C18: ='Necesidades Trimestrales'!E16 -> REP. Y ACC. P/CAMIONETAS; MARCA AUTOMOTOR: TOYOTA, MODELO AUTOMOTOR: HILUX, ELEMENTO: AMORTIGUADOR TRASERO | H18: SI | I18: ='Necesidades Trimestrales'!F16 -> UNIDAD | J18: ='Necesidades Trimestrales'!H16 -> 9500 | K18: ='Necesidades Trimestrales'!G16 -> 10
A19: 8 | B19: ='Necesidades Trimestrales'!B17 -> 2.9.6-9688.376 | C19: ='Necesidades Trimestrales'!E17 -> REP. Y ACC. P/CAMIONETAS; MARCA AUTOMOTOR: TOYOTA, MODELO AUTOMOTOR: HILUX, ELEMENTO: AMORTIGUADOR DELANTERO | H19: SI | I19: ='Necesidades Trimestrales'!F17 -> UNIDAD | J19: ='Necesidades Trimestrales'!H17 -> 15998 | K19: ='Necesidades Trimestrales'!G17 -> 5
A20: 9 | B20: ='Necesidades Trimestrales'!B18 -> 2.9.6-9688.377 | C20: ='Necesidades Trimestrales'!E18 -> REP. Y ACC. P/CAMIONETAS; MARCA AUTOMOTOR: TOYOTA, MODELO AUTOMOTOR: HILUX, ELEMENTO: AMORTIGUADOR TRASERO | H20: SI | I20: ='Necesidades Trimestrales'!F18 -> UNIDAD | J20: ='Necesidades Trimestrales'!H18 -> 9500 | K20: ='Necesidades Trimestrales'!G18 -> 5
A21: 10 | B21: ='Necesidades Trimestrales'!B19 -> 2.9.6-9688.534 | C21: ='Necesidades Trimestrales'!E19 -> REP. Y ACC. P/CAMIONETAS; MARCA AUTOMOTOR: CHEVROLET, MODELO AUTOMOTOR: S10, ELEMENTO: AMORTIGUADOR DELANTERO | H21: SI | I21: ='Necesidades Trimestrales'!F19 -> UNIDAD | J21: ='Necesidades Trimestrales'!H19 -> 9453 | K21: ='Necesidades Trimestrales'!G19 -> 10
A22: 11 | B22: ='Necesidades Trimestrales'!B20 -> 2.9.6-9688.535 | C22: ='Necesidades Trimestrales'!E20 -> REP. Y ACC. P/CAMIONETAS; MARCA AUTOMOTOR: CHEVROLET, MODELO AUTOMOTOR: S10, ELEMENTO: AMORTIGUADOR TRASERO | H22: SI | I22: ='Necesidades Trimestrales'!F20 -> UNIDAD | J22: ='Necesidades Trimestrales'!H20 -> 16736 | K22: ='Necesidades Trimestrales'!G20 -> 10
A23: 12 | B23: ='Necesidades Trimestrales'!B21 -> 2.9.6-9688.534 | C23: ='Necesidades Trimestrales'!E21 -> REP. Y ACC. P/CAMIONETAS; MARCA AUTOMOTOR: CHEVROLET, MODELO AUTOMOTOR: S10, ELEMENTO: AMORTIGUADOR DELANTERO | H23: SI | I23: ='Necesidades Trimestrales'!F21 -> UNIDAD | J23: ='Necesidades Trimestrales'!H21 -> 9453 | K23: ='Necesidades Trimestrales'!G21 -> 10
A24: 13 | B24: ='Necesidades Trimestrales'!B22 -> 2.9.6-9688.535 | C24: ='Necesidades Trimestrales'!E22 -> REP. Y ACC. P/CAMIONETAS; MARCA AUTOMOTOR: CHEVROLET, MODELO AUTOMOTOR: S10, ELEMENTO: AMORTIGUADOR TRASERO | H24: SI | I24: ='Necesidades Trimestrales'!F22 -> UNIDAD | J24: ='Necesidades Trimestrales'!H22 -> 16736 | K24: ='Necesidades Trimestrales'!G22 -> 10
... A120: 109 | B120: ='Necesidades Trimestrales'!B118 -> 2.9.6-3997.546 | C120: ='Necesidades Trimestrales'!E118 -> REP. Y ACC. P/MOTOS; REPUESTO: KIT EMBRAGUE, USO: HONDA, MODELO MOTO: XR 250 TORNADO | H120: SI | I120: ='Necesidades Trimestrales'!F118 -> UNIDAD | J120: ='Necesidades Trimestrales'!H118 -> 7655 | K120: ='Necesidades Trimestrales'!G118 -> 30
A121: Costo total estimado: Pesos Veintitres millones doscientos cincuenta y cinco mil cuatrocientos cuarenta y ocho con 90/100 | J121: =SUMPRODUCT(J12:J120,K12:K120) -> 23482274

Sheet Autor Gastar
A1: EJERCICIO: | D1: ='Necesidades Trimestrales'!C6 -> 2021 | P1: AUTORIZACION PARA GASTAR
A4: JURISDICCIÓN: | G4: =' NotaPedido'!D3 -> 90 - Ministerio de Seguridad
A5: SAF: | G5: =' NotaPedido'!D4 -> 7- Dirección Provincial de Administración de la Policía de la Provincia de Catamarca
A6: UNIDAD EJECUTORA: | G6: =' NotaPedido'!D5 -> Jefatura de Policía de la Provincia de Catamarca
A7: DEPENDENCIA SOLICITANTE: | G7: =' NotaPedido'!D6 -> División Transporte (D-4)
A8: AUTORIZACIÓN:
A9: Señor Jefe de Servicio Administrativo Financiero:
A10: ="Autorizo la realización de los trámites correspondientes, a fin de proveer a este Organismo los bienes y/o servicios que se detallan en Nota de Pedido N° " & ' NotaPedido'!K1&", afectando la erogación resultante a los créditos presupuestarios aprobados a favor de esta Unidad Ejecutora, conforme al siguiente detalle:" -> Autorizo la realización de los trámites correspondientes, a fin de proveer a este Organismo los bienes y/o servicios que se detallan en Nota de Pedido N° 57/2021, afectando la erogación resultante a los créditos presupuestarios aprobados a favor de esta Unidad Ejecutora, conforme al siguiente detalle:
A12: IMPUTACIÓN PRESUPUESTARIA
A13: CÓDIGO | O13: DENOMINACIÓN DE LA PARTIDA PRESUPUESTARIA | Q13: IMPORTE
A14: PR | B14: SB | C14: PY | D14: AC | E14: OB | F14: UG | G14: FIN | H14: FUN | I14: I | J14: P | K14: P | L14: SubP | M14: M | N14: FF
A15: 16 | B15: 0 | C15: 0 | D15: 1 | E15: 0 | F15: 10 | G15: 2 | H15: 1 | I15: 2 | J15: 9 | K15: 6 | L15: 0 | M15: 1 | N15: 1.1 | O15: REPUESTOS Y ACCESORIOS | Q15: 4200000
A16: 16 | B16: 0 | C16: 0 | D16: 7 | E16: 0 | F16: 10 | G16: 2 | H16: 1 | I16: 2 | J16: 9 | K16: 6 | L16: 0 | M16: 1 | N16: 1.1 | O16: REPUESTOS Y ACCESORIOS | Q16: 19055449
A17: TOTAL DE PESOS: Pesos Veintitres millones doscientos cincuenta y cinco mil cuatrocientos cuarenta y ocho con 90/100 | Q17: =SUM(Q15:Q16) -> 23255449
A19: JUSTIFICACIÓN:
A20: =' NotaPedido'!D8 -> Adquisición de Repuestos de Automotor destinados a División Transporte (D-4)- Policia de Catamarca
