Workbook

Sheet Necesidades Trimestrales
B2: Pedido de Necesidades Trimestrales
A4: JURISDICCION: | C4: 040 - Ministerio de Salud
A5: SAF N°: | C5: 024 - Hospital Interzonal de Niños
A6: EJERCICIO: | C6: 2021
A7: TRIMESTRE: | C7: 1
A9: ID | B9: CODIGO ITEM | C9: RUBRO DE COMPRA | D9: DESCRIPCION | E9: UNIDAD DE MEDIDA | F9: CANTIDAD | G9: PRECIO UNITARIO ESTIMADO | H9: IMPORTE TOTAL ESTIMADO
A10: 1 | B10: 252 | C10: PROD. MEDICO/FARMACEUTICOS/LAB | D10: ACICLOVIR 8%/100 ML. SUSP. X 120 ML X 1 | E10: UNIDAD | F10: 25 | G10: 1391.26 | H10: =+F10*G10 -> 34781.5
A11: 2 | B11: 252 | C11: PROD. MEDICO/FARMACEUTICOS/LAB | D11: ACICLOVIR 500 MG INY X 1 FCO/AMP. | E11: UNIDAD | F11: 500 | G11: 915.04 | H11: =F11*G11 -> 457520
A12: 3 | B12: 252 | C12: PROD. MEDICO/FARMACEUTICOS/LAB | D12: AMIKACINA 500 MG.AMP.X 2 ML | E12: UNIDAD | F12: 250 | G12: 241.68 | H12: =F12*G12 -> 60420
A13: 4 | B13: 252 | C13: PROD. MEDICO/FARMACEUTICOS/LAB | D13: AMOXI,500 MG+ACIDO CLAVULANICO SUSP.X 120 ML. | E13: UNIDAD | F13: 100 | G13: 861.84 | H13: =+F13*G13 -> 86184
A14: 5 | B14: 252 | C14: PROD. MEDICO/FARMACEUTICOS/LAB | D14: AMOXI+CLAVULANICO 500 MG COMP.X 1 | E14: UNIDAD | F14: 1500 | G14: 46.05 | H14: =+F14*G14 -> 69075
A15: 6 | B15: 252 | C15: PROD. MEDICO/FARMACEUTICOS/LAB | D15: AMOXICILINA 500 MG COMP.X 1 | E15: UNIDAD | F15: 1500 | G15: 18.26 | H15: =+F15*G15 -> 27390
A16: 7 | B16: 252 | C16: PROD. MEDICO/FARMACEUTICOS/LAB | D16: AMPICILINA 500 MG.F/A | E16: UNIDAD | F16: 1500 | G16: 268.33 | H16: =+F16*G16 -> 402495
A17: 8 | B17: 252 | C17: PROD. MEDICO/FARMACEUTICOS/LAB | D17: ANFOTERICINA B F/A X1 50MG | E17: UNIDAD | F17: 50 | G17: 3694.82 | H17: =+F17*G17 -> 184741
A18: 9 | B18: 252 | C18: PROD. MEDICO/FARMACEUTICOS/LAB | D18: AZITROMICINA 500 MG.COMP.X 1 | E18: UNIDAD | F18: 1500 | G18: 93.6 | H18: =+F18*G18 -> 140400
A19: 10 | B19: 252 | C19: PROD. MEDICO/FARMACEUTICOS/LAB | D19: CEFALEXINA 500 MG. COMP. X 1 | E19: UNIDAD | F19: 1500 | G19: 36.36 | H19: =+F19*G19 -> 54540
A20: 11 | B20: 252 | C20: PROD. MEDICO/FARMACEUTICOS/LAB | D20: CEFALEXINA 500 MG.X 90 ML.SUSP. | E20: UNIDAD | F20: 100 | G20: 530.46 | H20: =+F20*G20 -> 53046
A21: 12 | B21: 252 | C21: PROD. MEDICO/FARMACEUTICOS/LAB | D21: CEFALOTINA 1 GR.F/A.X 1 | E21: UNIDAD | F21: 1000 | G21: 485.18 | H21: =+F21*G21 -> 485180
A22: 13 | B22: 252 | C22: PROD. MEDICO/FARMACEUTICOS/LAB | D22: CEFAZOLINA 1G F/A | E22: UNIDAD | F22: 100 | G22: 550.21 | H22: =+F22*G22 -> 55021
A23: 14 | B23: 252 | C23: PROD. MEDICO/FARMACEUTICOS/LAB | D23: CEFEPIME 1G F/A | E23: UNIDAD | F23: 100 | G23: 1463.08 | H23: =+F23*G23 -> 146308
A24: 15 | B24: 252 | C24: PROD. MEDICO/FARMACEUTICOS/LAB | D24: CEFOTAXINA 500 MG.F/A X 1 | E24: UNIDAD | F24: 100 | G24: 412.69 | H24: =+F24*G24 -> 41269
... A63: 54 | B63: 252 | C63: PROD. MEDICO/FARMACEUTICOS/LAB | D63: DIFENHIDRAMINA JBE X 120 ML | E63: UNIDAD | F63: 300 | G63: 120 | H63: =+F63*G63 -> 36000
B66: Plazos y lugares de entrega
B67: Lugar de Entrega: SERVICIO DE FARMACIA -HOSPITAL INT. DE NIÑOS – AV. VIRGEN DEL VALLE N° 1050-CATAMARCA DE 8:00 A 12:00HS., DEBIENDO CORRER LOS GASTOS DE FLETES, ACARREO, CARGA, DESCARGA Y SEGURO A CARGO DEL ADJUDICATARIO.
B69: Plazo de vencimiento de los bienes ofrecidos: No podrán ser inferior a los 18 meses.
B70: Plazo de entrega: Dentro de los 7 días de notificada la Orden de Compra
B71: Mantenimiento de Oferta:
C72: 45 dias habiles

Sheet  NotaPedido
A1: NOTA DE PEDIDO | F1: N° | G1: 020/2021
A3: JURISDICCIÓN: | D3: ='[1]Necesidades Trimestrales'!C4 -> 040 - Ministerio de Salud
A4: SAF: | D4: ='[1]Necesidades Trimestrales'!C5 -> 024 - Hospital Interzonal de Niños
A5: UNIDAD EJECUTORA: | D5: 024 - Hospital Interzonal de Niños
A6: DEPENDENCIA SOLICITANTE: | D6: Servicio de Farmacia
A7: PERIODO UTILIZACIÓN: | D7: 1er TRIMESTRE - 2021
A8: OBJETO: | D8: Adquisición de Medicamentos
A10: Ítem | B10: Codigo Item | C10: DESCRIPCIÓN | D10: Adjunta Detalle Técnico | E10: Unidad Medida | F10: Precio Unitario Estimado | G10: Cantidad Solicitada
A12: 1 | B12: 252 | C12: ='Necesidades Trimestrales'!D10 -> ACICLOVIR 8%/100 ML. SUSP. X 120 ML X 1 | D12: NO | E12: ='Necesidades Trimestrales'!E10 -> UNIDAD | F12: =+'Necesidades Trimestrales'!G10 -> 1391.26 | G12: =+'Necesidades Trimestrales'!F10 -> 25
A13: 2 | B13: ='Necesidades Trimestrales'!B11 -> 252 | C13: ='Necesidades Trimestrales'!D11 -> ACICLOVIR 500 MG INY X 1 FCO/AMP. | D13: NO | E13: ='Necesidades Trimestrales'!E11 -> UNIDAD | F13: =+'Necesidades Trimestrales'!G11 -> 915.04 | G13: =+'Necesidades Trimestrales'!F11 -> 500
A14: 3 | B14: ='Necesidades Trimestrales'!B12 -> 252 | C14: ='Necesidades Trimestrales'!D12 -> AMIKACINA 500 MG.AMP.X 2 ML | D14: NO | E14: ='Necesidades Trimestrales'!E12 -> UNIDAD | F14: =+'Necesidades Trimestrales'!G12 -> 241.68 | G14: =+'Necesidades Trimestrales'!F12 -> 250
A15: 4 | B15: 252 | C15: ='Necesidades Trimestrales'!D13 -> AMOXI,500 MG+ACIDO CLAVULANICO SUSP.X 120 ML. | D15: NO | E15: ='Necesidades Trimestrales'!E13 -> UNIDAD | F15: =+'Necesidades Trimestrales'!G13 -> 861.84 | G15: =+'Necesidades Trimestrales'!F13 -> 100
A16: 5 | B16: ='Necesidades Trimestrales'!B14 -> 252 | C16: ='Necesidades Trimestrales'!D14 -> AMOXI+CLAVULANICO 500 MG COMP.X 1 | D16: NO | E16: ='Necesidades Trimestrales'!E14 -> UNIDAD | F16: =+'Necesidades Trimestrales'!G14 -> 46.05 | G16: =+'Necesidades Trimestrales'!F14 -> 1500
A17: 6 | B17: ='Necesidades Trimestrales'!B15 -> 252 | C17: ='Necesidades Trimestrales'!D15 -> AMOXICILINA 500 MG COMP.X 1 | D17: NO | E17: ='Necesidades Trimestrales'!E15 -> UNIDAD | F17: =+'Necesidades Trimestrales'!G15 -> 18.26 | G17: =+'Necesidades Trimestrales'!F15 -> 1500
A18: 7 | B18: ='Necesidades Trimestrales'!B16 -> 252 | C18: ='Necesidades Trimestrales'!D16 -> AMPICILINA 500 MG.F/A | D18: NO | E18: ='Necesidades Trimestrales'!E16 -> UNIDAD | F18: =+'Necesidades Trimestrales'!G16 -> 268.33 | G18: =+'Necesidades Trimestrales'!F16 -> 1500
A19: 8 | B19: ='Necesidades Trimestrales'!B17 -> 252 | C19: ='Necesidades Trimestrales'!D17 -> ANFOTERICINA B F/A X1 50MG | D19: NO | E19: ='Necesidades Trimestrales'!E17 -> UNIDAD | F19: =+'Necesidades Trimestrales'!G17 -> 3694.82 | G19: =+'Necesidades Trimestrales'!F17 -> 50
A20: 9 | B20: ='Necesidades Trimestrales'!B18 -> 252 | C20: ='Necesidades Trimestrales'!D18 -> AZITROMICINA 500 MG.COMP.X 1 | D20: NO | E20: ='Necesidades Trimestrales'!E18 -> UNIDAD | F20: =+'Necesidades Trimestrales'!G18 -> 93.6 | G20: =+'Necesidades Trimestrales'!F18 -> 1500
A21: 10 | B21: ='Necesidades Trimestrales'!B19 -> 252 | C21: ='Necesidades Trimestrales'!D19 -> CEFALEXINA 500 MG. COMP. X 1 | D21: NO | E21: ='Necesidades Trimestrales'!E19 -> UNIDAD | F21: =+'Necesidades Trimestrales'!G19 -> 36.36 | G21: =+'Necesidades Trimestrales'!F19 -> 1500
A22: 11 | B22: ='Necesidades Trimestrales'!B20 -> 252 | C22: ='Necesidades Trimestrales'!D20 -> CEFALEXINA 500 MG.X 90 ML.SUSP. | D22: NO | E22: ='Necesidades Trimestrales'!E20 -> UNIDAD | F22: =+'Necesidades Trimestrales'!G20 -> 530.46 | G22: =+'Necesidades Trimestrales'!F20 -> 100
A23: 12 | B23: ='Necesidades Trimestrales'!B21 -> 252 | C23: ='Necesidades Trimestrales'!D21 -> CEFALOTINA 1 GR.F/A.X 1 | D23: NO | E23: ='Necesidades Trimestrales'!E21 -> UNIDAD | F23: =+'Necesidades Trimestrales'!G21 -> 485.18 | G23: =+'Necesidades Trimestrales'!F21 -> 1000
A24: 13 | B24: ='Necesidades Trimestrales'!B22 -> 252 | C24: ='Necesidades Trimestrales'!D22 -> CEFAZOLINA 1G F/A | D24: NO | E24: ='Necesidades Trimestrales'!E22 -> UNIDAD | F24: =+'Necesidades Trimestrales'!G22 -> 550.21 | G24: =+'Necesidades Trimestrales'!F22 -> 100
A25: 14 | B25: ='Necesidades Trimestrales'!B23 -> 252 | C25: ='Necesidades Trimestrales'!D23 -> CEFEPIME 1G F/A | D25: NO | E25: ='Necesidades Trimestrales'!E23 -> UNIDAD | F25: =+'Necesidades Trimestrales'!G23 -> 1463.08 | G25: =+'Necesidades Trimestrales'!F23 -> 100
A26: 15 | B26: ='Necesidades Trimestrales'!B24 -> 252 | C26: ='Necesidades Trimestrales'!D24 -> CEFOTAXINA 500 MG.F/A X 1 | D26: NO | E26: ='Necesidades Trimestrales'!E24 -> UNIDAD | F26: =+'Necesidades Trimestrales'!G24 -> 412.69 | G26: =+'Necesidades Trimestrales'!F24 -> 100
A27: 16 | B27: ='Necesidades Trimestrales'!B25 -> 252 | C27: ='Necesidades Trimestrales'!D25 -> CEFTAZIDIMA 1 GR.F/A X 1 | D27: NO | E27: ='Necesidades Trimestrales'!E25 -> UNIDAD | F27: =+'Necesidades Trimestrales'!G25 -> 515.41 | G27: =+'Necesidades Trimestrales'!F25 -> 150
... A65: 54 | B65: ='Necesidades Trimestrales'!B63 -> 252 | C65: ='Necesidades Trimestrales'!D63 -> DIFENHIDRAMINA JBE X 120 ML | D65: NO | E65: ='Necesidades Trimestrales'!E63 -> UNIDAD | F65: =+'Necesidades Trimestrales'!G63 -> 120 | G65: =+'Necesidades Trimestrales'!F63 -> 300
A66: COSTO TOTAL ESTIMADO | F66: =SUMPRODUCT(F12:F65,G12:G65) -> 8586652.8

Sheet Autor Gastar
A1: EJERCICIO: | D1: ='Necesidades Trimestrales'!C6 -> 2021 | P1: AUTORIZACION PARA GASTAR
A4: JURISDICCIÓN: | G4: 040 - Ministerio de Salud
A5: SAF: | G5: 024 - Hospital Interzonal de Niños
A6: UNIDAD EJECUTORA: | G6: 024 - Hospital Interzonal de Niños
A7: DEPENDENCIA SOLICITANTE: | G7: Servicio De Farmacia
A8: AUTORIZACIÓN:
A9: Señor Jefe de Servicio Administrativo Financiero:
A10: ="Autorizo la realización de los trámites correspondientes, a fin de proveer a este Organismo los bienes y/o servicios que se detallan en Nota de Pedido N° " & ' NotaPedido'!G1&", afectando la erogación resultante a los créditos presupuestarios aprobados a favor de esta Unidad Ejecutora, conforme al siguiente detalle:" -> Autorizo la realización de los trámites correspondientes, a fin de proveer a este Organismo los bienes y/o servicios que se detallan en Nota de Pedido N° 020/2021, afectando la erogación resultante a los créditos presupuestarios aprobados a favor de esta Unidad Ejecutora, conforme al siguiente detalle:
A12: IMPUTACIÓN PRESUPUESTARIA
A13: CÓDIGO | O13: DENOMINACIÓN DE LA PARTIDA PRESUPUESTARIA | Q13: IMPORTE
A14: PR | B14: SB | C14: PY | D14: AC | E14: OB | F14: UG | G14: FIN | H14: FUN | I14: I | J14: P | K14: P | L14: SubP | M14: M | N14: FF
A15: 36 | D15: 1 | F15: 4901 | G15: 3 | H15: 310 | I15: 2 | J15: 5 | K15: 2 | M15: 1 | N15: 1.1 | O15: Productos Farmaceuticos y Medicinales | Q15: 8586652.8
A23: TOTAL DE PESOS: OCHO MILLONES QUINIENTOS OCHENTA Y SEIS MIL SEISCIENTOS CINCUENTA Y DOS CON 80/100. | Q23: =SUM(Q15:Q22) -> 8586652.8
A25: JUSTIFICACIÓN:
A26: Para la adquisición de antibioticos y medicamentos respiratorios destinados al servico de Farmacia del Hospital Interzonal de Niños Eva Peron, para el normal funcionamiento del organismo.
