Workbook

Sheet Necesidades Trimestrales
E2: Pedido de Necesidades Trimestrales
A4: JURISDICCION: | E4: 40-Ministerio de Salud
A5: SAF N°: | E5: 28- Maternidad Provincial 25 de Mayo
A6: EJERCICIO: | E6: 2022
A7: TRIMESTRE: | E7: 1º
A9: ID | B9: CODIGO ITEM | C9: RUBRO DE COMPRA | D9: I.P.P. | E9: DESCRIPCION | F9: UNIDAD DE MEDIDA | G9: CANTIDAD | H9: PRECIO UNITARIO ESTIMADO | I9: IMPORTE TOTAL ESTIMADO
A10: 1 | C10: ANTIEPILEPTICOS/ANTIPARKINSONIANOS/PSICOLEPTICOS/ OFTALMICOS/ANTIDOTOS | D10: 252 | E10: CAFEINA 25% AMPOLLA | F10: AMPOLLA | G10: 200 | H10: 66 | I10: =G10*H10 -> 13200
A11: 2 | C11: ANTIEPILEPTICOS/ANTIPARKINSONIANOS/PSICOLEPTICOS/ OFTALMICOS/ANTIDOTOS | D11: 252 | E11: CLONAZEPAM 0,5 MG COMPRIMIDOS | F11: COMPRIMIDO | G11: 300 | H11: 3.25 | I11: =G11*H11 -> 975
A12: 3 | C12: ANTIEPILEPTICOS/ANTIPARKINSONIANOS/PSICOLEPTICOS/ OFTALMICOS/ANTIDOTOS | D12: 252 | E12: FENITOINA AMPOLLAS | F12: AMPOLLA | G12: 300 | H12: 35 | I12: =G12*H12 -> 10500
A13: 4 | C13: ANTIEPILEPTICOS/ANTIPARKINSONIANOS/PSICOLEPTICOS/ OFTALMICOS/ANTIDOTOS | D13: 252 | E13: FENOBARBITAL 15 MG COMPRIMIDO | F13: COMPRIMIDO | G13: 90 | H13: 16 | I13: =G13*H13 -> 1440
A14: 5 | C14: ANTIEPILEPTICOS/ANTIPARKINSONIANOS/PSICOLEPTICOS/ OFTALMICOS/ANTIDOTOS | D14: 252 | E14: FLUMAZENIL 0,5 mg / 5 ml AMPOLLAS | F14: AMPOLLA | G14: 50 | H14: 165 | I14: =G14*H14 -> 8250
A15: 6 | C15: ANTIEPILEPTICOS/ANTIPARKINSONIANOS/PSICOLEPTICOS/ OFTALMICOS/ANTIDOTOS | D15: 252 | E15: HALOPERIDOL 10 MG COMPRIMIDO | F15: COMPRIMIDO | G15: 30 | H15: 21 | I15: =G15*H15 -> 630
A16: 7 | C16: ANTIEPILEPTICOS/ANTIPARKINSONIANOS/PSICOLEPTICOS/ OFTALMICOS/ANTIDOTOS | D16: 252 | E16: HALOPERIDOL 5 MG AMPOLLA x 1 ml | F16: AMPOLLA | G16: 20 | H16: 46 | I16: =G16*H16 -> 920
A17: 8 | C17: ANTIEPILEPTICOS/ANTIPARKINSONIANOS/PSICOLEPTICOS/ OFTALMICOS/ANTIDOTOS | D17: 252 | E17: LAMOTRIGINA 25 MG COMPRIMIDO | F17: COMPRIMIDO | G17: 30 | H17: 9.69 | I17: =G17*H17 -> 290.7
A18: 9 | C18: ANTIEPILEPTICOS/ANTIPARKINSONIANOS/PSICOLEPTICOS/ OFTALMICOS/ANTIDOTOS | D18: 252 | E18: LAMOTRIGINA 50MG COMPRIMIDO | F18: COMPRIMIDO | G18: 30 | H18: 19.7 | I18: =G18*H18 -> 591
A19: 10 | C19: ANTIEPILEPTICOS/ANTIPARKINSONIANOS/PSICOLEPTICOS/ OFTALMICOS/ANTIDOTOS | D19: 252 | E19: LEVETIRACETAM 500MG AMPOLLA x 5 ml | F19: AMPOLLA | G19: 20 | H19: 640 | I19: =G19*H19 -> 12800
A20: 11 | C20: ANTIEPILEPTICOS/ANTIPARKINSONIANOS/PSICOLEPTICOS/ OFTALMICOS/ANTIDOTOS | D20: 252 | E20: LORAZEPAM 1 MG COMPRIMIDO | F20: COMPRIMIDO | G20: 60 | H20: 4.5 | I20: =G20*H20 -> 270
A21: 12 | C21: ANTIEPILEPTICOS/ANTIPARKINSONIANOS/PSICOLEPTICOS/ OFTALMICOS/ANTIDOTOS | D21: 252 | E21: NALOXONA 0,4 MG / ML AMPOLLA x 1 ml | F21: AMPOLLA | G21: 50 | H21: 128 | I21: =G21*H21 -> 6400
... A30: 21 | C30: ANTIEPILEPTICOS/ANTIPARKINSONIANOS/PSICOLEPTICOS/ OFTALMICOS/ANTIDOTOS | D30: 252 | E30: TROPICAMIDA 0,5% COLIRIO x 5 ml | F30: GOTERO | G30: 100 | H30: 450 | I30: =G30*H30 -> 45000
B34: Especificidades Item N° : 1 a 21
B36: Descripción técnica
B38: Plazos de entrega: | C38: 20 dias desde la firma del instrumento contractual
B40: Lugar de entrega: | C40: Servio de Farmacia - MATERNIDAD PROVINCIAL 25 DE MAYO- HERNANDO. DE PEDRAZA 1650
B42: Calidad Minima esperada
B44: Mantenimiento
E45: 30 dias
B46: Garantia

Sheet  NotaPedido
A1: NOTA DE PEDIDO | K1: N° 05/2022
A3: JURISDICCIÓN: | D3: 40- Ministerio de Salud
A4: SAF: | D4: 28- Maternidad Provincial 25 de Mayo
A5: UNIDAD EJECUTORA: | D5: 169- Direccion Asistencial
A6: DEPENDENCIA SOLICITANTE: | D6: Servicio de Farmacia
A7: PERIODO UTILIZACIÓN: | D7: SEMESTRAL
A8: OBJETO: | D8: Adquisición de Productos MedicosANTIEPILEPTICOS/ANTIPARKINSONIANOS/PSICOLEPTICOS/ OFTALMICOS/ANTIDOTOS
A10: Ítem | B10: Codigo Item | C10: DESCRIPCIÓN | H10: Adjunta Detalle Técnico | I10: Unidad Medida | J10: Precio Unitario Estimado | K10: Cantidad Solicitada
A12: ='Necesidades Trimestrales'!A10 -> 1 | B12: ='Necesidades Trimestrales'!B10 -> 0 | C12: ='Necesidades Trimestrales'!E10 -> CAFEINA 25% AMPOLLA | H12: NO | I12: ='Necesidades Trimestrales'!F10 -> AMPOLLA | J12: ='Necesidades Trimestrales'!H10 -> 66 | K12: ='Necesidades Trimestrales'!G10 -> 200
A13: ='Necesidades Trimestrales'!A11 -> 2 | B13: ='Necesidades Trimestrales'!B11 -> 0 | C13: ='Necesidades Trimestrales'!E11 -> CLONAZEPAM 0,5 MG COMPRIMIDOS | H13: NO | I13: ='Necesidades Trimestrales'!F11 -> COMPRIMIDO | J13: ='Necesidades Trimestrales'!H11 -> 3.25 | K13: ='Necesidades Trimestrales'!G11 -> 300
A14: ='Necesidades Trimestrales'!A12 -> 3 | B14: ='Necesidades Trimestrales'!B12 -> 0 | C14: ='Necesidades Trimestrales'!E12 -> FENITOINA AMPOLLAS | H14: NO | I14: ='Necesidades Trimestrales'!F12 -> AMPOLLA | J14: ='Necesidades Trimestrales'!H12 -> 35 | K14: ='Necesidades Trimestrales'!G12 -> 300
A15: ='Necesidades Trimestrales'!A13 -> 4 | B15: ='Necesidades Trimestrales'!B13 -> 0 | C15: ='Necesidades Trimestrales'!E13 -> FENOBARBITAL 15 MG COMPRIMIDO | H15: NO | I15: ='Necesidades Trimestrales'!F13 -> COMPRIMIDO | J15: ='Necesidades Trimestrales'!H13 -> 16 | K15: ='Necesidades Trimestrales'!G13 -> 90
A16: ='Necesidades Trimestrales'!A14 -> 5 | B16: ='Necesidades Trimestrales'!B14 -> 0 | C16: ='Necesidades Trimestrales'!E14 -> FLUMAZENIL 0,5 mg / 5 ml AMPOLLAS | H16: NO | I16: ='Necesidades Trimestrales'!F14 -> AMPOLLA | J16: ='Necesidades Trimestrales'!H14 -> 165 | K16: ='Necesidades Trimestrales'!G14 -> 50
A17: ='Necesidades Trimestrales'!A15 -> 6 | B17: ='Necesidades Trimestrales'!B15 -> 0 | C17: ='Necesidades Trimestrales'!E15 -> HALOPERIDOL 10 MG COMPRIMIDO | H17: NO | I17: ='Necesidades Trimestrales'!F15 -> COMPRIMIDO | J17: ='Necesidades Trimestrales'!H15 -> 21 | K17: ='Necesidades Trimestrales'!G15 -> 30
A18: ='Necesidades Trimestrales'!A16 -> 7 | B18: ='Necesidades Trimestrales'!B16 -> 0 | C18: ='Necesidades Trimestrales'!E16 -> HALOPERIDOL 5 MG AMPOLLA x 1 ml | H18: NO | I18: ='Necesidades Trimestrales'!F16 -> AMPOLLA | J18: ='Necesidades Trimestrales'!H16 -> 46 | K18: ='Necesidades Trimestrales'!G16 -> 20
A19: ='Necesidades Trimestrales'!A17 -> 8 | B19: ='Necesidades Trimestrales'!B17 -> 0 | C19: ='Necesidades Trimestrales'!E17 -> LAMOTRIGINA 25 MG COMPRIMIDO | H19: NO | I19: ='Necesidades Trimestrales'!F17 -> COMPRIMIDO | J19: ='Necesidades Trimestrales'!H17 -> 9.69 | K19: ='Necesidades Trimestrales'!G17 -> 30
A20: ='Necesidades Trimestrales'!A18 -> 9 | B20: ='Necesidades Trimestrales'!B18 -> 0 | C20: ='Necesidades Trimestrales'!E18 -> LAMOTRIGINA 50MG COMPRIMIDO | H20: NO | I20: ='Necesidades Trimestrales'!F18 -> COMPRIMIDO | J20: ='Necesidades Trimestrales'!H18 -> 19.7 | K20: ='Necesidades Trimestrales'!G18 -> 30
A21: ='Necesidades Trimestrales'!A19 -> 10 | B21: ='Necesidades Trimestrales'!B19 -> 0 | C21: ='Necesidades Trimestrales'!E19 -> LEVETIRACETAM 500MG AMPOLLA x 5 ml | H21: NO | I21: ='Necesidades Trimestrales'!F19 -> AMPOLLA | J21: ='Necesidades Trimestrales'!H19 -> 640 | K21: ='Necesidades Trimestrales'!G19 -> 20
A22: ='Necesidades Trimestrales'!A20 -> 11 | B22: ='Necesidades Trimestrales'!B20 -> 0 | C22: ='Necesidades Trimestrales'!E20 -> LORAZEPAM 1 MG COMPRIMIDO | H22: NO | I22: ='Necesidades Trimestrales'!F20 -> COMPRIMIDO | J22: ='Necesidades Trimestrales'!H20 -> 4.5 | K22: ='Necesidades Trimestrales'!G20 -> 60
A23: ='Necesidades Trimestrales'!A21 -> 12 | B23: ='Necesidades Trimestrales'!B21 -> 0 | C23: ='Necesidades Trimestrales'!E21 -> NALOXONA 0,4 MG / ML AMPOLLA x 1 ml | H23: NO | I23: ='Necesidades Trimestrales'!F21 -> AMPOLLA | J23: ='Necesidades Trimestrales'!H21 -> 128 | K23: ='Necesidades Trimestrales'!G21 -> 50
... A32: ='Necesidades Trimestrales'!A30 -> 21 | B32: ='Necesidades Trimestrales'!B30 -> 0 | C32: ='Necesidades Trimestrales'!E30 -> TROPICAMIDA 0,5% COLIRIO x 5 ml | H32: NO | I32: ='Necesidades Trimestrales'!F30 -> GOTERO | J32: ='Necesidades Trimestrales'!H30 -> 450 | K32: ='Necesidades Trimestrales'!G30 -> 100
A33: Costo total estimado: DOSCIENTOS TREINTA Y OCHO MIL OCHOCIENTOS OCHENTA CON 70/100 | J33: =SUMPRODUCT(J12:J32,K12:K32) -> 238880.7

Sheet Autor Gastar
A1: EJERCICIO: | D1: 2022 | P1: AUTORIZACION PARA GASTAR
A4: JURISDICCIÓN: | G4: =' NotaPedido'!D3 -> 40- Ministerio de Salud
A5: SAF: | G5: =' NotaPedido'!D4 -> 28- Maternidad Provincial 25 de Mayo
A6: UNIDAD EJECUTORA: | G6: =' NotaPedido'!D5 -> 169- Direccion Asistencial
A7: DEPENDENCIA SOLICITANTE: | G7: =' NotaPedido'!D6 -> Servicio de Farmacia
A8: AUTORIZACIÓN:
A9: Señor Jefe de Servicio Administrativo Financiero:
A10: "Autorizo la realización de los trámites correspondientes, a fin de proveer a este Organismo los bienes y/o servicios que se detallan en Nota de Pedido N° 05/2022 , afectando la erogación resultante a los créditos presupuestarios aprobados a favor de esta Unidad Ejecutora, conforme al siguiente detalle:"
A12: IMPUTACIÓN PRESUPUESTARIA
A13: CÓDIGO | O13: DENOMINACIÓN DE LA PARTIDA PRESUPUESTARIA | Q13: IMPORTE
A14: PR | B14: SB | C14: PY | D14: AC | E14: OB | F14: UG | G14: FIN | H14: FUN | I14: I | J14: P | K14: P | L14: SubP | M14: M | N14: FF
A15: 42 | D15: 2 | F15: 4901 | G15: 3 | H15: 1 | I15: 2 | J15: 5 | K15: 2 | M15: 1 | N15: 1.1 | O15: Productos Farmacéuticos y Medicinales | Q15: 238880.7
A21: TOTAL DE PESOS: DOSCIENTOS TREINTA Y OCHO MIL OCHOCIENTOS OCHENTA CON 70/100 | Q21: =SUM(Q15:Q19) -> 238880.7
A23: JUSTIFICACIÓN:
A24: Para la adquisición de Adquisición deProductos Medicos ANTIEPILEPTICOS/ANTIPARKINSONIANOS/PSICOLEPTICOS/ OFTALMICOS/ANTIDOTOS , para ser destinados Servicio de Farmacia, de la Maternidad Provincial 25 de Mayo.-
