Workbook

Sheet SAF 011
A1: 2022
B2: Pedido de Necesidades Trimestrales
A4: JURISDICCION: | C4: 040 - MINISTERIO DE SALUD
A5: SAF N°: | C5: 011 - DIRECCION PROVINCIAL DE ADMINISTRACION - MINISTERIO DE SALUD
A6: EJERCICIO: | C6: 2022
A7: TRIMESTRE: | C7: PRIMERO
A9: ID | B9: CODIGO ITEM | C9: RUBRO DE COMPRA | D9: I.P.P. | E9: DESCRIPCION | F9: UNIDAD DE MEDIDA | G9: SECRETARIA DE ADMINISTRACION | H9: TOTAL S.A. | I9: SMPyPS | J9: TOTAL SMPyPS | K9: DIR. LAB. CENTRAL | L9: TOTAL DE LAB CENTRAL | M9: BCO DE SANGRE | N9: TOTAL BANCO DE SANGRE | O9: APS | P9: TOTAL A.P.S. | Q9: DIR DE CANCER | R9: TOTAL DE DIR DE CANCER | S9: FARMACIA | T9: TOTAL FARMACIA | U9: ODONTOLOGIA | V9: TOTAL DE ODONTOLOG | W9: SAME | X9: TOTAL SAME | Y9: HPTAL MALBRAN | Z9: TOTAL HPTAL MALBRAN | AA9: MATERNIDAD E INFANCIA | AB9: TOTAL MATERNIDAD E INFANCIA | AC9: SASP | AD9: TOTAL SASP | AE9: SALUD Y MEDIO AMBIENTE | AF9: TOTAL SALUD Y MEDIO AMBIENTE | AG9: VECTORES Y ZOONOSIS | AH9: TOTAL DE VECT Y ZOON | AI9: CRONICAS | AJ9: TOTAL CRONICAS | AK9: CUR | AL9: TOTAL CUR | AM9: SPyGS | AN9: TOTAL SPyGS | AO9: SALUD MENTAL | AP9: TOTAL SALUD MENTAL | AQ9: AREAS Y DPAS | AR9: TOTAL DPAS | AS9: EPIDEMIOLOGIA | AT9: TOTAL EPIDEMIOLOGIA | AU9: AREA 1 | AV9: TOTAL AREA 1 | AW9: CANTIDAD TOTAL | AX9: PRECIO UNITARIO ESTIMADO | AY9: IMPORTE TOTAL ESTIMADO | AZ9: ESPECIFICACION TECNICA
A10: 1 | B10: 2.5.1-9018.8 | C10: QUIMICOS | D10: 251 | E10: GASES; COMPUESTO QUIMICO: OXIGENO, CALIDAD: MEDICINAL, PRESENTACION: TUBO X 6 M3 | F10: M3 | W10: =+'NP SAME'!K12 -> 546 | X10: =+W10*AX10 -> 191100 | AQ10: =+'NP DPAS'!K12 -> 8082 | AR10: =+AQ10*AX10 -> 2828700 | AW10: =+AQ10+AO10+AM10+AK10+AI10+AG10+AE10+AC10+AA10+Y10+W10+U10+S10+Q10+O10+M10+K10+I10+AS10+G10+AU10 -> 8628 | AX10: 350 | AY10: =+AW10*AX10 -> 3019800
E11: TOTAL DEL RUBRO OXIGENO | AY11: =+AY10 -> 3019800
B13: DETALLE TECNICO Y ESPECIFICACIONES | C13: ANEXO
C14: OXIGENO EN FORMA LÍQUIDA: en recipientes cilíndricos del tipo criogénico. Las conexiones de salida de las válvulas deben garantizar su inviolabilidad. EXIGENCIAS GENERALES ROTULADO: el rotulo del envase de los gases medicinales deberá contar con los siguientes datos: cruz griega color verde que identifica a los gases medicinales nombre genérico del gas que contiene N.º de certificado otorgado por la autoridad sanitaria Composición Especificaciones técnicas (contenido y presión) Identificación de la empresa titular y del fabricante Numero de lote Nombre y matricula del director técnico Fechas de llenado y vencimiento Condiciones de almacenamiento Instructivo s/ manipulación correcta y segura Debe incluir la leyenda: “el empleo y dosificación de este gas debe ser prescripto por un médico” Durante el transporte (cisterna): se incluirá un protocolo de análisis del lote, firmado y fechado por el director técnico. El mencionado certificado deberá ser archivado por el destinatario durante un plazo no menor a un año posterior a la fecha de vencimiento
C15: HABILITACION SANITARIA CORRESPONDIENTE PARA EL CASO DE SER FABRICANTE (CERTIFICADO DE ANMAT), DISTRIBUIDOR OFERENTES PROVINCIALES (HABILITACION SANITARIA PROVINCIAL ), DISTRIBUIDOR OFERENTES NO PROVINCIALES CERTIFICADO DE ANMAR)
B17: Plazos de entrega | C17: diez (10) dias habiles
B19: Lugar de Entrega: | C19: -546 M3 EN LA DIR. PROV. DE SAME - CASEROS N° 864 - en el horario de 8:00hs a 12:00hs de lunes a viernes
C20: -8.082 M3 EN LA DIR. PROV. DE ASISTENCIA SANITARIA NIVEL I Y II - CHACABUCO N° 169 - en el horario de 8:00hs a 12:00hs de lunes a viernes
B22: Calidad Minima esperada
B24: Mantenimiento | C24: cuarenta y cinco (45) días

Sheet NP SAME
A1: NOTA DE PEDIDO | J1: N° | K1: 08/2022
A3: JURISDICCIÓN: | D3: ='SAF 011'!C4 -> 040 - MINISTERIO DE SALUD
A4: SAF: | D4: ='SAF 011'!C5 -> 011 - DIRECCION PROVINCIAL DE ADMINISTRACION - MINISTERIO DE SALUD
A5: UNIDAD EJECUTORA: | D5: DIRECCION PROVINCIAL SISTEMA DE ATENCION MEDICA DE EMERGENCIA
A6: DEPENDENCIA SOLICITANTE: | D6: DIRECCION PROVINCIAL SISTEMA DE ATENCION MEDICA DE EMERGENCIA
A7: PERIODO UTILIZACIÓN: | D7: 1° TRIMESTRE 2022
A8: OBJETO: | D8: ADQUISICION DEL RUBRO OXIGENO MEDICINAL
A10: Ítem | B10: Codigo Item | C10: DESCRIPCIÓN | H10: Adjunta Detalle Técnico | I10: Unidad Medida | J10: Precio Unitario Estimado | K10: Cantidad Solicitada
A12: 1 | B12: ='SAF 011'!B10 -> 2.5.1-9018.8 | C12: ='SAF 011'!E10 -> GASES; COMPUESTO QUIMICO: OXIGENO, CALIDAD: MEDICINAL, PRESENTACION: TUBO X 6 M3 | H12: SI | I12: ='SAF 011'!F10 -> M3 | J12: ='SAF 011'!AX10 -> 350 | K12: 546 | M12: =+J12*K12 -> 191100
A14: Costo total estimado: CIENTO NOVENTA Y UN MIL CIEN CON 00/100.- | J14: =+M12 -> 191100

Sheet APG SAME
A1: EJERCICIO: | D1: 2022 | P1: AUTORIZACION PARA GASTAR
A4: JURISDICCIÓN: | G4: ='NP SAME'!D3 -> 040 - MINISTERIO DE SALUD
A5: SAF: | G5: ='NP SAME'!D4 -> 011 - DIRECCION PROVINCIAL DE ADMINISTRACION - MINISTERIO DE SALUD
A6: UNIDAD EJECUTORA: | G6: ='NP SAME'!D5 -> DIRECCION PROVINCIAL SISTEMA DE ATENCION MEDICA DE EMERGENCIA
A7: DEPENDENCIA SOLICITANTE: | G7: ='NP SAME'!D6 -> DIRECCION PROVINCIAL SISTEMA DE ATENCION MEDICA DE EMERGENCIA
A8: AUTORIZACIÓN:
A9: Señor Director de Administración o Titular del Servicio Administrativo Financiero:
A10: Autorizo la realización de los trámites correspondientes, a fin de proveer a este Organismo los bienes que se detallan en Nota de Pedido N° 08/2022 afectando la erogación resultante a los créditos presupuestarios aprobados a favor de esta Unidad Ejecutora, conforme al siguiente detalle:
A12: IMPUTACIÓN PRESUPUESTARIA
A13: CÓDIGO | O13: DENOMINACIÓN DE LA PARTIDA PRESUPUESTARIA | Q13: IMPORTE
A14: PR | B14: SB | C14: PY | D14: AC | E14: OB | F14: UG | G14: FIN | H14: FUN | I14: I | J14: P | K14: P | L14: SubP | M14: M | N14: FF
A15: 31 | D15: 1 | F15: 4901 | G15: 3 | H15: 1 | I15: 2 | J15: 5 | K15: 1 | M15: 1 | N15: 1.1 | O15: COMPUESTOS QUIMICOS | Q15: ='NP SAME'!M12 -> 191100
A38: TOTAL DE PESOS: CIENTO NOVENTA Y UN MIL CIEN CON 00/100.- | Q38: =SUM(Q15:Q37) -> 191100
A40: JUSTIFICACIÓN:
A41: ='NP SAME'!D8 -> ADQUISICION DEL RUBRO OXIGENO MEDICINAL

Sheet NP DPAS
A1: NOTA DE PEDIDO | J1: N° | K1: 01/2022
A3: JURISDICCIÓN: | D3: ='SAF 011'!C4 -> 040 - MINISTERIO DE SALUD
A4: SAF: | D4: ='SAF 011'!C5 -> 011 - DIRECCION PROVINCIAL DE ADMINISTRACION - MINISTERIO DE SALUD
A5: UNIDAD EJECUTORA: | D5: DIRECCION PROVINCIAL DE ASISTENCIA SANITARIA
A6: DEPENDENCIA SOLICITANTE: | D6: DIRECCION PROVINCIAL DE ASISTENCIA SANITARIA
A7: PERIODO UTILIZACIÓN: | D7: 1° TRIMESTRE 2022
A8: OBJETO: | D8: ADQUISICION DEL RUBRO OXIGENO MEDICINAL
A10: Ítem | B10: Codigo Item | C10: DESCRIPCIÓN | H10: Adjunta Detalle Técnico | I10: Unidad Medida | J10: Precio Unitario Estimado | K10: Cantidad Solicitada
A12: 1 | B12: ='SAF 011'!B10 -> 2.5.1-9018.8 | C12: ='SAF 011'!E10 -> GASES; COMPUESTO QUIMICO: OXIGENO, CALIDAD: MEDICINAL, PRESENTACION: TUBO X 6 M3 | H12: SI | I12: ='SAF 011'!F10 -> M3 | J12: ='SAF 011'!AX10 -> 350 | K12: 8082 | M12: =+J12*K12 -> 2828700
A14: Costo total estimado: DOS MILLONES OCHOCIENTOS VEINTIOCHO MIL SETECIENTOS CON 00/100.- | J14: =+M12 -> 2828700

Sheet APG DPAS
A1: EJERCICIO: | D1: 2022 | P1: AUTORIZACION PARA GASTAR
A4: JURISDICCIÓN: | G4: ='NP DPAS'!D3 -> 040 - MINISTERIO DE SALUD
A5: SAF: | G5: ='NP DPAS'!D4 -> 011 - DIRECCION PROVINCIAL DE ADMINISTRACION - MINISTERIO DE SALUD
A6: UNIDAD EJECUTORA: | G6: ='NP DPAS'!D5 -> DIRECCION PROVINCIAL DE ASISTENCIA SANITARIA
A7: DEPENDENCIA SOLICITANTE: | G7: ='NP DPAS'!D6 -> DIRECCION PROVINCIAL DE ASISTENCIA SANITARIA
A8: AUTORIZACIÓN:
A9: Señor Director de Administración o Titular del Servicio Administrativo Financiero:
A10: Autorizo la realización de los trámites correspondientes, a fin de proveer a este Organismo los bienes que se detallan en Nota de Pedido N° 01/2022 afectando la erogación resultante a los créditos presupuestarios aprobados a favor de esta Unidad Ejecutora, conforme al siguiente detalle:
A12: IMPUTACIÓN PRESUPUESTARIA
A13: CÓDIGO | O13: DENOMINACIÓN DE LA PARTIDA PRESUPUESTARIA | Q13: IMPORTE
A14: PR | B14: SB | C14: PY | D14: AC | E14: OB | F14: UG | G14: FIN | H14: FUN | I14: I | J14: P | K14: P | L14: SubP | M14: M | N14: FF
A15: 21 | D15: 1 | F15: 4901 | G15: 3 | H15: 1 | I15: 2 | J15: 5 | K15: 1 | M15: 1 | N15: 1.1 | O15: COMPUESTOS QUIMICOS | Q15: ='NP DPAS'!M12 -> 2828700
A38: TOTAL DE PESOS: DOS MILLONES OCHOCIENTOS VEINTIOCHO MIL SETECIENTOS CON 00/100.- | Q38: =SUM(Q15:Q37) -> 2828700
A40: JUSTIFICACIÓN:
A41: ='NP DPAS'!D8 -> ADQUISICION DEL RUBRO OXIGENO MEDICINAL
