Workbook

Sheet SAF 011 - NECESIDAD TRIMESTRAL
A1: 2022
B2: Pedido de Necesidades Trimestrales
A4: JURISDICCION: | C4: 040 - MINISTERIO DE SALUD
A5: SAF N°: | C5: 011 - DIRECCION PROVINCIAL DE ADMINISTRACION - MINISTERIO DE SALUD
A6: EJERCICIO: | C6: 2022
A7: TRIMESTRE: | C7: TERCERO
A9: ID | B9: CODIGO ITEM | C9: RUBRO DE COMPRA | D9: I.P.P. | E9: DESCRIPCION | F9: UNIDAD DE MEDIDA | G9: CANTIDAD TOTAL | H9: PRECIO UNITARIO ESTIMADO | I9: IMPORTE TOTAL ESTIMADO
A10: 1 | B10: 4.3.3-1719.21 | C10: EQUIPOS | D10: 4.3.3 | E10: CAMILLAS; ANCHO: 50 Cm, LARGO: 200 Cm, ALTO: 75 Cm, ARNESES: SIN, TIPO: EXAMEN | F10: UNIDAD | G10: 80 | H10: 32000 | I10: =+G10*H10 -> 2560000
A11: 2 | B11: 4.3.3-1719.14 | C11: EQUIPOS | D11: 4.3.3 | E11: CAMILLAS; ANCHO: 55 Cm, LARGO: 180 Cm, ALTO: 70 Cm, ARNESES: SIN VALOR, TIPO: GINECOLOGICA | F11: UNIDAD | G11: 10 | H11: 53000 | I11: =+G11*H11 -> 530000
A12: 3 | B12: 4.3.3-7797.2 | C12: PROD. MEDICO/FARMACEUTICOS/LAB | D12: 4.3.3 | E12: FOTOSFOROS; TIPO: RODANTE, USO: MEDICO | F12: UNIDAD | G12: 30 | H12: 19000 | I12: =+G12*H12 -> 570000
A13: 4 | B13: 4.3.3-1711.9 | C13: EQUIPOS | D13: 4.3.3 | E13: SILLAS DE RUEDAS; ANCHO: 61 Cm, APOYABRAZO: DESMONTABLE, PIERNERA: DESMONTABLE, FRENO: CON, MATERIAL: METALICA CROMADA | F13: UNIDAD | G13: 28 | H13: 43000 | I13: =+G13*H13 -> 1204000
E14: TOTAL RUBRO EQUIPOS | I14: =+SUM(I10:I13) -> 4864000
C17: ESPECIFICADES Y DETALLE TECNICO:
C18: * ADJUNTAR FOLLETERIA, MANUALES Y/O CUALQUIER OTRA DOCUMENTACION QUE EL PROVEEDOR ESTIME NECESARIO PARA ACLARAR EL BIEN COTIZADO
C20: Plazos de entrega: | D20: veinte (20) dias habiles
C22: Lugar de Entrega: | D22: MINISTERIO DE SALUD - CHACABUCO N° 169 - en el horario de 8:00hs a 12:00hs de lunes a viernes
C24: Calidad Minima esperada:
C26: Garantia: | D26: minima de un (1) año
C28: Mantenimiento: | D28: cuarenta y cinco (45) días
C31: ESPECIFICIDADES ITEM 1
C32: Estructura de caño de 25 x 25, esmaltado en Epoxi. Reforzada, 4 patas fijas con refuerzo perimetral, tapizado en cuerina de gran espesor. Que soporte hasta 150 kg.
C34: ESPECIFICIDADES ITEM 2
C35: De tres planos, con estribos cromados y cajon, acolchado en cuero vinilico lavable. Estructura en caño fuerte de 3 cm de diámetro, con tratamiento epoxi, estribos removibles y con cabecera y piernera regulables manualmente. Bandeja debajo del cuerpo central de 20x20cm medidas mínimas. Sin arneses.
C37: ESPECIFICIDADES ITEM 3
C38: Construido de caño de hierro cromado. Sólido y liviano, con secciones y espesores que soporten los esfuerzos a los que habitualmente están sometidos. Cabezal de iluminación pintado con pintura Epoxi. Integrado aproximadamente por 4 Leds de alta intensidad con mínima emisión de calor. Altura y ángulo de iluminación regulables a través de una articulación con freno a perilla. Tecla de encendido y cables normalizados. Base plástica de 5 ramas en estrella de 50 cm. con 5 ruedas giratorias duales. Altura aproximada: 140 mm
C40: ESPECIFICIDADES ITEM 4
C41: Acero cromada, peso 100 kg , pedanas y apoya brazos desmontables. Respaldo/asiento: cuerina gruesa. -Ancho asiento-respaldo abierto: 61 cm; -Ancho cerrado: 28 cm aprox. Ruedas de goma maciza. Cantidad de ruedas: 4.

Sheet NP
A1: NOTA DE PEDIDO | J1: N° | K1: XX/2022
A3: JURISDICCIÓN: | D3: 040 - MINISTERIO DE SALUD
A4: SAF: | D4: 011 - DIRECCION PROVINCIAL DE ADMINISTRACION DEL MINISTERIO DE SALUD
A5: UNIDAD EJECUTORA: | D5: 352 - MINISTERIO DE SALUD
A6: DEPENDENCIA SOLICITANTE: | D6: 352 - MINISTERIO DE SALUD
A7: PERIODO UTILIZACIÓN: | D7: 3er TRIMESTRE 2022
A8: OBJETO: | D8: DESIERTOS Y FRACASADOS DE EQUIPOS SANITARIOS Y DE LABORATORIO CON DESTINO A HOSPITALES DE LA PROVINCIA
A10: Ítem | B10: Codigo Item | C10: DESCRIPCIÓN | H10: Adjunta Detalle Técnico | I10: Unidad Medida | J10: Precio Unitario Estimado | K10: Cantidad Solicitada
A12: 1 | B12: ='SAF 011 - NECESIDAD TRIMESTRAL'!B10 -> 4.3.3-1719.21 | C12: ='SAF 011 - NECESIDAD TRIMESTRAL'!E10 -> CAMILLAS; ANCHO: 50 Cm, LARGO: 200 Cm, ALTO: 75 Cm, ARNESES: SIN, TIPO: EXAMEN | H12: SI | I12: ='SAF 011 - NECESIDAD TRIMESTRAL'!F10 -> UNIDAD | J12: 32000 | K12: 80 | L12: =B12='SAF 011 - NECESIDAD TRIMESTRAL'!B10 -> TRUE | M12: =C12='SAF 011 - NECESIDAD TRIMESTRAL'!E10 -> TRUE | N12: =J12*K12-'SAF 011 - NECESIDAD TRIMESTRAL'!I10 -> 0
A13: 2 | B13: ='SAF 011 - NECESIDAD TRIMESTRAL'!B11 -> 4.3.3-1719.14 | C13: ='SAF 011 - NECESIDAD TRIMESTRAL'!E11 -> CAMILLAS; ANCHO: 55 Cm, LARGO: 180 Cm, ALTO: 70 Cm, ARNESES: SIN VALOR, TIPO: GINECOLOGICA | H13: SI | I13: ='SAF 011 - NECESIDAD TRIMESTRAL'!F11 -> UNIDAD | J13: 53000 | K13: 10 | L13: =B13='SAF 011 - NECESIDAD TRIMESTRAL'!B11 -> TRUE | M13: =C13='SAF 011 - NECESIDAD TRIMESTRAL'!E11 -> TRUE | N13: =J13*K13-'SAF 011 - NECESIDAD TRIMESTRAL'!I11 -> 0
A14: 3 | B14: ='SAF 011 - NECESIDAD TRIMESTRAL'!B12 -> 4.3.3-7797.2 | C14: ='SAF 011 - NECESIDAD TRIMESTRAL'!E12 -> FOTOSFOROS; TIPO: RODANTE, USO: MEDICO | H14: SI | I14: ='SAF 011 - NECESIDAD TRIMESTRAL'!F12 -> UNIDAD | J14: 19000 | K14: 30 | L14: =B14='SAF 011 - NECESIDAD TRIMESTRAL'!B12 -> TRUE | M14: =C14='SAF 011 - NECESIDAD TRIMESTRAL'!E12 -> TRUE | N14: =J14*K14-'SAF 011 - NECESIDAD TRIMESTRAL'!I12 -> 0
A15: 4 | B15: ='SAF 011 - NECESIDAD TRIMESTRAL'!B13 -> 4.3.3-1711.9 | C15: ='SAF 011 - NECESIDAD TRIMESTRAL'!E13 -> SILLAS DE RUEDAS; ANCHO: 61 Cm, APOYABRAZO: DESMONTABLE, PIERNERA: DESMONTABLE, FRENO: CON, MATERIAL: METALICA CROMADA | H15: SI | I15: ='SAF 011 - NECESIDAD TRIMESTRAL'!F13 -> UNIDAD | J15: 43000 | K15: 28 | L15: =B15='SAF 011 - NECESIDAD TRIMESTRAL'!B13 -> TRUE | M15: =C15='SAF 011 - NECESIDAD TRIMESTRAL'!E13 -> TRUE | N15: =J15*K15-'SAF 011 - NECESIDAD TRIMESTRAL'!I13 -> 0
A17: Costo total estimado: PESOS CUATRO MILLONES OCHOCIENTOS SESENTA Y CUATRO MIL CON 00/100.- | J17: =SUMPRODUCT(J12:J15,K12:K15) -> 4864000

Sheet APG
A1: EJERCICIO: | D1: 2022 | P1: AUTORIZACION PARA GASTAR
A4: JURISDICCIÓN: | G4: =NP!D3 -> 040 - MINISTERIO DE SALUD
A5: SAF: | G5: =NP!D4 -> 011 - DIRECCION PROVINCIAL DE ADMINISTRACION DEL MINISTERIO DE SALUD
A6: UNIDAD EJECUTORA: | G6: =NP!D5 -> 352 - MINISTERIO DE SALUD
A7: DEPENDENCIA SOLICITANTE: | G7: =NP!D6 -> 352 - MINISTERIO DE SALUD
A8: AUTORIZACIÓN:
A9: Señor Director de Administración o Titular del Servicio Administrativo Financiero:
A10: Autorizo la realización de los trámites correspondientes, a fin de proveer a este Organismo los bienes, servicios o ejecución de obras públicas que se detallan en Nota de Pedido N° XX/2022 , afectando la erogación resultante a los créditos presupuestarios aprobados a favor de esta Unidad Ejecutora, conforme al siguiente detalle:
A12: IMPUTACIÓN PRESUPUESTARIA
A13: CÓDIGO | O13: DENOMINACIÓN DE LA PARTIDA PRESUPUESTARIA | Q13: IMPORTE
A14: PR | B14: SB | C14: PY | D14: AC | E14: OB | F14: UG | G14: FIN | H14: FUN | I14: I | J14: P | K14: P | L14: SubP | M14: M | N14: FF
A15: 1 | D15: 1 | F15: 4901 | G15: 3 | H15: 1 | I15: 4 | J15: 3 | K15: 3 | M15: 1 | N15: 1.1 | O15: EQUIPOS SANITARIOS Y DE LABORATORIO | Q15: 4864000
A38: TOTAL DE PESOS: CUATRO MILLONES OCHOCIENTOS SESENTA Y CUATRO MIL CON 00/100.- | Q38: =SUM(Q15:Q37) -> 4864000
A40: JUSTIFICACIÓN:
A41: =NP!D8 -> DESIERTOS Y FRACASADOS DE EQUIPOS SANITARIOS Y DE LABORATORIO CON DESTINO A HOSPITALES DE LA PROVINCIA
