Workbook

Sheet SAF 011
A1: 2022
B2: Pedido de Necesidades Trimestrales
A4: JURISDICCION: | C4: 040 - MINISTERIO DE SALUD
A5: SAF N°: | C5: 011 - DIRECCION PROVINCIAL DE ADMINISTRACION - MINISTERIO DE SALUD
A6: EJERCICIO: | C6: 2022
A7: TRIMESTRE: | C7: PRIMERO
A9: ID | B9: CODIGO ITEM | C9: RUBRO DE COMPRA | D9: I.P.P. | E9: DESCRIPCION | F9: UNIDAD DE MEDIDA | G9: CANTIDAD TOTAL | H9: PRECIO UNITARIO ESTIMADO | I9: IMPORTE TOTAL ESTIMADO | J9: ESPECIFICACION TECNICA
A10: 1 | C10: PROD. MEDICO/FARMACEUTICOS/LAB | D10: 2.5.2 | E10: AMIKACINA 500 MG AMPOLLA | F10: AMPOLLA | G10: 2000 | H10: 93.17 | I10: =+G10*H10 -> 186340
A11: 2 | C11: PROD. MEDICO/FARMACEUTICOS/LAB | D11: 2.5.2 | E11: AMOXICILINA 400 MG + ACIDO CLAVULANICO 57 MG SUSPENSIÓN x 70 ML | F11: FRASCO | G11: 5000 | H11: 340 | I11: =+G11*H11 -> 1700000
A12: 3 | C12: PROD. MEDICO/FARMACEUTICOS/LAB | D12: 2.5.2 | E12: AMOXICILINA + CLAVULANICO 1 G COMPRIMIDO | F12: COMPRIMIDO | G12: 100000 | H12: 28 | I12: =+G12*H12 -> 2800000
A13: 4 | C13: PROD. MEDICO/FARMACEUTICOS/LAB | D13: 2.5.2 | E13: AMOXICILINA 500 MG SUSPENSIÓN X 90 ML | F13: FRASCO | G13: 3100 | H13: 210 | I13: =+G13*H13 -> 651000
A14: 5 | C14: PROD. MEDICO/FARMACEUTICOS/LAB | D14: 2.5.2 | E14: AMPICILINA 1G FCO AMPOLLA | F14: AMPOLLA | G14: 4000 | H14: 130 | I14: =+G14*H14 -> 520000
A15: 6 | C15: PROD. MEDICO/FARMACEUTICOS/LAB | D15: 2.5.2 | E15: AZITROMICINA 200 MG / 5 ML SUSPENSIÓN x 15 ML | F15: FRASCO | G15: 1000 | H15: 213 | I15: =+G15*H15 -> 213000
A16: 7 | C16: PROD. MEDICO/FARMACEUTICOS/LAB | D16: 2.5.2 | E16: AZITROMICINA 500 MG COMPRIMIDOS | F16: COMPRIMIDO | G16: 15000 | H16: 31.25 | I16: =+G16*H16 -> 468750
A17: 8 | C17: PROD. MEDICO/FARMACEUTICOS/LAB | D17: 2.5.2 | E17: BUPIVACAINA 5 MG / ML HIBERBARICA AMPOLLA DE 4 ML CON AGUJA 27 G X 3 1/2 CON INTRODUCTOR | F17: AMPOLLA | G17: 200 | H17: 1120 | I17: =+G17*H17 -> 224000
A18: 9 | C18: PROD. MEDICO/FARMACEUTICOS/LAB | D18: 2.5.2 | E18: CEFALOTINA 1 GR. AMP. | F18: AMPOLLA | G18: 3000 | H18: 145 | I18: =+G18*H18 -> 435000
A19: 10 | C19: PROD. MEDICO/FARMACEUTICOS/LAB | D19: 2.5.2 | E19: CIPROFLOXACINA 200 MG AMPOLLA | F19: AMPOLLA | G19: 4000 | H19: 115 | I19: =+G19*H19 -> 460000
A20: 11 | C20: PROD. MEDICO/FARMACEUTICOS/LAB | D20: 2.5.2 | E20: CIPROFLOXACINA 500 MG COMP | F20: COMPRIMIDO | G20: 50000 | H20: 11 | I20: =+G20*H20 -> 550000
A21: 12 | C21: PROD. MEDICO/FARMACEUTICOS/LAB | D21: 2.5.2 | E21: CLARITROMICINA 500 MG COMPRIMIDO | F21: COMPRIMIDO | G21: 15000 | H21: 42 | I21: =+G21*H21 -> 630000
... A44: 35 | C44: PROD. MEDICO/FARMACEUTICOS/LAB | D44: 2.5.2 | E44: VECURONIO BROMURO 10 MG AMPOLLA | F44: AMPOLLA | G44: 300 | H44: 988 | I44: =+G44*H44 -> 296400
E45: TOTAL RUBRO TERAPIA ANTIINFECCIOSA SISTEMICA/SUEROS INMUNES E INMUNOGLOBULINAS Y MEDIOS DE CONTRASTES /ANALGESICOS ANTINFLAMATORIOS /MIORRELAJANTES/ANESTESICOS/ANALGESICOS OPIACIOS | I45: =+SUM(I10:I44) -> 23083790
C47: DETALLE TECNICO Y ESPECIFICACIONES | D47: ANEXO 1-Para oferentes de la Provincia de Catamarca deberán presentar Habilitación Provincial para comercializar el producto que cotizan. 2-Para el resto de oferentes deberán presentar Certificado de Inscripción de ANMAT vigente al momento de la oferta, el mismo deberá ser correspondiente al objeto de la contratación y de encontrarse vencido adjuntar la solicitud de renovación. 3-No se aceptarán ofertas de productos no registrados y autorizada su venta por ANMAT. Se deberá especificar en cada ítem de la propuesta, marca y número de certificado otorgado por dicho ente regulador. 4-Los productos deberán tener un vencimiento posterior a doce (12) meses a partir de la fecha de su recepción.
C49: Plazos de entrega | D49: veinte (20) dias habiles
C51: Lugar de Entrega: | D51: DIR. PROV. DE FARMACIA E INSUMOS - CHACABUCO N° 169 - en el horario de 8:00hs a 12:00hs de lunes a viernes
C53: Calidad Minima esperada
C55: Mantenimiento | D55: cuarenta y cinco (45) días

Sheet NP
A1: NOTA DE PEDIDO | J1: N° | K1: 05/2022
A3: JURISDICCIÓN: | D3: ='SAF 011'!C4 -> 040 - MINISTERIO DE SALUD
A4: SAF: | D4: ='SAF 011'!C5 -> 011 - DIRECCION PROVINCIAL DE ADMINISTRACION - MINISTERIO DE SALUD
A5: UNIDAD EJECUTORA: | D5: DIRECCION PROVINCIAL DE FARMACIA E INSUMOS
A6: DEPENDENCIA SOLICITANTE: | D6: DIRECCION PROVINCIAL DE FARMACIA E INSUMOS
A7: PERIODO UTILIZACIÓN: | D7: 1° TRIMESTRE 2022
A8: OBJETO: | D8: ADQUISICION DEL RUBRO TERAPIA ANTIINFECCIOSA SISTEMICA/SUEROS INMUNES E INMUNOGLOBULINAS Y MEDIOS DE CONTRASTES /ANALGESICOS ANTINFLAMATORIOS /MIORRELAJANTES/ANESTESICOS/ANALGESICOS OPIACIOS
A10: Ítem | B10: Codigo Item | C10: DESCRIPCIÓN | H10: Adjunta Detalle Técnico | I10: Unidad Medida | J10: Precio Unitario Estimado | K10: Cantidad Solicitada
A12: 1 | C12: ='SAF 011'!E10 -> AMIKACINA 500 MG AMPOLLA | H12: SI | I12: ='SAF 011'!F10 -> AMPOLLA | J12: 93.17 | K12: 2000 | M12: =+J12*K12 -> 186340
A13: 2 | C13: ='SAF 011'!E11 -> AMOXICILINA 400 MG + ACIDO CLAVULANICO 57 MG SUSPENSIÓN x 70 ML | H13: SI | I13: ='SAF 011'!F11 -> FRASCO | J13: 340 | K13: 5000 | M13: =+J13*K13 -> 1700000
A14: 3 | C14: ='SAF 011'!E12 -> AMOXICILINA + CLAVULANICO 1 G COMPRIMIDO | H14: SI | I14: ='SAF 011'!F12 -> COMPRIMIDO | J14: 28 | K14: 100000 | M14: =+J14*K14 -> 2800000
A15: 4 | C15: ='SAF 011'!E13 -> AMOXICILINA 500 MG SUSPENSIÓN X 90 ML | H15: SI | I15: ='SAF 011'!F13 -> FRASCO | J15: 210 | K15: 3100 | M15: =+J15*K15 -> 651000
A16: 5 | C16: ='SAF 011'!E14 -> AMPICILINA 1G FCO AMPOLLA | H16: SI | I16: ='SAF 011'!F14 -> AMPOLLA | J16: 130 | K16: 4000 | M16: =+J16*K16 -> 520000
A17: 6 | C17: ='SAF 011'!E15 -> AZITROMICINA 200 MG / 5 ML SUSPENSIÓN x 15 ML | H17: SI | I17: ='SAF 011'!F15 -> FRASCO | J17: 213 | K17: 1000 | M17: =+J17*K17 -> 213000
A18: 7 | C18: ='SAF 011'!E16 -> AZITROMICINA 500 MG COMPRIMIDOS | H18: SI | I18: ='SAF 011'!F16 -> COMPRIMIDO | J18: 31.25 | K18: 15000 | M18: =+J18*K18 -> 468750
A19: 8 | C19: ='SAF 011'!E17 -> BUPIVACAINA 5 MG / ML HIBERBARICA AMPOLLA DE 4 ML CON AGUJA 27 G X 3 1/2 CON INTRODUCTOR | H19: SI | I19: ='SAF 011'!F17 -> AMPOLLA | J19: 1120 | K19: 200 | M19: =+J19*K19 -> 224000
A20: 9 | C20: ='SAF 011'!E18 -> CEFALOTINA 1 GR. AMP. | H20: SI | I20: ='SAF 011'!F18 -> AMPOLLA | J20: 145 | K20: 3000 | M20: =+J20*K20 -> 435000
A21: 10 | C21: ='SAF 011'!E19 -> CIPROFLOXACINA 200 MG AMPOLLA | H21: SI | I21: ='SAF 011'!F19 -> AMPOLLA | J21: 115 | K21: 4000 | M21: =+J21*K21 -> 460000
A22: 11 | C22: ='SAF 011'!E20 -> CIPROFLOXACINA 500 MG COMP | H22: SI | I22: ='SAF 011'!F20 -> COMPRIMIDO | J22: 11 | K22: 50000 | M22: =+J22*K22 -> 550000
A23: 12 | C23: ='SAF 011'!E21 -> CLARITROMICINA 500 MG COMPRIMIDO | H23: SI | I23: ='SAF 011'!F21 -> COMPRIMIDO | J23: 42 | K23: 15000 | M23: =+J23*K23 -> 630000
... A46: 35 | C46: ='SAF 011'!E44 -> VECURONIO BROMURO 10 MG AMPOLLA | H46: SI | I46: ='SAF 011'!F44 -> AMPOLLA | J46: 988 | K46: 300 | M46: =+J46*K46 -> 296400
A48: Costo total estimado: VEINTITRES MILLONES OCHENTA Y TRES MIL SETECIENTOS NOVENTA CON 00/100.- | J48: =+M48 -> 23083790 | M48: =SUM(M12:M47) -> 23083790

Sheet APG
A1: EJERCICIO: | D1: 2022 | P1: AUTORIZACION PARA GASTAR
A4: JURISDICCIÓN: | G4: =NP!D3 -> 040 - MINISTERIO DE SALUD
A5: SAF: | G5: =NP!D4 -> 011 - DIRECCION PROVINCIAL DE ADMINISTRACION - MINISTERIO DE SALUD
A6: UNIDAD EJECUTORA: | G6: =NP!D5 -> DIRECCION PROVINCIAL DE FARMACIA E INSUMOS
A7: DEPENDENCIA SOLICITANTE: | G7: =NP!D6 -> DIRECCION PROVINCIAL DE FARMACIA E INSUMOS
A8: AUTORIZACIÓN:
A9: Señor Director de Administración o Titular del Servicio Administrativo Financiero:
A10: Autorizo la realización de los trámites correspondientes, a fin de proveer a este Organismo los bienes que se detallan en Nota de Pedido N° 05/2022 afectando la erogación resultante a los créditos presupuestarios aprobados a favor de esta Unidad Ejecutora, conforme al siguiente detalle:
A12: IMPUTACIÓN PRESUPUESTARIA
A13: CÓDIGO | O13: DENOMINACIÓN DE LA PARTIDA PRESUPUESTARIA | Q13: IMPORTE
A14: PR | B14: SB | C14: PY | D14: AC | E14: OB | F14: UG | G14: FIN | H14: FUN | I14: I | J14: P | K14: P | L14: SubP | M14: M | N14: FF
A15: 30 | D15: 1 | F15: 4901 | G15: 3 | H15: 1 | I15: 2 | J15: 5 | K15: 2 | M15: 1 | N15: 1.1 | O15: PRODUCTOS FARMACEUTICOS Y MEDICINALES | Q15: =NP!M48 -> 23083790
A38: TOTAL DE PESOS: VEINTITRES MILLONES OCHENTA Y TRES MIL SETECIENTOS NOVENTA CON 00/100.- | Q38: =SUM(Q15:Q37) -> 23083790
A40: JUSTIFICACIÓN:
A41: =NP!D8 -> ADQUISICION DEL RUBRO TERAPIA ANTIINFECCIOSA SISTEMICA/SUEROS INMUNES E INMUNOGLOBULINAS Y MEDIOS DE CONTRASTES /ANALGESICOS ANTINFLAMATORIOS /MIORRELAJANTES/ANESTESICOS/ANALGESICOS OPIACIOS
