Workbook

Sheet  NotaPedido
A1: NOTA DE PEDIDO | J1: N° | K1: 32/2020
A3: JURISDICCIÓN: | D3: =#REF! -> #REF!
A4: SAF: | D4: =#REF! -> #REF!
A5: UNIDAD EJECUTORA: | D5: Jefatura de Policía de la Provincia de Catamarca
A6: DEPENDENCIA SOLICITANTE: | D6: División Transporte- Dpto. Logistica (D-4)
A7: PERIODO UTILIZACIÓN: | D7: =#REF! & "° Trimestre - Año " &#REF! -> #REF!
A8: OBJETO: | D8: Adquisición de CUBIERTAS destinadas a las Unidades Moviles de la Policia de Catamarca.-
A10: Ítem | B10: Codigo Item | C10: DESCRIPCIÓN | H10: Adjunta Detalle Técnico | I10: Unidad Medida | J10: Precio Unitario Estimado | K10: Cantidad Solicitada
A12: 1 | B12: =#REF! -> #REF! | C12: =#REF! -> #REF! | H12: SI | I12: UNIDAD | J12: =#REF! -> #REF! | K12: =#REF! -> #REF!
A13: 2 | B13: =#REF! -> #REF! | C13: =#REF! -> #REF! | H13: SI | I13: UNIDAD | J13: =#REF! -> #REF! | K13: =#REF! -> #REF!
A14: 3 | B14: =#REF! -> #REF! | C14: =#REF! -> #REF! | H14: SI | I14: UNIDAD | J14: =#REF! -> #REF! | K14: =#REF! -> #REF!
A15: 4 | B15: =#REF! -> #REF! | C15: =#REF! -> #REF! | H15: SI | I15: UNIDAD | J15: =#REF! -> #REF! | K15: =#REF! -> #REF!
A16: 5 | B16: =#REF! -> #REF! | C16: =#REF! -> #REF! | H16: SI | I16: UNIDAD | J16: =#REF! -> #REF! | K16: =#REF! -> #REF!
A17: 6 | B17: =#REF! -> #REF! | C17: =#REF! -> #REF! | H17: SI | I17: UNIDAD | J17: =#REF! -> #REF! | K17: =#REF! -> #REF!
A18: 7 | B18: =#REF! -> #REF! | C18: =#REF! -> #REF! | H18: SI | I18: UNIDAD | J18: =#REF! -> #REF! | K18: =#REF! -> #REF!
A19: 8 | B19: =#REF! -> #REF! | C19: =#REF! -> #REF! | H19: SI | I19: UNIDAD | J19: =#REF! -> #REF! | K19: =#REF! -> #REF!
A20: 9 | B20: =#REF! -> #REF! | C20: =#REF! -> #REF! | H20: SI | I20: UNIDAD | J20: =#REF! -> #REF! | K20: =#REF! -> #REF!
A21: 10 | B21: =#REF! -> #REF! | C21: =#REF! -> #REF! | H21: SI | I21: UNIDAD | J21: =#REF! -> #REF! | K21: =#REF! -> #REF!
A22: 11 | B22: =#REF! -> #REF! | C22: =#REF! -> #REF! | H22: SI | I22: UNIDAD | J22: =#REF! -> #REF! | K22: =#REF! -> #REF!
A23: 12 | B23: =#REF! -> #REF! | C23: =#REF! -> #REF! | H23: SI | I23: UNIDAD | J23: =#REF! -> #REF! | K23: =#REF! -> #REF!
... A29: 18 | B29: =#REF! -> #REF! | C29: =#REF! -> #REF! | H29: SI | I29: UNIDAD | J29: =#REF! -> #REF! | K29: =#REF! -> #REF!
A30: Costo total estimado: Pesos . | D30: Trece Millones Quinientos Cuatro Mil Doscientos Cuatro con 00/100. | J30: =SUMPRODUCT(J12:J29,K12:K29) -> #REF!

Sheet Autor Gastar
A1: EJERCICIO: | D1: ='[1]Necesidades Trimestrales'!C6 -> 2021 | P1: AUTORIZACION PARA GASTAR
A4: JURISDICCIÓN: | G4: =' NotaPedido'!D3 -> #REF!
A5: SAF: | G5: =' NotaPedido'!D4 -> #REF!
A6: UNIDAD EJECUTORA: | G6: =' NotaPedido'!D5 -> Jefatura de Policía de la Provincia de Catamarca
A7: DEPENDENCIA SOLICITANTE: | G7: =' NotaPedido'!D6 -> División Transporte- Dpto. Logistica (D-4)
A8: AUTORIZACIÓN:
A9: Señor Jefe de Servicio Administrativo Financiero:
A10: ="Autorizo la realización de los trámites correspondientes, a fin de proveer a este Organismo los bienes y/o servicios que se detallan en Nota de Pedido N° " & ' NotaPedido'!K1&", afectando la erogación resultante a los créditos presupuestarios aprobados a favor de esta Unidad Ejecutora, conforme al siguiente detalle:" -> Autorizo la realización de los trámites correspondientes, a fin de proveer a este Organismo los bienes y/o servicios que se detallan en Nota de Pedido N° 32/2020, afectando la erogación resultante a los créditos presupuestarios aprobados a favor de esta Unidad Ejecutora, conforme al siguiente detalle:
A12: IMPUTACIÓN PRESUPUESTARIA
A13: CÓDIGO | O13: DENOMINACIÓN DE LA PARTIDA PRESUPUESTARIA | Q13: IMPORTE
A14: PR | B14: SB | C14: PY | D14: AC | E14: OB | F14: UG | G14: FIN | H14: FUN | I14: I | J14: P | K14: P | L14: SubP | M14: M | N14: FF
A15: 16 | B15: 0 | C15: 0 | D15: 1 | E15: 0 | F15: 10 | G15: 2 | H15: 1 | I15: 2 | J15: 4 | K15: 4 | L15: 0 | M15: 1 | N15: 1.1 | O15: CUBIERTAS Y CAMARAS DE AIRE | Q15: =#REF! -> #REF!
A16: TOTAL DE PESOS | Q16: =+Q15 -> #REF!
E17: =' NotaPedido'!D30 -> Trece Millones Quinientos Cuatro Mil Doscientos Cuatro con 00/100.
A18: JUSTIFICACIÓN:
A19: =' NotaPedido'!D8 -> Adquisición de CUBIERTAS destinadas a las Unidades Moviles de la Policia de Catamarca.-

Sheet Necesidades Trimestrales Ind.
B1: Pedido de Necesidades Trimestrales
A3: JURISDICCION: | C3: 65- MINISTERIO DE AGUA, ENERGÍA Y MEDIO AMBIENTE
A4: SAF N°: | C4: 31- SECRETARÍA DE ADMINISTRACIÓN
A5: EJERCICIO: | C5: 2022
A6: TRIMESTRE: | C6: 4
A8: ID | B8: CODIGO ITEM | C8: RUBRO DE COMPRA | D8: I.P.P. | E8: DESCRIPCION | F8: UNIDAD DE MEDIDA | G8: CANTIDAD | H8: PRECIO UNITARIO ESTIMADO | I8: IMPORTE TOTAL ESTIMADO
A9: 1 | B9: 2.2.2-6738.186 | C9: INDUMENTARIA TEXTIL Y CONFECCIONES | D9: 2.2.2 | E9: PANTALONES; TIPO:CARGO, TELA: GRAFA, SEXO: MASCULINO, CRITERIO SOCIAL: SIN, CRITERIO DE SEGURIDAD: SELLO DE SEGURIDAD. | F9: UNIDAD | G9: 2376 | H9: 7500 | I9: =G9*H9 -> 17820000
A10: 2 | B10: 2.2.2-6731.27 | C10: INDUMENTARIA TEXTIL Y CONFECCIONES | D10: 2.2.2 | E10: CAMISAS; TIPO DE TRABAJO, TELA: GRAFA, MANGA: LARGA, COSTURA: REFORZADA, BOLSILLO: 2 | F10: UNIDAD | G10: 2376 | H10: 7500 | I10: =G10*H10 -> 17820000
A11: 3 | B11: 2.2.2-838.483 | C11: INDUMENTARIA TEXTIL Y CONFECCIONES | D11: 2.2.2 | E11: GUARDAPOLVOS; USO: LABORATORIO; MODELO: CLÁSICO; ABOTONADO: CON, TELA: ALGODÓN Y POLIESTER. | F11: UNIDAD | G11: 10 | H11: 15000 | I11: =G11*H11 -> 150000
A12: 4 | B12: 2.2.2-6728.11 | C12: INDUMENTARIA TEXTIL Y CONFECCIONES | D12: 2.2.2 | E12: CALZADO DE SEGURIDAD; SUELA: GOMA; MATERIAL: CUERO; TIPO: BOTÍN MODELO FRANCÉS; PUNTERA: CON. | F12: PAR | G12: 2376 | H12: 18000 | I12: =G12*H12 -> 42768000
E13: COSTO TOTAL ESTIMADO: SETENTA Y OCHO MILLONES QUINIENTOS CINCUENTA Y OCHO MIL CON 00/100 | I13: =SUM(I9:I12) -> 78558000
B15: Especificidades para todos los ITEMS
B16: Descripción técnica:
B17: Según Anexo de especificaciones técnicas y talles
B19: Plazos y lugares de entrega
C20: a) LUGAR DE ENTREGA: Dirección de Recursos Humanos y Control de Gestión del Ministerio de Agua, Energía y Medio Ambiente- Av. Belgrano S/N°- Pabellón N° 2- CAPE-
C21: b) FORMA DE LA ENTREGA: Libre de flete, acarreo y embalaje, como así también, de todo riesgo de pérdida o destrucción total o parcial, por causas ajenas a la Institución.
C22: c) PLAZO DE ENTREGA: dentro de los 45 días hábiles de notificada la Orden de Compra.
B23: Calidad Minima esperada
C24: PRIMERA CALIDAD - SE REQUIERE MUESTRA
B25: Mantenimiento
C26: 45 (cuarenta y cinco) días habiles.-
B27: Garantia
C28: de corresponder se debera especificar
