Workbook

Sheet Necesidades Trimestrales
B2: Pedido de Necesidades Trimestrales
A4: JURISDICCION: | C4: 45- Ministerio de Desarrollo Social
A5: SAF N°: | C5: 25- Direccion Provincial de Gestion Administrativa y RRHH
A6: EJERCICIO: | C6: 2022
A7: TRIMESTRE: | C7: 1
A9: ID | B9: CODIGO ITEM | C9: RUBRO DE COMPRA | D9: I.P.P. | E9: DESCRIPCION | F9: UNIDAD DE MEDIDA | G9: CANTIDAD | H9: PRECIO UNITARIO ESTIMADO | I9: IMPORTE TOTAL ESTIMADO
A10: 1 | B10: 2.5.8-1922.26 | C10: FERRETERIA | D10: 2.5.8 | E10: NAILON; ANCHO: 4,5 M, ESPESOR: 200 Mn | F10: UNIDADES | G10: 400 | H10: 20000 | I10: =+H10*G10 -> 8000000
A11: 2 | B11: 2.7.2-2722.5 | C11: MATERIALES DE CONSTRUCCION | D11: 2.7.2 | E11: CHAPAS DE ZINC; ANCHO: 1,10 M, LARGO: 3,05 M, ESPESOR: CALIBRE BWG 24 | F11: UNIDADES | G11: 150 | H11: 7500 | I11: =+H11*G11 -> 1125000
B14: Especificidades Item N° 1.
B16: Descripción técnica | C16: Rollo de nailon, por 4,5 metros de ancho, 50 metros de largo y 200 micrones de espesor.
B18: Plazos y lugares de entrega
C19: Plazo de Entrega: Dentro de los 05 (cinco) dias habiles de Notificada la Orden de Compra.
C20: Lugar y Forma de Entrega: La entrega de los bienes se deberá realizar en el Depósito perteneciente al Ministerio de Desarrollo Social, sitio Área Industrial "El Pantanillo" de la Ciudad de San Fernando del Valle de Catamarca.
B22: Calidad Minima esperada
C23: Alta
B24: Mantenimiento
C25: Plazo de Mantinimiento 60 dias
B26: Garantia
C27: S/E
B30: Especificidades Item N° 2.
B32: Descripción técnica
B34: Plazos y lugares de entrega
C35: Plazo de Entrega: Dentro de los 05 (cinco) dias habiles de Notificada la Orden de Compra.
C36: Lugar y Forma de Entrega: La entrega de los bienes se deberá realizar en el Depósito perteneciente al Ministerio de Desarrollo Social, sitio Área Industrial "El Pantanillo" de la Ciudad de San Fernando del Valle de Catamarca.
B38: Calidad Minima esperada
C39: Alta
B40: Mantenimiento
C41: Plazo de Mantinimiento 60 dias
B42: Garantia
C43: S/E

Sheet  NotaPedido
A1: NOTA DE PEDIDO | J1: N° | K1: 027/2022
A3: JURISDICCIÓN: | D3: ='Necesidades Trimestrales'!C4 -> 45- Ministerio de Desarrollo Social
A4: SAF: | D4: ='Necesidades Trimestrales'!C5 -> 25- Direccion Provincial de Gestion Administrativa y RRHH
A5: UNIDAD EJECUTORA: | D5: 16- Direccion Provincial de Accion Social Directa-
A6: DEPENDENCIA SOLICITANTE: | D6: 02- Programa Vivir Mejor- PRO.VI.ME
A7: PERIODO UTILIZACIÓN: | D7: ='Necesidades Trimestrales'!C7 & "° Trimestre - Año " & 'Necesidades Trimestrales'!C6 -> 1° Trimestre - Año 2022
A8: OBJETO: | D8: Adquisición Naylon y chapas para Asistir a Personas de Escasos Recursos
A10: Ítem | B10: Codigo Item | C10: DESCRIPCIÓN | H10: Adjunta Detalle Técnico | I10: Unidad Medida | J10: Precio Unitario Estimado | K10: Cantidad Solicitada
A12: 1 | B12: ='Necesidades Trimestrales'!B10 -> 2.5.8-1922.26 | C12: ='Necesidades Trimestrales'!E10 -> NAILON; ANCHO: 4,5 M, ESPESOR: 200 Mn | H12: SI | I12: ='Necesidades Trimestrales'!F10 -> UNIDADES | J12: ='Necesidades Trimestrales'!H10 -> 20000 | K12: ='Necesidades Trimestrales'!G10 -> 400
A13: 2 | B13: ='Necesidades Trimestrales'!B11 -> 2.7.2-2722.5 | C13: ='Necesidades Trimestrales'!E11 -> CHAPAS DE ZINC; ANCHO: 1,10 M, LARGO: 3,05 M, ESPESOR: CALIBRE BWG 24 | H13: NO | I13: ='Necesidades Trimestrales'!F11 -> UNIDADES | J13: ='Necesidades Trimestrales'!H11 -> 7500 | K13: ='Necesidades Trimestrales'!G11 -> 150
A14: Costo total estimado: NUEVE MILLONES CIENTO VEINTICINCO MIL CON 00/100.- | J14: =+J12*K12+J13*K13 -> 9125000

Sheet Autor Gastar
A1: EJERCICIO: | D1: ='Necesidades Trimestrales'!C6 -> 2022 | P1: AUTORIZACION PARA GASTAR
A4: JURISDICCIÓN: | G4: =' NotaPedido'!D3 -> 45- Ministerio de Desarrollo Social
A5: SAF: | G5: =' NotaPedido'!D4 -> 25- Direccion Provincial de Gestion Administrativa y RRHH
A6: UNIDAD EJECUTORA: | G6: 16- Direccion Provincial de Accion Social Directa
A7: DEPENDENCIA SOLICITANTE: | G7: 02- Programa Vivir Mejor- PRO.VI.ME
A8: AUTORIZACIÓN:
A9: Señor Jefe de Servicio Administrativo Financiero:
A10: ="Autorizo la realización de los trámites correspondientes, a fin de proveer a este Organismo los bienes y/o servicios que se detallan en Nota de Pedido N° " & ' NotaPedido'!K1&", afectando la erogación resultante a los créditos presupuestarios aprobados a favor de esta Unidad Ejecutora, conforme al siguiente detalle:" -> Autorizo la realización de los trámites correspondientes, a fin de proveer a este Organismo los bienes y/o servicios que se detallan en Nota de Pedido N° 027/2022, afectando la erogación resultante a los créditos presupuestarios aprobados a favor de esta Unidad Ejecutora, conforme al siguiente detalle:
A12: IMPUTACIÓN PRESUPUESTARIA
A13: CÓDIGO | O13: DENOMINACIÓN DE LA PARTIDA PRESUPUESTARIA | Q13: IMPORTE
A14: PR | B14: SB | C14: PY | D14: AC | E14: OB | F14: UG | G14: FIN | H14: FUN | I14: I | J14: P | K14: P | L14: SubP | M14: M | N14: FF
A15: 16 | D15: 2 | F15: 4901 | G15: 3 | H15: 2 | I15: 2 | J15: 5 | K15: 8 | M15: 1 | N15: 1.1 | O15: Productos de Material Plastico | Q15: =+'Necesidades Trimestrales'!I10 -> 8000000
A16: 16 | D16: 2 | F16: 4901 | G16: 3 | H16: 2 | I16: 2 | J16: 7 | K16: 2 | M16: 1 | N16: 1.1 | O16: Estructuras Metalicas Acabadas | Q16: =+'Necesidades Trimestrales'!I11 -> 1125000
A21: TOTAL DE PESOS: NUEVE MILLONES CIENTO VEINTICINCO MIL CON 00/100.- | Q21: =SUM(Q15:Q20) -> 9125000
A23: JUSTIFICACIÓN:
A24: Adquisición de Naylon y chapas para Asistir a Personas de Escasos Recursos
