Workbook

Sheet Necesidades Trimestrales
B2: Pedido de Necesidades Trimestrales
A4: JURISDICCION: | C4: 085 -Ministerio de Mineria
A5: SAF N°: | C5: 30 - Dirección Provincial de Administración y Recursos Humanos
A6: EJERCICIO: | C6: 2021
A7: TRIMESTRE: | C7: 2
A9: ID | B9: CODIGO ITEM | C9: RUBRO DE COMPRA | D9: I.P.P. | E9: DESCRIPCION | F9: UNIDAD DE MEDIDA | G9: CANTIDAD | H9: PRECIO UNITARIO ESTIMADO | I9: IMPORTE TOTAL ESTIMADO
A10: 1 | B10: 2.4.4-6818.811 | C10: REPUESTOS | D10: 2.4.4 | E10: NEUMATICOS; VEHICULO: CAMIONETA, CONSTRUCCION: RADIAL, ARMADO: S/CAMARA, MEDIDA: 265/70R16 | F10: UNIDAD | G10: 8 | H10: 59860 | I10: =G10*H10 -> 478880
A11: 2 | B11: 2.4.4-6818.988 | C11: REPUESTOS | D11: 2.4.4 | E11: NEUMATICOS; VEHICULO: CAMIONETA, CONSTRUCCION: RADIAL, ARMADO: S/CAMARA, MEDIDA: 265/65 R17 | F11: UNIDAD | G11: 12 | H11: 49900 | I11: =G11*H11 -> 598800
A12: COSTO TOTAL ESTIMADO: SON PESOS UN MILLON SETENTA Y SIETE MIL SEISCIENTOS OCHENTA CON 00/100 | I12: =I11+I10 -> 1077680
B14: Item N° : 01
C15: Neumático 265/70-16, todo terreno, con goma resistente a cortes y agresiones, que sea concentrada en el flanco del neumático y con un diseño exclusivo para eliminar e expulsar objetos, hasta 4,5mm de espesor de flanco, goma especial para uso off road. Hombro con tacos de goma diferentes y alternados, barras expulsoras de barro y tacos en el lateral de del neumático que garantice tracción sobre barro y suelos inconsistentes.
B16: Item N° : 02
C17: Neumático 265/70-17, todo terreno, con goma resistente a cortes y agresiones, que sea concentrada en el flanco del neumático y con un diseño exclusivo para eliminar e expulsar objetos, hasta 4,5mm de espesor de flanco, goma especial para uso off road. Hombro con tacos de goma diferentes y alternados, barras expulsoras de barro y tacos en el lateral de del neumático que garantice tracción sobre barro y suelos
B18: Plazos y lugares de entrega
C19: a) FORMA DE LA ENTREGA ENTREGA se debera entregar los bienes solicitados en forma total, en el Ministerio de Mineria, Sarmiento 981 - Capital - De 08 a 12 horas. b) PLAZO DE ENTREGA: El Oferente deberá establecer plazo de entrega de los elementos cotizados, debiendo ser expresado en días hábiles; que no podrá ser superior a (quince) 15 días hábiles contados a partir de la recepción de la comunicación prevista en el Artículo 80° de del Reglamento Parcial N° 2 de la ley 4938.
B20: Calidad Minima esperada
C21: Que Cumpla con lo Solicitado de Forma Integra.
B22: Mantenimiento
C23: 30 (treinta) días
B24: Garantia
C25: Escrita de fábrica por el termino de Dos (2) Años

Sheet  NotaPedido
A1: NOTA DE PEDIDO | J1: N° | K1: 004/2021
A3: JURISDICCIÓN: | D3: ='Necesidades Trimestrales'!C4 -> 085 -Ministerio de Mineria
A4: SAF: | D4: ='Necesidades Trimestrales'!C5 -> 30 - Dirección Provincial de Administración y Recursos Humanos
A5: UNIDAD EJECUTORA: | D5: Dirección Provincial de Administración y Recursos Humanos
A6: DEPENDENCIA SOLICITANTE: | D6: Dirección Provincial de Administración y Recursos Humanos
A7: PERIODO UTILIZACIÓN: | D7: ='Necesidades Trimestrales'!C7 & "° Trimestre - Año " & 'Necesidades Trimestrales'!C6 -> 2° Trimestre - Año 2021
A8: OBJETO: | D8: Adquisición de Neumaticos para el parque automotor de este Ministerio.
A10: Ítem | B10: Código Ítem | C10: DESCRIPCIÓN | H10: Adjunta Detalle Técnico | I10: Unidad Medida | J10: Precio Unitario Estimado | K10: Cantidad Solicitada
A12: 1 | B12: 2.4.4-6818.811 | C12: ='Necesidades Trimestrales'!E10 -> NEUMATICOS; VEHICULO: CAMIONETA, CONSTRUCCION: RADIAL, ARMADO: S/CAMARA, MEDIDA: 265/70R16 | H12: Si | I12: ='Necesidades Trimestrales'!F10 -> UNIDAD | J12: ='Necesidades Trimestrales'!H10 -> 59860 | K12: ='Necesidades Trimestrales'!G10 -> 8
A13: ='Necesidades Trimestrales'!A11 -> 2 | B13: ='Necesidades Trimestrales'!B11 -> 2.4.4-6818.988 | C13: ='Necesidades Trimestrales'!E11 -> NEUMATICOS; VEHICULO: CAMIONETA, CONSTRUCCION: RADIAL, ARMADO: S/CAMARA, MEDIDA: 265/65 R17 | H13: Si | I13: ='Necesidades Trimestrales'!F11 -> UNIDAD | J13: ='Necesidades Trimestrales'!H11 -> 49900 | K13: ='Necesidades Trimestrales'!G11 -> 12
A14: =+'Necesidades Trimestrales'!A12:H12 -> COSTO TOTAL ESTIMADO: SON PESOS UN MILLON SETENTA Y SIETE MIL SEISCIENTOS OCHENTA CON 00/100 | J14: =J12*K12+J13*K13 -> 1077680

Sheet Autor Gastar
A1: EJERCICIO: | D1: ='Necesidades Trimestrales'!C6 -> 2021 | P1: AUTORIZACION PARA GASTAR
A4: JURISDICCIÓN: | G4: =' NotaPedido'!D3 -> 085 -Ministerio de Mineria
A5: SAF: | G5: =' NotaPedido'!D4 -> 30 - Dirección Provincial de Administración y Recursos Humanos
A6: UNIDAD EJECUTORA: | G6: Ministerio de Mineria
A7: DEPENDENCIA SOLICITANTE: | G7: =' NotaPedido'!D6 -> Dirección Provincial de Administración y Recursos Humanos
A8: AUTORIZACIÓN:
A9: Señor Jefe de Servicio Administrativo Financiero:
A10: ="Autorizo la realización de los trámites correspondientes, a fin de proveer a este Organismo los bienes y/o servicios que se detallan en Nota de Pedido N° " & ' NotaPedido'!K1&", afectando la erogación resultante a los créditos presupuestarios aprobados a favor de esta Unidad Ejecutora, conforme al siguiente detalle:" -> Autorizo la realización de los trámites correspondientes, a fin de proveer a este Organismo los bienes y/o servicios que se detallan en Nota de Pedido N° 004/2021, afectando la erogación resultante a los créditos presupuestarios aprobados a favor de esta Unidad Ejecutora, conforme al siguiente detalle:
A12: IMPUTACIÓN PRESUPUESTARIA
A13: CÓDIGO | O13: DENOMINACIÓN DE LA PARTIDA PRESUPUESTARIA | Q13: IMPORTE
A14: PR | B14: SB | C14: PY | D14: AC | E14: OB | F14: UG | G14: FIN | H14: FUN | I14: I | J14: P | K14: P | L14: SubP | M14: M | N14: FF
A15: 27 | B15: 0 | C15: 0 | D15: 1 | E15: 0 | F15: 4901 | G15: 4 | H15: 410 | I15: 2 | J15: 4 | K15: 4 | L15: 0 | M15: 1 | N15: 1.1 | O15: CAMARAS Y CUBIERTAS DE AIRE | Q15: =Q16 -> 1077680
A16: =+' NotaPedido'!A14:I14 -> COSTO TOTAL ESTIMADO: SON PESOS UN MILLON SETENTA Y SIETE MIL SEISCIENTOS OCHENTA CON 00/100 | Q16: ='Necesidades Trimestrales'!I12 -> 1077680
A18: JUSTIFICACIÓN:
A19: =' NotaPedido'!D8 -> Adquisición de Neumaticos para el parque automotor de este Ministerio.

Sheet PARQUE AUTOMOTOR
A1: PARQUE AUTOMOTOR - MINISTERIO DE MINERIA
A2: ITEM | B2: VEHICULO | C2: DOMINIO | D2: MODELO | E2: N° CHASIS | F2: N° MOTOR | G2: GNC
A3: 1 | B3: TOYOTA HILUX 4X4 D/C SR 2.8 TDI | C3: AD-059-PN | D3: 2018 | E3: 8AJKA8CD7J3176660 | F3: 1GD-0438084 | G3: NO
A4: 2 | B4: TOYOTA HILUX 4X4 D/C SR 2.8 TDI | C4: AC-405-ST | D4: 2018 | E4: 8AJKA8CD1J3171924 | F4: 1GD-0362874 | G4: NO
A5: 3 | B5: TOYOTA HILUX 4X4 C/D SR 2.8 TDI | C5: AC-214-AC | D5: 2018 | E5: 8AJKA8CD9H3169929 | F5: 1GD-G028281 | G5: NO
A6: 4 | B6: TOYOTA HILUX 2,8 C/D 4X4 TDI | C6: AC-214-AB | D6: 2018 | E6: 8AJKA8CD7H3169881 | F6: 1GD-G028123 | G6: NO
A7: 5 | B7: TOYOTA HILUX SR 3,0 C/D 4X4 | C7: MWU 413 | D7: 2013 | E7: 8AJFZ22G3D5024077 | F7: 1KD-A128390 | G7: NO
A8: 6 | B8: TOYOTA HILUX SR 3,0 C/D 4X4 | C8: MWU 412 | D8: 2013 | E8: 8AJFZ22G1D5024045 | F8: 1KD-A125532 | G8: NO
A9: 8 | B9: TOYOTA HILUX SR 3,0 C/D 4X4 | C9: LYX 964 | D9: 2012 | E9: 8AJFZ22G7D5022560 | F9: 1KD-5895510 | G9: NO
