Workbook

Sheet SAF 011 - NECESIDAD TRIMESTRAL
A1: 2022
B2: Pedido de Necesidades Trimestrales
A4: JURISDICCION: | C4: 040 - MINISTERIO DE SALUD
A5: SAF N°: | C5: 011 - DIRECCION PROVINCIAL DE ADMINISTRACION - MINISTERIO DE SALUD
A6: EJERCICIO: | C6: 2022
A7: TRIMESTRE: | C7: TERCERO
A9: ID | B9: CODIGO ITEM | C9: RUBRO DE COMPRA | D9: I.P.P. | E9: DESCRIPCION | F9: UNIDAD DE MEDIDA | G9: SECRETARIA DE ADMINISTRACION | H9: TOTAL S.A. | I9: SMPyPS | J9: TOTAL SMPyPS | K9: DIR. LAB. CENTRAL | L9: TOTAL DE LAB CENTRAL | M9: BCO DE SANGRE | N9: TOTAL BANCO DE SANGRE | O9: APS | P9: TOTAL A.P.S. | Q9: DIR DE CANCER | R9: TOTAL DE DIR DE CANCER | S9: FARMACIA | T9: TOTAL FARMACIA | U9: ODONTOLOGIA | V9: TOTAL DE ODONTOLOG | W9: SAME | X9: TOTAL SAME | Y9: HPTAL MALBRAN | Z9: TOTAL HPTAL MALBRAN | AA9: MATERNIDAD E INFANCIA | AB9: TOTAL MATERNIDAD E INFANCIA | AC9: SASP | AD9: TOTAL SASP | AE9: SALUD Y MEDIO AMBIENTE | AF9: TOTAL SALUD Y MEDIO AMBIENTE | AG9: VECTORES Y ZOONOSIS | AH9: TOTAL DE VECT Y ZOON | AI9: CRONICAS | AJ9: TOTAL CRONICAS | AK9: CUR | AL9: TOTAL CUR | AM9: SPyGS | AN9: TOTAL SPyGS | AO9: SALUD MENTAL | AP9: TOTAL SALUD MENTAL | AQ9: AREAS Y DPAS | AR9: TOTAL DPAS | AS9: EPIDEMIOLOGIA | AT9: TOTAL EPIDEMIOLOGIA | AU9: MS | AV9: TOTAL MS | AW9: CANTIDAD TOTAL | AX9: PRECIO UNITARIO ESTIMADO | AY9: IMPORTE TOTAL ESTIMADO | AZ9: ESPECIFICACION TECNICA | BA9: IPP | BC9: RUBRO S/CATALOGO
A10: 1 | B10: 4.3.7-2001.22 | C10: EQUIPO DE OFICINA Y MUEBLES | D10: 4.3.7 | E10: BANQUETAS/TABURETES; TERMINACION: METAL, DIMENSION: 0,6 X 0,3, RESPALDO: SIN, GIRATORIA: NO, APOYABRAZO: SIN, PATAS: 4, ALTURA: REGULABLE, MATERIAL: METAL | F10: UNIDAD | AU10: 10 | AV10: =+AU10*AX10 -> 155000 | AW10: =+AQ10+AO10+AM10+AK10+AI10+AG10+AE10+AC10+AA10+Y10+W10+U10+S10+Q10+O10+M10+K10+I10+AS10+G10+AU10 -> 10 | AX10: 15500 | AY10: =+AW10*AX10 -> 155000 | AZ10: BANQUETA METAL (s/respaldo, Fija, 4 patas y sin ruedas) | BA10: 437 | BB10: BANQUETA METAL (s/respaldo, Fija, 4 patas y sin ruedas) | BC10: EQUIPO DE OFICINA Y MUEBLES | BD10: DESIERTO | BF10: BANQUETA METAL (s/respaldo, Fija, 4 patas y sin ruedas) | BG10: =+VLOOKUP(B10,[1]Hoja1!$B$5:$J$13,9,0) -> BANQUETA METAL (s/respaldo, Fija, 4 patas y sin ruedas) | BH10: =BF10=BG10 -> TRUE
A11: 2 | B11: 4.3.7-1404.22 | C11: EQUIPO DE OFICINA Y MUEBLES | D11: 4.3.7 | E11: ESTANTERIAS; MATERIAL: METAL, DIMENSION: 205 X 60 Cm, ALTURA: 260 Cm, ESTANTES: 6 UN, CAPACIDAD POR ESTANTE: SIN VALOR | F11: UNIDAD | AU11: 30 | AV11: =+AU11*AX11 -> 1200000 | AW11: =+AQ11+AO11+AM11+AK11+AI11+AG11+AE11+AC11+AA11+Y11+W11+U11+S11+Q11+O11+M11+K11+I11+AS11+G11+AU11 -> 30 | AX11: 40000 | AY11: =+AW11*AX11 -> 1200000 | AZ11: ESTANTERIA METALICA (6 Estantes) (Alt.xAnc.xProf.=260x205x60cm) Estantes reforzados: capacidad de carga 35/40 kg por estante. Terminación con pintura epoxi. | BB11: ESTANTERIA METALICA (6 Estantes) (Alt.xAnc.xProf.=260x205x60cm??) | BC11: EQUIPO DE OFICINA Y MUEBLES | BD11: DESIERTO | BF11: ESTANTERIA METALICA (6 Estantes) (Alt.xAnc.xProf.=260x205x60cm) Estantes reforzados: capacidad de carga 35/40 kg por estante. Terminación con pintura epoxi. | BG11: =+VLOOKUP(B11,[1]Hoja1!$B$5:$J$13,9,0) -> ESTANTERIA METALICA (6 Estantes) (Alt.xAnc.xProf.=260x205x60cm) Estantes reforzados: capacidad de carga 35/40 kg por estante. Terminación con pintura epoxi. | BH11: =BF11=BG11 -> TRUE
A12: 3 | B12: 4.3.7-4500.4 | C12: EQUIPO DE OFICINA Y MUEBLES | D12: 4.3.7 | E12: GAVETEROS; MATERIAL: METAL, ALTURA: 240 Cm, ANCHO: 110 Cm, PROFUNDIDAD: 36 Cm, TERMINACION: ESMALTE, CANTIDAD DE CAJONES: 32 | F12: UNIDAD | AU12: 100 | AV12: =+AU12*AX12 -> 900000 | AW12: =+AQ12+AO12+AM12+AK12+AI12+AG12+AE12+AC12+AA12+Y12+W12+U12+S12+Q12+O12+M12+K12+I12+AS12+G12+AU12 -> 100 | AX12: 9000 | AY12: =+AW12*AX12 -> 900000 | AZ12: Incluye 3 separadores por cada cajon | BA12: 437 | BB12: GAVETERO metálico (32 cajones, terminación esmalte, HxAxProf=240x110x36 cm) | BC12: EQUIPO DE OFICINA Y MUEBLES | BD12: DESIERTO | BF12: Incluye 3 separadores por cada cajon | BG12: =+VLOOKUP(B12,[1]Hoja1!$B$5:$J$13,9,0) -> Incluye 3 separadores por cada cajon | BH12: =BF12=BG12 -> TRUE
A13: 4 | B13: 4.3.7-5446.1 | C13: EQUIPO DE OFICINA Y MUEBLES | D13: 4.3.7 | E13: MESAS P/CAMAS; BASE: ACERO INOXIDABLE, ALTURA: REGULABLE, DIMENSION DE TAPA: 50 X 80 Cm, MATERIAL DE TAPA: LAMINADA EN MELAMINA, SUPERFICIE APOYO: 50 X 80 Cm | F13: UNIDAD | AU13: 100 | AV13: =+AU13*AX13 -> 1200000 | AW13: =+AQ13+AO13+AM13+AK13+AI13+AG13+AE13+AC13+AA13+Y13+W13+U13+S13+Q13+O13+M13+K13+I13+AS13+G13+AU13 -> 100 | AX13: 12000 | AY13: =+AW13*AX13 -> 1200000 | AZ13: MESA P/CAMA; Rodante; Altura regulable; Estructura de acero pintado/cromado. Cuatro ruedas dobles con frenos. Con ajuste manual. Regulable en altura: 72 a 115cm. | BA13: 437 | BB13: MESA P/CAMA (Altura regulable, laminada en melamina) | BC13: EQUIPO DE OFICINA Y MUEBLES | BD13: FRACASADO | BF13: MESA P/CAMA; Rodante; Altura regulable; Estructura de acero pintado/cromado. Cuatro ruedas dobles con frenos. Con ajuste manual. Regulable en altura: 72 a 115cm. | BG13: =+VLOOKUP(B13,[1]Hoja1!$B$5:$J$13,9,0) -> MESA P/CAMA; Rodante; Altura regulable; Estructura de acero pintado/cromado. Cuatro ruedas dobles con frenos. Con ajuste manual. Regulable en altura: 72 a 115cm. | BH13: =BF13=BG13 -> TRUE
A14: 5 | B14: 4.3.7-1880.1 | C14: EQUIPO DE OFICINA Y MUEBLES | D14: 4.3.7 | E14: RELOJES; TAMAÑO: 30 X 25 Cm, ALIMENTACION: ELECTRICA, MECANISMO: ANALOGICO, TIPO: DE PARED, MATERIAL: PLASTICO | F14: UNIDAD | AU14: 30 | AV14: =+AU14*AX14 -> 69000 | AW14: =+AQ14+AO14+AM14+AK14+AI14+AG14+AE14+AC14+AA14+Y14+W14+U14+S14+Q14+O14+M14+K14+I14+AS14+G14+AU14 -> 30 | AX14: 2300 | AY14: =+AW14*AX14 -> 69000 | AZ14: RELOJ ANALOGICO (de pared, material plástico) | BA14: 437 | BB14: RELOJ ANALOGICO (de pared, material plástico) | BC14: EQUIPO DE OFICINA Y MUEBLES | BD14: DESIERTO | BF14: RELOJ ANALOGICO (de pared, material plástico) | BG14: =+VLOOKUP(B14,[1]Hoja1!$B$5:$J$13,9,0) -> RELOJ ANALOGICO (de pared, material plástico) | BH14: =BF14=BG14 -> TRUE
A15: 6 | B15: 2.9.1-2661.8 | C15: ELEMENTOS DE LIMPIEZA | D15: 2.9.1 | E15: TACHOS DE RESIDUOS; MATERIAL: PLASTICO, SECCION: CIRCULAR, DIMENSION: 119 L, TAPA: CON | F15: UNIDAD | AU15: 200 | AV15: =+AU15*AX15 -> 3450000 | AW15: =+AQ15+AO15+AM15+AK15+AI15+AG15+AE15+AC15+AA15+Y15+W15+U15+S15+Q15+O15+M15+K15+I15+AS15+G15+AU15 -> 200 | AX15: 17250 | AY15: =+AW15*AX15 -> 3450000 | AZ15: TACHO DE RESIDUOS (circular con tapa, capacidad: 119 litros) | BA15: 291 o 299 | BB15: TACHO DE RESIDUOS (circular con tapa, 80,5x50cm) | BC15: ELEMENTOS DE LIMPIEZA | BD15: DESIERTO | BF15: TACHO DE RESIDUOS (circular con tapa, capacidad: 119 litros) | BG15: =+VLOOKUP(B15,[1]Hoja1!$B$5:$J$13,9,0) -> TACHO DE RESIDUOS (circular con tapa, capacidad: 119 litros) | BH15: =BF15=BG15 -> TRUE
A16: 7 | B16: 4.3.7-1832.16 | C16: EQUIPO DE OFICINA Y MUEBLES | D16: 4.3.7 | E16: VITRINAS; ESTRUCTURA: MADERA, ALTURA: 170 Cm, ANCHO: 132 Cm, PROFUNDIDAD: 43 Cm, ESTANTE: CON, MATERIAL ESTRUCTURA: MADERA, PUERTA: 2 DE VIDRIO Y MADERA, PUERTAS: 2 DE VIDRIO Y MADERA | F16: UNIDAD | AU16: 80 | AV16: =+AU16*AX16 -> 4280000 | AW16: =+AQ16+AO16+AM16+AK16+AI16+AG16+AE16+AC16+AA16+Y16+W16+U16+S16+Q16+O16+M16+K16+I16+AS16+G16+AU16 -> 80 | AX16: 53500 | AY16: =+AW16*AX16 -> 4280000 | AZ16: VITRINA (madera c/estantes y c/2puertas de vidrio, HxAxProf= 170x132x43cm) Estantes: 4, tipo de madera: aglomerado, terminación: melanima. Con 2 puertas vidriadas con llave | BA16: 437 | BB16: VITRINA (madera c/estantes y c/2puertas de vidrio, HxAxProf= 170x132x43cm) Aclarar cuantos estantes, el tipo de madera y su terminación. | BC16: EQUIPO DE OFICINA Y MUEBLES | BD16: FRACASADO | BF16: VITRINA (madera c/estantes y c/2puertas de vidrio, HxAxProf= 170x132x43cm) Estantes: 4, tipo de madera: aglomerado, terminación: melanima. Con 2 puertas vidriadas con llave | BG16: =+VLOOKUP(B16,[1]Hoja1!$B$5:$J$13,9,0) -> VITRINA (madera c/estantes y c/2puertas de vidrio, HxAxProf= 170x132x43cm) Estantes: 4, tipo de madera: aglomerado, terminación: melanima. Con 2 puertas vidriadas con llave | BH16: =BF16=BG16 -> TRUE
E17: TOTAL RUBRO MUEBLES Y ARTICULOS DEL HOGAR | AY17: =+SUM(AY10:AY16) -> 11254000
C20: ESPECIFICADES Y DETALLE TECNICO:
C21: * ADJUNTAR FOLLETERIA, MANUALES Y/O CUALQUIER OTRA DOCUMENTACION QUE EL PROVEEDOR ESTIME NECESARIO PARA ACLARAR EL BIEN COTIZADO
C23: Plazos de entrega: | D23: veinte (20) dias habiles
C25: Lugar de Entrega: | D25: MINISTERIO DE SALUD - CHACABUCO N° 169 - en el horario de 8:00hs a 12:00hs de lunes a viernes
C27: Calidad Minima esperada:
C29: Garantia: | D29: un (1) año
C31: Mantenimiento: | D31: cuarenta y cinco (45) días
C35: ESPECIFICIDADES ITEM 1
C36: =AZ10 -> BANQUETA METAL (s/respaldo, Fija, 4 patas y sin ruedas)
C38: ESPECIFICIDADES ITEM 2
C39: =AZ11 -> ESTANTERIA METALICA (6 Estantes) (Alt.xAnc.xProf.=260x205x60cm) Estantes reforzados: capacidad de carga 35/40 kg por estante. Terminación con pintura epoxi.
C41: ESPECIFICIDADES ITEM 3
C42: =AZ12 -> Incluye 3 separadores por cada cajon
C44: ESPECIFICIDADES ITEM 4
C45: =AZ13 -> MESA P/CAMA; Rodante; Altura regulable; Estructura de acero pintado/cromado. Cuatro ruedas dobles con frenos. Con ajuste manual. Regulable en altura: 72 a 115cm.
C47: ESPECIFICIDADES ITEM 5
C48: =AZ14 -> RELOJ ANALOGICO (de pared, material plástico)
C50: ESPECIFICIDADES ITEM 6
C51: =AZ15 -> TACHO DE RESIDUOS (circular con tapa, capacidad: 119 litros)
C53: ESPECIFICIDADES ITEM 7
C54: =AZ16 -> VITRINA (madera c/estantes y c/2puertas de vidrio, HxAxProf= 170x132x43cm) Estantes: 4, tipo de madera: aglomerado, terminación: melanima. Con 2 puertas vidriadas con llave

Sheet NP
A1: NOTA DE PEDIDO | J1: N° | K1: XX/2022
A3: JURISDICCIÓN: | D3: 040 - MINISTERIO DE SALUD
A4: SAF: | D4: 011 - DIRECCION PROVINCIAL DE ADMINISTRACION DEL MINISTERIO DE SALUD
A5: UNIDAD EJECUTORA: | D5: 352 - MINISTERIO DE SALUD
A6: DEPENDENCIA SOLICITANTE: | D6: 352 - MINISTERIO DE SALUD
A7: PERIODO UTILIZACIÓN: | D7: 3er TRIMESTRE 2022
A8: OBJETO: | D8: ADQUISICION DE DESIERTOS Y FRACASADOS DE EQUIPAMIENTO PARA HOSPITALES DE LA PROVINCIA (ART. DEL HOGAR Y MUEBLES)
A10: Ítem | B10: Codigo Item | C10: DESCRIPCIÓN | H10: Adjunta Detalle Técnico | I10: Unidad Medida | J10: Precio Unitario Estimado | K10: Cantidad Solicitada
M11: 291 | N11: 437
A12: 1 | B12: ='SAF 011 - NECESIDAD TRIMESTRAL'!B10 -> 4.3.7-2001.22 | C12: ='SAF 011 - NECESIDAD TRIMESTRAL'!E10 -> BANQUETAS/TABURETES; TERMINACION: METAL, DIMENSION: 0,6 X 0,3, RESPALDO: SIN, GIRATORIA: NO, APOYABRAZO: SIN, PATAS: 4, ALTURA: REGULABLE, MATERIAL: METAL | H12: SI | I12: ='SAF 011 - NECESIDAD TRIMESTRAL'!F10 -> UNIDAD | J12: ='SAF 011 - NECESIDAD TRIMESTRAL'!AX10 -> 15500 | K12: ='SAF 011 - NECESIDAD TRIMESTRAL'!AU10 -> 10 | N12: =+J12*K12 -> 155000
A13: 2 | B13: ='SAF 011 - NECESIDAD TRIMESTRAL'!B11 -> 4.3.7-1404.22 | C13: ='SAF 011 - NECESIDAD TRIMESTRAL'!E11 -> ESTANTERIAS; MATERIAL: METAL, DIMENSION: 205 X 60 Cm, ALTURA: 260 Cm, ESTANTES: 6 UN, CAPACIDAD POR ESTANTE: SIN VALOR | H13: SI | I13: ='SAF 011 - NECESIDAD TRIMESTRAL'!F11 -> UNIDAD | J13: ='SAF 011 - NECESIDAD TRIMESTRAL'!AX11 -> 40000 | K13: ='SAF 011 - NECESIDAD TRIMESTRAL'!AU11 -> 30 | N13: =+J13*K13 -> 1200000
A14: 3 | B14: ='SAF 011 - NECESIDAD TRIMESTRAL'!B12 -> 4.3.7-4500.4 | C14: ='SAF 011 - NECESIDAD TRIMESTRAL'!E12 -> GAVETEROS; MATERIAL: METAL, ALTURA: 240 Cm, ANCHO: 110 Cm, PROFUNDIDAD: 36 Cm, TERMINACION: ESMALTE, CANTIDAD DE CAJONES: 32 | H14: SI | I14: ='SAF 011 - NECESIDAD TRIMESTRAL'!F12 -> UNIDAD | J14: ='SAF 011 - NECESIDAD TRIMESTRAL'!AX12 -> 9000 | K14: ='SAF 011 - NECESIDAD TRIMESTRAL'!AU12 -> 100 | N14: =+J14*K14 -> 900000
A15: 4 | B15: ='SAF 011 - NECESIDAD TRIMESTRAL'!B13 -> 4.3.7-5446.1 | C15: ='SAF 011 - NECESIDAD TRIMESTRAL'!E13 -> MESAS P/CAMAS; BASE: ACERO INOXIDABLE, ALTURA: REGULABLE, DIMENSION DE TAPA: 50 X 80 Cm, MATERIAL DE TAPA: LAMINADA EN MELAMINA, SUPERFICIE APOYO: 50 X 80 Cm | H15: SI | I15: ='SAF 011 - NECESIDAD TRIMESTRAL'!F13 -> UNIDAD | J15: ='SAF 011 - NECESIDAD TRIMESTRAL'!AX13 -> 12000 | K15: ='SAF 011 - NECESIDAD TRIMESTRAL'!AU13 -> 100 | N15: =+J15*K15 -> 1200000
A16: 5 | B16: ='SAF 011 - NECESIDAD TRIMESTRAL'!B14 -> 4.3.7-1880.1 | C16: ='SAF 011 - NECESIDAD TRIMESTRAL'!E14 -> RELOJES; TAMAÑO: 30 X 25 Cm, ALIMENTACION: ELECTRICA, MECANISMO: ANALOGICO, TIPO: DE PARED, MATERIAL: PLASTICO | H16: SI | I16: ='SAF 011 - NECESIDAD TRIMESTRAL'!F14 -> UNIDAD | J16: ='SAF 011 - NECESIDAD TRIMESTRAL'!AX14 -> 2300 | K16: ='SAF 011 - NECESIDAD TRIMESTRAL'!AU14 -> 30 | N16: =+J16*K16 -> 69000
A17: 6 | B17: ='SAF 011 - NECESIDAD TRIMESTRAL'!B15 -> 2.9.1-2661.8 | C17: ='SAF 011 - NECESIDAD TRIMESTRAL'!E15 -> TACHOS DE RESIDUOS; MATERIAL: PLASTICO, SECCION: CIRCULAR, DIMENSION: 119 L, TAPA: CON | H17: SI | I17: ='SAF 011 - NECESIDAD TRIMESTRAL'!F15 -> UNIDAD | J17: ='SAF 011 - NECESIDAD TRIMESTRAL'!AX15 -> 17250 | K17: ='SAF 011 - NECESIDAD TRIMESTRAL'!AU15 -> 200 | M17: =+J17*K17 -> 3450000
A18: 7 | B18: ='SAF 011 - NECESIDAD TRIMESTRAL'!B16 -> 4.3.7-1832.16 | C18: ='SAF 011 - NECESIDAD TRIMESTRAL'!E16 -> VITRINAS; ESTRUCTURA: MADERA, ALTURA: 170 Cm, ANCHO: 132 Cm, PROFUNDIDAD: 43 Cm, ESTANTE: CON, MATERIAL ESTRUCTURA: MADERA, PUERTA: 2 DE VIDRIO Y MADERA, PUERTAS: 2 DE VIDRIO Y MADERA | H18: SI | I18: ='SAF 011 - NECESIDAD TRIMESTRAL'!F16 -> UNIDAD | J18: ='SAF 011 - NECESIDAD TRIMESTRAL'!AX16 -> 53500 | K18: ='SAF 011 - NECESIDAD TRIMESTRAL'!AU16 -> 80 | N18: =+J18*K18 -> 4280000
A20: Costo total estimado: PESOS ONCE MILLONES DOSCIENTOS CINCUENTA Y CUATRO MIL CON 00/100.- | J20: =SUMPRODUCT(J12:J18,K12:K18) -> 11254000 | M20: =SUM(M12:M19) -> 3450000 | N20: =SUM(N12:N19) -> 7804000 | O20: =SUM(M20:N20) -> 11254000

Sheet APG
A1: EJERCICIO: | D1: 2022 | P1: AUTORIZACION PARA GASTAR
A4: JURISDICCIÓN: | G4: =NP!D3 -> 040 - MINISTERIO DE SALUD
A5: SAF: | G5: =NP!D4 -> 011 - DIRECCION PROVINCIAL DE ADMINISTRACION DEL MINISTERIO DE SALUD
A6: UNIDAD EJECUTORA: | G6: =NP!D5 -> 352 - MINISTERIO DE SALUD
A7: DEPENDENCIA SOLICITANTE: | G7: =NP!D6 -> 352 - MINISTERIO DE SALUD
A8: AUTORIZACIÓN:
A9: Señor Director de Administración o Titular del Servicio Administrativo Financiero:
A10: Autorizo la realización de los trámites correspondientes, a fin de proveer a este Organismo los bienes, servicios o ejecución de obras públicas que se detallan en Nota de Pedido N° XX/2022 , afectando la erogación resultante a los créditos presupuestarios aprobados a favor de esta Unidad Ejecutora, conforme al siguiente detalle:
A12: IMPUTACIÓN PRESUPUESTARIA
A13: CÓDIGO | O13: DENOMINACIÓN DE LA PARTIDA PRESUPUESTARIA | Q13: IMPORTE
A14: PR | B14: SB | C14: PY | D14: AC | E14: OB | F14: UG | G14: FIN | H14: FUN | I14: I | J14: P | K14: P | L14: SubP | M14: M | N14: FF
A15: 1 | D15: 1 | F15: 4901 | G15: 3 | H15: 1 | I15: 2 | J15: 9 | K15: 1 | M15: 1 | N15: 1.1 | O15: ELEMENTOS DE LIMPIEZA | Q15: =NP!M20 -> 3450000
A16: 1 | D16: 1 | F16: 4901 | G16: 3 | H16: 1 | I16: 4 | J16: 3 | K16: 7 | M16: 1 | N16: 1.1 | O16: EQUIPOS DE OFICINA Y MUEBLES | Q16: =NP!N20 -> 7804000
A35: TOTAL DE PESOS: ONCE MILLONES DOSCIENTOS CINCUENTA Y CUATRO MIL CON 00/100.- | Q35: =SUM(Q15:Q34) -> 11254000
A37: JUSTIFICACIÓN:
A38: =NP!D8 -> ADQUISICION DE DESIERTOS Y FRACASADOS DE EQUIPAMIENTO PARA HOSPITALES DE LA PROVINCIA (ART. DEL HOGAR Y MUEBLES)
