Workbook

Sheet Necesidades Trimestrales
B2: Pedido de Necesidades Trimestrales
A4: JURISDICCION: | C4: 40-Ministerio de Salud
A5: SAF N°: | C5: 28- Maternidad Provincial 25 de Mayo
A6: EJERCICIO: | C6: 2022
A7: TRIMESTRE: | C7: 3
A9: ID | B9: CODIGO ITEM | C9: RUBRO | D9: I.P.P. | E9: DESCRIPCION | F9: UNIDAD DE MEDIDA | G9: CANTIDAD | H9: PRECIO UNITARIO ESTIMADO | I9: IMPORTE TOTAL ESTIMADO
A10: 1 | B10: 2.9.4-587.5 | C10: BAZAR Y MENAJE | D10: =LEFT(B10,5) -> 2.9.4 | E10: CUBIERTOS PLASTICOS; MATERIAL: POLIESTIRENO, PRESENTACION: CAJA X 1000, ELEMENTO: CUCHARA SOPERA | F10: CAJA | G10: 15 | H10: 4200 | I10: =H10*G10 -> 63000
A11: 2 | B11: 2.9.4-587.33 | C11: BAZAR Y MENAJE | D11: =LEFT(B11,5) -> 2.9.4 | E11: CUBIERTOS PLASTICOS; MATERIAL: PLASTICO, ELEMENTO: CUCHARA POSTRE, PRESENTACION: ENVASE X 1000 UN | F11: CAJA | G11: 15 | H11: 2000 | I11: =H11*G11 -> 30000
A12: 3 | B12: 2.9.4-587.8 | C12: BAZAR Y MENAJE | D12: =LEFT(B12,5) -> 2.9.4 | E12: CUBIERTOS PLASTICOS; MATERIAL: POLIESTIRENO, PRESENTACION: CAJA X 1000, ELEMENTO: CUCHILLO | F12: CAJA | G12: 13 | H12: 3000 | I12: =H12*G12 -> 39000
A13: 4 | B13: 2.9.4-587.6 | C13: BAZAR Y MENAJE | D13: =LEFT(B13,5) -> 2.9.4 | E13: CUBIERTOS PLASTICOS; MATERIAL: POLIESTIRENO, ELEMENTO: TENEDOR, PRESENTACION: CAJA X 1000 | F13: CAJA | G13: 15 | H13: 3000 | I13: =H13*G13 -> 45000
A14: 5 | B14: 2.9.4-4743.24 | C14: BAZAR Y MENAJE | D14: =LEFT(B14,5) -> 2.9.4 | E14: BANDEJA P/TRANSP. DE ALIMENTO; DIMENSION: 18 X 14 X 4 Cm, TIPO: C/TAPA, MATERIAL: ALUMINIO APTO MICROONDAS, CAPACIDAD: 750 CM3 | F14: UNIDAD | G14: 13000 | H14: 29 | I14: =H14*G14 -> 377000
A15: 6 | B15: 2.9.4-6970.2 | C15: BAZAR Y MENAJE | D15: =LEFT(B15,5) -> 2.9.4 | E15: COMPOTERAS; MATERIAL: PLASTICO, CAPACIDAD: 200 mL | F15: UNIDAD | G15: 10000 | H15: 10 | I15: =H15*G15 -> 100000
A16: 7 | B16: 2.9.4-1184.43 | C16: BAZAR Y MENAJE | D16: =LEFT(B16,5) -> 2.9.4 | E16: VASOS; MATERIAL: POLIESTIRENO EXPANDIDO, TIPO: DESCARTABLE, CAPACIDAD: 240 CM3 | F16: UNIDAD | G16: 6000 | H16: 6.8 | I16: =H16*G16 -> 40800
A17: 8 | B17: 2.7.9-784.32 | C17: BAZAR Y MENAJE | D17: =LEFT(B17,5) -> 2.7.9 | E17: PAPELES DE ALUMINIO; USO: HOGAR, ESPESOR: 38 Mn, LARGO: 50 M, PESO: 1 Kg, ANCHO: 450 mm | F17: ROLLO | G17: 12 | H17: 1300 | I17: =H17*G17 -> 15600
B19: Especificidades Item N° 5
B21: Descripción técnica | D21: Presentacion: caja x 1000 unidades
B25: Plazos de entrega: | C25: 10(diez) Dias habiles desde la firma del instrumento contractual
B27: Lugar de entrega | C27: MATERNIDAD PROVINCIAL 25 DE MAYO , HERNADO DE PEDRAZA 1650-SECTOR ECONOMATO
C29: SERVICIO DE NUTRICION
C30: Hora de entrega: 08:00 a 12:00
B31: Calidad Minima esperada
B33: Mantenimiento
C34: 30(TREINTA) DIAS HABILES
B35: Garantia
B38: Especificidades Item N° 6
B40: Descripción técnica | D40: TIPO: FOOD SOLUTIONS-105 PARA POSTRE
B44: Plazos de entrega: | C44: 10(diez) Dias habiles desde la firma del instrumento contractual
B46: Lugar de entrega | C46: MATERNIDAD PROVINCIAL 25 DE MAYO , HERNADO DE PEDRAZA 1650-SECTOR ECONOMATO
C48: SERVICIO DE NUTRICION
C49: Hora de entrega: 08:00 a 12:00
B50: Calidad Minima esperada
B52: Mantenimiento
C53: 30(TREINTA) DIAS HABILES
B54: Garantia

Sheet  NotaPedido
A1: NOTA DE PEDIDO | J1: N° | K1: /2022
A3: JURISDICCIÓN: | D3: ='Necesidades Trimestrales'!C4 -> 40-Ministerio de Salud
A4: SAF: | D4: ='Necesidades Trimestrales'!C5 -> 28- Maternidad Provincial 25 de Mayo
A5: UNIDAD EJECUTORA: | D5: Direccion Asistencial
A6: DEPENDENCIA SOLICITANTE: | D6: Servicio de Nutrición
A7: PERIODO UTILIZACIÓN: | D7: ='Necesidades Trimestrales'!C7 & "° Trimestre - Año " & 'Necesidades Trimestrales'!C6 -> 3° Trimestre - Año 2022
A8: OBJETO: | D8: Adquisición de descartables para el Servicio de Nutrición
A10: Ítem | B10: Codigo Item | C10: DESCRIPCIÓN | H10: Adjunta Detalle Técnico | I10: Unidad Medida | J10: Precio Unitario Estimado | K10: Cantidad Solicitada
A12: =+'Necesidades Trimestrales'!A10 -> 1 | B12: =+'Necesidades Trimestrales'!B10 -> 2.9.4-587.5 | C12: =+'Necesidades Trimestrales'!E10 -> CUBIERTOS PLASTICOS; MATERIAL: POLIESTIRENO, PRESENTACION: CAJA X 1000, ELEMENTO: CUCHARA SOPERA | H12: NO | I12: =+'Necesidades Trimestrales'!F10 -> CAJA | J12: =+'Necesidades Trimestrales'!H10 -> 4200 | K12: =+'Necesidades Trimestrales'!G10 -> 15
A13: =+'Necesidades Trimestrales'!A11 -> 2 | B13: =+'Necesidades Trimestrales'!B11 -> 2.9.4-587.33 | C13: =+'Necesidades Trimestrales'!E11 -> CUBIERTOS PLASTICOS; MATERIAL: PLASTICO, ELEMENTO: CUCHARA POSTRE, PRESENTACION: ENVASE X 1000 UN | H13: NO | I13: =+'Necesidades Trimestrales'!F11 -> CAJA | J13: =+'Necesidades Trimestrales'!H11 -> 2000 | K13: =+'Necesidades Trimestrales'!G11 -> 15
A14: =+'Necesidades Trimestrales'!A12 -> 3 | B14: =+'Necesidades Trimestrales'!B12 -> 2.9.4-587.8 | C14: =+'Necesidades Trimestrales'!E12 -> CUBIERTOS PLASTICOS; MATERIAL: POLIESTIRENO, PRESENTACION: CAJA X 1000, ELEMENTO: CUCHILLO | H14: NO | I14: =+'Necesidades Trimestrales'!F12 -> CAJA | J14: =+'Necesidades Trimestrales'!H12 -> 3000 | K14: =+'Necesidades Trimestrales'!G12 -> 13
A15: =+'Necesidades Trimestrales'!A13 -> 4 | B15: =+'Necesidades Trimestrales'!B13 -> 2.9.4-587.6 | C15: =+'Necesidades Trimestrales'!E13 -> CUBIERTOS PLASTICOS; MATERIAL: POLIESTIRENO, ELEMENTO: TENEDOR, PRESENTACION: CAJA X 1000 | H15: NO | I15: =+'Necesidades Trimestrales'!F13 -> CAJA | J15: =+'Necesidades Trimestrales'!H13 -> 3000 | K15: =+'Necesidades Trimestrales'!G13 -> 15
A16: =+'Necesidades Trimestrales'!A14 -> 5 | B16: =+'Necesidades Trimestrales'!B14 -> 2.9.4-4743.24 | C16: =+'Necesidades Trimestrales'!E14 -> BANDEJA P/TRANSP. DE ALIMENTO; DIMENSION: 18 X 14 X 4 Cm, TIPO: C/TAPA, MATERIAL: ALUMINIO APTO MICROONDAS, CAPACIDAD: 750 CM3 | H16: SI | I16: =+'Necesidades Trimestrales'!F14 -> UNIDAD | J16: =+'Necesidades Trimestrales'!H14 -> 29 | K16: =+'Necesidades Trimestrales'!G14 -> 13000
A17: =+'Necesidades Trimestrales'!A15 -> 6 | B17: =+'Necesidades Trimestrales'!B15 -> 2.9.4-6970.2 | C17: =+'Necesidades Trimestrales'!E15 -> COMPOTERAS; MATERIAL: PLASTICO, CAPACIDAD: 200 mL | H17: SI | I17: =+'Necesidades Trimestrales'!F15 -> UNIDAD | J17: =+'Necesidades Trimestrales'!H15 -> 10 | K17: =+'Necesidades Trimestrales'!G15 -> 10000
A18: =+'Necesidades Trimestrales'!A16 -> 7 | B18: =+'Necesidades Trimestrales'!B16 -> 2.9.4-1184.43 | C18: ='Necesidades Trimestrales'!$E$16 -> VASOS; MATERIAL: POLIESTIRENO EXPANDIDO, TIPO: DESCARTABLE, CAPACIDAD: 240 CM3 | H18: NO | I18: =+'Necesidades Trimestrales'!F16 -> UNIDAD | J18: =+'Necesidades Trimestrales'!H16 -> 6.8 | K18: =+'Necesidades Trimestrales'!G16 -> 6000
A19: =+'Necesidades Trimestrales'!A17 -> 8 | B19: =+'Necesidades Trimestrales'!B17 -> 2.7.9-784.32 | C19: =+'Necesidades Trimestrales'!E17 -> PAPELES DE ALUMINIO; USO: HOGAR, ESPESOR: 38 Mn, LARGO: 50 M, PESO: 1 Kg, ANCHO: 450 mm | H19: NO | I19: =+'Necesidades Trimestrales'!F17 -> ROLLO | J19: =+'Necesidades Trimestrales'!H17 -> 1300 | K19: =+'Necesidades Trimestrales'!G17 -> 12
A20: Costo total estimado: SETECIENTOS DIEZ MIL CUATROCIENTOS CON 00/100 | J20: =SUMPRODUCT(J12:J19,K12:K19) -> 710400

Sheet Autor Gastar
A1: EJERCICIO: | D1: ='Necesidades Trimestrales'!C6 -> 2022 | P1: AUTORIZACION PARA GASTAR
A4: JURISDICCIÓN: | G4: =' NotaPedido'!D3 -> 40-Ministerio de Salud
A5: SAF: | G5: =' NotaPedido'!D4 -> 28- Maternidad Provincial 25 de Mayo
A6: UNIDAD EJECUTORA: | G6: =' NotaPedido'!D5 -> Direccion Asistencial
A7: DEPENDENCIA SOLICITANTE: | G7: =' NotaPedido'!D6 -> Servicio de Nutrición
A8: AUTORIZACIÓN:
A9: Señor Jefe de Servicio Administrativo Financiero:
A10: ="Autorizo la realización de los trámites correspondientes, a fin de proveer a este Organismo los bienes y/o servicios que se detallan en Nota de Pedido N° " & ' NotaPedido'!K1&", afectando la erogación resultante a los créditos presupuestarios aprobados a favor de esta Unidad Ejecutora, conforme al siguiente detalle:" -> Autorizo la realización de los trámites correspondientes, a fin de proveer a este Organismo los bienes y/o servicios que se detallan en Nota de Pedido N° /2022, afectando la erogación resultante a los créditos presupuestarios aprobados a favor de esta Unidad Ejecutora, conforme al siguiente detalle:
A12: IMPUTACIÓN PRESUPUESTARIA
A13: CÓDIGO | O13: DENOMINACIÓN DE LA PARTIDA PRESUPUESTARIA | Q13: IMPORTE
A14: PR | B14: SB | C14: PY | D14: AC | E14: OB | F14: UG | G14: FIN | H14: FUN | I14: I | J14: P | K14: P | L14: SubP | M14: M | N14: FF
A15: 42 | D15: 2 | F15: 4901 | G15: 3 | H15: 1 | I15: 2 | J15: 9 | K15: 4 | M15: 1 | N15: 1.1 | O15: Utensilios de Cocina y Comedor | Q15: 694800
A16: 42 | D16: 2 | F16: 4901 | G16: 3 | H16: 1 | I16: 2 | J16: 7 | K16: 9 | M16: 1 | N16: 1.1 | O16: OTROS NEP | Q16: 15600
A19: TOTAL DE PESOS: SETECIENTOS DIEZ MIL CUATROCIENTOS CON 00/100 | Q19: =SUM(Q15:Q18) -> 710400
A21: JUSTIFICACIÓN:
A22: Para la adquisición de Descartables de cocina, para ser destinados al Servicio de Nutricion de la Maternidad Provincial 25 de Mayo
