Workbook

Sheet Necesidades Trimestrales
B2: Pedido de Necesidades Trimestrales
A4: JURISDICCION: | C4: 70 - MINISTERIO DE CIENCIA E INNOVACION TECNOLOGICA
A5: SAF N°: | C5: 20 - MINISTERIO DE CIENCIA E INNOVACION TECNOLOGICA
A6: EJERCICIO: | C6: 2020
A7: TRIMESTRE: | C7: 4
A9: ID | B9: CODIGO ITEM | C9: RUBRO DE COMPRA | D9: I.P.P. | E9: DESCRIPCION | F9: UNIDAD DE MEDIDA | G9: CANTIDAD | H9: PRECIO UNITARIO ESTIMADO | I9: IMPORTE TOTAL ESTIMADO
A10: 1 | B10: 2.3.1-928.8 | C10: LIBRERIA,PAP. Y UTILES OFICINA | D10: 2.3.1 | E10: ARANDELAS DE CARTON; DIAMETRO: 1 pulg, PRESENTACION: CAJA X 500 UNIDADES | F10: Unidad | G10: 40 | H10: 60 | I10: =+G10*H10 -> 2400
A11: 2 | B11: 2.3.1-6590.516 | C11: LIBRERIA,PAP. Y UTILES OFICINA | D11: 2.3.1 | E11: SOBRES DE PAPEL; TIPO: MADERA, TAMAÑO: A4, GRAMAJE: 80 GR/M2, PRESENTACION: UNIDAD, CERTIFICADO FORESTAL (GFS): SIN, PORC. FIBRAS RECICLADAS: 0 %, CERT. FIBRA ALTERNATIVA (FCA): SIN | F11: Unidad | G11: 500 | H11: 8 | I11: =+G11*H11 -> 4000
A12: 3 | B12: 2.3.1-6590.472 | C12: LIBRERIA,PAP. Y UTILES OFICINA | D12: 2.3.1 | E12: SOBRES DE PAPEL; TIPO: PAPEL MADERA, TAMAÑO: OFICIO Cm, GRAMAJE: 80 GR/M2, PRESENTACION: UNIDAD, CERTIFICADO FORESTAL (GFS): SIN, PORC. FIBRAS RECICLADAS: SIN VALOR | F12: Unidad | G12: 500 | H12: 8.5 | I12: =+G12*H12 -> 4250
A13: 4 | B13: 2.9.2-261.14 | C13: LIBRERIA,PAP. Y UTILES OFICINA | D13: 2.9.2 | E13: ABROCHADORAS DE PAPEL; TIPO: PINZA, P/BROCHES: 10/50, MATERIAL: METALICA, MEDIDA: 10/50 | F13: Unidad | G13: 30 | H13: 280 | I13: =+G13*H13 -> 8400
A14: 5 | B14: 2.9.2-1062.12 | C14: LIBRERIA,PAP. Y UTILES OFICINA | D14: 2.9.2 | E14: PAPELES ANOTADOR AUTOADHESIVOS; PRESENTACION: 100 HOJAS, LARGO X ANCHO: 76 X 76 mm | F14: Unidad | G14: 50 | H14: 35 | I14: =+G14*H14 -> 1750
A15: 6 | B15: 2.9.2-274.3 | C15: LIBRERIA,PAP. Y UTILES OFICINA | D15: 2.9.2 | E15: BIBLIORATOS; ANCHO 80mm - ANILLO 2 Y PALANCA - TAMAÑO OFICIO - MATERIAL CARTON | F15: Unidad | G15: 100 | H15: 180 | I15: =+G15*H15 -> 18000
A16: 7 | B16: 2.9.2-274.2 | C16: LIBRERIA,PAP. Y UTILES OFICINA | D16: 2.9.2 | E16: BIBLIORATOS; TAMAÑO: CARTA, ANCHO: 80 mm, TAPAS: CARTON, ANILLO: 2 Y PALANCA, COLOR: NEGRO, LOMO: SIN VALOR, MATERIAL: CARTON | F16: Unidad | G16: 100 | H16: 180 | I16: =+G16*H16 -> 18000
A17: 8 | B17: 2.9.2-323.4 | C17: LIBRERIA,PAP. Y UTILES OFICINA | D17: 2.9.2 | E17: CORRECTORES DE ESCRITURA; CAPACIDAD: 7 mL, ENVASE: LAPIZ (PUNTA METAL), PRESENTACION: LAPIZ (PUNTA METAL) X 7 Ml | F17: Unidad | G17: 50 | H17: 40 | I17: =+G17*H17 -> 2000
A18: 9 | B18: 2.9.2-660.13 | C18: LIBRERIA,PAP. Y UTILES OFICINA | D18: 2.9.2 | E18: CLIPS P/PAPEL; NUMERO: 5, CANT. X CAJA: 100, MATERIAL: METAL, PRESENTACION: CAJA X 100 | F18: Unidad | G18: 50 | H18: 35 | I18: =+G18*H18 -> 1750
A19: 10 | B19: 2.9.2-700.28 | C19: LIBRERIA,PAP. Y UTILES OFICINA | D19: 2.9.2 | E19: BROCHES P/ABROCHADORA; NUMERO: 10/50, PRESENTACION: CAJA X 1000 UNIDADES | F19: Unidad | G19: 100 | H19: 20 | I19: =+G19*H19 -> 2000
A20: 11 | B20: 2.9.2-848.5 | C20: LIBRERIA,PAP. Y UTILES OFICINA | D20: 2.9.2 | E20: LAPIZ; TIPO: COMUN NRO 2, COLOR: NEGRO | F20: Unidad | G20: 240 | H20: 5.5 | I20: =+G20*H20 -> 1320
A21: 12 | B21: 2.9.2-317.31 | C21: LIBRERIA,PAP. Y UTILES OFICINA | D21: 2.9.2 | E21: BOLIGRAFOS; TRAZO: MEDIO | F21: Unidad | G21: 500 | H21: 22.5 | I21: =+G21*H21 -> 11250
... A48: 39 | B48: 2.3.1-6563.920 | C48: LIBRERIA,PAP. Y UTILES OFICINA | D48: 2.3.1 | E48: PAPELES EN HOJA; TIPO DE PAPEL: OBRA, DIMENSION: 21,6 X 35,6 Cm, GRAMAJE: 80 GR/M2, PRESENTACION: PAQUETE X 500 HOJAS, CERTIFICADO FORESTAL (GFS): SIN, PORC. FIBRAS RECICLADAS: 0 %, CERT. FIBRA ALTERNATIVA (FCA): SIN | F48: Unidad | G48: 500 | H48: 500 | I48: =+G48*H48 -> 250000
B50: Especificidades Item N° 12:
B51: Descripción técnica: Lapicera Color Azul.
B53: Especificidades Item N° 13:
B54: Descripción técnica: Lapicera Color Negra.
B56: Especificidades Item N° 14:
B57: Descripción técnica: Lapicera Color Rojo.
B59: Especificidades Item N° 15:
B60: Descripción técnica: Lapicera Color Verde.
B62: Especificidades Item N° 23:
B63: Descripción técnica: Resaltador Color Amarillo Fluor.
B65: Especificidades Item N° 24:
B66: Descripción técnica: Resaltador Color Celeste.
... B72: Descripción técnica: Resaltador Color Naranja.
B74: Plazos y lugares de entrega | C74: CAPE PABELLON 26 DENTRO DE LOS DIEZ (10) DIAS DE RECIBIDA LA ORDEN DE COMPRA
B76: Calidad Minima esperada
B77: Mantenimiento: 30 DIAS
B78: Garantía

Sheet  NotaPedido
A1: NOTA DE PEDIDO | J1: N° | K1: 006/2020
A3: JURISDICCIÓN: | D3: ='Necesidades Trimestrales'!C4 -> 70 - MINISTERIO DE CIENCIA E INNOVACION TECNOLOGICA
A4: SAF: | D4: ='Necesidades Trimestrales'!C5 -> 20 - MINISTERIO DE CIENCIA E INNOVACION TECNOLOGICA
A5: UNIDAD EJECUTORA: | D5: MINISTERIO DE CIENCIA E INNOVACION TECNOLOGICA
A6: DEPENDENCIA SOLICITANTE: | D6: DIRECCION PROVINCIAL DE GESTION ADMINISTRATIVA
A7: PERIODO UTILIZACIÓN: | D7: ='Necesidades Trimestrales'!C7 & "° Trimestre - Año " & 'Necesidades Trimestrales'!C6 -> 4° Trimestre - Año 2020
A8: OBJETO: | D8: ADQUISICION DE ELEMENTOS DE LIBRERIA PARA SER UTILIZADOS EN LAS DIFERENTES OFICINAS DEPENDIENTES DEL MINISTERIO DE CIENCIA E INNOVACION TECNOLOGICA.-
A10: Ítem | B10: Codigo Item | C10: DESCRIPCIÓN | H10: Adjunta Detalle Técnico | I10: Unidad Medida | J10: Precio Unitario Estimado | K10: Cantidad Solicitada
A12: 1 | B12: 2.3.1-928.8 | C12: ARANDELAS DE CARTON; DIAMETRO: 1 pulg, PRESENTACION: CAJA X 500 UNIDADES | H12: NO | I12: ='Necesidades Trimestrales'!F10 -> Unidad | J12: 60 | K12: 40
A13: 2 | B13: 2.3.1-6590.516 | C13: =+'Necesidades Trimestrales'!E11 -> SOBRES DE PAPEL; TIPO: MADERA, TAMAÑO: A4, GRAMAJE: 80 GR/M2, PRESENTACION: UNIDAD, CERTIFICADO FORESTAL (GFS): SIN, PORC. FIBRAS RECICLADAS: 0 %, CERT. FIBRA ALTERNATIVA (FCA): SIN | H13: NO | I13: Unidad | J13: 8 | K13: 500
A14: 3 | B14: 2.3.1-6590.472 | C14: =+'Necesidades Trimestrales'!E12 -> SOBRES DE PAPEL; TIPO: PAPEL MADERA, TAMAÑO: OFICIO Cm, GRAMAJE: 80 GR/M2, PRESENTACION: UNIDAD, CERTIFICADO FORESTAL (GFS): SIN, PORC. FIBRAS RECICLADAS: SIN VALOR | H14: NO | I14: Unidad | J14: 8.5 | K14: 500
A15: 4 | B15: 2.9.2-261.14 | C15: =+'Necesidades Trimestrales'!E13 -> ABROCHADORAS DE PAPEL; TIPO: PINZA, P/BROCHES: 10/50, MATERIAL: METALICA, MEDIDA: 10/50 | H15: NO | I15: Unidad | J15: 280 | K15: 30
A16: 5 | B16: 2.9.2-1062.12 | C16: =+'Necesidades Trimestrales'!E14 -> PAPELES ANOTADOR AUTOADHESIVOS; PRESENTACION: 100 HOJAS, LARGO X ANCHO: 76 X 76 mm | H16: NO | I16: Unidad | J16: 35 | K16: 50
A17: 6 | B17: 2.9.2-274.3 | C17: =+'Necesidades Trimestrales'!E15 -> BIBLIORATOS; ANCHO 80mm - ANILLO 2 Y PALANCA - TAMAÑO OFICIO - MATERIAL CARTON | H17: NO | I17: Unidad | J17: 180 | K17: 100
A18: 7 | B18: 2.9.2-274.2 | C18: =+'Necesidades Trimestrales'!E16 -> BIBLIORATOS; TAMAÑO: CARTA, ANCHO: 80 mm, TAPAS: CARTON, ANILLO: 2 Y PALANCA, COLOR: NEGRO, LOMO: SIN VALOR, MATERIAL: CARTON | H18: NO | I18: Unidad | J18: 180 | K18: 100
A19: 8 | B19: 2.9.2-323.4 | C19: =+'Necesidades Trimestrales'!E17 -> CORRECTORES DE ESCRITURA; CAPACIDAD: 7 mL, ENVASE: LAPIZ (PUNTA METAL), PRESENTACION: LAPIZ (PUNTA METAL) X 7 Ml | H19: NO | I19: Unidad | J19: 40 | K19: 50
A20: 9 | B20: 2.9.2-660.13 | C20: CLIPS P/PAPEL; NUMERO: 5, CANT. X CAJA: 100, MATERIAL: METAL, PRESENTACION: CAJA X 100 | H20: NO | I20: Unidad | J20: 35 | K20: 50
A21: 10 | B21: 2.9.2-700.28 | C21: BROCHES P/ABROCHADORA; NUMERO: 10/50, PRESENTACION: CAJA X 1000 UNIDADES | H21: NO | I21: Unidad | J21: 20 | K21: 100
A22: 11 | B22: 2.9.2-848.5 | C22: LAPIZ; TIPO: COMUN NRO 2, COLOR: NEGRO | H22: NO | I22: Unidad | J22: 5.5 | K22: 240
A23: 12 | B23: 2.9.2-317.31 | C23: =+'Necesidades Trimestrales'!E21 -> BOLIGRAFOS; TRAZO: MEDIO | H23: NO | I23: Unidad | J23: 22.5 | K23: 500
A24: 13 | B24: 2.9.2-317.31 | C24: =+'Necesidades Trimestrales'!E22 -> BOLIGRAFOS; TRAZO: MEDIO | H24: NO | I24: Unidad | J24: 22.5 | K24: 500
A25: 14 | B25: 2.9.2-317.31 | C25: =+'Necesidades Trimestrales'!E23 -> BOLIGRAFOS; TRAZO: MEDIO | H25: NO | I25: Unidad | J25: 22.5 | K25: 500
A26: 15 | B26: 2.9.2-317.31 | C26: =+'Necesidades Trimestrales'!E24 -> BOLIGRAFOS; TRAZO: MEDIO | H26: NO | I26: Unidad | J26: 22.5 | K26: 500
A27: 16 | B27: 2.9.2-850.180 | C27: CAJAS DE ARCHIVO; MATERIAL: PLASTICO, DIMENSION: 36 X 25 X 12 Cm | H27: NO | I27: Unidad | J27: 166 | K27: 200
A28: 17 | B28: 2.9.2-758.7 | C28: =+'Necesidades Trimestrales'!E26 -> TIJERAS P/CORTAR PAPELES; LONG.DE CUERPO: 15 Cm, MATERIAL: ACERO BRUÑIDO, CUCHILLA: REDONDEADAS, MANGO: SIN VALOR | H28: NO | I28: Unidad | J28: 135 | K28: 40
A29: 18 | B29: 2.9.2-661.1 | C29: =+'Necesidades Trimestrales'!E27 -> GOMAS DE BORRAR; MATERIAL: CAUCHO, CANT. X CAJA: 30, USO: LAPIZ, DIMENSION: 4 X 1 X 1 Cm, PRESENTACION: CAJA X 30 | H29: NO | I29: Unidad | J29: 360 | K29: 10
A30: 19 | B30: 2.9.2-858.15 | C30: =+'Necesidades Trimestrales'!E28 -> PERFORADORAS; TAMAÑO: GRANDE, N° PERFORACIONES: MULTIPLE, DIST. ENTRE AGUJ.: REGULABLE, GUIA POSICION PAPEL: CON, MATERIAL ESTRUCTURA: BASE DE MADERA, MATERIAL: BASE DE MADERA | H30: NO | I30: Unidad | J30: 1580 | K30: 6
A31: 20 | B31: 2.9.2-674.8 | C31: =+'Necesidades Trimestrales'!E29 -> REGLAS GRADUADAS; LONG.DE CUERPO: 20 Cm, TIPO: PLANA, MATERIAL: PLASTICO | H31: NO | I31: Unidad | J31: 15 | K31: 150
A32: 21 | B32: 2.9.2-866.3 | C32: =+'Necesidades Trimestrales'!E30 -> MAQUINAS SACABROCHES; EXTRACTOR: HIERRO, CUERPO: PLASTICO, MATERIAL: PLASTICO, MATERIAL DEL CUERPO: PLASTICO | H32: NO | I32: Unidad | J32: 66 | K32: 40
A33: 22 | B33: 2.9.2-1153.90 | C33: =+'Necesidades Trimestrales'!E31 -> CINTAS ADHESIVAS; TIPO: EMBALAR, ANCHO: 48 mm, LARGO ROLLO: 50 M, MATERIAL: PLASTICO, ACCESORIO: SIN, LARGO: 50 M | H33: NO | I33: Unidad | J33: 68 | K33: 50
A34: 23 | B34: 2.9.2-1354.22 | C34: =+'Necesidades Trimestrales'!E32 -> RESALTADORES; ACCESORIO SIN - TIPO PUNTA 5 (CHANFLEADA) mm | H34: NO | I34: Unidad | J34: 42.6 | K34: 72
A35: 24 | B35: 2.9.2-1354.22 | C35: =+'Necesidades Trimestrales'!E33 -> RESALTADORES; ACCESORIO SIN - TIPO PUNTA 5 (CHANFLEADA) mm | H35: NO | I35: Unidad | J35: 42.6 | K35: 72
A36: 25 | B36: 2.9.2-1354.22 | C36: =+'Necesidades Trimestrales'!E34 -> RESALTADORES; ACCESORIO SIN - TIPO PUNTA 5 (CHANFLEADA) mm | H36: NO | I36: Unidad | J36: 42.6 | K36: 72
A37: 26 | B37: 2.9.2-1354.22 | C37: =+'Necesidades Trimestrales'!E35 -> RESALTADORES; ACCESORIO SIN - TIPO PUNTA 5 (CHANFLEADA) mm | H37: NO | I37: Unidad | J37: 42.6 | K37: 72
A38: 27 | B38: 2.9.2-291.4 | C38: =+'Necesidades Trimestrales'!E36 -> ALMOHADILLAS P/SELLOS; MEDIDA: 5 X 9 Cm, MATERIAL: PLASTICO | H38: NO | I38: Unidad | J38: 150 | K38: 20
A39: 28 | B39: 2.9.2-1450.30 | C39: =+'Necesidades Trimestrales'!E37 -> TINTAS P/SELLOS; TIPO DE SELLO: DE GOMA, ENVASE: 60 CM3, COLOR: AZUL, PRESENTACION: ENVASE X 60 CM3 | H39: NO | I39: Unidad | J39: 168 | K39: 20
... A48: 37 | B48: 2.9.2-1951.7 | C48: =+'Necesidades Trimestrales'!E46 -> ORGANIZADORES DE ESCRITORIO; CANTIDAD FUNCIONES: 10, MATERIAL: PLASTICO | H48: NO | I48: Unidad | J48: 820 | K48: 15
A49: 38 | B49: 2.3.1-6563.953 | C49: PAPELES EN HOJA; TIPO DE PAPEL: OBRA, DIMENSION: 21 X 29,7 Cm, GRAMAJE: 80 GR/M2, PRESENTACION: ENVASE X 500 HOJAS, CERTIFICADO FORESTAL (GFS): SIN, PORC. FIBRAS RECICLADAS: 0 %, CERT. FIBRA ALTERNATIVA (FCA): SIN | H49: NO | I49: Unidad | J49: 420 | K49: 500
A50: 39 | B50: 2.3.1-6563.920 | C50: PAPELES EN HOJA; TIPO DE PAPEL: OBRA, DIMENSION: 21,6 X 35,6 Cm, GRAMAJE: 80 GR/M2, PRESENTACION: PAQUETE X 500 HOJAS, CERTIFICADO FORESTAL (GFS): SIN, PORC. FIBRAS RECICLADAS: 0 %, CERT. FIBRA ALTERNATIVA (FCA): SIN | H50: NO | I50: Unidad | J50: 500 | K50: 500
A51: Costo total estimado: SETECIENTOS OCHO MIL CIENTO OCHO CON 80/100. | J51: 708108.8

Sheet Autor Gastar
A1: EJERCICIO: | D1: ='Necesidades Trimestrales'!C6 -> 2020 | P1: AUTORIZACION PARA GASTAR
A4: JURISDICCIÓN: | G4: =' NotaPedido'!D3 -> 70 - MINISTERIO DE CIENCIA E INNOVACION TECNOLOGICA
A5: SAF: | G5: =' NotaPedido'!D4 -> 20 - MINISTERIO DE CIENCIA E INNOVACION TECNOLOGICA
A6: UNIDAD EJECUTORA: | G6: =' NotaPedido'!D5 -> MINISTERIO DE CIENCIA E INNOVACION TECNOLOGICA
A7: DEPENDENCIA SOLICITANTE: | G7: =' NotaPedido'!D6 -> DIRECCION PROVINCIAL DE GESTION ADMINISTRATIVA
A8: AUTORIZACIÓN:
A9: Señor Jefe de Servicio Administrativo Financiero:
A10: Autorizo la realización de los trámites correspondientes, a fin de proveer a este Organismo los bienes y/o servicios que se detallan en Nota de Pedido N° 006-2020, afectando la erogación resultante a los créditos presupuestarios aprobados a favor de esta Unidad Ejecutora, conforme al siguiente detalle:
A12: IMPUTACIÓN PRESUPUESTARIA
A13: CÓDIGO | O13: DENOMINACIÓN DE LA PARTIDA PRESUPUESTARIA | Q13: IMPORTE
A14: PR | B14: SB | C14: PY | D14: AC | E14: OB | F14: UG | G14: FIN | H14: FUN | I14: I | J14: P | K14: P | L14: SubP | M14: M | N14: FF
A15: 15 | D15: 1 | F15: 4901 | G15: 3 | H15: 350 | I15: 2 | J15: 3 | K15: 1 | M15: 1 | N15: 1.1 | O15: LIBRERIA,PAP. Y UTILES OFICINA | Q15: 481860
A16: 15 | D16: 1 | F16: 4901 | G16: 3 | H16: 350 | I16: 2 | J16: 9 | K16: 2 | M16: 1 | N16: 1.1 | O16: Útiles de Escritorio, Oficina y Enseñanza | Q16: 226248.8
A21: TOTAL DE PESOS: SETECIENTOS OCHO MIL CIENTO OCHO CON 80/100. | Q21: =SUM(Q15:Q20) -> 708108.8
A23: JUSTIFICACIÓN:
A24: ADQUISICION DE ELEMENTOS DE LIBRERIA PARA SER UTILIZADOS EN LAS DIFERENTES OFICINAS DEPENDIENTES DEL MINISTERIO DE CIENCIA E INNOVACION TECNOLOGICA.-

Sheet Hoja1
