Workbook

Sheet SAF 011
A1: 2022
B2: Pedido de Necesidades Trimestrales
A4: JURISDICCION: | C4: 040 - MINISTERIO DE SALUD
A5: SAF N°: | C5: 011 - DIRECCION PROVINCIAL DE ADMINISTRACION - MINISTERIO DE SALUD
A6: EJERCICIO: | C6: 2022
A7: TRIMESTRE: | C7: TERCERO
A9: ID | B9: CODIGO ITEM | C9: RUBRO DE COMPRA | D9: I.P.P. | E9: DESCRIPCION | F9: UNIDAD DE MEDIDA | G9: SECRETARIA DE ADMINISTRACION | H9: TOTAL S.A. | I9: SMPyPS | J9: TOTAL SMPyPS | K9: DIR. LAB. CENTRAL | L9: TOTAL DE LAB CENTRAL | M9: BCO DE SANGRE | N9: TOTAL BANCO DE SANGRE | O9: APS | P9: TOTAL A.P.S. | Q9: DIR DE CANCER | R9: TOTAL DE DIR DE CANCER | S9: FARMACIA | T9: TOTAL FARMACIA | U9: ODONTOLOGIA | V9: TOTAL DE ODONTOLOG | W9: SAME | X9: TOTAL SAME | Y9: UAI | Z9: TOTAL UAI | AA9: MATERNIDAD E INFANCIA | AB9: TOTAL MATERNIDAD E INFANCIA | AC9: SASP | AD9: TOTAL SASP | AE9: SALUD Y MEDIO AMBIENTE | AF9: TOTAL SALUD Y MEDIO AMBIENTE | AG9: VECTORES Y ZOONOSIS | AH9: TOTAL DE VECT Y ZOON | AI9: DISCAPACIDAD | AJ9: TOTAL DISCAPACIDAD | AK9: REG Y CONTROL EN SALUD | AL9: TOTAL REG Y CONTROL EN SALUD | AM9: SPyGS | AN9: TOTAL SPyGS | AO9: SALUD MENTAL | AP9: TOTAL SALUD MENTAL | AQ9: AREAS Y DPAS | AR9: TOTAL DPAS | AS9: EPIDEMIOLOGIA | AT9: TOTAL EPIDEMIOLOGIA | AU9: MS | AV9: TOTAL MS | AW9: SUMAR | AX9: TOTAL SUMAR | AY9: CANTIDAD TOTAL | AZ9: PRECIO UNITARIO ESTIMADO | BA9: IMPORTE TOTAL ESTIMADO | BB9: ESPECIFICACION TECNICA
A10: 1 | B10: 2.5.6-793.31 | C10: COMBUSTIBLES Y LUBRICANTES | D10: 2.5.6 | E10: GAS OIL; PRESENTACION: POR LITRO, USO: MOTORES DIESEL,COMERCIALIZACION: GRADO 3, DESTINO: DPTO. S.F.V. DE CATAMARCA | F10: LITROS | I10: 1400 | J10: =+I10*AZ10 -> 264600 | M10: 1200 | N10: =+M10*AZ10 -> 226800 | P10: =+O10*AZ10 -> 0 | R10: =+Q10*AZ10 -> 0 | U10: 2000 | V10: =+U10*AZ10 -> 378000 | W10: 15000 | X10: =+W10*AZ10 -> 2835000 | AA10: 3000 | AB10: =+AA10*AZ10 -> 567000 | AC10: 3500 | AD10: =+AC10*AZ10 -> 661500 | AE10: 1300 | AF10: =+AE10*AZ10 -> 245700 | AG10: 1200 | AH10: =+AG10*AZ10 -> 226800 | AI10: 800 | AJ10: =+AI10*AZ10 -> 151200 | AL10: =+AK10*AZ10 -> 0 | AM10: 2000 | AN10: =+AM10*AZ10 -> 378000 | AO10: 800 | AP10: =+AO10*AZ10 -> 151200 | AQ10: 80998 | AR10: =+AQ10*AZ10 -> 15308622 | AS10: 700 | AT10: =+AS10*AZ10 -> 132300 | AU10: 2100 | AV10: =+AU10*AZ10 -> 396900 | AW10: 400 | AX10: =+AW10*AZ10 -> 75600 | AY10: =+AQ10+AO10+AM10+AK10+AI10+AG10+AE10+AC10+AA10+Y10+W10+U10+S10+Q10+O10+M10+K10+I10+AS10+G10+AU10+AW10 -> 116398 | AZ10: 189 | BA10: =+AY10*AZ10 -> 21999222 | BB10: Se Entregarán Fraccionado bajo la forma de vales de 30 Lts. cada uno y cuando la cantidad adjudicada no permita la confección de dicho vale, para completar se emitirá uno por una cantidad menor hasta completar la cantidad solicitada
E11: TOTAL RUBRO COMBUSTIBLES | P11: =+O11*AZ11 -> 0 | BA11: =+SUM(BA10:BA10) -> 21999222
C14: ITEM 1
C15: DETALLE TECNICO Y ESPECIFICACIONES | D15: Se Entregarán Fraccionado bajo la forma de vales de 30 Lts. cada uno y cuando la cantidad adjudicada no permita la confección de dicho vale, para completar se emitirá uno por una cantidad menor hasta completar la cantidad solicitada
C17: SE ADJUNTA ANEXO CON LOS DOMINIOS Y MATRICULA DE LOS VEHICULOS PARA LOS QUE SE SOLICITA EL COMBUSTIBLE
C19: Plazos de entrega | D19: cinco (5) dias habiles
C21: Lugar de Entrega: | D21: SECRETARIA DE ADMINISTRACION - MS - CHACABUCO N° 169 - en el horario de 8:00hs a 12:00hs de lunes a viernes
C23: Calidad Minima esperada
C25: Mantenimiento | D25: cuarenta y cinco (45) días

Sheet ANEXO
A1: DIRECCION PROVINCIAL ASISTENCIA SANITARIA NIVEL I Y II
A3: Vehiculo | B3: Dominio | C3: Nº de Motor | D3: Nº Chasis | E3: Año
A4: TOYOTA HYLUX 4x4 CABINA DOBLE SR3.0 TDI. Camioneta.- | B4: OMA-771 | C4: 1KDA586508 | D4: 8AJFZZ263F5027841 | E4: 2015
A6: Area Programatica Nº1
A8: Vehiculo | B8: Dominio | C8: Nº de Motor | D8: Nº Chasis | E8: Año
A9: Renault Master - Ambulancia.- | B9: GEU-277 | C9: G9UA724C030714 | D9: 93YADCUE57J787157 | E9: 2007
A10: Renault Master- Ambulancia.- | B10: GUV-922 | C10: G9UA724C035587 | D10: 93YADCUE58J896449 | E10: 2008
A11: Renault Master-PH3 DCI 120 L1H2 Ambulancia.- | B11: KNI-753 | C11: G9UA754C268409 | D11: 93YADCUE6CJ897389 | E11: 2011
A12: Ford F-100 4x2 XL PLUS 3,9 D - Ambulacia.- | B12: ILC-099 | C12: 36071580 | D12: 9EFFF22C99B859146 | E12: 2010
A13: Renault Master PH3 DCI 120 L1H2 - Ambulancia.- | B13: LAD-136 | C13: G9UA754C270571 | D13: 93YADCUE6CJ969873 | E13: 2012
A14: Fiat Ducato. Ambulancia.- | B14: NHW-650 | C14: 7173538 | D14: 93W245G84D2112772 | E14: 2013
A15: Mercedez Benz Sprinter Furgon.- | B15: GWJ-779 | C15: 61198170074458 | D15: 8AC90036628A984192 | E15: 2008
A16: Renault Master MASTER PH3 DCI 120 - Ambulancia.- | B16: LAD-135 | C16: G9UA650C244170 | D16: 93YADC1E6CJ140233 | E16: 2012
A17: Renault Master DCI 120 - Ambulancia.- | B17: GJP-880 | C17: G9UA724C026899 | D17: 93YADCUH56J706159 | E17: 2007
A18: Chevrolet S-10. Camioneta.- | B18: GWJ-742 | C18: M1A304122 | D18: 9BG124AJ08C11312 | E18: 2008
A19: Chevrolet Zafira. Camioneta.- | B19: HUD-575 | C19: 1N0006130 | D19: 9BGTT75F09C131088 | E19: 2008
A20: Fiat Ducato Amxicargo 2,3 JTD. Ambulancia.- | B20: AA-842-EL | C20: 7250765 | D20: 93W245G84H2160838 | E20: 2016
A21: Fiat Ducato Amxicargo 2,3 JTD. Ambulancia.- | B21: AA-842-EI | C21: 7250728 | D21: 93W245G84H2160833 | E21: 2016
A22: Toyota Hilux 4x4 c/s DX 2,4 TDI M/T. Ambulancia | B22: AA-793-NE | C22: 2GD-0137533 | D22: 8AJFB8CB5H1550878 | E22: 2017
A23: Renault Master- Ambulancia.- | B23: AE-041-BD | C23: M9TB870C262154 | D23: 93YMAFESCLJ213469 | E23: 2020
A25: Area Programatica Nº2
A27: Vehiculo | B27: Dominio | C27: Nº de Motor | D27: Nº Chasis | E27: Año
A28: Fiat Ducato Maxi cargo 2,3 JTD Furgon. Ambulancia.- | B28: AA-842-EH | C28: 7250726 | D28: 93W245G84H2160832 | E28: 2016
A29: Fiat Ducato Maxi cargo 2,3 JTD Furgon. Ambulancia.- | B29: AA-842-EF | C29: 7250640 | D29: 93W245G84H2160831 | E29: 2016
A30: Fiat Ducato 2,3. Ambulancia.- | B30: NSE-229 | C30: 7166125 | D30: 93W245G74D2109008 | E30: 2014
A31: Renault Master DCI120. Ambulancia - | B31: GUO-325 | C31: G9UA7240035511 | D31: 93YADCUE58J896313 | E31: 2007
A32: Renault Master DCI120 - Ambulancia .- | B32: GJS-713 | C32: G9UA724C030282 | D32: 93YADCUE57J787718 | E32: 2007
A33: Fiat iveco Daily. Ambulancia.- | B33: S/P | C33: 37344067044 | D33: 93ZC4980158318123 | E33: 2005
A34: Ford Ranger XLC/C 4x4 2,8. Camioneta.- | B34: FYK-918 | C34: B61618215 | D34: 8AFER13FX4J326463 | E34: 2007
A36: Area Programatica Nº3
A38: Vehiculo | B38: Dominio | C38: Nº de Motor | D38: Nº Chasis | E38: Año
A39: Chevrolet S10 2,8 TDI - Camioneta.- | B39: GDD-914 | C39: M1A282868 | D39: 9BG138AJ07C413213 | E39: 2007
A40: Renautl Master 2,5 D - Ambulancia.- | B40: GJC-299 | C40: J9UA724C030522 | D40: 93YADCUE57J787225 | E40: 2007
A41: Fiat Ducato Maxi cargo 2,3. Ambulancia | B41: AA-702-MN | C41: 7251288 | D41: 93W245G74H2161118 | E41: 2016
A42: Ford Transit 2,2 L 125 T350 TA C/AA - Ambulancia.- | B42: MNW-258 | C42: CYRCDTT22471 | D42: WFOXXPTTFDTT22471 | E42: 2013
A43: Mercedez Benz Sprinter - Ambulancia.- | B43: DCA-098 | C43: 10520880 | D43: 8AC690311YA537631 | E43: 1998
A44: Chevrolet S10 2,8 T.I- Ambulancia.- | B44: ESH-451 | C44: 40704192268 | D44: 986124AC05C410447 | E44: 2014
A46: Area Programatica Nº 4
A48: Vehiculo | B48: Dominio | C48: Nº de Motor | D48: Nº Chasis | E48: Año
A49: Chevrolet S10 2,8 TDI SID 4x2 - Ambulancia.- | B49: GDD-918 | C49: M1A282927 | D49: 9BG1384J07C413214 | E49: 2007
A50: Renault Master DCI 120- Ambulancia.- | B50: GEU-279 | C50: G9UA724C030527 | D50: 93YADCUE7J787131 | E50: 2007
A51: Chevrolet S10 2,8 TDI - Ambulancia.- | B51: ESH-453 | C51: 40704192255 | D51: 9BG124ACOSC410400 | E51: 1999
A52: Mercedez Benz Sprinter - Ambulancia.- | B52: DCA-097 | C52: 632999105118976 | D52: 8AC690311 | E52: 2000
A53: Ford Transit Furgon - Ambulancia.- | B53: MNW-259 | C53: CYRCDTT23622 | D53: WF0XXPTTFDTT2362 | E53: 2013
A54: Fiat Ducato Maxicargo 2,3 JTD. Ambulancia.- | B54: AA-842-EG | C54: 7250638 | D54: 93W245G84H2160827 | E54: 2016
A55: Renault Master. Ambulancia.- | B55: AD-484-QZ | C55: A4MH737Q004131 | D55: 8A18SRD04KL428948 | E55: 2018
A56: Renault Master. Ambulancia.- | B56: AD-939-YG | C56: H4MH737Q013096 | D56: 8A18SRD04LL935267 | E56: 2018
A57: Toyota Hilux 4x4 CS DX 2,4 TDI 6 MT- Ambulancia.- | B57: AE-677-LK | C57: 2GD0900959 | D57: 8AJDB3CB5M5542258 | E57: 2021
A60: Area Programatica Nº5
A62: Vehiculo | B62: Dominio | C62: Nº de Motor | D62: Nº Chasis | E62: Año
A63: Fiat Ducato Ambulancia.- | B63: NHW-649 | C63: 7167190 | D63: 93W245G84D2109862 | E63: 2013
A64: Ford Transit 2,2 L Ambulancia.- | B64: MBW-831 | C64: CYRCCTC58021 | D64: WF0XXPTTFCTC5802 | E64: 2013
A65: Toyota Hilux. Ambulancia.- | B65: AA-793-NF | C65: 2GD-0106033 | D65: 8AJFB8CB2H1550532 | E65: 2016
A66: Fiat Ducato Ambulancia.- | B66: AA-842-EM | C66: 7250657 | D66: 93W245G84H2160779 | E66: 2016
A67: Iveco Daily - Ambulancia, Camion 3,5 Tn Modelo 4912-3300 | B67: QAC-895 | C67: 37344093481 | D67: 93ZC4980158319325 | E67: 2006
A68: Chevrolet S10 - Ambulancia.- | B68: ESH-452 | C68: 40704192455 | D68: 9BG124AC05C410604 | E68: 2004
A69: Toyota Hilux 4x4 CS DX 2,4 TDI 6 MT- Ambulancia.- | B69: AE-677-LJ | C69: 2GD0875349 | D69: 8SJDB3CB2M5542069 | E69: 2021
A72: Area Programatica Nº6
A74: Vehiculo | B74: Dominio | C74: Nº de Motor | D74: Nº Chasis | E74: Año
A75: Renault Master 2,5 DCI Furgon corto. Ambulancia.- | B75: LOI-294 | C75: 69VA650C248593 | D75: 93YADCIE6DJ286241 | E75: 2012
A76: Fiat Ducato Maxicargo 2,3 JTD. Ambulancia.- | B76: AA-842-EJ | C76: 7250764 | D76: 93W245G84H2160835 | E76: 2016
A77: Fiat Ducato Maxicargo 2,3 JTD. Ambulancia.- | B77: AA-842-ED | C77: 7250709 | D77: 93W245G84H2160784 | E77: 2016
A78: Toyota Hilux 4X4 Pick-Up. Ambulancia.- | B78: AE-454-BB | C78: 2GD-0753775 | D78: 8AJFB8CB9L1560130 | E78: 2020
A79: Toyota Hilux 4X4 Pick-Up. Ambulancia.- | B79: AE-454-BA | C79: 2GD-0756654 | D79: 8AJFB8CB2L1560177 | E79: 2020
A82: Area Programatica Nº7
A84: Vehiculo | B84: Dominio | C84: Nº de Motor | D84: Nº Chasis | E84: Año
A85: Nissan Patrol - Ambulancia.- | B85: S/P | C85: RD280716B | D85: VSKAYG260U0594208 | E85: 1997
A86: Ford Ranger - Ambulancia | B86: MNW-255 | C86: QW2PDJ102410 | D86: 8AFAR21J4DJ102410 | E86: 2013
A87: Fiat Ducato Maxi Cargo - Ambulancia | B87: NHW-647 | C87: 7167101 | D87: 93W245G84D1209434 | E87: 2013
A88: Renault Master 2,5 DCI - Ambulancia.- | B88: GUO-331 | C88: G9UA724C035717 | D88: 93YADCUE58J896363 | E88: 2007
A89: Toyota Hilux - Ambulancia | B89: LBA-309 | C89: KC5639076 | D89: 8AJCR2267C4017192 | E89: 2012
A90: Fiat Ducato Maxi Cargo 2,3 JPA- Ambulancia | B90: NYS-581 | C90: 7187302 | D90: 93W245674EZ120871 | E90: 2014
A91: Fiat Ducato Maxi Cargo 2,3 JTD- Ambulancia | B91: AA-842-EB | C91: 7250706 | D91: 93W245G84H2160819 | E91: 2016
A92: Fiat Ducato Maxi Cargo 2,3 JTD- Ambulancia | B92: AA-842-EC | C92: 7250703 | D92: 93W245G84H2160823 | E92: 2016
A93: Toyota Hilux 4X4 Pick-Up. Ambulancia.- | B93: AE-454-BC | C93: 2GD-0754623 | D93: 8AJFB8CBXL1560170 | E93: 2020
A94: Peugeot Boxer Premiun 2.2 HDI 435MH 130. Ambulancia.- | B94: E/T | C94: 10TRJN3381337 | D94: VF3YDTMFBM2P20555 | E94: 2020
A97: Area Programatica Nº8
A99: Vehiculo | B99: Dominio | C99: Nº de Motor | D99: Nº Chasis | E99: Año
A100: Fiat Ducato Maxicargo L2B 2,3 TJ. Ambulancia.- | B100: NHW-648 | C100: 7167125 | D100: 93W245G84D2109432 | E100: 2014
A101: Reanult Master Ambulancia.- | B101: NXE-335 | C101: M9TA876C016101 | D101: 93YMAFECAEJ262720 | E101: 2014
A102: Renault Kangoo 1,6. Camioneta- | B102: PEX-160 | C102: K4MJ730Q160389 | D102: 8A1FC1315GL915416 | E102: 2015
A103: Fiat Ducato Maxicargo L2B 2,3 TJ. Ambulancia.- | B103: AA-842-EE | C103: 7250752 | D103: 96W245G84H2160826 | E103: 2016
A104: Fiat Ducato Maxicargo L4H2. Ambulancia | B104: AD-964-PG | C104: F1AE3481D7279698 | D104: 3C6DFVDK9KE510986 | E104: 2019
A107: Area Programatica Nº9
A109: Vehiculo | B109: Dominio | C109: Nº de Motor | D109: Nº Chasis | E109: Año
A110: Ford Ranger CS 4x4 XL PLUS 2,8L D- Ambulancia.- | B110: FKA-420 | C110: C35191571 | D110: 8AFER11H86J457138 | E110: 2007
A111: Fiat Ducato - Ambulancia.- | B111: E/T | C111: A236NZ2T16482713 | D111: 93W231F6031011212 | E111: 2003
A112: Fiat Ducato-Ambulancia.- | B112: MPH-695 | C112: 7155140 | D112: 93W245G84D2102211 | E112: 2013
A113: Ford Transit- Ambulancia.- | B113: POD-622 | C113: CY24FTD15384 | D113: WF0BXKTTGFTD15384 | E113: 2016
A114: Ford Ranger CS 4x4 XL PLUS 2,8 L D- Ambulancia.- | B114: FKA-417 | C114: C35191955 | D114: 8AFER11H06J457148 | E114: 2006
A115: Toyota Hilux 4x4- Ambulancia.- | B115: AA-793-NH | C115: 2GD0106226 | D115: BAJFBBCB1H155 | E115: 2017
A116: Toyota Hilux 4x4 CS DX 2,4 TDI 6 MT- Ambulancia.- | B116: AE-677-LI | C116: 2GD0883798 | D116: 8AJD3CB4M5542249 | E116: 2021
A117: Toyota Hilux 4X4 Pick-Up. Ambulancia.- | B117: AE-414-KY | C117: 2GD-0711512 | D117: 8AJFB8CB2L1560244 | E117: 2020
A119: Area Programatica Nº10
A121: Vehiculo | B121: Dominio | C121: Nº de Motor | D121: Nº Chasis | E121: Año
A122: Renault Master TDI 2,8 L1H1 - Ambulancia.- | B122: MPD-320 | C122: G9UA650C26371 | D122: 93YADC1D6DJ54222 | E122: 2013
A123: Ford Transit 2,2 L 125 T 350. Furgon Ambulancia.- | B123: MBW-830 | C123: CYRCCTC58015 | D123: WF0XXPTTCTC58015 | E123: 2013
A124: M. Benz 415 CDIF3665. Ambulancia.- | B124: AA-683-ZG | C124: 651955W0056914 | D124: 8ac906633ge118977 | E124: 2016
A125: Ford F-100 - Ambulancia.- | B125: E/T | C125: 5KAR20702 | D125: 8AFETNL23SJ001415 | E125: 1995
A126: Ford F-100 4x4. Ambulancia.- | B126: E/T | C126: 4025419 | D126: 9BFBTPJCXUDB0759 | E126: 1997
...

Sheet NP
A1: NOTA DE PEDIDO | J1: N° | K1: XX/2022
A3: JURISDICCIÓN: | D3: ='SAF 011'!C4 -> 040 - MINISTERIO DE SALUD
A4: SAF: | D4: ='SAF 011'!C5 -> 011 - DIRECCION PROVINCIAL DE ADMINISTRACION - MINISTERIO DE SALUD
A5: UNIDAD EJECUTORA: | D5: 352 - MINISTERIO DE SALUD
A6: DEPENDENCIA SOLICITANTE: | D6: 352 - MINISTERIO DE SALUD
A7: PERIODO UTILIZACIÓN: | D7: 3° TRIMESTRE 2022
A8: OBJETO: | D8: ADQ. DEL RUBRO COMBUSTIBLE (GAS OIL) PARA LAS DEPENDENCIAS DEL MINISTERIO DE SALUD
A10: Ítem | B10: Codigo Item | C10: DESCRIPCIÓN | H10: Adjunta Detalle Técnico | I10: Unidad Medida | J10: Precio Unitario Estimado | K10: Cantidad Solicitada
A12: 1 | B12: ='SAF 011'!B10 -> 2.5.6-793.31 | C12: ='SAF 011'!E10 -> GAS OIL; PRESENTACION: POR LITRO, USO: MOTORES DIESEL,COMERCIALIZACION: GRADO 3, DESTINO: DPTO. S.F.V. DE CATAMARCA | H12: SI | I12: ='SAF 011'!F10 -> LITROS | J12: ='SAF 011'!AZ10 -> 189 | K12: ='SAF 011'!AY10 -> 116398
A14: Costo total estimado: PESOS VEINTIUN MILLONES NOVECIENTOS NOVENTA Y NUEVE MIL DOSCIENTOS VEINTIDOS CON 00/100.- | J14: =+J12*K12 -> 21999222

Sheet APG
A1: EJERCICIO: | D1: 2022 | P1: AUTORIZACION PARA GASTAR
A4: JURISDICCIÓN: | G4: =NP!D3 -> 040 - MINISTERIO DE SALUD
A5: SAF: | G5: =NP!D4 -> 011 - DIRECCION PROVINCIAL DE ADMINISTRACION - MINISTERIO DE SALUD
A6: UNIDAD EJECUTORA: | G6: =NP!D5 -> 352 - MINISTERIO DE SALUD
A7: DEPENDENCIA SOLICITANTE: | G7: =NP!D6 -> 352 - MINISTERIO DE SALUD
A8: AUTORIZACIÓN:
A9: Señor Director de Administración o Titular del Servicio Administrativo Financiero:
A10: Autorizo la realización de los trámites correspondientes, a fin de proveer a este Organismo los bienes que se detallan en Nota de Pedido N° XX/2022 , afectando la erogación resultante a los créditos presupuestarios aprobados a favor de esta Unidad Ejecutora, conforme al siguiente detalle:
A12: IMPUTACIÓN PRESUPUESTARIA
A13: CÓDIGO | O13: DENOMINACIÓN DE LA PARTIDA PRESUPUESTARIA | Q13: IMPORTE
A14: PR | B14: SB | C14: PY | D14: AC | E14: OB | F14: UG | G14: FIN | H14: FUN | I14: I | J14: P | K14: P | L14: SubP | M14: M | N14: FF
A15: 1 | D15: 1 | F15: 4901 | G15: 3 | H15: 1 | I15: 2 | J15: 5 | K15: 6 | M15: 1 | N15: 1.1 | O15: COMBUSTIBLES Y LURBICANTES | Q15: =NP!J14 -> 21999222
A38: TOTAL DE PESOS: VEINTIUN MILLONES NOVECIENTOS NOVENTA Y NUEVE MIL DOSCIENTOS VEINTIDOS CON 00/100.- | Q38: =SUM(Q15:Q37) -> 21999222
A40: JUSTIFICACIÓN:
A41: =NP!D8 -> ADQ. DEL RUBRO COMBUSTIBLE (GAS OIL) PARA LAS DEPENDENCIAS DEL MINISTERIO DE SALUD
