Workbook

Sheet Necesidades Trimestrales
B2: Pedido de Necesidades Trimestrales
A4: JURISDICCION: | C4: 040 - Ministerio de Salud
A5: SAF N°: | C5: 024 - Hospital Interzonal de Niños
A6: EJERCICIO: | C6: 2022
A7: TRIMESTRE: | C7: 1
A9: ID | B9: CODIGO ITEM | C9: RUBRO DE COMPRA | D9: I.P.P. | E9: DESCRIPCION | F9: UNIDAD DE MEDIDA | G9: CANTIDAD | H9: PRECIO UNITARIO ESTIMADO | I9: IMPORTE TOTAL ESTIMADO
A10: 1 | C10: PROD. MEDICO/ FARMACEUTICOS/LAB | D10: 295 | E10: HILO DE SUTURA MONOFILAMENTO 2-0 TIPO ETHICON 164T C/AGUJA X UNIDAD | F10: UNIDAD | G10: 648 | H10: 240 | I10: =+G10*H10 -> 155520
A11: 2 | C11: PROD. MEDICO/ FARMACEUTICOS/LAB | D11: 295 | E11: HILO DE SUTURA MONOFILAMENTO 3-0 163T C/AGUJA X UNIDAD | F11: UNIDAD | G11: 648 | H11: 240 | I11: =+G11*H11 -> 155520
A12: 3 | C12: PROD. MEDICO/ FARMACEUTICOS/LAB | D12: 295 | E12: HILO DE SUTURA MONOFILAMENTO 4-0 AGUJA PS-1 3/8 CIRC 24 MM X UNIDAD | F12: UNIDAD | G12: 648 | H12: 240 | I12: =+G12*H12 -> 155520
A13: 4 | C13: PROD. MEDICO/ FARMACEUTICOS/LAB | D13: 295 | E13: HILO DE SUTURA SEDA 2-0 TIPO ETHICON COD K 833 H X UNIDAD | F13: UNIDAD | G13: 648 | H13: 307 | I13: =+G13*H13 -> 198936
A14: 5 | C14: PROD. MEDICO/ FARMACEUTICOS/LAB | D14: 295 | E14: HILO DE SUTURA SEDA QUIRUR.NEG./TRENZ 3-0 TIPO ETHICON K 832 H X UNIDAD | F14: UNIDAD | G14: 648 | H14: 307 | I14: =+G14*H14 -> 198936
A15: 6 | C15: PROD. MEDICO/ FARMACEUTICOS/LAB | D15: 295 | E15: SUT.N/ABS.MONONYLON 4-0 TIPO DAFILON BRAUN COD OFTAL. 0936103 X 1 UNID. | F15: UNIDAD | G15: 648 | H15: 245 | I15: =+G15*H15 -> 158760
A16: 7 | C16: PROD. MEDICO/ FARMACEUTICOS/LAB | D16: 295 | E16: SUT.N/ABS.MONONYLON 5/0 TIPO DAFILON BRAUN COD OFTAL. 0936090 X 1 UNID. | F16: UNIDAD | G16: 648 | H16: 245 | I16: =+G16*H16 -> 158760
A17: 8 | C17: PROD. MEDICO/ FARMACEUTICOS/LAB | D17: 295 | E17: SUT.N/ABS.MONONYLON 6-0 TIPO DAFILON BRAUN COD OFTAL. 0936081 X 1 UNID. | F17: UNIDAD | G17: 648 | H17: 245 | I17: =+G17*H17 -> 158760
A18: 9 | C18: PROD. MEDICO/ FARMACEUTICOS/LAB | D18: 295 | E18: SUT.N/ABS.MONONYLON 10-0 (OFTAL.)tipo TAGUN CODIGO NN06VZF*X 1 UNID. | F18: UNIDAD | G18: 108 | H18: 245 | I18: =+G18*H18 -> 26460
A19: 10 | C19: PROD. MEDICO/ FARMACEUTICOS/LAB | D19: 295 | E19: SUTURA ANTIBACTERIAL ABSORBIBLE POLIACTINA 25 TIPO MONOCRYL PLUS 5-0 CON AGUJA COD MCP 493 G X UNIDAD | F19: UNIDAD | G19: 108 | H19: 380 | I19: =+G19*H19 -> 41040
A20: 11 | C20: PROD. MEDICO/ FARMACEUTICOS/LAB | D20: 295 | E20: SUTURA ANTIBACTERIAL ABSORBIBLE POLIACTINA 25 TIPO MONOCRYL PLUS 4-0 CON AGUJA COD MCP 496 G X UNIDAD | F20: UNIDAD | G20: 108 | H20: 380 | I20: =+G20*H20 -> 41040
A21: 12 | C21: PROD. MEDICO/ FARMACEUTICOS/LAB | D21: 295 | E21: SUTURA ANTIBACTERIAL ABSORBIBLE POLIACTINA 25 TIPO MONOCRYL PLUS 3-0 CON AGUJA COD MCP 936 H X UNIDAD | F21: UNIDAD | G21: 108 | H21: 380 | I21: =+G21*H21 -> 41040
... A57: 48 | C57: PROD. MEDICO/ FARMACEUTICOS/LAB | D57: 295 | E57: SUTURA QUIRURGICA ACIDO POLIGLICOLICO ABSORBIBLE TIPO VICRYL 2 W9246 POR UNIDAD | F57: UNIDAD | G57: 180 | H57: 444 | I57: =+G57*H57 -> 79920
B59: Plazos y lugares de entrega
B60: Lugar de Entrega: SERVICIO DE FARMACIA -HOSPITAL INT. DE NIÑOS – AV. VIRGEN DEL VALLE N° 1050-CATAMARCA DE 8:00 A 12:00HS., DEBIENDO CORRER LOS GASTOS DE FLETES, ACARREO, CARGA, DESCARGA Y SEGURO A CARGO DEL ADJUDICATARIO.
B62: Plazo de entrega: Dentro de los diez (10) días habiles de notificada la Orden de Compra
B63: Mantenimiento: 45 dias habiles
B65: Especificidades Item N° 2:
B66: Descripción técnica
B67: TIPO MONONYLON 3/0 CON AGUJA CURVA

Sheet  NotaPedido
A1: NOTA DE PEDIDO | J1: N° | K1: 011/2022
A3: JURISDICCIÓN: | D3: ='Necesidades Trimestrales'!C4 -> 040 - Ministerio de Salud
A4: SAF: | D4: ='Necesidades Trimestrales'!C5 -> 024 - Hospital Interzonal de Niños
A5: UNIDAD EJECUTORA: | D5: 024 - Hospital Interzonal de Niños
A6: DEPENDENCIA SOLICITANTE: | D6: Servicio de Farmacia
A7: PERIODO UTILIZACIÓN: | D7: Anual
A8: OBJETO: | D8: Suturas
A10: Ítem | B10: Codigo Item | C10: DESCRIPCIÓN | H10: Adjunta Detalle Técnico | I10: Unidad Medida | J10: Precio Unitario Estimado | K10: Cantidad Solicitada
A12: 1 | C12: ='Necesidades Trimestrales'!E10 -> HILO DE SUTURA MONOFILAMENTO 2-0 TIPO ETHICON 164T C/AGUJA X UNIDAD | H12: NO | I12: ='Necesidades Trimestrales'!F10 -> UNIDAD | J12: ='Necesidades Trimestrales'!H10 -> 240 | K12: ='Necesidades Trimestrales'!G10 -> 648
A13: 2 | C13: ='Necesidades Trimestrales'!E11 -> HILO DE SUTURA MONOFILAMENTO 3-0 163T C/AGUJA X UNIDAD | H13: NO | I13: ='Necesidades Trimestrales'!F11 -> UNIDAD | J13: ='Necesidades Trimestrales'!H11 -> 240 | K13: ='Necesidades Trimestrales'!G11 -> 648
A14: 3 | C14: ='Necesidades Trimestrales'!E12 -> HILO DE SUTURA MONOFILAMENTO 4-0 AGUJA PS-1 3/8 CIRC 24 MM X UNIDAD | H14: NO | I14: ='Necesidades Trimestrales'!F12 -> UNIDAD | J14: ='Necesidades Trimestrales'!H12 -> 240 | K14: ='Necesidades Trimestrales'!G12 -> 648
A15: 4 | C15: ='Necesidades Trimestrales'!E13 -> HILO DE SUTURA SEDA 2-0 TIPO ETHICON COD K 833 H X UNIDAD | H15: NO | I15: ='Necesidades Trimestrales'!F13 -> UNIDAD | J15: ='Necesidades Trimestrales'!H13 -> 307 | K15: ='Necesidades Trimestrales'!G13 -> 648
A16: 5 | C16: ='Necesidades Trimestrales'!E14 -> HILO DE SUTURA SEDA QUIRUR.NEG./TRENZ 3-0 TIPO ETHICON K 832 H X UNIDAD | H16: NO | I16: ='Necesidades Trimestrales'!F14 -> UNIDAD | J16: ='Necesidades Trimestrales'!H14 -> 307 | K16: ='Necesidades Trimestrales'!G14 -> 648
A17: 6 | C17: ='Necesidades Trimestrales'!E15 -> SUT.N/ABS.MONONYLON 4-0 TIPO DAFILON BRAUN COD OFTAL. 0936103 X 1 UNID. | H17: NO | I17: ='Necesidades Trimestrales'!F15 -> UNIDAD | J17: ='Necesidades Trimestrales'!H15 -> 245 | K17: ='Necesidades Trimestrales'!G15 -> 648
A18: 7 | C18: ='Necesidades Trimestrales'!E16 -> SUT.N/ABS.MONONYLON 5/0 TIPO DAFILON BRAUN COD OFTAL. 0936090 X 1 UNID. | H18: NO | I18: ='Necesidades Trimestrales'!F16 -> UNIDAD | J18: ='Necesidades Trimestrales'!H16 -> 245 | K18: ='Necesidades Trimestrales'!G16 -> 648
A19: 8 | C19: ='Necesidades Trimestrales'!E17 -> SUT.N/ABS.MONONYLON 6-0 TIPO DAFILON BRAUN COD OFTAL. 0936081 X 1 UNID. | H19: NO | I19: ='Necesidades Trimestrales'!F17 -> UNIDAD | J19: ='Necesidades Trimestrales'!H17 -> 245 | K19: ='Necesidades Trimestrales'!G17 -> 648
A20: 9 | C20: ='Necesidades Trimestrales'!E18 -> SUT.N/ABS.MONONYLON 10-0 (OFTAL.)tipo TAGUN CODIGO NN06VZF*X 1 UNID. | H20: NO | I20: ='Necesidades Trimestrales'!F18 -> UNIDAD | J20: ='Necesidades Trimestrales'!H18 -> 245 | K20: ='Necesidades Trimestrales'!G18 -> 108
A21: 10 | C21: ='Necesidades Trimestrales'!E19 -> SUTURA ANTIBACTERIAL ABSORBIBLE POLIACTINA 25 TIPO MONOCRYL PLUS 5-0 CON AGUJA COD MCP 493 G X UNIDAD | H21: NO | I21: ='Necesidades Trimestrales'!F19 -> UNIDAD | J21: ='Necesidades Trimestrales'!H19 -> 380 | K21: ='Necesidades Trimestrales'!G19 -> 108
A22: 11 | C22: ='Necesidades Trimestrales'!E20 -> SUTURA ANTIBACTERIAL ABSORBIBLE POLIACTINA 25 TIPO MONOCRYL PLUS 4-0 CON AGUJA COD MCP 496 G X UNIDAD | H22: NO | I22: ='Necesidades Trimestrales'!F20 -> UNIDAD | J22: ='Necesidades Trimestrales'!H20 -> 380 | K22: ='Necesidades Trimestrales'!G20 -> 108
A23: 12 | C23: ='Necesidades Trimestrales'!E21 -> SUTURA ANTIBACTERIAL ABSORBIBLE POLIACTINA 25 TIPO MONOCRYL PLUS 3-0 CON AGUJA COD MCP 936 H X UNIDAD | H23: NO | I23: ='Necesidades Trimestrales'!F21 -> UNIDAD | J23: ='Necesidades Trimestrales'!H21 -> 380 | K23: ='Necesidades Trimestrales'!G21 -> 108
... A59: 48 | C59: ='Necesidades Trimestrales'!E57 -> SUTURA QUIRURGICA ACIDO POLIGLICOLICO ABSORBIBLE TIPO VICRYL 2 W9246 POR UNIDAD | H59: NO | I59: ='Necesidades Trimestrales'!F57 -> UNIDAD | J59: ='Necesidades Trimestrales'!H57 -> 444 | K59: ='Necesidades Trimestrales'!G57 -> 180
A60: Costo total estimado: Cinco Millones Novecientos Once Mil trescientos cuarenta y cuatro Con 00/100. | J60: =SUMPRODUCT(J12:J59,K12:K59) -> 5911344

Sheet Autor Gastar
A1: EJERCICIO: | D1: ='Necesidades Trimestrales'!C6 -> 2022 | P1: AUTORIZACION PARA GASTAR
A4: JURISDICCIÓN: | G4: =' NotaPedido'!D3 -> 040 - Ministerio de Salud
A5: SAF: | G5: =' NotaPedido'!D4 -> 024 - Hospital Interzonal de Niños
A6: UNIDAD EJECUTORA: | G6: =' NotaPedido'!D5 -> 024 - Hospital Interzonal de Niños
A7: DEPENDENCIA SOLICITANTE: | G7: Servicio de Farmacia
A8: AUTORIZACIÓN:
A9: Señor Jefe de Servicio Administrativo Financiero:
A10: ="Autorizo la realización de los trámites correspondientes, a fin de proveer a este Organismo los bienes y/o servicios que se detallan en Nota de Pedido N° " & ' NotaPedido'!K1&", afectando la erogación resultante a los créditos presupuestarios aprobados a favor de esta Unidad Ejecutora, conforme al siguiente detalle:" -> Autorizo la realización de los trámites correspondientes, a fin de proveer a este Organismo los bienes y/o servicios que se detallan en Nota de Pedido N° 011/2022, afectando la erogación resultante a los créditos presupuestarios aprobados a favor de esta Unidad Ejecutora, conforme al siguiente detalle:
A12: IMPUTACIÓN PRESUPUESTARIA
A13: CÓDIGO | O13: DENOMINACIÓN DE LA PARTIDA PRESUPUESTARIA | Q13: IMPORTE
A14: PR | B14: SB | C14: PY | D14: AC | E14: OB | F14: UG | G14: FIN | H14: FUN | I14: I | J14: P | K14: P | L14: SubP | M14: M | N14: FF
A15: 36 | D15: 1 | F15: 4901 | G15: 3 | H15: 310 | I15: 2 | J15: 9 | K15: 5 | M15: 1 | N15: 1.1 | O15: UTILES MENORES MEDICO, QUIRURGICO Y DE LABORATORIO | Q15: 5911344
A21: TOTAL DE PESOS: Cinco Millones Novecientos Once Mil trescientos cuarenta y cuatro Con 00/100. | Q21: =SUM(Q15:Q20) -> 5911344
A23: JUSTIFICACIÓN:
A24: Para la adquisición de Suturas destinadas al Servicio de Farmacia del Hospital Interzonal de Niños Eva Peron, para el normal funcionamiento del organismo.
