Workbook

Sheet SAF 011
A1: 2022
B2: Pedido de Necesidades Trimestrales
A4: JURISDICCION: | C4: 040 - MINISTERIO DE SALUD
A5: SAF N°: | C5: 011 - DIRECCION PROVINCIAL DE ADMINISTRACION - MINISTERIO DE SALUD
A6: EJERCICIO: | C6: 2022
A7: TRIMESTRE: | C7: TERCERO
A9: ID | B9: CODIGO ITEM | C9: RUBRO DE COMPRA | D9: I.P.P. | E9: DESCRIPCION | F9: UNIDAD DE MEDIDA | G9: SECRETARIA DE ADMINISTRACION | H9: TOTAL S.A. | I9: SMPyPS | J9: TOTAL SMPyPS | K9: DIR. LAB. CENTRAL | L9: TOTAL DE LAB CENTRAL | M9: BCO DE SANGRE | N9: TOTAL BANCO DE SANGRE | O9: APS | P9: TOTAL A.P.S. | Q9: DIR DE CANCER | R9: TOTAL DE DIR DE CANCER | S9: FARMACIA | T9: TOTAL FARMACIA | U9: ODONTOLOGIA | V9: TOTAL DE ODONTOLOG | W9: SAME | X9: TOTAL SAME | Y9: UAI | Z9: TOTAL UAI | AA9: MATERNIDAD E INFANCIA | AB9: TOTAL MATERNIDAD E INFANCIA | AC9: SASP | AD9: TOTAL SASP | AE9: SALUD Y MEDIO AMBIENTE | AF9: TOTAL SALUD Y MEDIO AMBIENTE | AG9: VECTORES Y ZOONOSIS | AH9: TOTAL DE VECT Y ZOON | AI9: DISCAPACIDAD | AJ9: TOTAL DISCAPACIDAD | AK9: REG Y CONTROL EN SALUD | AL9: TOTAL REG Y CONTROL EN SALUD | AM9: SPyGS | AN9: TOTAL SPyGS | AO9: SALUD MENTAL | AP9: TOTAL SALUD MENTAL | AQ9: AREAS Y DPAS | AR9: TOTAL DPAS | AS9: EPIDEMIOLOGIA | AT9: TOTAL EPIDEMIOLOGIA | AU9: MS | AV9: TOTAL MS | AW9: SUMAR | AX9: TOTAL SUMAR | AY9: CANTIDAD TOTAL | AZ9: PRECIO UNITARIO ESTIMADO | BA9: IMPORTE TOTAL ESTIMADO | BB9: ESPECIFICACION TECNICA
A10: 1 | B10: 2.5.1-9018.8 | C10: QUIMICOS | D10: 251 | E10: GASES; COMPUESTO QUIMICO: OXIGENO, CALIDAD: MEDICINAL, PRESENTACION: TUBO X 6 M3 | F10: M3 | W10: 550 | X10: =+W10*AZ10 -> 247500 | AQ10: 7158 | AR10: =+AQ10*AZ10 -> 3221100 | AY10: =+AQ10+AO10+AM10+AK10+AI10+AG10+AE10+AC10+AA10+Y10+W10+U10+S10+Q10+O10+M10+K10+I10+AS10+G10+AU10+AW10 -> 7708 | AZ10: 450 | BA10: =+AY10*AZ10 -> 3468600
E11: TOTAL DEL RUBRO OXIGENO MEDICINAL | BA11: =+BA10 -> 3468600
C14: DETALLE TECNICO Y ESPECIFICACIONES | D14: ANEXO
D15: OXIGENO EN FORMA LÍQUIDA: en recipientes cilíndricos del tipo criogénico. Las conexiones de salida de las válvulas deben garantizar su inviolabilidad.
D16: EXIGENCIAS GENERALES ROTULADO: el rotulo del envase de los gases medicinales deberá contar con los siguientes datos:
D17: ·cruz griega color verde que identifica a los gases medicinales
D18: ·nombre genérico del gas que contiene
D19: ·N.º de certificado otorgado por la autoridad sanitaria
D20: ·Composición
D21: ·Especificaciones técnicas (contenido y presión)
D22: ·Identificación de la empresa titular y del fabricante
D23: ·Numero de lote
D24: ·Nombre y matricula del director técnico
D25: ·Fechas de llenado y vencimiento
D26: ·Condiciones de almacenamiento
... D31: HABILITACION SANITARIA CORRESPONDIENTE PARA EL CASO DE SER FABRICANTE (CERTIFICADO DE ANMAT), DISTRIBUIDOR OFERENTES PROVINCIALES (HABILITACION SANITARIA PROVINCIAL ), DISTRIBUIDOR OFERENTES NO PROVINCIALES CERTIFICADO DE ANMAR)
C33: Plazos de entrega | D33: diez (10) dias habiles
C35: Lugar de Entrega: | D35: -550 M3 EN LA DIR. PROV. DE SAME - CASEROS N° 864 - en el horario de 8:00hs a 12:00hs de lunes a viernes
D36: -7158 M3 EN LA DIR. PROV. DE ASISTENCIA SANITARIA NIVEL I Y II - CHACABUCO N° 169 - en el horario de 8:00hs a 12:00hs de lunes a viernes
C38: Calidad Minima esperada
C40: Mantenimiento | D40: cuarenta y cinco (45) días

Sheet NP SAME
A1: NOTA DE PEDIDO | J1: N° | K1: 17/2022
A3: JURISDICCIÓN: | D3: ='SAF 011'!C4 -> 040 - MINISTERIO DE SALUD
A4: SAF: | D4: ='SAF 011'!C5 -> 011 - DIRECCION PROVINCIAL DE ADMINISTRACION - MINISTERIO DE SALUD
A5: UNIDAD EJECUTORA: | D5: DIRECCION PROVINCIAL SISTEMA DE ATENCION MEDICA DE EMERGENCIA
A6: DEPENDENCIA SOLICITANTE: | D6: DIRECCION PROVINCIAL SISTEMA DE ATENCION MEDICA DE EMERGENCIA
A7: PERIODO UTILIZACIÓN: | D7: 3° TRIMESTRE 2022
A8: OBJETO: | D8: ADQ. DEL RUBRO OXIGENO MEDICINAL
A10: Ítem | B10: Codigo Item | C10: DESCRIPCIÓN | H10: Adjunta Detalle Técnico | I10: Unidad Medida | J10: Precio Unitario Estimado | K10: Cantidad Solicitada
A12: 1 | B12: ='SAF 011'!B10 -> 2.5.1-9018.8 | C12: ='SAF 011'!E10 -> GASES; COMPUESTO QUIMICO: OXIGENO, CALIDAD: MEDICINAL, PRESENTACION: TUBO X 6 M3 | H12: SI | I12: ='SAF 011'!F10 -> M3 | J12: ='SAF 011'!AZ10 -> 450 | K12: ='SAF 011'!W10 -> 550
A14: Costo total estimado: PESOS DOSCIENTOS CUARENTA Y SIETE MIL QUINIENTOS CON 00/100.- | J14: =+J12*K12 -> 247500

Sheet APG SAME
A1: EJERCICIO: | D1: 2022 | P1: AUTORIZACION PARA GASTAR
A4: JURISDICCIÓN: | G4: ='NP SAME'!D3 -> 040 - MINISTERIO DE SALUD
A5: SAF: | G5: ='NP SAME'!D4 -> 011 - DIRECCION PROVINCIAL DE ADMINISTRACION - MINISTERIO DE SALUD
A6: UNIDAD EJECUTORA: | G6: ='NP SAME'!D5 -> DIRECCION PROVINCIAL SISTEMA DE ATENCION MEDICA DE EMERGENCIA
A7: DEPENDENCIA SOLICITANTE: | G7: ='NP SAME'!D6 -> DIRECCION PROVINCIAL SISTEMA DE ATENCION MEDICA DE EMERGENCIA
A8: AUTORIZACIÓN:
A9: Señor Director de Administración o Titular del Servicio Administrativo Financiero:
A10: Autorizo la realización de los trámites correspondientes, a fin de proveer a este Organismo los bienes que se detallan en Nota de Pedido N° 17/2022, afectando la erogación resultante a los créditos presupuestarios aprobados a favor de esta Unidad Ejecutora, conforme al siguiente detalle:
A12: IMPUTACIÓN PRESUPUESTARIA
A13: CÓDIGO | O13: DENOMINACIÓN DE LA PARTIDA PRESUPUESTARIA | Q13: IMPORTE
A14: PR | B14: SB | C14: PY | D14: AC | E14: OB | F14: UG | G14: FIN | H14: FUN | I14: I | J14: P | K14: P | L14: SubP | M14: M | N14: FF
A15: 31 | D15: 1 | F15: 4901 | G15: 3 | H15: 1 | I15: 2 | J15: 5 | K15: 1 | M15: 1 | N15: 1.1 | O15: COMPUESTOS QUIMICOS | Q15: ='NP SAME'!J14 -> 247500
A38: TOTAL DE PESOS: DOSCIENTOS CUARENTA Y SIETE MIL QUINIENTOS CON 00/100.- | Q38: =SUM(Q15:Q37) -> 247500
A40: JUSTIFICACIÓN:
A41: ='NP SAME'!D8 -> ADQ. DEL RUBRO OXIGENO MEDICINAL

Sheet NP DPAS
A1: NOTA DE PEDIDO | J1: N° | K1: 04/2022
A3: JURISDICCIÓN: | D3: ='SAF 011'!C4 -> 040 - MINISTERIO DE SALUD
A4: SAF: | D4: ='SAF 011'!C5 -> 011 - DIRECCION PROVINCIAL DE ADMINISTRACION - MINISTERIO DE SALUD
A5: UNIDAD EJECUTORA: | D5: DIRECCION PROVINCIAL DE ASISTENCIA SANITARIA NIVEL I Y II
A6: DEPENDENCIA SOLICITANTE: | D6: DIRECCION PROVINCIAL DE ASISTENCIA SANITARIA NIVEL I Y II
A7: PERIODO UTILIZACIÓN: | D7: 3° TRIMESTRE 2022
A8: OBJETO: | D8: ADQ. DEL RUBRO OXIGENO MEDICINAL
A10: Ítem | B10: Codigo Item | C10: DESCRIPCIÓN | H10: Adjunta Detalle Técnico | I10: Unidad Medida | J10: Precio Unitario Estimado | K10: Cantidad Solicitada
A12: 1 | B12: ='SAF 011'!B10 -> 2.5.1-9018.8 | C12: ='SAF 011'!E10 -> GASES; COMPUESTO QUIMICO: OXIGENO, CALIDAD: MEDICINAL, PRESENTACION: TUBO X 6 M3 | H12: SI | I12: ='SAF 011'!F10 -> M3 | J12: ='SAF 011'!AZ10 -> 450 | K12: ='SAF 011'!AQ10 -> 7158
A14: Costo total estimado: PESOS TRES MILLONES DOSCIENTOS VEINTIUN MIL CIEN CON 00/100.- | J14: =+J12*K12 -> 3221100

Sheet APG DPAS
A1: EJERCICIO: | D1: 2022 | P1: AUTORIZACION PARA GASTAR
A4: JURISDICCIÓN: | G4: ='NP DPAS'!D3 -> 040 - MINISTERIO DE SALUD
A5: SAF: | G5: ='NP DPAS'!D4 -> 011 - DIRECCION PROVINCIAL DE ADMINISTRACION - MINISTERIO DE SALUD
A6: UNIDAD EJECUTORA: | G6: ='NP DPAS'!D5 -> DIRECCION PROVINCIAL DE ASISTENCIA SANITARIA NIVEL I Y II
A7: DEPENDENCIA SOLICITANTE: | G7: ='NP DPAS'!D6 -> DIRECCION PROVINCIAL DE ASISTENCIA SANITARIA NIVEL I Y II
A8: AUTORIZACIÓN:
A9: Señor Director de Administración o Titular del Servicio Administrativo Financiero:
A10: Autorizo la realización de los trámites correspondientes, a fin de proveer a este Organismo los bienes que se detallan en Nota de Pedido N° 04/2022, afectando la erogación resultante a los créditos presupuestarios aprobados a favor de esta Unidad Ejecutora, conforme al siguiente detalle:
A12: IMPUTACIÓN PRESUPUESTARIA
A13: CÓDIGO | O13: DENOMINACIÓN DE LA PARTIDA PRESUPUESTARIA | Q13: IMPORTE
A14: PR | B14: SB | C14: PY | D14: AC | E14: OB | F14: UG | G14: FIN | H14: FUN | I14: I | J14: P | K14: P | L14: SubP | M14: M | N14: FF
A15: 21 | D15: 1 | F15: 4901 | G15: 3 | H15: 1 | I15: 2 | J15: 5 | K15: 1 | M15: 1 | N15: 1.1 | O15: COMPUESTOS QUIMICOS | Q15: ='NP DPAS'!J14 -> 3221100
A38: TOTAL DE PESOS: TRES MILLONES DOSCIENTOS VEINTIUN MIL CIEN CON 00/100.- | Q38: =SUM(Q15:Q37) -> 3221100
A40: JUSTIFICACIÓN:
A41: ='NP DPAS'!D8 -> ADQ. DEL RUBRO OXIGENO MEDICINAL
