Workbook

Sheet PERECEDERO
B2: PEDIDOS DE NECESIDADES TRIMESTRALES
B4: JURISDICCION: | D4: 20- MINISTERIO DE GOBIERNO, JUSTICIA Y DERECHOS HUMANOS
B5: SAF N° | D5: 06- SECRETARIA DE GESTION ADMINISTRATIVA DEL MINISTERIO DE GOBIERNO , JUSTICIA Y DERECHOS HUMANOS
B6: EJERCICIO: | D6: 2021
B7: TRIMESTRE | D7: 2
B9: ID | C9: CODIGO | D9: Rubro Compra | E9: I.P.P | F9: DESCRIPCION | G9: UNIDAD DE MEDIDA | H9: CANTIDAD | I9: PRECIO UNITARIO ESTIMADO | J9: IMPORTE TOTAL ESTIMADO
B10: 1 | C10: 2.1.1-669.64 | D10: Alimentos | E10: 2.1.1 | F10: PANES; TIPO: FRANCES, PRESENTACION: ENVASE X 1 Kg | G10: KG | H10: 252 | I10: 180 | J10: =+H10*I10 -> 45360
B11: 2 | C11: 2.1.1-542.236 | D11: Alimentos | E11: 2.1.1 | F11: =+[1]PERECEDERO!$E$52 -> QUESOS; TIPO: CREMOSO, PRESENTACION: AL PESO, ELEM. TRANSPORTE: SIN, MATERIAL ELEM. TRANSPORTE: SIN, MATERIAL ENVASE: SIN, CERTIFICADO FORESTAL (GFS): SIN, LIBRE DE GLUTEN: A DEFINIR | G11: KG | H11: 12 | I11: 700 | J11: =+H11*I11 -> 8400
B12: 3 | C12: 2.1.1-542.197 | D12: Alimentos | E12: 2.1.1 | F12: QUESOS; TIPO: TYBO, PRESENTACION: HORMA, ELEM. TRANSPORTE: SIN, MATERIAL ELEM. TRANSPORTE: SIN, MATERIAL ENVASE: PLASTICO, CERTIFICADO FORESTAL (GFS): SIN, LIBRE DE GLUTEN: NO | G12: UNIDAD | H12: 6 | I12: 3800 | J12: =+H12*I12 -> 22800
B13: 4 | C13: 2.1.1-969.96 | D13: Alimentos | E13: 2.1.1 | F13: FIAMBRES; TIPO: JAMON COCIDO, PRESENTACION: AL VACIO | G13: KG | H13: 15 | I13: 760 | J13: =+H13*I13 -> 11400
B14: 5 | C14: 2.1.1-2116.1 | D14: Alimentos | E14: 2.1.1 | F14: LEVADURAS; TIPO: DE CERVEZA, PRESENTACION: PAQUETE, PESO: 500 GR | G14: UNIDAD | H14: 3 | I14: 250 | J14: =+H14*I14 -> 750
B15: 6 | C15: 2.1.1-541.70 | D15: Alimentos | E15: 2..1.1. | F15: CARNES; CORTE: CARRE CON LOMO, TIPO: PORCINA, ESPECIE: PORCINA | G15: KG | H15: 90 | I15: 900 | J15: =+H15*I15 -> 81000
B16: 7 | C16: 2.1.1-541.34 | D16: Alimentos | E16: 2..1.1. | F16: CARNES; CORTE: OSOBUCO, TIPO: VACUNA, ESPECIE: VACUNA | G16: KG | H16: 90 | I16: 500 | J16: =+H16*I16 -> 45000
B17: 8 | C17: 2.1.1-541.49 | D17: Alimentos | E17: 2.1.1 | F17: CARNES; ESPECIE: VACUNA, CORTE: NALGA, TIPO: VACUNA | G17: KG | H17: 90 | I17: 1100 | J17: =+H17*I17 -> 99000
B18: 9 | C18: 2.1.1-541.154 | D18: Alimentos | E18: 2.1.1 | F18: CARNES; ESPECIE: CARNE VACUNA, CORTE: MILANESA NALGA, TIPO: CARNE VACUNA | G18: KG | H18: 90 | I18: 1100 | J18: =+H18*I18 -> 99000
B19: 10 | C19: 2.1.1-541.122 | D19: Alimentos | E19: 2.1.1 | F19: CARNES; CORTE: CHORIZO CONGELADO, TIPO: VACUNA, ESPECIE: VACUNA | G19: KG | H19: 30 | I19: 500 | J19: =+H19*I19 -> 15000
B20: 11 | C20: 2.1.1-621.13 | D20: Alimentos | E20: 2.1.1 | F20: AVES; ESPECIE: POLLO, PRESENTACION: CAJON X 8 UN, EVISCERADO: SIN VALOR, TIPO: POLLO | G20: CAJON | H20: 6 | I20: 450 | J20: =+H20*I20 -> 2700
B21: 12 | C21: 2.1.1-541.45 | D21: Alimentos | E21: 2.1.1 | F21: CARNES; CORTE: HIGADO, ESPECIE: VACUNA, TIPO: VACUNA | G21: Kilo | H21: 60 | I21: 300 | J21: =+H21*I21 -> 18000
B22: 13 | C22: 2.1.1-6546.335 | D22: Alimentos | E22: 2.1.1 | F22: VERDURAS Y HORTALIZAS; VARIEDAD: PAPA BLANCA,ESTADO :NATURAL PRESENTACION: BOLSA PESO: 25 KG | G22: UNIDAD | H22: 10 | I22: 1750 | J22: =+H22*I22 -> 17500
B23: 14 | C23: 2.1.1-6546.18 | D23: Alimentos | E23: 2.1.1 | F23: VERDURAS Y HORTALIZAS; VARIEDAD: TOMATE REDONDO, ESTADO: NATURAL, PRESENTACION: CAJON, PESO: 10 KG | G23: CAJON | H23: 9 | I23: 1500 | J23: =+H23*I23 -> 13500
... B34: 25 | C34: 2.1.1-6546.374 | D34: Alimentos | E34: 2.1.1 | F34: VERDURAS Y HORTALIZAS; VARIEDAD: LECHUGA ARREPOLLADA, ESTADO: NATURAL, PRESENTACION: A GRANEL, PESO: 300 GR CADA PLANTA, ELEM. TRANSPORTE: SIN, MATERIAL ELEM. TRANSPORTE: SIN, LIBRE DE GLUTEN: SI | G34: KG | H34: 42 | I34: 120 | J34: =+H34*I34 -> 5040
B35: COSTO TOTAL ESTIMADO: SON PESOS QUINIENTOS SETENTA MIL QUINIENTOS CUARENTA CON 00/100 | J35: =SUM(J10:J34) -> 570540
C37: Especificidades Item N° 2:
D38: Se solicita que el producto sea SIN GLUTEN
C39: Especificidades Item N° 11:
D40: Se solicita que el producto sea de tamaño Mediano
C41: Especificidades Item N° 20:
D42: Se solicita que el cajon sea de 10 kg aproximandamente
C43: Especificidades Item N° 21:
D44: Se solicita que el cajon sea de 10 kg aproximandamente
C45: Descripción técnica
C47: Plazos y lugares de entrega
D48: a) LUGAR DE ENTREGA: Pasaje Dr Gallo S/N frente a la Guardia de Maternidad Provincial - Capital - De 08 a 12 horas. b) FORMA DE LA ENTREGA: Libre de flete, acarreo y embalaje, como así también, de todo riesgo de pérdida o destrucción total o parcial, por causas ajenas a la Institución. c) PLAZO DE ENTREGA: El Oferente deberá establecer plazo de entrega de los elementos cotizados, debiendo ser expresado en días hábiles; que no podrá ser superior a cinco (5) días hábiles, contados a partir de la recepción de la comunicación prevista en el Artículo en el Reglamento Parcial N° 2 de la ley 4938.
C50: Calidad Minima esperada
D51: Que cumpla íntegramente con lo solicitado y buena calidad
C52: Mantenimiento
D53: 30 (treinta) días
C54: Garantia

Sheet Nota de Pedido PERECEDERO
A1: NOTA DE PEDIDO | J1: N° | K1: 034/2021
A3: JURISDICCIÓN: | D3: 20- MINISTERIO DE GOBIERNO,JUSTICIA Y DERECHOS HUMANOS
A4: SAF: | D4: 06- SECRETARIA DE GESTION ADMINISTRATIVA DEL MINISTERIO DE GOBIERNO,JUSTICIA Y DERECHOS HUMANOS
A5: UNIDAD EJECUTORA: | D5: MUJERES,GENERO Y DIVERSIDAD-PPG
A6: DEPENDENCIA SOLICITANTE: | D6: ATENCION INTEGRAL DE VICTIMAS DE VIOLENCIA DE GENERO-HOGAR WARMI
A7: PERIODO UTILIZACIÓN: | D7: ='[2]Necesidades Trimestrales'!C7 & "° Trimestre - Año " & '[2]Necesidades Trimestrales'!C6 -> 2° Trimestre - Año 2021
A8: OBJETO: | D8: Adquisición de ALIMENTOS PERECEDEROS para el Hogar Warmi
A10: Ítem | B10: Codigo Item | C10: DESCRIPCIÓN | H10: Adjunta Detalle Técnico | I10: Unidad Medida | J10: Precio Unitario Estimado | K10: Cantidad Solicitada
A12: =+'[2]Necesidades Trimestrales'!A10 -> 1 | B12: =+PERECEDERO!C10 -> 2.1.1-669.64 | C12: =+PERECEDERO!F10 -> PANES; TIPO: FRANCES, PRESENTACION: ENVASE X 1 Kg | H12: NO | I12: =+PERECEDERO!G10 -> KG | J12: =+PERECEDERO!I10 -> 180 | K12: =+PERECEDERO!H10 -> 252
A13: =+'[2]Necesidades Trimestrales'!A11 -> 2 | B13: =+PERECEDERO!C11 -> 2.1.1-542.236 | C13: =+PERECEDERO!F11 -> QUESOS; TIPO: CREMOSO, PRESENTACION: AL PESO, ELEM. TRANSPORTE: SIN, MATERIAL ELEM. TRANSPORTE: SIN, MATERIAL ENVASE: SIN, CERTIFICADO FORESTAL (GFS): SIN, LIBRE DE GLUTEN: A DEFINIR | H13: NO | I13: =+PERECEDERO!G11 -> KG | J13: =+PERECEDERO!I11 -> 700 | K13: =+PERECEDERO!H11 -> 12
A14: =+'[2]Necesidades Trimestrales'!A12 -> 3 | B14: =+PERECEDERO!C12 -> 2.1.1-542.197 | C14: =+PERECEDERO!F12 -> QUESOS; TIPO: TYBO, PRESENTACION: HORMA, ELEM. TRANSPORTE: SIN, MATERIAL ELEM. TRANSPORTE: SIN, MATERIAL ENVASE: PLASTICO, CERTIFICADO FORESTAL (GFS): SIN, LIBRE DE GLUTEN: NO | H14: NO | I14: =+PERECEDERO!G12 -> UNIDAD | J14: =+PERECEDERO!I12 -> 3800 | K14: =+PERECEDERO!H12 -> 6
A15: =+'[2]Necesidades Trimestrales'!A13 -> 4 | B15: =+PERECEDERO!C13 -> 2.1.1-969.96 | C15: =+PERECEDERO!F13 -> FIAMBRES; TIPO: JAMON COCIDO, PRESENTACION: AL VACIO | H15: NO | I15: =+PERECEDERO!G13 -> KG | J15: =+PERECEDERO!I13 -> 760 | K15: =+PERECEDERO!H13 -> 15
A16: =+'[2]Necesidades Trimestrales'!A14 -> 5 | B16: =+PERECEDERO!C14 -> 2.1.1-2116.1 | C16: =+PERECEDERO!F14 -> LEVADURAS; TIPO: DE CERVEZA, PRESENTACION: PAQUETE, PESO: 500 GR | H16: NO | I16: =+PERECEDERO!G14 -> UNIDAD | J16: =+PERECEDERO!I14 -> 250 | K16: =+PERECEDERO!H14 -> 3
A17: =+'[2]Necesidades Trimestrales'!A15 -> 6 | B17: =+PERECEDERO!C15 -> 2.1.1-541.70 | C17: =+PERECEDERO!F15 -> CARNES; CORTE: CARRE CON LOMO, TIPO: PORCINA, ESPECIE: PORCINA | H17: NO | I17: =+PERECEDERO!G15 -> KG | J17: =+PERECEDERO!I15 -> 900 | K17: =+PERECEDERO!H15 -> 90
A18: =+'[2]Necesidades Trimestrales'!A16 -> 7 | B18: =+PERECEDERO!C16 -> 2.1.1-541.34 | C18: =+PERECEDERO!F16 -> CARNES; CORTE: OSOBUCO, TIPO: VACUNA, ESPECIE: VACUNA | H18: NO | I18: =+PERECEDERO!G16 -> KG | J18: =+PERECEDERO!I16 -> 500 | K18: =+PERECEDERO!H16 -> 90
A19: =+'[2]Necesidades Trimestrales'!A17 -> 8 | B19: =+PERECEDERO!C17 -> 2.1.1-541.49 | C19: =+PERECEDERO!F17 -> CARNES; ESPECIE: VACUNA, CORTE: NALGA, TIPO: VACUNA | H19: NO | I19: =+PERECEDERO!G17 -> KG | J19: =+PERECEDERO!I17 -> 1100 | K19: =+PERECEDERO!H17 -> 90
A20: =+'[2]Necesidades Trimestrales'!A18 -> 9 | B20: =+PERECEDERO!C18 -> 2.1.1-541.154 | C20: =+PERECEDERO!F18 -> CARNES; ESPECIE: CARNE VACUNA, CORTE: MILANESA NALGA, TIPO: CARNE VACUNA | H20: NO | I20: =+PERECEDERO!G18 -> KG | J20: =+PERECEDERO!I18 -> 1100 | K20: =+PERECEDERO!H18 -> 90
A21: =+'[2]Necesidades Trimestrales'!A19 -> 10 | B21: =+PERECEDERO!C19 -> 2.1.1-541.122 | C21: =+PERECEDERO!F19 -> CARNES; CORTE: CHORIZO CONGELADO, TIPO: VACUNA, ESPECIE: VACUNA | H21: NO | I21: =+PERECEDERO!G19 -> KG | J21: =+PERECEDERO!I19 -> 500 | K21: =+PERECEDERO!H19 -> 30
A22: =+'[2]Necesidades Trimestrales'!A20 -> 11 | B22: =+PERECEDERO!C20 -> 2.1.1-621.13 | C22: =+PERECEDERO!F20 -> AVES; ESPECIE: POLLO, PRESENTACION: CAJON X 8 UN, EVISCERADO: SIN VALOR, TIPO: POLLO | H22: NO | I22: =+PERECEDERO!G20 -> CAJON | J22: =+PERECEDERO!I20 -> 450 | K22: =+PERECEDERO!H20 -> 6
A23: =+'[2]Necesidades Trimestrales'!A21 -> 12 | B23: =+PERECEDERO!C21 -> 2.1.1-541.45 | C23: =+PERECEDERO!F21 -> CARNES; CORTE: HIGADO, ESPECIE: VACUNA, TIPO: VACUNA | H23: NO | I23: =+PERECEDERO!G21 -> Kilo | J23: =+PERECEDERO!I21 -> 300 | K23: =+PERECEDERO!H21 -> 60
... A36: =+'[2]Necesidades Trimestrales'!A34 -> 25 | B36: =+PERECEDERO!C34 -> 2.1.1-6546.374 | C36: =+PERECEDERO!F34 -> VERDURAS Y HORTALIZAS; VARIEDAD: LECHUGA ARREPOLLADA, ESTADO: NATURAL, PRESENTACION: A GRANEL, PESO: 300 GR CADA PLANTA, ELEM. TRANSPORTE: SIN, MATERIAL ELEM. TRANSPORTE: SIN, LIBRE DE GLUTEN: SI | H36: NO | I36: =+PERECEDERO!G34 -> KG | J36: =+PERECEDERO!I34 -> 120 | K36: =+PERECEDERO!H34 -> 42
A37: =+PERECEDERO!B35 -> COSTO TOTAL ESTIMADO: SON PESOS QUINIENTOS SETENTA MIL QUINIENTOS CUARENTA CON 00/100 | J37: =SUMPRODUCT(J12:J36,K12:K36) -> 570540

Sheet APG-PERECEDERO
A1: EJERCICIO: | D1: ='[2]Necesidades Trimestrales'!C6 -> 2021 | P1: AUTORIZACION PARA GASTAR
A4: JURISDICCIÓN: | G4: 20- MINISTERIO DE GOBIERNO,JUSTICIA Y DERECHOS HUMANOS
A5: SAF: | G5: 06-SECRETARIA DE GESTION ADMINISTRATIVA DEL MINISTERIO DE GOBIERNO ,JUSTICIA Y DERECHOS HUMANOS
A6: UNIDAD EJECUTORA: | G6: MUJERES,GENERO Y DIVERSIDAD-PPG
A7: DEPENDENCIA SOLICITANTE: | G7: ATENCION INTEGRAL DE VICTIMAS DE VIOLENCIA DE GENERO-HOGAR WARMI
A8: AUTORIZACIÓN:
A9: Señor Jefe de Servicio Administrativo Financiero:
A10: Autorizo la realizacion de los tramites correspondientes, a fin de proveer a este Organismo los bienes y/o servicios que se detallan en Nota de Pedido N° 34/2021 afectando la erogacion resultante a los creditos presupuestarios aprobados a favor de esta Unidad Ejecutora, conforme al siguiente detalle:
A13: IMPUTACIÓN PRESUPUESTARIA
A14: CÓDIGO | O14: DENOMINACIÓN DE LA PARTIDA PRESUPUESTARIA | Q14: IMPORTE
A15: PR | B15: SB | C15: PY | D15: AC | E15: OB | F15: UG | G15: FIN | H15: FUN | I15: I | J15: P | K15: P | L15: SubP | M15: M | N15: FF
A16: 9 | B16: 0 | C16: 0 | D16: 1 | E16: 0 | F16: 4901 | G16: 3 | H16: 2 | I16: 2 | J16: 1 | K16: 1 | L16: 0 | M16: 1 | N16: 1.1 | O16: ALIMENTOS PARA PERSONAS | Q16: 570540
A26: =+'Nota de Pedido PERECEDERO'!A37:I37 -> COSTO TOTAL ESTIMADO: SON PESOS QUINIENTOS SETENTA MIL QUINIENTOS CUARENTA CON 00/100 | Q26: =SUM(Q16:Q25) -> 570540
A28: JUSTIFICACIÓN:
A29: Adquiscion de ALIMENTOS PERECEDEROS para el Hogar Warmi
