Workbook

Sheet Necesidades Trimestrales
B2: Pedido de Necesidades Trimestrales
A4: JURISDICCION: | C4: 90 - MINISTERIO DE SEGURIDAD
A5: SAF N°: | C5: 8 - DIRECCION GENERAL SERVICIO PENITENCIARIO PROVINCIAL
A6: EJERCICIO: | C6: 2022
A7: TRIMESTRE: | C7: 3
A9: ID | B9: CODIGO ITEM | C9: RUBRO DE COMPRA | D9: I.P.P. | E9: DESCRIPCION | F9: UNIDAD DE MEDIDA | G9: CANTIDAD | H9: PRECIO UNITARIO ESTIMADO | I9: IMPORTE TOTAL ESTIMADO
A10: 1 | B10: 2.1.1-542.236 | C10: ALIMENTOS | D10: 2.1.1 | E10: QUESOS; TIPO: CREMOSO, PRESENTACION: AL PESO, ELEM. TRANSPORTE: SIN, MATERIAL ELEM. TRANSPORTE: SIN, MATERIAL ENVASE: SIN, CERTIFICADO FORESTAL (GFS): SIN, LIBRE DE GLUTEN: A DEFINIR | F10: KILO | G10: 400 | H10: 1000 | I10: =G10*H10 -> 400000
A11: 2 | B11: 2.1.1-542.235 | C11: ALIMENTOS | D11: 2.1.1 | E11: QUESOS; TIPO: PORT SALUT, PRESENTACION: AL PESO, ELEM. TRANSPORTE: SIN, MATERIAL ELEM. TRANSPORTE: SIN, MATERIAL ENVASE: SIN, CERTIFICADO FORESTAL (GFS): SIN, LIBRE DE GLUTEN: A DEFINIR | F11: KILO | G11: 400 | H11: 1000 | I11: =G11*H11 -> 400000
A12: 3 | B12: 2.1.1-541.18 | C12: ALIMENTOS | D12: 2.1.1 | E12: CARNES; CORTE: HIGADO, ESPECIE: VACUNA, TIPO: VACUNA | F12: KILO | G12: 5500 | H12: 1300 | I12: =G12*H12 -> 7150000
A13: 4 | B13: 2.1.1-621.20 | C13: ALIMENTOS | D13: 2.1.1 | E13: AVES; TIPO: POLLO, PRESENTACION: CAJA X 22 Kg, EVISCERADO: SI, ELEM. TRANSPORTE: SIN, MATERIAL ELEM. TRANSPORTE: SIN, LIBRE DE GLUTEN: SIN VALOR | F13: CAJA | G13: 300 | H13: 10000 | I13: =G13*H13 -> 3000000
A14: 5 | B14: 2.1.1-541.59 | C14: ALIMENTOS | D14: 2.1.1 | E14: CARNES; ESPECIE: VACUNA, CORTE: MONDONGO, TIPO: VACUNA | F14: KILO | G14: 500 | H14: 700 | I14: =G14*H14 -> 350000
A15: 6 | B15: 2.1.1-541.45 | C15: ALIMENTOS | D15: 2.1.1 | E15: CARNES; CORTE: HIGADO, ESPECIE: VACUNA, TIPO: VACUNA | F15: KILO | G15: 600 | H15: 700 | I15: =G15*H15 -> 420000
A16: 7 | B16: 2.1.1-6546.335 | C16: ALIMENTOS | D16: 2.1.1 | E16: VERDURAS Y HORTALIZAS; VARIEDAD: PAPA BLANCA, ESTADO: NATURAL, PRESENTACION: BOLSA, PESO: 25 Kg | F16: BOLSA | G16: 800 | H16: 1104 | I16: =G16*H16 -> 883200
A17: 8 | B17: 2.1.1-6546.188 | C17: ALIMENTOS | D17: 2.1.1 | E17: VERDURAS Y HORTALIZAS; ESTADO: NATURAL, PRESENTACION: GRANEL, PESO: SIN VALOR, VARIEDAD: ZAPALLO CRIOLLO | F17: KILO | G17: 3500 | H17: 96 | I17: =G17*H17 -> 336000
A18: 9 | B18: 2.1.1-6546.390 | C18: ALIMENTOS | D18: 2.1.1 | E18: VERDURAS Y HORTALIZAS; VARIEDAD: TOMATE REDONDO, ESTADO: NATURAL, PRESENTACION: CAJON, PESO: 17 A 22 Kg, ELEM. TRANSPORTE: SIN, MATERIAL ELEM. TRANSPORTE: SIN, LIBRE DE GLUTEN: SI, ORGANICO: NO | F18: CAJON | G18: 450 | H18: 2800 | I18: =G18*H18 -> 1260000
A19: 10 | B19: 2.1.1-6546.113 | C19: ALIMENTOS | D19: 2.1.1 | E19: VERDURAS Y HORTALIZAS; ESTADO: NATURAL, PESO: SIN VALOR, VARIEDAD: REPOLLO BLANCO, PRESENTACION: GRANEL | F19: UNIDAD | G19: 20 | H19: 220 | I19: =G19*H19 -> 4400
A20: 11 | B20: 2.1.1-483.37 | C20: ALIMENTOS | D20: 2.1.1 | E20: HUEVO DE GALLINA; TAMAÑO: GRANDE, COLOR: COLOR, PRESENTACION: 30 UN | F20: CARTON | G20: 900 | H20: 530 | I20: =G20*H20 -> 477000
A21: 12 | B21: 2.1.1-6546.153 | C21: ALIMENTOS | D21: 2.1.1 | E21: VERDURAS Y HORTALIZAS; VARIEDAD: AJO, ESTADO: NATURAL, PRESENTACION: RISTRA, PESO: SIN VALOR | F21: RISTRA | G21: 50 | H21: 1800 | I21: =G21*H21 -> 90000
... A37: 28 | B37: 2.1.1-6546.158 | C37: ALIMENTOS | D37: 2.1.1 | E37: VERDURAS Y HORTALIZAS; ESTADO: NATURAL, VARIEDAD: ZAPALLO ANCO, PRESENTACION: GRANEL, PESO: SIN VALOR | F37: KILO | G37: 900 | H37: 72 | I37: =G37*H37 -> 64800
A38: COSTO TOTAL ESTIMADO ALIMENTOS PERECEDEROS | I38: =SUM(I10:I37) -> 20384200
C40: ESPECIFICIDADES DE LOS ITEMS
C41: Descripcion Técnica: | D41: Item N° 9: Cajon x 20 KG - TOMATE Item N° 10: Unidad 2 KG aprox. - REPOLLO Item N° 12: Ristra x 1 KG aprox. - AJO Item N° 13: Atado x 1 KG aprox. - ACELGA Item N° 15: Atado x 1 KG aprox. - CEBOLLA VERDEO Item N° 16: Cajon x 20 KG - ZAPALLITO REDONDO Item N° 19: Cajon x 10 KG - MORRON VERDE Item N° 21: Cajón x 10 KG - BANANA Item N° 22: Bolsa x 20 KG - NARANJA OMBLIGO Item N° 23: Cajón x 10 KG - PERA Item N° 24: Cajón x 10 KG - MANZANA
C45: Entrega y Forma de Pago: (Para todos los ítems) | D45: Las entregas se realizarán a requerimiento de acuerdo, a las Solicitudes de Provisión que se realicen. Se estima emitir una cantidad aproximada de 3 (Tres) Solicitudes de Provisión de 1/3 aprox. de la cantidad solicitada, en un plazo de 3 (Tres) meses: 1° Solic.de Provisión: aprox.a los 2 (Dos) dias hábiles de la firma del instrumento contractual. 2° Solic.de Provisión: al mes de la firma del instrumento contractual. 3° Solic.de Provisión: al los 2 (Dos) meses de la firma del instrumento contractual. Plazo de cumplimiento de cada Solicitud de Provisión: a los 2 días hábiles de notificada la misma, según necesidades del Organismo solicitante. Forma de Pago: Se solicita Pagos parciales por cada Solicitud de Provisión emitida, una vez finalizada la entrega de las cantidades contenidas en la misma.
C53: Lugar de Entrega: | D53: Servicio Penitenciario Provincial, Ruta Nacional 38, km 558 Colonia del Valle.
C54: Calidad Mínima esperada | D54: Los productos deben ser de 1° calidad, según condiciones establecidas en nota (Condición de Calidad)
C55: Mantenimiento: | D55: 45 días
C56: Garantía

Sheet Nota de Pedido
A1: NOTA DE PEDIDO | J1: N°
A3: JURISDICCIÓN: | D3: ='Necesidades Trimestrales'!C4 -> 90 - MINISTERIO DE SEGURIDAD
A4: SAF: | D4: ='Necesidades Trimestrales'!C5 -> 8 - DIRECCION GENERAL SERVICIO PENITENCIARIO PROVINCIAL
A5: UNIDAD EJECUTORA: | D5: SERVICIO PENITENCIARIO PROVINCIAL
A6: DEPENDENCIA SOLICITANTE: | D6: LOGISTICA
A7: PERIODO UTILIZACIÓN: | D7: 3 MESES
A8: OBJETO: | D8: BIENES
A10: Ítem | B10: Codigo Item | C10: DESCRIPCIÓN | H10: Adjunta Detalle Técnico | I10: Unidad Medida | J10: Precio Unitario Estimado | K10: Cantidad Solicitada
A12: ='Necesidades Trimestrales'!A10 -> 1 | B12: ='Necesidades Trimestrales'!B10 -> 2.1.1-542.236 | C12: ='Necesidades Trimestrales'!E10 -> QUESOS; TIPO: CREMOSO, PRESENTACION: AL PESO, ELEM. TRANSPORTE: SIN, MATERIAL ELEM. TRANSPORTE: SIN, MATERIAL ENVASE: SIN, CERTIFICADO FORESTAL (GFS): SIN, LIBRE DE GLUTEN: A DEFINIR | H12: NO | I12: ='Necesidades Trimestrales'!F10 -> KILO | J12: ='Necesidades Trimestrales'!H10 -> 1000 | K12: ='Necesidades Trimestrales'!G10 -> 400
A13: ='Necesidades Trimestrales'!A11 -> 2 | B13: ='Necesidades Trimestrales'!B11 -> 2.1.1-542.235 | C13: ='Necesidades Trimestrales'!E11 -> QUESOS; TIPO: PORT SALUT, PRESENTACION: AL PESO, ELEM. TRANSPORTE: SIN, MATERIAL ELEM. TRANSPORTE: SIN, MATERIAL ENVASE: SIN, CERTIFICADO FORESTAL (GFS): SIN, LIBRE DE GLUTEN: A DEFINIR | H13: NO | I13: ='Necesidades Trimestrales'!F11 -> KILO | J13: ='Necesidades Trimestrales'!H11 -> 1000 | K13: ='Necesidades Trimestrales'!G11 -> 400
A14: ='Necesidades Trimestrales'!A12 -> 3 | B14: ='Necesidades Trimestrales'!B12 -> 2.1.1-541.18 | C14: ='Necesidades Trimestrales'!E12 -> CARNES; CORTE: HIGADO, ESPECIE: VACUNA, TIPO: VACUNA | H14: NO | I14: ='Necesidades Trimestrales'!F12 -> KILO | J14: ='Necesidades Trimestrales'!H12 -> 1300 | K14: ='Necesidades Trimestrales'!G12 -> 5500
A15: ='Necesidades Trimestrales'!A13 -> 4 | B15: ='Necesidades Trimestrales'!B13 -> 2.1.1-621.20 | C15: ='Necesidades Trimestrales'!E13 -> AVES; TIPO: POLLO, PRESENTACION: CAJA X 22 Kg, EVISCERADO: SI, ELEM. TRANSPORTE: SIN, MATERIAL ELEM. TRANSPORTE: SIN, LIBRE DE GLUTEN: SIN VALOR | H15: NO | I15: ='Necesidades Trimestrales'!F13 -> CAJA | J15: ='Necesidades Trimestrales'!H13 -> 10000 | K15: ='Necesidades Trimestrales'!G13 -> 300
A16: ='Necesidades Trimestrales'!A14 -> 5 | B16: ='Necesidades Trimestrales'!B14 -> 2.1.1-541.59 | C16: ='Necesidades Trimestrales'!E14 -> CARNES; ESPECIE: VACUNA, CORTE: MONDONGO, TIPO: VACUNA | H16: NO | I16: ='Necesidades Trimestrales'!F14 -> KILO | J16: ='Necesidades Trimestrales'!H14 -> 700 | K16: ='Necesidades Trimestrales'!G14 -> 500
A17: ='Necesidades Trimestrales'!A15 -> 6 | B17: ='Necesidades Trimestrales'!B15 -> 2.1.1-541.45 | C17: ='Necesidades Trimestrales'!E15 -> CARNES; CORTE: HIGADO, ESPECIE: VACUNA, TIPO: VACUNA | H17: NO | I17: ='Necesidades Trimestrales'!F15 -> KILO | J17: ='Necesidades Trimestrales'!H15 -> 700 | K17: ='Necesidades Trimestrales'!G15 -> 600
A18: ='Necesidades Trimestrales'!A16 -> 7 | B18: ='Necesidades Trimestrales'!B16 -> 2.1.1-6546.335 | C18: ='Necesidades Trimestrales'!E16 -> VERDURAS Y HORTALIZAS; VARIEDAD: PAPA BLANCA, ESTADO: NATURAL, PRESENTACION: BOLSA, PESO: 25 Kg | H18: NO | I18: ='Necesidades Trimestrales'!F16 -> BOLSA | J18: ='Necesidades Trimestrales'!H16 -> 1104 | K18: ='Necesidades Trimestrales'!G16 -> 800
A19: ='Necesidades Trimestrales'!A17 -> 8 | B19: ='Necesidades Trimestrales'!B17 -> 2.1.1-6546.188 | C19: ='Necesidades Trimestrales'!E17 -> VERDURAS Y HORTALIZAS; ESTADO: NATURAL, PRESENTACION: GRANEL, PESO: SIN VALOR, VARIEDAD: ZAPALLO CRIOLLO | H19: NO | I19: ='Necesidades Trimestrales'!F17 -> KILO | J19: ='Necesidades Trimestrales'!H17 -> 96 | K19: ='Necesidades Trimestrales'!G17 -> 3500
A20: ='Necesidades Trimestrales'!A18 -> 9 | B20: ='Necesidades Trimestrales'!B18 -> 2.1.1-6546.390 | C20: ='Necesidades Trimestrales'!E18 -> VERDURAS Y HORTALIZAS; VARIEDAD: TOMATE REDONDO, ESTADO: NATURAL, PRESENTACION: CAJON, PESO: 17 A 22 Kg, ELEM. TRANSPORTE: SIN, MATERIAL ELEM. TRANSPORTE: SIN, LIBRE DE GLUTEN: SI, ORGANICO: NO | H20: NO | I20: ='Necesidades Trimestrales'!F18 -> CAJON | J20: ='Necesidades Trimestrales'!H18 -> 2800 | K20: ='Necesidades Trimestrales'!G18 -> 450
A21: ='Necesidades Trimestrales'!A19 -> 10 | B21: ='Necesidades Trimestrales'!B19 -> 2.1.1-6546.113 | C21: ='Necesidades Trimestrales'!E19 -> VERDURAS Y HORTALIZAS; ESTADO: NATURAL, PESO: SIN VALOR, VARIEDAD: REPOLLO BLANCO, PRESENTACION: GRANEL | H21: NO | I21: ='Necesidades Trimestrales'!F19 -> UNIDAD | J21: ='Necesidades Trimestrales'!H19 -> 220 | K21: ='Necesidades Trimestrales'!G19 -> 20
A22: ='Necesidades Trimestrales'!A20 -> 11 | B22: ='Necesidades Trimestrales'!B20 -> 2.1.1-483.37 | C22: ='Necesidades Trimestrales'!E20 -> HUEVO DE GALLINA; TAMAÑO: GRANDE, COLOR: COLOR, PRESENTACION: 30 UN | H22: NO | I22: ='Necesidades Trimestrales'!F20 -> CARTON | J22: ='Necesidades Trimestrales'!H20 -> 530 | K22: ='Necesidades Trimestrales'!G20 -> 900
A23: ='Necesidades Trimestrales'!A21 -> 12 | B23: ='Necesidades Trimestrales'!B21 -> 2.1.1-6546.153 | C23: ='Necesidades Trimestrales'!E21 -> VERDURAS Y HORTALIZAS; VARIEDAD: AJO, ESTADO: NATURAL, PRESENTACION: RISTRA, PESO: SIN VALOR | H23: NO | I23: ='Necesidades Trimestrales'!F21 -> RISTRA | J23: ='Necesidades Trimestrales'!H21 -> 1800 | K23: ='Necesidades Trimestrales'!G21 -> 50
... A39: ='Necesidades Trimestrales'!A37 -> 28 | B39: ='Necesidades Trimestrales'!B37 -> 2.1.1-6546.158 | C39: ='Necesidades Trimestrales'!E37 -> VERDURAS Y HORTALIZAS; ESTADO: NATURAL, VARIEDAD: ZAPALLO ANCO, PRESENTACION: GRANEL, PESO: SIN VALOR | H39: NO | I39: ='Necesidades Trimestrales'!F37 -> KILO | J39: ='Necesidades Trimestrales'!H37 -> 72 | K39: ='Necesidades Trimestrales'!G37 -> 900
A40: Costo total estimado | J40: =SUMPRODUCT(J12:J39,K12:K39) -> 20384200

Sheet APG
A1: EJERCICIO: | D1: 2022 | P1: AUTORIZACION PARA GASTAR
A4: JURISDICCIÓN: | G4: ='Nota de Pedido'!D3 -> 90 - MINISTERIO DE SEGURIDAD
A5: SAF: | G5: ='Nota de Pedido'!D4 -> 8 - DIRECCION GENERAL SERVICIO PENITENCIARIO PROVINCIAL
A6: UNIDAD EJECUTORA: | G6: ='Nota de Pedido'!D5 -> SERVICIO PENITENCIARIO PROVINCIAL
A7: DEPENDENCIA SOLICITANTE: | G7: ='Nota de Pedido'!D6 -> LOGISTICA
A8: AUTORIZACIÓN:
A9: Señor Director de Administración o Titular del Servicio Administrativo Financiero:
A10: Autorizo la realización de los trámites correspondientes los bienes y/o servicios que se detallan en la Nota de Pedido Nº DOCFI-2022-01184412-CAT-SPC#SSD, afectando la erogación resultante a los créditos presupuestarios aprobados a favor de esta Unidad Ejecutora, conforme al siguiente detalle:
A12: IMPUTACIÓN PRESUPUESTARIA
A13: CÓDIGO | O13: DENOMINACIÓN DE LA PARTIDA PRESUPUESTARIA | Q13: IMPORTE
A14: PR | B14: SB | C14: PY | D14: AC | E14: OB | F14: UG | G14: FIN | H14: FUN | I14: I | J14: P | K14: P | L14: SubP | M14: M | N14: FF
A15: 21 | D15: 1 | F15: 4201 | G15: 2 | H15: 220 | I15: 2 | J15: 1 | K15: 1 | M15: 1 | N15: 1.1 | O15: Alimentos Para Personas | Q15: 4503176
A16: 21 | D16: 2 | F16: 4201 | G16: 2 | H16: 220 | I16: 2 | J16: 1 | K16: 1 | M16: 1 | N16: 1.1 | O16: Alimentos Para Personas | Q16: 6542823
A17: 21 | D17: 3 | F17: 4201 | G17: 2 | H17: 220 | I17: 2 | J17: 1 | K17: 1 | M17: 1 | N17: 1.1 | O17: Alimentos Para Personas | Q17: 7768332
A18: 21 | D18: 4 | F18: 4201 | G18: 2 | H18: 220 | I18: 2 | J18: 1 | K18: 1 | M18: 1 | N18: 1.1 | O18: Alimentos Para Personas | Q18: 1569869
A23: TOTAL DE PESOS: | Q23: =SUM(Q15:Q22) -> 20384200
A25: JUSTIFICACIÓN:
