Workbook

Sheet Necesidades Trimestrales
B2: Pedido de Necesidades Trimestrales
A4: JURISDICCION: | C4: 040 - Ministerio de Salud
A5: SAF N°: | C5: 024 - Hospital Interzonal de Niños
A6: EJERCICIO: | C6: 2021
A7: TRIMESTRE: | C7: 2
A9: ID | B9: CODIGO ITEM | C9: RUBRO DE COMPRA | D9: I.P.P. | E9: DESCRIPCION | F9: UNIDAD DE MEDIDA | G9: CANTIDAD | H9: PRECIO UNITARIO ESTIMADO | I9: IMPORTE TOTAL ESTIMADO
A10: 1 | B10: 4.3.6-6160.221 | C10: INFORMATICA | D10: 436 | E10: COMPUTADORAS; TIPO: DE ESCRITORIO, CODIGO ETAP: PC-002-00, VERSION ETAP: 23.0 | F10: UNIDAD | G10: 6 | H10: 60000 | I10: =H10*G10 -> 360000
A11: 2 | B11: 4.3.6-6169.98 | C11: INFORMATICA | D11: 436 | E11: MONITORES; TIPO: TFT/LCD/LED ESTANDAR, CODIGO ETAP: MN-005, VERSION ETAP: 21.0 | F11: UNIDAD | G11: 6 | H11: 20000 | I11: =G11*H11 -> 120000
A12: 3 | B12: 4.3.6-6161.294 | C12: INFORMATICA | D12: 436 | E12: IMPRESORAS; TIPO: LASER MONOCROMATICA, CODIGO ETAP: PR-017, VERSION ETAP: 19.0 | F12: UNIDAD | G12: 4 | H12: 19000 | I12: =G12*H12 -> 76000
A13: 4 | B13: 4.3.6-6191.72 | C13: INFORMATICA | D13: 436 | E13: UPS; TIPO: P/SERVIDORES Y/O RACKS, CODIGO ETAP: UPS-002, VERSION ETAP: 19.0 | F13: UNIDAD | G13: 1 | H13: 86500 | I13: =G13*H13 -> 86500
A14: 5 | B14: 4.3.6-6170.58 | C14: INFORMATICA | D14: 436 | E14: DIG. DE IMAGENES/ESCANER; TIPO: ESTANDAR, CODIGO ETAP: SC-002, VERSION ETAP: 22.0 | F14: UNIDAD | G14: 1 | H14: 50000 | I14: =G14*H14 -> 50000
B16: Plazos y lugares de entrega
B17: Lugar de Entrega: SERVICIO DE INFORMATICA -HOSPITAL INT. DE NIÑOS – AV. VIRGEN DEL VALLE N° 1050-CATAMARCA DE 8:00 A 12:00HS., DEBIENDO CORRER LOS GASTOS DE FLETES, ACARREO, CARGA, DESCARGA Y SEGURO A CARGO DEL ADJUDICATARIO.
B19: Plazo de entrega: Dentro de los 10 días corridos de notificada la Orden de Compra. A los fines de garantizar la atencion y el funcionamiento integro de los servicios de Salud que surgen originadas principalmente en las Urgencias, en el rol de Servicio Esencial por la situacion de Pandemia Covid-19.
B20: Mantenimiento: 45 dias habiles
B23: Especificidades Item N° 1:
B24: Descripción técnica
B25: Procesador Intel Core I3, 4 nucleos (4hilos), 6 Mb smartcache 4,20 Ghz, modelo 9100 0 superior. Memoria Ram de 6 Gb o superior tipo DDR4. Disco de estado solido de SSD 500Gb o superior. Fuente de poder 550 watts o superior. Placa Madre con salida de video HDMI y VGA. Sistema Operativo Gratuito (OS FREE, Libre). Kit de Teclado, Mouse y parlante. BAPIM N° 07/18/4762
B27: Especificidades Item N° 2:
B28: Descripción técnica
B29: Monitor 19" tecnología LED tamaño de pantalla 18.5". Resolución Maxima:1366 x 768. Relación de Aspecto: 16:9, Angulo de Visión: 170° / 160° (H/V), Colores Despegables: 16.7 Millones de Colores Contraste Dinámico: 50,000,000:1, Brillo: 250 cd/m2, Tiempo de Respuesta: 5 ms Frecuencia de Actualización: 60 Hz Entradas: VGA y HDMI. BAPIM N° 07/18/4762
B31: Especificidades Item N° 3:
B32: Descripción técnica
... B42: Velocidad de produccion 25 ppm/50 ipm. Capacidad de alimentador hasta 80 paginas de papel de 80 g/m2 (20lb). Conenctividad USB. Tamaño maximo del documento 216mm x 3000 mm. Tamaño minimo 52mm x 52 mm. Resolución de captura optica 600 dpi. Opcion de resolución de salida de imagenes hasta 1200 dpi. BAPIM N° 07/08/5513

Sheet  NotaPedido
A1: NOTA DE PEDIDO | J1: N° | K1: 71/2021
A3: JURISDICCIÓN: | D3: ='Necesidades Trimestrales'!C4 -> 040 - Ministerio de Salud
A4: SAF: | D4: ='Necesidades Trimestrales'!C5 -> 024 - Hospital Interzonal de Niños
A5: UNIDAD EJECUTORA: | D5: 024 - Hospital Interzonal de Niños
A6: DEPENDENCIA SOLICITANTE: | D6: Servicio de Informatica
A7: PERIODO UTILIZACIÓN: | D7: ='Necesidades Trimestrales'!C7 & "° Trimestre - Año " & 'Necesidades Trimestrales'!C6 -> 2° Trimestre - Año 2021
A8: OBJETO: | D8: Equipamiento Informatico.
A10: Ítem | B10: Codigo Item | C10: DESCRIPCIÓN | H10: Adjunta Detalle Técnico | I10: Unidad Medida | J10: Precio Unitario Estimado | K10: Cantidad Solicitada
A12: 1 | B12: ='Necesidades Trimestrales'!B10 -> 4.3.6-6160.221 | C12: ='Necesidades Trimestrales'!E10 -> COMPUTADORAS; TIPO: DE ESCRITORIO, CODIGO ETAP: PC-002-00, VERSION ETAP: 23.0 | H12: SI | I12: ='Necesidades Trimestrales'!F10 -> UNIDAD | J12: =+'Necesidades Trimestrales'!H10 -> 60000 | K12: =+'Necesidades Trimestrales'!G10 -> 6
A13: 2 | B13: ='Necesidades Trimestrales'!B11 -> 4.3.6-6169.98 | C13: ='Necesidades Trimestrales'!E11 -> MONITORES; TIPO: TFT/LCD/LED ESTANDAR, CODIGO ETAP: MN-005, VERSION ETAP: 21.0 | H13: SI | I13: ='Necesidades Trimestrales'!F11 -> UNIDAD | J13: =+'Necesidades Trimestrales'!H11 -> 20000 | K13: =+'Necesidades Trimestrales'!G11 -> 6
A14: 3 | B14: ='Necesidades Trimestrales'!B12 -> 4.3.6-6161.294 | C14: ='Necesidades Trimestrales'!E12 -> IMPRESORAS; TIPO: LASER MONOCROMATICA, CODIGO ETAP: PR-017, VERSION ETAP: 19.0 | H14: SI | I14: ='Necesidades Trimestrales'!F12 -> UNIDAD | J14: =+'Necesidades Trimestrales'!H12 -> 19000 | K14: =+'Necesidades Trimestrales'!G12 -> 4
A15: 4 | B15: ='Necesidades Trimestrales'!B13 -> 4.3.6-6191.72 | C15: ='Necesidades Trimestrales'!E13 -> UPS; TIPO: P/SERVIDORES Y/O RACKS, CODIGO ETAP: UPS-002, VERSION ETAP: 19.0 | H15: SI | I15: ='Necesidades Trimestrales'!F13 -> UNIDAD | J15: =+'Necesidades Trimestrales'!H13 -> 86500 | K15: =+'Necesidades Trimestrales'!G13 -> 1
A16: 5 | B16: ='Necesidades Trimestrales'!B14 -> 4.3.6-6170.58 | C16: ='Necesidades Trimestrales'!E14 -> DIG. DE IMAGENES/ESCANER; TIPO: ESTANDAR, CODIGO ETAP: SC-002, VERSION ETAP: 22.0 | H16: SI | I16: ='Necesidades Trimestrales'!F14 -> UNIDAD | J16: =+'Necesidades Trimestrales'!H14 -> 50000 | K16: =+'Necesidades Trimestrales'!G14 -> 1
A17: Costo total estimado: Seiscientos Noventa Y Dos Mil Quinientos con 00/100. | J17: =SUMPRODUCT(J12:J16,K12:K16) -> 692500

Sheet Autor Gastar
A1: EJERCICIO: | D1: ='Necesidades Trimestrales'!C6 -> 2021 | P1: AUTORIZACION PARA GASTAR
A4: JURISDICCIÓN: | G4: =' NotaPedido'!D3 -> 040 - Ministerio de Salud
A5: SAF: | G5: =' NotaPedido'!D4 -> 024 - Hospital Interzonal de Niños
A6: UNIDAD EJECUTORA: | G6: =' NotaPedido'!D5 -> 024 - Hospital Interzonal de Niños
A7: DEPENDENCIA SOLICITANTE: | G7: =' NotaPedido'!D6 -> Servicio de Informatica
A8: AUTORIZACIÓN:
A9: Señor Jefe de Servicio Administrativo Financiero:
A10: ="Autorizo la realización de los trámites correspondientes, a fin de proveer a este Organismo los bienes y/o servicios que se detallan en Nota de Pedido N° " & ' NotaPedido'!K1&", afectando la erogación resultante a los créditos presupuestarios aprobados a favor de esta Unidad Ejecutora, conforme al siguiente detalle:" -> Autorizo la realización de los trámites correspondientes, a fin de proveer a este Organismo los bienes y/o servicios que se detallan en Nota de Pedido N° 71/2021, afectando la erogación resultante a los créditos presupuestarios aprobados a favor de esta Unidad Ejecutora, conforme al siguiente detalle:
A12: IMPUTACIÓN PRESUPUESTARIA
A13: CÓDIGO | O13: DENOMINACIÓN DE LA PARTIDA PRESUPUESTARIA | Q13: IMPORTE
A14: PR | B14: SB | C14: PY | D14: AC | E14: OB | F14: UG | G14: FIN | H14: FUN | I14: I | J14: P | K14: P | L14: SubP | M14: M | N14: FF
A15: 36 | D15: 1 | F15: 4901 | G15: 3 | H15: 310 | I15: =LEFT('Necesidades Trimestrales'!D11,1) -> 4 | J15: 3 | K15: =RIGHT('Necesidades Trimestrales'!D11,1) -> 6 | M15: 1 | N15: 1.3 | O15: Equipos para Computacion | Q15: 692500
A22: TOTAL DE PESOS: SEISCIENTOS NOVENTA Y DOS MIL QUINIENTOS CON 00/100. | Q22: =SUM(Q15:Q21) -> 692500
A24: JUSTIFICACIÓN:
A25: Para la adquisición de Equipamiento Informatico destinados al Servico de Informatica del Hospital Interzonal de Niños Eva Peron, para el normal funcionamiento del organismo.
