Workbook

Sheet Necesidades Trimestrales
B2: Pedido de Necesidades Trimestrales
A4: JURISDICCION: | C4: 040 - Ministerio de Salud
A5: SAF N°: | C5: 024 - Hospital Interzonal de Niños
A6: EJERCICIO: | C6: 2021
A7: TRIMESTRE: | C7: 2
A9: ID | B9: CODIGO ITEM | C9: RUBRO DE COMPRA | D9: I.P.P. | E9: DESCRIPCION | F9: UNIDAD DE MEDIDA | G9: CANTIDAD | H9: PRECIO UNITARIO ESTIMADO | I9: IMPORTE TOTAL ESTIMADO
A10: 1 | C10: PROD. MEDICO/ FARMACEUTICOS/LAB | D10: 252 | E10: VASELINA SOLIDA X 1KG | F10: unidad | G10: 10 | H10: 1029 | I10: =+G10*H10 -> 10290
A11: 2 | C11: PROD. MEDICO/ FARMACEUTICOS/LAB | D11: 252 | E11: PASTA AL AGUA X 30 GRS | F11: unidad | G11: 20 | H11: 280 | I11: =+G11*H11 -> 5600
A12: 3 | C12: PROD. MEDICO/ FARMACEUTICOS/LAB | D12: 252 | E12: PASTA LASSAR X 30 GRS | F12: unidad | G12: 100 | H12: 300 | I12: =+G12*H12 -> 30000
A13: 4 | C13: PROD. MEDICO/ FARMACEUTICOS/LAB | D13: 252 | E13: ACIDO FUSIDICO 2% CREMA | F13: unidad | G13: 10 | H13: 857 | I13: =+G13*H13 -> 8570
A14: 5 | C14: PROD. MEDICO/ FARMACEUTICOS/LAB | D14: 252 | E14: SULFADIACINA DE PLATA + VITAMINA A + LIDOCAINA CREMA X 100 GRS | F14: unidad | G14: 50 | H14: 944 | I14: =+G14*H14 -> 47200
A15: 6 | C15: PROD. MEDICO/ FARMACEUTICOS/LAB | D15: 252 | E15: HIDROCORTISONA 1% CREMA | F15: unidad | G15: 30 | H15: 200 | I15: =+G15*H15 -> 6000
A16: 7 | C16: PROD. MEDICO/ FARMACEUTICOS/LAB | D16: 252 | E16: NITROFURAZONA 0,2 % APOSITOS | F16: unidad | G16: 20 | H16: 506.6 | I16: =+G16*H16 -> 10132
A17: 8 | C17: PROD. MEDICO/ FARMACEUTICOS/LAB | D17: 252 | E17: APOSITO HIDROCOLOIDE CUADRADO 10 X 10 CM | F17: unidad | G17: 200 | H17: 350 | I17: =+G17*H17 -> 70000
A18: 9 | C18: PROD. MEDICO/ FARMACEUTICOS/LAB | D18: 252 | E18: APOSITO HIDROCOLIDE OVALADO 14 X 17 CM | F18: unidad | G18: 200 | H18: 415 | I18: =+G18*H18 -> 83000
A19: 10 | C19: PROD. MEDICO/ FARMACEUTICOS/LAB | D19: 252 | E19: APOSITO HIDROCOLOIDE FINO 7 X 9 CM | F19: unidad | G19: 200 | H19: 280 | I19: =+G19*H19 -> 56000
A20: 11 | C20: PROD. MEDICO/ FARMACEUTICOS/LAB | D20: 252 | E20: DEXAMETASONA 8 MG AMPOLLA | F20: unidad | G20: 5000 | H20: 25 | I20: =+G20*H20 -> 125000
A21: 12 | C21: PROD. MEDICO/ FARMACEUTICOS/LAB | D21: 252 | E21: DEXAMETASONA 8 MG COMPRIMIDO | F21: unidad | G21: 100 | H21: 7.45 | I21: =+G21*H21 -> 745
... A29: 20 | C29: PROD. MEDICO/ FARMACEUTICOS/LAB | D29: 252 | E29: DESMOPRESIN 4 MG/ML AMPOLLA | F29: unidad | G29: 30 | H29: 936.28 | I29: =+G29*H29 -> 28088.4
B32: Plazos y lugares de entrega
B33: Lugar de Entrega: SERVICIO DE FARMACIA -HOSPITAL INT. DE NIÑOS – AV. VIRGEN DEL VALLE N° 1050-CATAMARCA DE 8:00 A 12:00HS., DEBIENDO CORRER LOS GASTOS DE FLETES, ACARREO, CARGA, DESCARGA Y SEGURO A CARGO DEL ADJUDICATARIO.
B35: Plazo de vencimiento de los bienes ofrecidos: No podrán ser inferior a los 18 meses.
B36: Plazo de entrega: Dentro de los 10 días corridos de notificada la Orden de Compra
B37: Mantenimiento de Oferta:
C38: 45 dias habiles

Sheet  NotaPedido
A1: NOTA DE PEDIDO | J1: N° | K1: 052/2021
A3: JURISDICCIÓN: | D3: ='Necesidades Trimestrales'!C4 -> 040 - Ministerio de Salud
A4: SAF: | D4: ='Necesidades Trimestrales'!C5 -> 024 - Hospital Interzonal de Niños
A5: UNIDAD EJECUTORA: | D5: 024 - Hospital Interzonal de Niños
A6: DEPENDENCIA SOLICITANTE: | D6: Servicio de Farmacia
A7: PERIODO UTILIZACIÓN: | D7: ='Necesidades Trimestrales'!C7 & "° Trimestre - Año " & 'Necesidades Trimestrales'!C6 -> 2° Trimestre - Año 2021
A8: OBJETO: | D8: TERAPIA DERMATOLOGICA/SISTEMA GENITOURINARIO Y HORMONAS SEXUALES /HORMONAS SISTEMICAS
A10: Ítem | B10: Codigo Item | C10: DESCRIPCIÓN | H10: Adjunta Detalle Técnico | I10: Unidad Medida | J10: Precio Unitario Estimado | K10: Cantidad Solicitada
A12: 1 | C12: =+'Necesidades Trimestrales'!E10 -> VASELINA SOLIDA X 1KG | H12: NO | I12: ='Necesidades Trimestrales'!F10 -> unidad | J12: =+'Necesidades Trimestrales'!H10 -> 1029 | K12: =+'Necesidades Trimestrales'!G10 -> 10
A13: 2 | C13: =+'Necesidades Trimestrales'!E11 -> PASTA AL AGUA X 30 GRS | H13: NO | I13: ='Necesidades Trimestrales'!F11 -> unidad | J13: =+'Necesidades Trimestrales'!H11 -> 280 | K13: =+'Necesidades Trimestrales'!G11 -> 20
A14: 3 | C14: =+'Necesidades Trimestrales'!E12 -> PASTA LASSAR X 30 GRS | H14: NO | I14: ='Necesidades Trimestrales'!F12 -> unidad | J14: =+'Necesidades Trimestrales'!H12 -> 300 | K14: =+'Necesidades Trimestrales'!G12 -> 100
A15: 4 | C15: =+'Necesidades Trimestrales'!E13 -> ACIDO FUSIDICO 2% CREMA | H15: NO | I15: ='Necesidades Trimestrales'!F13 -> unidad | J15: =+'Necesidades Trimestrales'!H13 -> 857 | K15: =+'Necesidades Trimestrales'!G13 -> 10
A16: 5 | C16: =+'Necesidades Trimestrales'!E14 -> SULFADIACINA DE PLATA + VITAMINA A + LIDOCAINA CREMA X 100 GRS | H16: NO | I16: ='Necesidades Trimestrales'!F14 -> unidad | J16: =+'Necesidades Trimestrales'!H14 -> 944 | K16: =+'Necesidades Trimestrales'!G14 -> 50
A17: 6 | C17: =+'Necesidades Trimestrales'!E15 -> HIDROCORTISONA 1% CREMA | H17: NO | I17: ='Necesidades Trimestrales'!F15 -> unidad | J17: =+'Necesidades Trimestrales'!H15 -> 200 | K17: =+'Necesidades Trimestrales'!G15 -> 30
A18: 7 | C18: =+'Necesidades Trimestrales'!E16 -> NITROFURAZONA 0,2 % APOSITOS | H18: NO | I18: ='Necesidades Trimestrales'!F16 -> unidad | J18: =+'Necesidades Trimestrales'!H16 -> 506.6 | K18: =+'Necesidades Trimestrales'!G16 -> 20
A19: 8 | C19: =+'Necesidades Trimestrales'!E17 -> APOSITO HIDROCOLOIDE CUADRADO 10 X 10 CM | H19: NO | I19: ='Necesidades Trimestrales'!F17 -> unidad | J19: =+'Necesidades Trimestrales'!H17 -> 350 | K19: =+'Necesidades Trimestrales'!G17 -> 200
A20: 9 | C20: =+'Necesidades Trimestrales'!E18 -> APOSITO HIDROCOLIDE OVALADO 14 X 17 CM | H20: NO | I20: ='Necesidades Trimestrales'!F18 -> unidad | J20: =+'Necesidades Trimestrales'!H18 -> 415 | K20: =+'Necesidades Trimestrales'!G18 -> 200
A21: 10 | C21: =+'Necesidades Trimestrales'!E19 -> APOSITO HIDROCOLOIDE FINO 7 X 9 CM | H21: NO | I21: ='Necesidades Trimestrales'!F19 -> unidad | J21: =+'Necesidades Trimestrales'!H19 -> 280 | K21: =+'Necesidades Trimestrales'!G19 -> 200
A22: 11 | C22: =+'Necesidades Trimestrales'!E20 -> DEXAMETASONA 8 MG AMPOLLA | H22: NO | I22: ='Necesidades Trimestrales'!F20 -> unidad | J22: =+'Necesidades Trimestrales'!H20 -> 25 | K22: =+'Necesidades Trimestrales'!G20 -> 5000
A23: 12 | C23: =+'Necesidades Trimestrales'!E21 -> DEXAMETASONA 8 MG COMPRIMIDO | H23: NO | I23: ='Necesidades Trimestrales'!F21 -> unidad | J23: =+'Necesidades Trimestrales'!H21 -> 7.45 | K23: =+'Necesidades Trimestrales'!G21 -> 100
... A31: 20 | C31: =+'Necesidades Trimestrales'!E29 -> DESMOPRESIN 4 MG/ML AMPOLLA | H31: NO | I31: ='Necesidades Trimestrales'!F29 -> unidad | J31: =+'Necesidades Trimestrales'!H29 -> 936.28 | K31: =+'Necesidades Trimestrales'!G29 -> 30
A32: Costo total estimado: Cinco Millones Un Mil Trescientos Veinticinco Con 90/100. | J32: =SUMPRODUCT(J12:J31,K12:K31) -> 5011615.9

Sheet Autor Gastar
A1: EJERCICIO: | D1: ='Necesidades Trimestrales'!C6 -> 2021 | P1: AUTORIZACION PARA GASTAR
A4: JURISDICCIÓN: | G4: =' NotaPedido'!D3 -> 040 - Ministerio de Salud
A5: SAF: | G5: =' NotaPedido'!D4 -> 024 - Hospital Interzonal de Niños
A6: UNIDAD EJECUTORA: | G6: =' NotaPedido'!D5 -> 024 - Hospital Interzonal de Niños
A7: DEPENDENCIA SOLICITANTE: | G7: Servicio de Farmacia
A8: AUTORIZACIÓN:
A9: Señor Jefe de Servicio Administrativo Financiero:
A10: ="Autorizo la realización de los trámites correspondientes, a fin de proveer a este Organismo los bienes y/o servicios que se detallan en Nota de Pedido N° " & ' NotaPedido'!K1&", afectando la erogación resultante a los créditos presupuestarios aprobados a favor de esta Unidad Ejecutora, conforme al siguiente detalle:" -> Autorizo la realización de los trámites correspondientes, a fin de proveer a este Organismo los bienes y/o servicios que se detallan en Nota de Pedido N° 052/2021, afectando la erogación resultante a los créditos presupuestarios aprobados a favor de esta Unidad Ejecutora, conforme al siguiente detalle:
A12: IMPUTACIÓN PRESUPUESTARIA
A13: CÓDIGO | O13: DENOMINACIÓN DE LA PARTIDA PRESUPUESTARIA | Q13: IMPORTE
A14: PR | B14: SB | C14: PY | D14: AC | E14: OB | F14: UG | G14: FIN | H14: FUN | I14: I | J14: P | K14: P | L14: SubP | M14: M | N14: FF
A15: 36 | D15: 1 | F15: 4901 | G15: 3 | H15: 310 | I15: 2 | J15: 5 | K15: 2 | M15: 1 | N15: 1.1 | O15: PRODUCTOS FARMACEUTICOS Y MEDICINALES | Q15: =+' NotaPedido'!J32 -> 5011615.9
A19: TOTAL DE PESOS: CINCO MILLONES ONCE MIL SEISCIENTOS QUINCE CON 90/100. | Q19: =SUM(Q15:Q18) -> 5011615.9
A21: JUSTIFICACIÓN:
A22: Para la adquisición de Insumos relacionados a TERAPIA DERMATOLOGICA/SISTEMA GENITOURINARIO Y HORMONAS SEXUALES /HORMONAS SISTEMICAS destinados al Servicio de Farmacia del Hospital Interzonal de Niños Eva Peron, para el normal funcionamiento del organismo.
