Workbook

Sheet Necesidades Trimestrales
B2: Pedido de Necesidades Trimestrales
A4: JURISDICCION: | C4: 040 - Ministerio de Salud
A5: SAF N°: | C5: 28-Maternidad Provincial 25 de Mayo
A6: EJERCICIO: | C6: 2022
A7: TRIMESTRE: | C7: 2
A9: ID | B9: CODIGO ITEM | C9: RUBRO DE COMPRA | D9: I.P.P. | E9: DESCRIPCION | F9: UNIDAD DE MEDIDA | G9: CANTIDAD | H9: PRECIO UNITARIO ESTIMADO | I9: IMPORTE TOTAL ESTIMADO
A10: 1 | B10: 2.9.5-427.33 | C10: PROD. MEDICO/FARMACEUTICOS/LAB | D10: 252 | E10: APOSITOS; TIPO: HIDROCOLOIDE, TAMAÑO: 15 X 17,5 Cm | F10: UNIDAD | G10: 10 | H10: 998 | I10: =+G10*H10 -> 9980
A11: 2 | B11: 2.9.5-427.39 | C11: PROD. MEDICO/FARMACEUTICOS/LAB | D11: 252 | E11: APOSITOS; TIPO: HIDROCOLOIDE, TAMAÑO: 10 X 10 Cm | F11: UNIDAD | G11: 10 | H11: 380 | I11: =+G11*H11 -> 3800
A12: 3 | B12: 2.5.2-5661.8 | C12: PROD. MEDICO/FARMACEUTICOS/LAB | D12: 252 | E12: REGULADORES HORMONALES; TIPO: MONODROGA, DROGA GENERICA: ATOSIBAN, FORMA FARMACEUTICA: AMPOLLA, PRESENTACION: ENVASE X 5 mL | F12: FRASCO | G12: 45 | H12: 25800 | I12: =+G12*H12 -> 1161000
A13: 4 | B13: 2.5.2-5661.11 | C13: PROD. MEDICO/FARMACEUTICOS/LAB | D13: 252 | E13: REGULADORES HORMONALES; TIPO: MONODROGA, DROGA GENERICA: ATOSIBAN, FORMA FARMACEUTICA: AMPOLLA, PRESENTACION: ENVASE X 0,9 mL | F13: FRASCO | G13: 5 | H13: 13500 | I13: =+G13*H13 -> 67500
A14: 5 | B14: 2.5.2-1855.83 | C14: PROD. MEDICO/FARMACEUTICOS/LAB | D14: 252 | E14: CORTICOESTEROIDES; TIPO: ASOCIACION, DROGA GENERICA: BETAMETASONA ACETATO+FOSFATO, FORMA FARMACEUTICA: AMPOLLA, PRESENTACION: ENVASE X 2 mL | F14: AMPOLLA | G14: 1000 | H14: 447 | I14: =+G14*H14 -> 447000
A15: 6 | B15: 2.5.2-1902.14 | C15: PROD. MEDICO/FARMACEUTICOS/LAB | D15: 252 | E15: DROGAS UTERINAS; TIPO: MONODROGA, DROGA GENERICA: CARBETOCIN 100 MCG, FORMA FARMACEUTICA: AMPOLLA, PRESENTACION: UNIDAD | F15: AMPOLLA | G15: 10 | H15: 5090 | I15: =+G15*H15 -> 50900
A16: 7 | B16: 2.5.2-2198.3 | C16: PROD. MEDICO/FARMACEUTICOS/LAB | D16: 252 | E16: ANTIDIURETICOS; DROGA GENERICA: DESMOPRESINA, FORMA FARMACEUTICA: AMPOLLA, PRESENTACION: 1 mL, TIPO: MONODROGA | F16: AMPOLLA | G16: 100 | H16: 1125.7 | I16: =+G16*H16 -> 112570
A17: 8 | B17: 2.5.2-1855.7 | C17: PROD. MEDICO/FARMACEUTICOS/LAB | D17: 252 | E17: CORTICOESTEROIDES; TIPO: MONODROGA, DROGA GENERICA: DEXAMETASONA, FORMA FARMACEUTICA: AMPOLLA, PRESENTACION: 8 mGr | F17: AMPOLLA | G17: 900 | H17: 45 | I17: =+G17*H17 -> 40500
A18: 9 | B18: 2.5.2-2476.36 | C18: PROD. MEDICO/FARMACEUTICOS/LAB | D18: 252 | E18: ANTIALERGICOS-ANTIHISTAMINICOS; TIPO: MONODROGA, DROGA GENERICA: DIFENHIDRAMINA, FORMA FARMACEUTICA: COMPRIMIDO, PRESENTACION: 50 mGr | F18: COMPRIMIDO | G18: 50 | H18: 4.65 | I18: =+G18*H18 -> 232.5
A19: 10 | B19: 2.5.2-2476.44 | C19: PROD. MEDICO/FARMACEUTICOS/LAB | D19: 252 | E19: ANTIALERGICOS-ANTIHISTAMINICOS; TIPO: MONODROGA, DROGA GENERICA: DIFENHIDRAMINA, FORMA FARMACEUTICA: AMPOLLA, PRESENTACION: 10 mGr | F19: AMPOLLA | G19: 200 | H19: 55 | I19: =+G19*H19 -> 11000
A20: 11 | B20: 2.5.2-1895.8 | C20: PROD. MEDICO/FARMACEUTICOS/LAB | D20: 252 | E20: HORMONAS MEDICINALES; TIPO: MONODROGA, DROGA GENERICA: GONADOTROFINA CORIONICA, FORMA FARMACEUTICA: AMPOLLA, PRESENTACION: 5000 UI, USO: SEXUAL | F20: UNIDAD | G20: 40 | H20: 6450 | I20: =+G20*H20 -> 258000
A21: 12 | B21: 2.5.2-1875.9 | C21: PROD. MEDICO/FARMACEUTICOS/LAB | D21: 252 | E21: ANTIASMATICO BRONCODILATADOR; TIPO: MONODROGA, DROGA GENERICA: BROMURO DE IPRATROPIO, FORMA FARMACEUTICA: SOLUCION, PRESENTACION: 20 mL | F21: GOTERO | G21: 10 | H21: 98 | I21: =+G21*H21 -> 980
... A29: 20 | B29: 2.5.2-1883.189 | C29: PROD. MEDICO/FARMACEUTICOS/LAB | D29: 252 | E29: ANESTÉSICOS LOCALES; TIPO: ANALGÉSICO LOCAL Y ANTIBACTERIANO, DROGA GENÉRICA: LIDOCAÍNA + SULFADIAZINA + VITAMINA A, FORMA FARMACEÚTICA: CREMA, PRESENTACIÓN: ENVASE X 100 GR | F29: ENVASE | G29: 10 | H29: 1120 | I29: =+G29*H29 -> 11200
B32: Especificidades:
B34: Ítem 19: Con AEROCAMARA
B36: Lugar de Entrega : SERVICIO DE FARMACIA DE 08:00 A 13:00 HS., DEBIENDO CORRER LOS GASTOS DE FLETES, ACARREO, CARGA, DESCARGA Y SEGURO A CARGO DEL ADJUDICATARIO.
B37: Plazo de entrega: 10 (DIEZ) DIAS HABILES
B38: Calidad Minima esperada:
B39: Mantenimiento: 45(CUARENTA Y CINCO) DIAS HABILES

Sheet  NotaPedido
A1: NOTA DE PEDIDO | J1: N° | K1: 58/2022
A3: JURISDICCIÓN: | C3: ='Necesidades Trimestrales'!C4 -> 040 - Ministerio de Salud
A4: SAF: | C4: 28-Maternidad Provincial 25 de Mayo
A5: UNIDAD EJECUTORA: | C5: 169- Direccion Asistencial
A6: DEPENDENCIA SOLICITANTE: | C6: Servicio de Farmacia
A7: PERIODO UTILIZACIÓN: | C7: Cuatrimestral
A8: OBJETO: | C8: Adquisición de TERAPIA DERMATOLOGICA/SISTEMA GENITOURINARIO Y HORMONAS SEXUALES /HORMONAS SISTEMICAS /CORTICOIDES SISTEMICOS/RESPIRATORIO/ANTIHISTAMINICOS
A10: Ítem | B10: CODIGO ITEM | C10: DESCRIPCIÓN | H10: Adjunta Detalle Técnico | I10: Unidad Medida | J10: Precio Unitario Estimado | K10: Cantidad Solicitada
A12: =+'Necesidades Trimestrales'!A10 -> 1 | B12: =+'Necesidades Trimestrales'!B10 -> 2.9.5-427.33 | C12: =+'Necesidades Trimestrales'!E10 -> APOSITOS; TIPO: HIDROCOLOIDE, TAMAÑO: 15 X 17,5 Cm | H12: NO | I12: =+'Necesidades Trimestrales'!F10 -> UNIDAD | J12: =+'Necesidades Trimestrales'!H10 -> 998 | K12: =+'Necesidades Trimestrales'!G10 -> 10
A13: =+'Necesidades Trimestrales'!A11 -> 2 | B13: =+'Necesidades Trimestrales'!B11 -> 2.9.5-427.39 | C13: =+'Necesidades Trimestrales'!E11 -> APOSITOS; TIPO: HIDROCOLOIDE, TAMAÑO: 10 X 10 Cm | H13: NO | I13: =+'Necesidades Trimestrales'!F11 -> UNIDAD | J13: =+'Necesidades Trimestrales'!H11 -> 380 | K13: =+'Necesidades Trimestrales'!G11 -> 10
A14: =+'Necesidades Trimestrales'!A12 -> 3 | B14: =+'Necesidades Trimestrales'!B12 -> 2.5.2-5661.8 | C14: =+'Necesidades Trimestrales'!E12 -> REGULADORES HORMONALES; TIPO: MONODROGA, DROGA GENERICA: ATOSIBAN, FORMA FARMACEUTICA: AMPOLLA, PRESENTACION: ENVASE X 5 mL | H14: NO | I14: =+'Necesidades Trimestrales'!F12 -> FRASCO | J14: =+'Necesidades Trimestrales'!H12 -> 25800 | K14: =+'Necesidades Trimestrales'!G12 -> 45
A15: =+'Necesidades Trimestrales'!A13 -> 4 | B15: =+'Necesidades Trimestrales'!B13 -> 2.5.2-5661.11 | C15: =+'Necesidades Trimestrales'!E13 -> REGULADORES HORMONALES; TIPO: MONODROGA, DROGA GENERICA: ATOSIBAN, FORMA FARMACEUTICA: AMPOLLA, PRESENTACION: ENVASE X 0,9 mL | H15: NO | I15: =+'Necesidades Trimestrales'!F13 -> FRASCO | J15: =+'Necesidades Trimestrales'!H13 -> 13500 | K15: =+'Necesidades Trimestrales'!G13 -> 5
A16: =+'Necesidades Trimestrales'!A14 -> 5 | B16: =+'Necesidades Trimestrales'!B14 -> 2.5.2-1855.83 | C16: =+'Necesidades Trimestrales'!E14 -> CORTICOESTEROIDES; TIPO: ASOCIACION, DROGA GENERICA: BETAMETASONA ACETATO+FOSFATO, FORMA FARMACEUTICA: AMPOLLA, PRESENTACION: ENVASE X 2 mL | H16: NO | I16: =+'Necesidades Trimestrales'!F14 -> AMPOLLA | J16: =+'Necesidades Trimestrales'!H14 -> 447 | K16: =+'Necesidades Trimestrales'!G14 -> 1000
A17: =+'Necesidades Trimestrales'!A15 -> 6 | B17: =+'Necesidades Trimestrales'!B15 -> 2.5.2-1902.14 | C17: =+'Necesidades Trimestrales'!E15 -> DROGAS UTERINAS; TIPO: MONODROGA, DROGA GENERICA: CARBETOCIN 100 MCG, FORMA FARMACEUTICA: AMPOLLA, PRESENTACION: UNIDAD | H17: NO | I17: =+'Necesidades Trimestrales'!F15 -> AMPOLLA | J17: =+'Necesidades Trimestrales'!H15 -> 5090 | K17: =+'Necesidades Trimestrales'!G15 -> 10
A18: =+'Necesidades Trimestrales'!A16 -> 7 | B18: =+'Necesidades Trimestrales'!B16 -> 2.5.2-2198.3 | C18: =+'Necesidades Trimestrales'!E16 -> ANTIDIURETICOS; DROGA GENERICA: DESMOPRESINA, FORMA FARMACEUTICA: AMPOLLA, PRESENTACION: 1 mL, TIPO: MONODROGA | H18: NO | I18: =+'Necesidades Trimestrales'!F16 -> AMPOLLA | J18: =+'Necesidades Trimestrales'!H16 -> 1125.7 | K18: =+'Necesidades Trimestrales'!G16 -> 100
A19: =+'Necesidades Trimestrales'!A17 -> 8 | B19: =+'Necesidades Trimestrales'!B17 -> 2.5.2-1855.7 | C19: =+'Necesidades Trimestrales'!E17 -> CORTICOESTEROIDES; TIPO: MONODROGA, DROGA GENERICA: DEXAMETASONA, FORMA FARMACEUTICA: AMPOLLA, PRESENTACION: 8 mGr | H19: NO | I19: =+'Necesidades Trimestrales'!F17 -> AMPOLLA | J19: =+'Necesidades Trimestrales'!H17 -> 45 | K19: =+'Necesidades Trimestrales'!G17 -> 900
A20: =+'Necesidades Trimestrales'!A18 -> 9 | B20: =+'Necesidades Trimestrales'!B18 -> 2.5.2-2476.36 | C20: =+'Necesidades Trimestrales'!E18 -> ANTIALERGICOS-ANTIHISTAMINICOS; TIPO: MONODROGA, DROGA GENERICA: DIFENHIDRAMINA, FORMA FARMACEUTICA: COMPRIMIDO, PRESENTACION: 50 mGr | H20: NO | I20: =+'Necesidades Trimestrales'!F18 -> COMPRIMIDO | J20: =+'Necesidades Trimestrales'!H18 -> 4.65 | K20: =+'Necesidades Trimestrales'!G18 -> 50
A21: =+'Necesidades Trimestrales'!A19 -> 10 | B21: =+'Necesidades Trimestrales'!B19 -> 2.5.2-2476.44 | C21: =+'Necesidades Trimestrales'!E19 -> ANTIALERGICOS-ANTIHISTAMINICOS; TIPO: MONODROGA, DROGA GENERICA: DIFENHIDRAMINA, FORMA FARMACEUTICA: AMPOLLA, PRESENTACION: 10 mGr | H21: NO | I21: =+'Necesidades Trimestrales'!F19 -> AMPOLLA | J21: =+'Necesidades Trimestrales'!H19 -> 55 | K21: =+'Necesidades Trimestrales'!G19 -> 200
A22: =+'Necesidades Trimestrales'!A20 -> 11 | B22: =+'Necesidades Trimestrales'!B20 -> 2.5.2-1895.8 | C22: =+'Necesidades Trimestrales'!E20 -> HORMONAS MEDICINALES; TIPO: MONODROGA, DROGA GENERICA: GONADOTROFINA CORIONICA, FORMA FARMACEUTICA: AMPOLLA, PRESENTACION: 5000 UI, USO: SEXUAL | H22: NO | I22: =+'Necesidades Trimestrales'!F20 -> UNIDAD | J22: =+'Necesidades Trimestrales'!H20 -> 6450 | K22: =+'Necesidades Trimestrales'!G20 -> 40
A23: =+'Necesidades Trimestrales'!A21 -> 12 | B23: =+'Necesidades Trimestrales'!B21 -> 2.5.2-1875.9 | C23: =+'Necesidades Trimestrales'!E21 -> ANTIASMATICO BRONCODILATADOR; TIPO: MONODROGA, DROGA GENERICA: BROMURO DE IPRATROPIO, FORMA FARMACEUTICA: SOLUCION, PRESENTACION: 20 mL | H23: NO | I23: =+'Necesidades Trimestrales'!F21 -> GOTERO | J23: =+'Necesidades Trimestrales'!H21 -> 98 | K23: =+'Necesidades Trimestrales'!G21 -> 10
... A27: =+'Necesidades Trimestrales'!A25 -> 16 | B27: =+'Necesidades Trimestrales'!B25 -> 2.5.2-1851.29 | C27: =+'Necesidades Trimestrales'!E25 -> GENITOURINARIO; TIPO: MONODROGA, DROGA GENÉRICA: NISTATINA, FORMA FARMACEÚTICA: COMPRIMIDO VAGINAL, PRESENTACIÓN: 100000 UI | H27: NO | I27: =+'Necesidades Trimestrales'!F25 -> COMPRIMIDO | J27: =+'Necesidades Trimestrales'!H25 -> 22.7 | K27: =+'Necesidades Trimestrales'!G25 -> 150
A28: =+'Necesidades Trimestrales'!A26 -> 17 | B28: =+'Necesidades Trimestrales'!B26 -> 2.5.2-1853.2 | C28: =+'Necesidades Trimestrales'!E26 -> OCITOCICOS; TIPO: MONODROGA, DROGA GENERICA: OXITOCINA SINTÉTICA, PRESENTACION: 10 UI, FORMA FARMACEUTICA: AMPOLLA | H28: NO | I28: =+'Necesidades Trimestrales'!F26 -> AMPOLLA | J28: =+'Necesidades Trimestrales'!H26 -> 45 | K28: 3000
A29: =+'Necesidades Trimestrales'!A27 -> 18 | B29: =+'Necesidades Trimestrales'!B27 -> 2.5.2-1895.88 | C29: =+'Necesidades Trimestrales'!E27 -> HORMONAS MEDICINALES; TIPO: MONODROGA, DROGA GENÉRICA: PROGESTERONA MICRONIZADA 200 MG, FORMA FARMACEÚTICA: CÁPSULAS, USO: SEXUAL | H29: NO | I29: =+'Necesidades Trimestrales'!F27 -> CAPSULA | J29: =+'Necesidades Trimestrales'!H27 -> 194 | K29: =+'Necesidades Trimestrales'!G27 -> 200
A30: =+'Necesidades Trimestrales'!A28 -> 19 | B30: =+'Necesidades Trimestrales'!B28 -> 2.5.2-1875.55 | C30: =+'Necesidades Trimestrales'!E28 -> ANTIASMATICO BRONCODILATADOR; TIPO: MONODROGA, DROGA GENERICA: SALBUTAMOL, FORMA FARMACEUTICA: AEROSOL, PRESENTACION: 250 DOSIS | H30: SI | I30: =+'Necesidades Trimestrales'!F28 -> UNIDAD | J30: =+'Necesidades Trimestrales'!H28 -> 580 | K30: =+'Necesidades Trimestrales'!G28 -> 150
A31: =+'Necesidades Trimestrales'!A29 -> 20 | B31: =+'Necesidades Trimestrales'!B29 -> 2.5.2-1883.189 | C31: =+'Necesidades Trimestrales'!E29 -> ANESTÉSICOS LOCALES; TIPO: ANALGÉSICO LOCAL Y ANTIBACTERIANO, DROGA GENÉRICA: LIDOCAÍNA + SULFADIAZINA + VITAMINA A, FORMA FARMACEÚTICA: CREMA, PRESENTACIÓN: ENVASE X 100 GR | H31: NO | I31: =+'Necesidades Trimestrales'!F29 -> ENVASE | J31: =+'Necesidades Trimestrales'!H29 -> 1120 | K31: =+'Necesidades Trimestrales'!G29 -> 10
A32: Costo total estimado: TRES MILLONES SETECIENTOS CUARENTA Y SEIS MIL TREINTA Y NUEVE CON 50/100, | J32: =SUMPRODUCT(J12:J31,K12:K31) -> 3746039.5

Sheet Autor Gastar
A1: EJERCICIO: | D1: ='Necesidades Trimestrales'!C6 -> 2022 | P1: AUTORIZACION PARA GASTAR
A4: JURISDICCIÓN: | G4: =' NotaPedido'!C3 -> 040 - Ministerio de Salud
A5: SAF: | G5: =' NotaPedido'!C4 -> 28-Maternidad Provincial 25 de Mayo
A6: UNIDAD EJECUTORA: | G6: =' NotaPedido'!C5 -> 169- Direccion Asistencial
A7: DEPENDENCIA SOLICITANTE: | G7: =' NotaPedido'!C6 -> Servicio de Farmacia
A8: AUTORIZACIÓN:
A9: Señor Jefe de Servicio Administrativo Financiero:
A10: ="Autorizo la realización de los trámites correspondientes, a fin de proveer a este Organismo los bienes y/o servicios que se detallan en Nota de Pedido N° " & ' NotaPedido'!K1&", afectando la erogación resultante a los créditos presupuestarios aprobados a favor de esta Unidad Ejecutora, conforme al siguiente detalle:" -> Autorizo la realización de los trámites correspondientes, a fin de proveer a este Organismo los bienes y/o servicios que se detallan en Nota de Pedido N° 58/2022, afectando la erogación resultante a los créditos presupuestarios aprobados a favor de esta Unidad Ejecutora, conforme al siguiente detalle:
A12: IMPUTACIÓN PRESUPUESTARIA
A13: CÓDIGO | O13: DENOMINACIÓN DE LA PARTIDA PRESUPUESTARIA | Q13: IMPORTE
A14: PR | B14: SB | C14: PY | D14: AC | E14: OB | F14: UG | G14: FIN | H14: FUN | I14: I | J14: P | K14: P | L14: SubP | M14: M | N14: FF
A15: 42 | D15: 2 | F15: 4901 | G15: 3 | H15: 310 | I15: 2 | J15: 5 | K15: 2 | M15: 1 | N15: 1.1 | O15: PRODUCTOS FARMACEUTICOS Y MEDICINALES | Q15: 3746039.5
A23: TOTAL DE PESOS: TRES MILLONES SETECIENTOS CUARENTA Y SEIS MIL TREINTA Y NUEVE CON 50/100. | Q23: =SUM(Q15:Q22) -> 3746039.5
A25: JUSTIFICACIÓN:
A26: Para la adquisición de TERAPIA DERMATOLOGICA/SISTEMA GENITOURINARIO Y HORMONAS SEXUALES /HORMONAS SISTEMICAS /CORTICOIDES SISTEMICOS/RESPIRATORIO/ANTIHISTAMINICOS destinados a la Maternidad Provincial 25 de Mayo.

Sheet Hoja1
B2: 10 | C2: 998 | E2: =+B2*C2 -> 9980
B3: 10 | C3: 380 | E3: =+B3*C3 -> 3800
B4: 45 | C4: 25800 | E4: =+B4*C4 -> 1161000
B5: 5 | C5: 13500 | E5: =+B5*C5 -> 67500
B6: 1000 | C6: 447 | E6: =+B6*C6 -> 447000
B7: 10 | C7: 5090 | E7: =+B7*C7 -> 50900
B8: 100 | C8: 1125.7 | E8: =+B8*C8 -> 112570
B9: 900 | C9: 45 | E9: =+B9*C9 -> 40500
B10: 50 | C10: 4.65 | E10: =+B10*C10 -> 232.5
B11: 200 | C11: 55 | E11: =+B11*C11 -> 11000
B12: 40 | C12: 6450 | E12: =+B12*C12 -> 258000
B13: 10 | C13: 98 | E13: =+B13*C13 -> 980
... B21: 10 | C21: 1120 | E21: =+B21*C21 -> 11200
E22: =SUM(E2:E21) -> 3746039.5
