Workbook

Sheet SAF 011
A1: 2021
B2: Pedido de Necesidades Trimestrales
A4: JURISDICCION: | C4: 040 - MINISTERIO DE SALUD
A5: SAF N°: | C5: 011 - DIRECCION PROVINCIAL DE ADMINISTRACION - MINISTERIO DE SALUD
A6: EJERCICIO: | C6: 2021
A7: TRIMESTRE: | C7: CUARTO
A9: ID | B9: CODIGO ITEM | C9: RUBRO DE COMPRA | D9: I.P.P. | E9: DESCRIPCION | F9: UNIDAD DE MEDIDA | G9: SECRETARIA DE ADMINISTRACION | H9: TOTAL S.A. | I9: SMPyPS | J9: TOTAL SMPyPS | K9: DIR. LAB. CENTRAL | L9: TOTAL DE LAB CENTRAL | M9: BCO DE SANGRE | N9: TOTAL BANCO DE SANGRE | O9: APS | P9: TOTAL A.P.S. | Q9: DIR DE CANCER | R9: TOTAL DE DIR DE CANCER | S9: FARMACIA | T9: TOTAL FARMACIA | U9: ODONTOLOGIA | V9: TOTAL DE ODONTOLOG | W9: SAME | X9: TOTAL DE SAME | Y9: HPTAL MALBRAN | Z9: TOTAL HPTAL MALBRAN | AA9: MATERNIDAD E INFANCIA | AB9: TOTAL MATERNIDAD E INFANCIA | AC9: SASP | AD9: TOTAL SASP | AE9: SALUD Y MEDIO AMBIENTE | AF9: TOTAL SALUD Y MEDIO AMBIENTE | AG9: VECTORES Y ZOONOSIS | AH9: TOTAL DE VECT Y ZOON | AI9: SUMAR | AJ9: TOTAL SUMAR | AK9: CUR | AL9: TOTAL CUR | AM9: SPyGS | AN9: TOTAL SPyGS | AO9: SALUD MENTAL | AP9: TOTAL SALUD MENTAL | AQ9: AREAS Y DPAS | AR9: TOTAL DPAS | AS9: CANTIDAD TOTAL | AT9: PRECIO UNITARIO ESTIMADO | AU9: IMPORTE TOTAL ESTIMADO | AV9: ESPECIFICACION TECNICA
A10: 1 | B10: 4.3.3-4084.13 | C10: EQUIPOS | D10: 4.3.3 | E10: EQUIPOS DE RAYOS X; USO: PORTATIL, FRECUENCIA: SIN VALOR, REGULACION: AUTOMATICA, COMANDOS: CON INSTRUMENTOS CONTROLADORES, AMPLIACION DE APLIQUE: APLIQUE POTENCIA 20/40/125 KW, COMANDO: CON INSTRUMENTOS CONTROLADORES | F10: UNIDAD | P10: =+O10*AT10 -> 0 | AC10: 1 | AD10: =+AC10*AT10 -> 2580800 | AS10: =+G10+I10+K10+M10+O10+Q10+S10+U10+W10+Y10++AA10+AC10+AE10+AG10+AI10+AK10+AM10+AO10+AQ10 -> 1 | AT10: 2580800 | AU10: =+AS10*AT10 -> 2580800
A11: 2 | B11: 4.3.3-8914.1 | C11: EQUIPOS | D11: 4.3.3 | E11: HEMODIALIZADORES; TIPO: AUTOMATICO, RANGO DE PRESION VENOSA: -60 A 550 mm hg, RANGO DE PRESION ARTERIAL: -300 A 250 mm hg, RANGO DE TEMPERATURA: 33 A 41 °C, RANGO DE FLUJO: 100 A 1000 mL/MIN, CONCENTRACION: 12800 A 15700 µS/CM, BOMBA DE SANGRE: 15 A 600 mL/MIN, BOMBA DE HEPARINA: 0,0005 A 0,01 L/H | F11: UNIDAD | AC11: 4 | AD11: =+AC11*AT11 -> 8536125 | AS11: =+G11+I11+K11+M11+O11+Q11+S11+U11+W11+Y11++AA11+AC11+AE11+AG11+AI11+AK11+AM11+AO11+AQ11 -> 4 | AT11: 2134031.2 | AU11: =+AS11*AT11 -> 8536125
A12: 3 | B12: 4.3.3-7117.12 | C12: PROD. MEDICO/FARMACEUTICOS/LAB | D12: 4.3.3 | E12: ELECTROENCEFALOGRAFOS; TIPO: PORTATIL, CANTIDAD DE CANALES: 3, SENSIBILIDAD: SIN DATOS | F12: UNIDAD | AC12: 3 | AD12: =+AC12*AT12 -> 2382000 | AS12: =+G12+I12+K12+M12+O12+Q12+S12+U12+W12+Y12++AA12+AC12+AE12+AG12+AI12+AK12+AM12+AO12+AQ12 -> 3 | AT12: 794000 | AU12: =+AS12*AT12 -> 2382000
A13: 4 | B13: 4.3.3-7359.8 | C13: EQUIPOS | D13: 4.3.3 | E13: ESTIMULADOR MOTOR P/MEDICINA; TIPO: ESTIMULADOR DEL NERVIOS PERIFÉRICOS, USO: ANESTESIA. | F13: UNIDAD | AC13: 3 | AD13: =+AC13*AT13 -> 387000 | AS13: =+G13+I13+K13+M13+O13+Q13+S13+U13+W13+Y13++AA13+AC13+AE13+AG13+AI13+AK13+AM13+AO13+AQ13 -> 3 | AT13: 129000 | AU13: =+AS13*AT13 -> 387000
A14: 5 | B14: 4.3.3-2044.7 | C14: PROD. MEDICO/FARMACEUTICOS/LAB | D14: 4.3.3 | E14: LARINGOSCOPIOS; TIPO:VIDEOLARINGOSCOPIO, MATERIAL: REUTILIZABLE,RAMA: 3 CURVAS, ILUMINACION: CON | F14: UNIDAD | AC14: 3 | AD14: =+AC14*AT14 -> 1446000 | AS14: =+G14+I14+K14+M14+O14+Q14+S14+U14+W14+Y14++AA14+AC14+AE14+AG14+AI14+AK14+AM14+AO14+AQ14 -> 3 | AT14: 482000 | AU14: =+AS14*AT14 -> 1446000
A15: 6 | B15: 4.3.3-8492.1 | C15: EQUIPOS | D15: 4.3.3 | E15: SET DE VIAS AEREAS; COMPONENTES: 13 | F15: UNIDAD | AC15: 3 | AD15: =+AC15*AT15 -> 702000 | AS15: =+G15+I15+K15+M15+O15+Q15+S15+U15+W15+Y15++AA15+AC15+AE15+AG15+AI15+AK15+AM15+AO15+AQ15 -> 3 | AT15: 234000 | AU15: =+AS15*AT15 -> 702000
E17: TOTAL RUBRO EQUIPOS SANITARIOS Y DE LABORATORIO | P17: =SUM(P10:P16) -> 0 | X17: =SUM(X10:X16) -> 0 | AD17: =SUM(AD10:AD16) -> 16033925 | AL17: =SUM(AL10:AL16) -> 0 | AU17: =SUM(AU10:AU16) -> 16033925
C19: DETALLE TECNICO Y ESPECIFICACIONES | D19: VER ANEXO I
C21: Plazos de entrega | D21: veinte (20) dias habiles
C23: Lugar de Entrega: | D23: MINISTERIO DE SALUD - CHACABUCO N° 169 - en el horario de 8:00hs a 12:00hs de lunes a viernes
C25: Calidad Minima esperada
C27: Garantia | D27: un (1) año
C29: Mantenimiento | D29: cuarenta y cinco (45) días

Sheet  NP
A1: NOTA DE PEDIDO | J1: N° | K1: 31/2021
A3: JURISDICCIÓN: | D3: 040 - MINISTERIO DE SALUD
A4: SAF: | D4: 011 - DIRECCION PROVINCIAL DE ADMINISTRACION DEL MINISTERIO DE SALUD
A5: UNIDAD EJECUTORA: | D5: 743 - SECRETARIA DE ASISTENCIA EN SALUD PUBLICA
A6: DEPENDENCIA SOLICITANTE: | D6: 743 - SECRETARIA DE ASISTENCIA EN SALUD PUBLICA
A7: PERIODO UTILIZACIÓN: | D7: 5 (CINCO) AÑOS
A8: OBJETO: | D8: ADQUISICION DE EQUIPAMIENTO PARA HOSPITALES
A10: Ítem | B10: Codigo Item | C10: DESCRIPCIÓN | H10: Adjunta Detalle Técnico | I10: Unidad Medida | J10: Precio Unitario Estimado | K10: Cantidad Solicitada
A12: 1 | B12: ='SAF 011'!B10 -> 4.3.3-4084.13 | C12: ='SAF 011'!E10 -> EQUIPOS DE RAYOS X; USO: PORTATIL, FRECUENCIA: SIN VALOR, REGULACION: AUTOMATICA, COMANDOS: CON INSTRUMENTOS CONTROLADORES, AMPLIACION DE APLIQUE: APLIQUE POTENCIA 20/40/125 KW, COMANDO: CON INSTRUMENTOS CONTROLADORES | H12: SI | I12: UNIDAD | J12: ='SAF 011'!AT10 -> 2580800 | K12: =+'SAF 011'!AC10 -> 1 | M12: =+J12*K12 -> 2580800
A13: 2 | B13: ='SAF 011'!B11 -> 4.3.3-8914.1 | C13: ='SAF 011'!E11 -> HEMODIALIZADORES; TIPO: AUTOMATICO, RANGO DE PRESION VENOSA: -60 A 550 mm hg, RANGO DE PRESION ARTERIAL: -300 A 250 mm hg, RANGO DE TEMPERATURA: 33 A 41 °C, RANGO DE FLUJO: 100 A 1000 mL/MIN, CONCENTRACION: 12800 A 15700 µS/CM, BOMBA DE SANGRE: 15 A 600 mL/MIN, BOMBA DE HEPARINA: 0,0005 A 0,01 L/H | H13: SI | I13: UNIDAD | J13: ='SAF 011'!AT11 -> 2134031.2 | K13: =+'SAF 011'!AC11 -> 4 | M13: =+J13*K13 -> 8536125
A14: 3 | B14: ='SAF 011'!B12 -> 4.3.3-7117.12 | C14: ='SAF 011'!E12 -> ELECTROENCEFALOGRAFOS; TIPO: PORTATIL, CANTIDAD DE CANALES: 3, SENSIBILIDAD: SIN DATOS | H14: SI | I14: UNIDAD | J14: ='SAF 011'!AT12 -> 794000 | K14: =+'SAF 011'!AC12 -> 3 | M14: =+J14*K14 -> 2382000
A15: 4 | B15: ='SAF 011'!B13 -> 4.3.3-7359.8 | C15: ='SAF 011'!E13 -> ESTIMULADOR MOTOR P/MEDICINA; TIPO: ESTIMULADOR DEL NERVIOS PERIFÉRICOS, USO: ANESTESIA. | H15: SI | I15: UNIDAD | J15: ='SAF 011'!AT13 -> 129000 | K15: =+'SAF 011'!AC13 -> 3 | M15: =+J15*K15 -> 387000
A16: 5 | B16: ='SAF 011'!B14 -> 4.3.3-2044.7 | C16: ='SAF 011'!E14 -> LARINGOSCOPIOS; TIPO:VIDEOLARINGOSCOPIO, MATERIAL: REUTILIZABLE,RAMA: 3 CURVAS, ILUMINACION: CON | H16: SI | I16: UNIDAD | J16: ='SAF 011'!AT14 -> 482000 | K16: =+'SAF 011'!AC14 -> 3 | M16: =+J16*K16 -> 1446000
A17: 6 | B17: ='SAF 011'!B15 -> 4.3.3-8492.1 | C17: ='SAF 011'!E15 -> SET DE VIAS AEREAS; COMPONENTES: 13 | H17: SI | I17: UNIDAD | J17: ='SAF 011'!AT15 -> 234000 | K17: =+'SAF 011'!AC15 -> 3 | M17: =+J17*K17 -> 702000
A19: Costo total: DIECISEIS MILLONES TREINTA Y TRES MIL NOVECIENTOS VEINTICINCO CON 00/100 | J19: =+M19 -> 16033925 | M19: =SUM(M12:M18) -> 16033925

Sheet APG
A1: EJERCICIO: | D1: 2021 | P1: AUTORIZACION PARA GASTAR
A4: JURISDICCIÓN: | G4: =' NP'!D3 -> 040 - MINISTERIO DE SALUD
A5: SAF: | G5: =' NP'!D4 -> 011 - DIRECCION PROVINCIAL DE ADMINISTRACION DEL MINISTERIO DE SALUD
A6: UNIDAD EJECUTORA: | G6: =' NP'!D5 -> 743 - SECRETARIA DE ASISTENCIA EN SALUD PUBLICA
A7: DEPENDENCIA SOLICITANTE: | G7: =' NP'!D6 -> 743 - SECRETARIA DE ASISTENCIA EN SALUD PUBLICA
A8: AUTORIZACIÓN:
A9: Señor Director de Administración o Titular del Servicio Administrativo Financiero:
A11: Autorizo la realización de los trámites correspondientes, a fin de proveer a este Organismo los bienes que se detallan en Nota de Pedido y Entrega N° 31/2021, afectando la erogación resultante a los créditos presupuestarios aprobados a favor de esta Unidad Ejecutora, conforme al siguiente detalle:
A13: IMPUTACIÓN PRESUPUESTARIA
A14: CÓDIGO | O14: DENOMINACIÓN DE LA PARTIDA PRESUPUESTARIA | Q14: IMPORTE
A15: PR | B15: SB | C15: PY | D15: AC | E15: OB | F15: UG | G15: FIN | H15: FUN | I15: I | J15: P | K15: P | L15: SubP | M15: M | N15: FF
A16: 3 | D16: 1 | F16: 4901 | G16: 1 | H16: 3 | I16: 4 | J16: 3 | K16: 3 | M16: 1 | N16: 1.1 | O16: EQUIPO SANITARIO Y DE LABORATORIO | Q16: =' NP'!M19 -> 16033925
A27: TOTAL DE PESOS: DIECISEIS MILLONES TREINTA Y TRES MIL NOVECIENTOS VEINTICINCO CON 00/100.- | Q27: =SUM(Q16:Q26) -> 16033925
A29: JUSTIFICACIÓN:
A30: =' NP'!D8 -> ADQUISICION DE EQUIPAMIENTO PARA HOSPITALES
