Workbook

Sheet Necesidades Trimestrales (2)
A1: 2021
B2: Pedido de Necesidades Trimestrales
A4: JURISDICCION: | C4: 40 - MINISTERIO DE SALUD
A5: SAF N°: | C5: 11 - DIRECCION PROVINCIAL DE ADMINISTRACION - MINISTERIO DE SALUD
A6: EJERCICIO: | C6: 2021
A7: TRIMESTRE: | C7: TERCER TRIMESTRE
A9: ID | B9: CODIGO ITEM | C9: RUBRO DE COMPRA | D9: I.P.P. | E9: DESCRIPCION | F9: UNIDAD DE MEDIDA | G9: DIR DE ADM | H9: TOTAL DIR ADM | I9: SEC PREV | J9: TOTAL SEC PREVEN | K9: DIR. LAB. CENTRAL | L9: TOTAL DE LAB CENTRAL | M9: BCO DE SANGRE | N9: TOTAL BANCO DE SANGRE | O9: ATENCION PRIMARIA | P9: TOTAL ATENCION PRI | Q9: DIR DE CANCER | R9: TOTAL DE DIR DE CANCER | S9: FARMACIA | T9: TOTAL FARMACIA | U9: ODONTOLOGIA | V9: TOTAL DE ODONTOLOG | W9: SAME | X9: TOTAL DE SAME | Y9: MALBRAN | Z9: HOSPITAL MALBRAN | AA9: maternidade e infancia | AB9: total maternidad | AC9: SEC DE ASIST EN SALUD PUB | AD9: TOTAL SEC EN ASIS EN SAL | AE9: SALUD Y MEDIO AMBIENTE | AF9: TOTAL SALUD Y MEDIO AMBIENTE | AG9: VECTORES Y ZOONOSIS | AH9: TOTAL DE VECT Y ZOON | AI9: SUMAR | AJ9: TOTAL SUMAR | AK9: CUR | AL9: TOTAL CUR | AM9: PLANIFICACION | AN9: TOTAL PLANIFICA | AO9: SALUD MENTAL | AP9: TOTAL SALUD MENTAL | AQ9: AREAS Y DPAS | AR9: TOTAL DPAS | AS9: CANTIDAD TOTAL | AT9: PRECIO UNITARIO ESTIMADO | AU9: IMPORTE TOTAL ESTIMADO
A10: 1 | C10: QUIMICOS | D10: 2.5.1. | E10: AGUA BIDESTILADA x 10 litros | F10: BIDON | AK10: 10 | AL10: =+AK10*AT10 -> 5740 | AS10: =+AQ10+AO10+AM10+AK10+AI10+AG10+AE10+AC10+AA10+Y10+W10+U10+S10+Q10+O10+M10+K10+I10 -> 10 | AT10: 574 | AU10: =+AS10*AT10 -> 5740
A11: 2 | C11: QUIMICOS | D11: 2.5.1. | E11: Albumina AA 120 X 6 Ml Tipo WIENER | F11: unidad | K11: 10 | L11: =+K11*AT11 -> 45660 | N11: =+M11*AT11 -> 0 | AS11: =+AQ11+AO11+AM11+AK11+AI11+AG11+AE11+AC11+AA11+Y11+W11+U11+S11+Q11+O11+M11+K11+I11 -> 10 | AT11: 4566 | AU11: =+AS11*AT11 -> 45660
A12: 3 | C12: QUIMICOS | D12: 2.5.1. | E12: ALBUMINA BOVINA TIPO WIENER | F12: UNIDAD | M12: 12 | N12: =+M12*AT12 -> 15012 | AS12: =+AQ12+AO12+AM12+AK12+AI12+AG12+AE12+AC12+AA12+Y12+W12+U12+S12+Q12+O12+M12+K12+I12 -> 12 | AT12: 1251 | AU12: =+AS12*AT12 -> 15012
A13: 4 | C13: QUIMICOS | D13: 2.5.1. | E13: ALBUMINA COBAS C311 X 300 DET. TIPO ROCHE | F13: UNIDAD | K13: 12 | L13: =+K13*AT13 -> 24372 | AS13: =+AQ13+AO13+AM13+AK13+AI13+AG13+AE13+AC13+AA13+Y13+W13+U13+S13+Q13+O13+M13+K13+I13 -> 12 | AT13: 2031 | AU13: =+AS13*AT13 -> 24372
A14: 5 | C14: QUIMICOS | D14: 2.5.1. | E14: ALCohol ISOPROPILICO Tipo CICARELLI X 1 LITRO | F14: unidad | K14: 30 | L14: =+K14*AT14 -> 61650 | N14: =+M14*AT14 -> 0 | AS14: =+AQ14+AO14+AM14+AK14+AI14+AG14+AE14+AC14+AA14+Y14+W14+U14+S14+Q14+O14+M14+K14+I14 -> 30 | AT14: 2055 | AU14: =+AS14*AT14 -> 61650
A15: 6 | C15: QUIMICOS | D15: 2.5.1. | E15: ALP 405 AA LL 100 Ml Tipo WIENER | F15: unidad | K15: 20 | L15: =+K15*AT15 -> 54340 | N15: =+M15*AT15 -> 0 | AS15: =+AQ15+AO15+AM15+AK15+AI15+AG15+AE15+AC15+AA15+Y15+W15+U15+S15+Q15+O15+M15+K15+I15 -> 20 | AT15: 2717 | AU15: =+AS15*AT15 -> 54340
A16: 7 | C16: QUIMICOS | D16: 2.5.1. | E16: Amilasa 405 liquida 30 Ml (3x10 ml) tipo WIENER | F16: unidad | K16: 20 | L16: =+K16*AT16 -> 102920 | N16: =+M16*AT16 -> 0 | AS16: =+AQ16+AO16+AM16+AK16+AI16+AG16+AE16+AC16+AA16+Y16+W16+U16+S16+Q16+O16+M16+K16+I16 -> 20 | AT16: 5146 | AU16: =+AS16*AT16 -> 102920
A17: 8 | C17: QUIMICOS | D17: 2.5.1. | E17: ANTI-A MONOCLONAL- FRASCO 10 ML TIPO WIENER | F17: UNIDAD | M17: 100 | N17: =+M17*AT17 -> 87600 | AS17: =+AQ17+AO17+AM17+AK17+AI17+AG17+AE17+AC17+AA17+Y17+W17+U17+S17+Q17+O17+M17+K17+I17 -> 100 | AT17: 876 | AU17: =+AS17*AT17 -> 87600
A18: 9 | C18: QUIMICOS | D18: 2.5.1. | E18: ANTI-AB MONOCLONAL- FRASCO 10 MLTIPO WIENER | F18: UNIDAD | M18: 100 | N18: =+M18*AT18 -> 88800 | AS18: =+AQ18+AO18+AM18+AK18+AI18+AG18+AE18+AC18+AA18+Y18+W18+U18+S18+Q18+O18+M18+K18+I18 -> 100 | AT18: 888 | AU18: =+AS18*AT18 -> 88800
A19: 10 | C19: QUIMICOS | D19: 2.5.1. | E19: ANTI-B MONOCLONAL-FRASCOS 10 ML TIPO WIENER | F19: UNIDAD | M19: 100 | N19: =+M19*AT19 -> 87600 | AS19: =+AQ19+AO19+AM19+AK19+AI19+AG19+AE19+AC19+AA19+Y19+W19+U19+S19+Q19+O19+M19+K19+I19 -> 100 | AT19: 876 | AU19: =+AS19*AT19 -> 87600
A20: 11 | C20: QUIMICOS | D20: 2.5.1. | E20: Anticoagulante W EDTA 6x50 ml tipo Wiener | F20: unidad | K20: 20 | L20: =+K20*AT20 -> 55600 | N20: =+M20*AT20 -> 0 | AS20: =+AQ20+AO20+AM20+AK20+AI20+AG20+AE20+AC20+AA20+Y20+W20+U20+S20+Q20+O20+M20+K20+I20 -> 20 | AT20: 2780 | AU20: =+AS20*AT20 -> 55600
A21: 12 | C21: QUIMICOS | D21: 2.5.1. | E21: ANTI-D (RHO) MONOCLONAL-FRASCOS 10 ML TIPO WIENER | F21: UNIDAD | M21: 100 | N21: =+M21*AT21 -> 165700 | AS21: =+AQ21+AO21+AM21+AK21+AI21+AG21+AE21+AC21+AA21+Y21+W21+U21+S21+Q21+O21+M21+K21+I21 -> 100 | AT21: 1657 | AU21: =+AS21*AT21 -> 165700
A22: 13 | C22: QUIMICOS | D22: 2.5.1. | E22: ANTIGENO FEBRIL BRUCELLA (HUDDLESON) | F22: unidad | K22: 30 | L22: =+K22*AT22 -> 39630 | M22: 12 | N22: =+M22*AT22 -> 15852 | AS22: =+AQ22+AO22+AM22+AK22+AI22+AG22+AE22+AC22+AA22+Y22+W22+U22+S22+Q22+O22+M22+K22+I22 -> 42 | AT22: 1321 | AU22: =+AS22*AT22 -> 55482
A23: 14 | C23: QUIMICOS | D23: 2.5.1. | E23: APTTest tipo Wiener 150 det. | F23: unidad | K23: 20 | L23: =+K23*AT23 -> 137020 | AS23: =+AQ23+AO23+AM23+AK23+AI23+AG23+AE23+AC23+AA23+Y23+W23+U23+S23+Q23+O23+M23+K23+I23 -> 20 | AT23: 6851 | AU23: =+AS23*AT23 -> 137020
A24: 15 | C24: QUIMICOS | D24: 2.5.1. | E24: APTT-P Tipo HEMO MEDICA (USA) | F24: unidad | K24: 20 | L24: =+K24*AT24 -> 175100 | N24: =+M24*AT24 -> 0 | AS24: =+AQ24+AO24+AM24+AK24+AI24+AG24+AE24+AC24+AA24+Y24+W24+U24+S24+Q24+O24+M24+K24+I24 -> 20 | AT24: 8755 | AU24: =+AS24*AT24 -> 175100
A25: 16 | C25: QUIMICOS | D25: 2.5.1. | E25: ARC ANTI HBC II CALIBRADOR TIPO ART. ABBOT | F25: KIT | AK25: 1 | AL25: =+AK25*AT25 -> 15850 | AS25: =+AQ25+AO25+AM25+AK25+AI25+AG25+AE25+AC25+AA25+Y25+W25+U25+S25+Q25+O25+M25+K25+I25 -> 1 | AT25: 15850 | AU25: =+AS25*AT25 -> 15850
A26: 17 | C26: QUIMICOS | D26: 2.5.1. | E26: ARC ANTI HBC II RGT X 100 DET. TIPO ART. ABBOT | F26: KIT | AK26: 2 | AL26: =+AK26*AT26 -> 73500 | AS26: =+AQ26+AO26+AM26+AK26+AI26+AG26+AE26+AC26+AA26+Y26+W26+U26+S26+Q26+O26+M26+K26+I26 -> 2 | AT26: 36750 | AU26: =+AS26*AT26 -> 73500
A27: 18 | C27: QUIMICOS | D27: 2.5.1. | E27: ARC ANTI HCV CALIBRADOR TIPO ART. ABBOT | F27: KIT | AK27: 1 | AL27: =+AK27*AT27 -> 15850 | AS27: =+AQ27+AO27+AM27+AK27+AI27+AG27+AE27+AC27+AA27+Y27+W27+U27+S27+Q27+O27+M27+K27+I27 -> 1 | AT27: 15850 | AU27: =+AS27*AT27 -> 15850
A28: 19 | C28: QUIMICOS | D28: 2.5.1. | E28: ARC ANTI HCV RGT X 100 DET. TIPO ART. ABBOT | F28: KIT | AK28: 2 | AL28: =+AK28*AT28 -> 143000 | AS28: =+AQ28+AO28+AM28+AK28+AI28+AG28+AE28+AC28+AA28+Y28+W28+U28+S28+Q28+O28+M28+K28+I28 -> 2 | AT28: 71500 | AU28: =+AS28*AT28 -> 143000
A29: 20 | C29: QUIMICOS | D29: 2.5.1. | E29: ARC BUFFER CONCENTRADO x 4 lts TIPO ART. ABBOT | F29: BIDON | AK29: 3 | AL29: =+AK29*AT29 -> 37650 | AS29: =+AQ29+AO29+AM29+AK29+AI29+AG29+AE29+AC29+AA29+Y29+W29+U29+S29+Q29+O29+M29+K29+I29 -> 3 | AT29: 12550 | AU29: =+AS29*AT29 -> 37650
A30: 21 | C30: QUIMICOS | D30: 2.5.1. | E30: ARC CELDAS DE REACCION TIPO ART. ABBOT | F30: CAJA | AK30: 3 | AL30: =+AK30*AT30 -> 84000 | AS30: =+AQ30+AO30+AM30+AK30+AI30+AG30+AE30+AC30+AA30+Y30+W30+U30+S30+Q30+O30+M30+K30+I30 -> 3 | AT30: 28000 | AU30: =+AS30*AT30 -> 84000
A31: 22 | C31: QUIMICOS | D31: 2.5.1. | E31: ARC CMV M CALIBRADOR TIPO ART. ABBOT | F31: KIT | AK31: 1 | AL31: =+AK31*AT31 -> 15039 | AS31: =+AQ31+AO31+AM31+AK31+AI31+AG31+AE31+AC31+AA31+Y31+W31+U31+S31+Q31+O31+M31+K31+I31 -> 1 | AT31: 15039 | AU31: =+AS31*AT31 -> 15039
A32: 23 | C32: QUIMICOS | D32: 2.5.1. | E32: ARC CMV M RGT X 100 TIPO ART. ABBOT | F32: KIT | AK32: 1 | AL32: =+AK32*AT32 -> 27595 | AS32: =+AQ32+AO32+AM32+AK32+AI32+AG32+AE32+AC32+AA32+Y32+W32+U32+S32+Q32+O32+M32+K32+I32 -> 1 | AT32: 27595 | AU32: =+AS32*AT32 -> 27595
A33: 24 | C33: QUIMICOS | D33: 2.5.1. | E33: ARC HBSAG CALIBRADOR TIPO ART. ABBOT | F33: KIT | AK33: 1 | AL33: =+AK33*AT33 -> 15850 | AS33: =+AQ33+AO33+AM33+AK33+AI33+AG33+AE33+AC33+AA33+Y33+W33+U33+S33+Q33+O33+M33+K33+I33 -> 1 | AT33: 15850 | AU33: =+AS33*AT33 -> 15850
A34: 25 | C34: QUIMICOS | D34: 2.5.1. | E34: ARC HBSAG RGT X 100 DET. TIPO ART. ABBOT | F34: KIT | AK34: 2 | AL34: =+AK34*AT34 -> 48960 | AS34: =+AQ34+AO34+AM34+AK34+AI34+AG34+AE34+AC34+AA34+Y34+W34+U34+S34+Q34+O34+M34+K34+I34 -> 2 | AT34: 24480 | AU34: =+AS34*AT34 -> 48960
A35: 26 | C35: QUIMICOS | D35: 2.5.1. | E35: ARC HIV COMBO CALIBRADOR TIPO ART. ABBOT | F35: KIT | AK35: 1 | AL35: =+AK35*AT35 -> 20240 | AS35: =+AQ35+AO35+AM35+AK35+AI35+AG35+AE35+AC35+AA35+Y35+W35+U35+S35+Q35+O35+M35+K35+I35 -> 1 | AT35: 20240 | AU35: =+AS35*AT35 -> 20240
A36: 27 | C36: QUIMICOS | D36: 2.5.1. | E36: ARC HIV COMBO RGT X 100 DET. TIPO ART. ABBOT | F36: KIT | AK36: 4 | AL36: =+AK36*AT36 -> 168956 | AS36: =+AQ36+AO36+AM36+AK36+AI36+AG36+AE36+AC36+AA36+Y36+W36+U36+S36+Q36+O36+M36+K36+I36 -> 4 | AT36: 42239 | AU36: =+AS36*AT36 -> 168956
... A40: 31 | C40: QUIMICOS | D40: 2.5.1. | E40: ARC TRIGGER x 4 lts TIPO ART. ABBOT | F40: BIDON | AK40: 2 | AL40: =+AK40*AT40 -> 22000 | AS40: =+AQ40+AO40+AM40+AK40+AI40+AG40+AE40+AC40+AA40+Y40+W40+U40+S40+Q40+O40+M40+K40+I40 -> 2 | AT40: 11000 | AU40: =+AS40*AT40 -> 22000
A41: 32 | C41: QUIMICOS | D41: 2.5.1. | E41: Artritest Directo 50 Det Tipo WIENER | F41: unidad | K41: 30 | L41: =+K41*AT41 -> 58950 | N41: =+M41*AT41 -> 0 | AS41: =+AQ41+AO41+AM41+AK41+AI41+AG41+AE41+AC41+AA41+Y41+W41+U41+S41+Q41+O41+M41+K41+I41 -> 30 | AT41: 1965 | AU41: =+AS41*AT41 -> 58950
A42: 33 | C42: QUIMICOS | D42: 2.5.1. | E42: ASO latex 50 Det Tipo WIENER | F42: unidad | K42: 5 | L42: =+K42*AT42 -> 19675 | N42: =+M42*AT42 -> 0 | AS42: =+AQ42+AO42+AM42+AK42+AI42+AG42+AE42+AC42+AA42+Y42+W42+U42+S42+Q42+O42+M42+K42+I42 -> 5 | AT42: 3935 | AU42: =+AS42*AT42 -> 19675
A43: 34 | C43: QUIMICOS | D43: 2.5.1. | E43: BC-3D Control Hematologico 3x3 Ml (1B, 1N, 1A) | F43: unidad | K43: 8 | L43: =+K43*AT43 -> 92000 | N43: =+M43*AT43 -> 0 | AS43: =+AQ43+AO43+AM43+AK43+AI43+AG43+AE43+AC43+AA43+Y43+W43+U43+S43+Q43+O43+M43+K43+I43 -> 8 | AT43: 11500 | AU43: =+AS43*AT43 -> 92000
A44: 35 | C44: QUIMICOS | D44: 2.5.1. | E44: Bilirrubina 200 Det Tipo WIENER | F44: unidad | K44: 10 | L44: =+K44*AT44 -> 48050 | N44: =+M44*AT44 -> 0 | AS44: =+AQ44+AO44+AM44+AK44+AI44+AG44+AE44+AC44+AA44+Y44+W44+U44+S44+Q44+O44+M44+K44+I44 -> 10 | AT44: 4805 | AU44: =+AS44*AT44 -> 48050
A45: 36 | C45: QUIMICOS | D45: 2.5.1. | E45: Bilirrubina DIRECTA AA LIQUIDA Tipo WIENER | F45: unidad | K45: 10 | L45: =+K45*AT45 -> 41200 | N45: =+M45*AT45 -> 0 | AS45: =+AQ45+AO45+AM45+AK45+AI45+AG45+AE45+AC45+AA45+Y45+W45+U45+S45+Q45+O45+M45+K45+I45 -> 10 | AT45: 4120 | AU45: =+AS45*AT45 -> 41200
A46: 37 | C46: QUIMICOS | D46: 2.5.1. | E46: Bilirrubina TOTAL AA LIQUIDA Tipo WIENER | F46: unidad | K46: 10 | L46: =+K46*AT46 -> 41250 | N46: =+M46*AT46 -> 0 | AS46: =+AQ46+AO46+AM46+AK46+AI46+AG46+AE46+AC46+AA46+Y46+W46+U46+S46+Q46+O46+M46+K46+I46 -> 10 | AT46: 4125 | AU46: =+AS46*AT46 -> 41250
A47: 38 | C47: QUIMICOS | D47: 2.5.1. | E47: BIOZIMA CHAGAS x192 DET. | F47: unidad | M47: 12 | N47: =+M47*AT47 -> 126934.2 | AS47: 12 | AT47: 10577.85 | AU47: =+AS47*AT47 -> 126934.2
A48: 39 | C48: QUIMICOS | D48: 2.5.1. | E48: BIOZIMA CHAGAS RECOMBINANTES x192 DET. | F48: unidad | M48: 12 | N48: =+M48*AT48 -> 138027.12 | AS48: 12 | AT48: 11502.26 | AU48: =+AS48*AT48 -> 138027.12
A49: 40 | C49: QUIMICOS | D49: 2.5.1. | E49: Botella de FA Plus Aerobico para Bact Alert | F49: unidad | K49: 1500 | L49: =+K49*AT49 -> 1425000 | N49: =+M49*AT49 -> 0 | AS49: =+AQ49+AO49+AM49+AK49+AI49+AG49+AE49+AC49+AA49+Y49+W49+U49+S49+Q49+O49+M49+K49+I49 -> 1500 | AT49: 950 | AU49: =+AS49*AT49 -> 1425000
A50: 41 | C50: QUIMICOS | D50: 2.5.1. | E50: Buffer TIPO ABBOTT P/ EQUIPO ARCHITECT | F50: CAJA | M50: 14 | N50: =+M50*AT50 -> 116200 | AS50: =+AQ50+AO50+AM50+AK50+AI50+AG50+AE50+AC50+AA50+Y50+W50+U50+S50+Q50+O50+M50+K50+I50 -> 14 | AT50: 8300 | AU50: =+AS50*AT50 -> 116200
A51: 42 | C51: QUIMICOS | D51: 2.5.1. | E51: CALCIO COLOR AATipo WIENER | F51: unidad | K51: 10 | L51: =+K51*AT51 -> 24870 | N51: =+M51*AT51 -> 0 | AS51: =+AQ51+AO51+AM51+AK51+AI51+AG51+AE51+AC51+AA51+Y51+W51+U51+S51+Q51+O51+M51+K51+I51 -> 10 | AT51: 2487 | AU51: =+AS51*AT51 -> 24870
A52: 43 | C52: QUIMICOS | D52: 2.5.1. | E52: CALIBRADOR A PLUS Tipo WIENER | F52: unidad | K52: 15 | L52: =+K52*AT52 -> 58935 | N52: =+M52*AT52 -> 0 | AS52: =+AQ52+AO52+AM52+AK52+AI52+AG52+AE52+AC52+AA52+Y52+W52+U52+S52+Q52+O52+M52+K52+I52 -> 15 | AT52: 3929 | AU52: =+AS52*AT52 -> 58935
A53: 44 | C53: QUIMICOS | D53: 2.5.1. | E53: CASSETE SENSOR OSMOTECH OPTI CCA TIPO E-GLU | F53: unidad | K53: 20 | L53: =+K53*AT53 -> 928800 | N53: =+M53*AT53 -> 0 | AS53: =+AQ53+AO53+AM53+AK53+AI53+AG53+AE53+AC53+AA53+Y53+W53+U53+S53+Q53+O53+M53+K53+I53 -> 20 | AT53: 46440 | AU53: =+AS53*AT53 -> 928800
A54: 45 | C54: QUIMICOS | D54: 2.5.1. | E54: Celdas de Reaccion TIPO ABBOTT P/ EQUIPO ARCHITECT | F54: CAJA | M54: 1 | N54: =+M54*AT54 -> 11685 | AS54: =+AQ54+AO54+AM54+AK54+AI54+AG54+AE54+AC54+AA54+Y54+W54+U54+S54+Q54+O54+M54+K54+I54 -> 1 | AT54: 11685 | AU54: =+AS54*AT54 -> 11685
A55: 46 | C55: QUIMICOS | D55: 2.5.1. | E55: CELL PACKS Tipo SYSMEX 20 L | F55: UNIDAD | K55: 16 | L55: =+K55*AT55 -> 126912 | AS55: =+AQ55+AO55+AM55+AK55+AI55+AG55+AE55+AC55+AA55+Y55+W55+U55+S55+Q55+O55+M55+K55+I55 -> 16 | AT55: 7932 | AU55: =+AS55*AT55 -> 126912
A56: 47 | C56: QUIMICOS | D56: 2.5.1. | E56: CELL WASH SOLITION I COBAS C311 TIPO ROCHE | F56: unidad | K56: 15 | L56: =+K56*AT56 -> 88830 | AS56: =+AQ56+AO56+AM56+AK56+AI56+AG56+AE56+AC56+AA56+Y56+W56+U56+S56+Q56+O56+M56+K56+I56 -> 15 | AT56: 5922 | AU56: =+AS56*AT56 -> 88830
A57: 48 | C57: QUIMICOS | D57: 2.5.1. | E57: CHAGAS ELISA Tipo WIENER | F57: unidad | K57: 30 | L57: =+K57*AT57 -> 341580 | N57: =+M57*AT57 -> 0 | AS57: =+AQ57+AO57+AM57+AK57+AI57+AG57+AE57+AC57+AA57+Y57+W57+U57+S57+Q57+O57+M57+K57+I57 -> 30 | AT57: 11386 | AU57: =+AS57*AT57 -> 341580
A58: 49 | C58: QUIMICOS | D58: 2.5.1. | E58: CHAGAS HAI Tipo WIENER | F58: unidad | K58: 30 | L58: =+K58*AT58 -> 362760 | N58: =+M58*AT58 -> 0 | AS58: =+AQ58+AO58+AM58+AK58+AI58+AG58+AE58+AC58+AA58+Y58+W58+U58+S58+Q58+O58+M58+K58+I58 -> 30 | AT58: 12092 | AU58: =+AS58*AT58 -> 362760
A59: 50 | C59: QUIMICOS | D59: 2.5.1. | E59: CHAGATEST ELISA LISADO-96DET. TIPO WIENER | F59: UNIDAD | M59: 12 | N59: =+M59*AT59 -> 122472 | AS59: =+AQ59+AO59+AM59+AK59+AI59+AG59+AE59+AC59+AA59+Y59+W59+U59+S59+Q59+O59+M59+K59+I59 -> 12 | AT59: 10206 | AU59: =+AS59*AT59 -> 122472
A60: 51 | C60: QUIMICOS | D60: 2.5.1. | E60: CHAGATEST ELISA RECOMBINANTE (V4,0)-96 DET. TIPO WIENER | F60: UNIDAD | M60: 12 | N60: =+M60*AT60 -> 135540 | AS60: =+AQ60+AO60+AM60+AK60+AI60+AG60+AE60+AC60+AA60+Y60+W60+U60+S60+Q60+O60+M60+K60+I60 -> 12 | AT60: 11295 | AU60: =+AS60*AT60 -> 135540
A61: 52 | C61: QUIMICOS | D61: 2.5.1. | E61: CLORURO DE CALCIO Tipo HEMO MEDICA (USA) | F61: unidad | K61: 5 | L61: =+K61*AT61 -> 51405 | N61: =+M61*AT61 -> 0 | AS61: =+AQ61+AO61+AM61+AK61+AI61+AG61+AE61+AC61+AA61+Y61+W61+U61+S61+Q61+O61+M61+K61+I61 -> 5 | AT61: 10281 | AU61: =+AS61*AT61 -> 51405
A62: 53 | C62: QUIMICOS | D62: 2.5.1. | E62: CMV CITOMEGALOVIRUS IGM METODO ELISA 96 DET. TIPO WIENER | F62: UNIDAD | M62: 12 | N62: =+M62*AT62 -> 236988 | AS62: =+AQ62+AO62+AM62+AK62+AI62+AG62+AE62+AC62+AA62+Y62+W62+U62+S62+Q62+O62+M62+K62+I62 -> 12 | AT62: 19749 | AU62: =+AS62*AT62 -> 236988
A63: 54 | C63: QUIMICOS | D63: 2.5.1. | E63: COBAS DIMERO D X 100 det: Tipo ROCHE | F63: UNIDAD | K63: 12 | L63: =+K63*AT63 -> 912024 | AS63: =+AQ63+AO63+AM63+AK63+AI63+AG63+AE63+AC63+AA63+Y63+W63+U63+S63+Q63+O63+M63+K63+I63 -> 12 | AT63: 76002 | AU63: =+AS63*AT63 -> 912024
A64: 55 | C64: QUIMICOS | D64: 2.5.1. | E64: COBAS ECO-D Tipo ROCHE | F64: unidad | K64: 15 | L64: =+K64*AT64 -> 87630 | AS64: =+AQ64+AO64+AM64+AK64+AI64+AG64+AE64+AC64+AA64+Y64+W64+U64+S64+Q64+O64+M64+K64+I64 -> 15 | AT64: 5842 | AU64: =+AS64*AT64 -> 87630
A65: 56 | C65: QUIMICOS | D65: 2.5.1. | E65: COBAS FERRITINA X 250 det. TIPO ROCHE | F65: UNIDAD | K65: 9 | L65: =+K65*AT65 -> 485991 | AS65: =+AQ65+AO65+AM65+AK65+AI65+AG65+AE65+AC65+AA65+Y65+W65+U65+S65+Q65+O65+M65+K65+I65 -> 9 | AT65: 53999 | AU65: =+AS65*AT65 -> 485991
A66: 57 | C66: QUIMICOS | D66: 2.5.1. | E66: COBAS SMS Tipo ROCHE | F66: unidad | K66: 21 | L66: =+K66*AT66 -> 23079 | AS66: =+AQ66+AO66+AM66+AK66+AI66+AG66+AE66+AC66+AA66+Y66+W66+U66+S66+Q66+O66+M66+K66+I66 -> 21 | AT66: 1099 | AU66: =+AS66*AT66 -> 23079
A67: 58 | C67: QUIMICOS | D67: 2.5.1. | E67: Colestat Enzimatico AA LL 400 Ml (4x100 Ml) Tipo WIENER | F67: unidad | K67: 40 | L67: =+K67*AT67 -> 155160 | N67: =+M67*AT67 -> 0 | AS67: =+AQ67+AO67+AM67+AK67+AI67+AG67+AE67+AC67+AA67+Y67+W67+U67+S67+Q67+O67+M67+K67+I67 -> 40 | AT67: 3879 | AU67: =+AS67*AT67 -> 155160
A68: 59 | C68: QUIMICOS | D68: 2.5.1. | E68: Creatinina Cinetica AA LL Tipo WIENER | F68: unidad | K68: 20 | L68: =+K68*AT68 -> 66100 | N68: =+M68*AT68 -> 0 | AS68: =+AQ68+AO68+AM68+AK68+AI68+AG68+AE68+AC68+AA68+Y68+W68+U68+S68+Q68+O68+M68+K68+I68 -> 20 | AT68: 3305 | AU68: =+AS68*AT68 -> 66100
A69: 60 | C69: QUIMICOS | D69: 2.5.1. | E69: Creatinina DIRECTA Tipo WIENER | F69: unidad | K69: 20 | L69: =+K69*AT69 -> 46160 | N69: =+M69*AT69 -> 0 | AS69: =+AQ69+AO69+AM69+AK69+AI69+AG69+AE69+AC69+AA69+Y69+W69+U69+S69+Q69+O69+M69+K69+I69 -> 20 | AT69: 2308 | AU69: =+AS69*AT69 -> 46160
A70: 61 | C70: QUIMICOS | D70: 2.5.1. | E70: EQUIPOS COVIDAR IgG x192 det. Para equipo elisa | F70: unidad | M70: 12 | N70: =+M70*AT70 -> 236922.84 | AS70: =+M70 -> 12 | AT70: 19743.57 | AU70: =+AS70*AT70 -> 236922.84
A71: 62 | C71: QUIMICOS | D71: 2.5.1. | E71: Equipo para la deteccion de Anti Hb Core, por metodo de Elisa en microplacas en equipos de 96 det. Monolisa HBc Plus | F71: CAJA | M71: 16 | N71: =+M71*AT71 -> 322560 | AS71: =+AQ71+AO71+AM71+AK71+AI71+AG71+AE71+AC71+AA71+Y71+W71+U71+S71+Q71+O71+M71+K71+I71 -> 16 | AT71: 20160 | AU71: =+AS71*AT71 -> 322560
A72: 63 | C72: QUIMICOS | D72: 2.5.1. | E72: Equipos por metodo de Elisa para la deteccion simultanea anticuerpos y antigenos de virus de Hepatitis C por Elisa en microplaca recubierta con anticuerpos monoclonales anti caspide de HCV con antigenos reconvinantes de la region NS3 genotipos 1 y 3º y de la region no estructural NS4 y un peptido mutado de la region de la caspide del Virus HCV. En equipos de 96 det. Por metodologia EIA en microplacas con provision de reactivos, calibradores,materias descartable, buffers, liquido de lavado, y todo insumo necesario para suprocesamiento Monolisa HCV Ag- Ab Ultra v.2 | F72: CAJA | M72: 16 | N72: =+M72*AT72 -> 580800 | AS72: =+AQ72+AO72+AM72+AK72+AI72+AG72+AE72+AC72+AA72+Y72+W72+U72+S72+Q72+O72+M72+K72+I72 -> 16 | AT72: 36300 | AU72: =+AS72*AT72 -> 580800
A73: 64 | C73: QUIMICOS | D73: 2.5.1. | E73: Ez Cleanser x 100 Ml Tipo MINDRAY | F73: unidad | K73: 20 | L73: =+K73*AT73 -> 142000 | N73: =+M73*AT73 -> 0 | AS73: =+AQ73+AO73+AM73+AK73+AI73+AG73+AE73+AC73+AA73+Y73+W73+U73+S73+Q73+O73+M73+K73+I73 -> 20 | AT73: 7100 | AU73: =+AS73*AT73 -> 142000
A74: 65 | C74: QUIMICOS | D74: 2.5.1. | E74: Fecuntest DIRECTO 50 Det Tipo WIENER | F74: unidad | K74: 20 | L74: =+K74*AT74 -> 130760 | N74: =+M74*AT74 -> 0 | AS74: =+AQ74+AO74+AM74+AK74+AI74+AG74+AE74+AC74+AA74+Y74+W74+U74+S74+Q74+O74+M74+K74+I74 -> 20 | AT74: 6538 | AU74: =+AS74*AT74 -> 130760
A75: 66 | C75: QUIMICOS | D75: 2.5.1. | E75: Fecuntest Strips 25 Det Tipo WIENER | F75: unidad | K75: 200 | L75: =+K75*AT75 -> 359400 | N75: =+M75*AT75 -> 0 | AS75: =+AQ75+AO75+AM75+AK75+AI75+AG75+AE75+AC75+AA75+Y75+W75+U75+S75+Q75+O75+M75+K75+I75 -> 200 | AT75: 1797 | AU75: =+AS75*AT75 -> 359400
A76: 67 | C76: QUIMICOS | D76: 2.5.1. | E76: Giemsa+Estabilizador 1 Litro Tipo BIOPUR | F76: unidad | K76: 10 | L76: =+K76*AT76 -> 36760 | N76: =+M76*AT76 -> 0 | AS76: =+AQ76+AO76+AM76+AK76+AI76+AG76+AE76+AC76+AA76+Y76+W76+U76+S76+Q76+O76+M76+K76+I76 -> 10 | AT76: 3676 | AU76: =+AS76*AT76 -> 36760
A77: 68 | C77: QUIMICOS | D77: 2.5.1. | E77: Glicemia Enzimatica AA 250 Ml (1x250 Ml) Tipo WIENER | F77: unidad | K77: 80 | L77: =+K77*AT77 -> 173360 | N77: =+M77*AT77 -> 0 | AS77: =+AQ77+AO77+AM77+AK77+AI77+AG77+AE77+AC77+AA77+Y77+W77+U77+S77+Q77+O77+M77+K77+I77 -> 80 | AT77: 2167 | AU77: =+AS77*AT77 -> 173360
A78: 69 | C78: QUIMICOS | D78: 2.5.1. | E78: Got (AST) UV AA 200 Ml (10x20 Ml) Tipo WIENER | F78: unidad | K78: 20 | L78: =+K78*AT78 -> 142900 | N78: =+M78*AT78 -> 0 | AS78: =+AQ78+AO78+AM78+AK78+AI78+AG78+AE78+AC78+AA78+Y78+W78+U78+S78+Q78+O78+M78+K78+I78 -> 20 | AT78: 7145 | AU78: =+AS78*AT78 -> 142900
A79: 70 | C79: QUIMICOS | D79: 2.5.1. | E79: Got (AST) UV AA LL 200 Ml Tipo WIENER | F79: unidad | K79: 20 | L79: =+K79*AT79 -> 99060 | N79: =+M79*AT79 -> 0 | AS79: =+AQ79+AO79+AM79+AK79+AI79+AG79+AE79+AC79+AA79+Y79+W79+U79+S79+Q79+O79+M79+K79+I79 -> 20 | AT79: 4953 | AU79: =+AS79*AT79 -> 99060
A80: 71 | C80: QUIMICOS | D80: 2.5.1. | E80: Gpt (ALT) UV AA 200 Ml (10x20 Ml) Tipo WIENER | F80: unidad | K80: 20 | L80: =+K80*AT80 -> 142900 | N80: =+M80*AT80 -> 0 | AS80: =+AQ80+AO80+AM80+AK80+AI80+AG80+AE80+AC80+AA80+Y80+W80+U80+S80+Q80+O80+M80+K80+I80 -> 20 | AT80: 7145 | AU80: =+AS80*AT80 -> 142900
A81: 72 | C81: QUIMICOS | D81: 2.5.1. | E81: Gpt (ALT) UV AA 200 Ml Tipo WIENER | F81: unidad | K81: 20 | L81: =+K81*AT81 -> 99060 | N81: =+M81*AT81 -> 0 | AS81: =+AQ81+AO81+AM81+AK81+AI81+AG81+AE81+AC81+AA81+Y81+W81+U81+S81+Q81+O81+M81+K81+I81 -> 20 | AT81: 4953 | AU81: =+AS81*AT81 -> 99060
A82: 73 | C82: QUIMICOS | D82: 2.5.1. | E82: HBA1C Enzymatic Calibrador Turbidimetrico 2x0,5 Ml Tipo WIENER | F82: unidad | K82: 10 | L82: =+K82*AT82 -> 82360 | N82: =+M82*AT82 -> 0 | AS82: =+AQ82+AO82+AM82+AK82+AI82+AG82+AE82+AC82+AA82+Y82+W82+U82+S82+Q82+O82+M82+K82+I82 -> 10 | AT82: 8236 | AU82: =+AS82*AT82 -> 82360
A83: 74 | C83: QUIMICOS | D83: 2.5.1. | E83: HBA1C Enzymatic Control Turbidim 2x0,5 Ml Tipo WIENER | F83: unidad | K83: 10 | L83: =+K83*AT83 -> 96560 | N83: =+M83*AT83 -> 0 | AS83: =+AQ83+AO83+AM83+AK83+AI83+AG83+AE83+AC83+AA83+Y83+W83+U83+S83+Q83+O83+M83+K83+I83 -> 10 | AT83: 9656 | AU83: =+AS83*AT83 -> 96560
A84: 75 | C84: QUIMICOS | D84: 2.5.1. | E84: HBA1C Enzymatic Lysis Buffer Turbidim 50 Ml Tipo WIENER | F84: unidad | K84: 5 | L84: =+K84*AT84 -> 60620 | N84: =+M84*AT84 -> 0 | AS84: =+AQ84+AO84+AM84+AK84+AI84+AG84+AE84+AC84+AA84+Y84+W84+U84+S84+Q84+O84+M84+K84+I84 -> 5 | AT84: 12124 | AU84: =+AS84*AT84 -> 60620
... A87: 78 | C87: QUIMICOS | D87: 2.5.1. | E87: HDL Colesterol Monofase AA Plus c/calibrador 60 Ml+20 Ml (200D x 0,4 M) Tipo WIENER | F87: unidad | K87: 10 | L87: =+K87*AT87 -> 107350 | N87: =+M87*AT87 -> 0 | AS87: =+AQ87+AO87+AM87+AK87+AI87+AG87+AE87+AC87+AA87+Y87+W87+U87+S87+Q87+O87+M87+K87+I87 -> 10 | AT87: 10735 | AU87: =+AS87*AT87 -> 107350
A88: 79 | C88: QUIMICOS | D88: 2.5.1. | E88: HEPATISIS B Ag Superficie tipo Wiener | F88: unidad | K88: 10 | L88: =+K88*AT88 -> 162720 | M88: 12 | N88: =+M88*AT88 -> 195264 | AS88: =+AQ88+AO88+AM88+AK88+AI88+AG88+AE88+AC88+AA88+Y88+W88+U88+S88+Q88+O88+M88+K88+I88 -> 22 | AT88: 16272 | AU88: =+AS88*AT88 -> 357984
A89: 80 | C89: QUIMICOS | D89: 2.5.1. | E89: HEPATITIS C HCV ELISA 3º GEN. 96 DET. TIPO WIENER | F89: UNIDAD | M89: 12 | N89: =+M89*AT89 -> 477672 | AS89: =+AQ89+AO89+AM89+AK89+AI89+AG89+AE89+AC89+AA89+Y89+W89+U89+S89+Q89+O89+M89+K89+I89 -> 12 | AT89: 39806 | AU89: =+AS89*AT89 -> 477672
A90: 81 | C90: QUIMICOS | D90: 2.5.1. | E90: HIV ELISA AG/AC 4° GENERACION -96 DET- | F90: Unidad | M90: 48 | N90: =+M90*AT90 -> 1111056 | AS90: =+AQ90+AO90+AM90+AK90+AI90+AG90+AE90+AC90+AA90+Y90+W90+U90+S90+Q90+O90+M90+K90+I90 -> 48 | AT90: 23147 | AU90: =+AS90*AT90 -> 1111056
A91: 82 | C91: QUIMICOS | D91: 2.5.1. | E91: HTLV 1 Y 2 ELISA-96DET. TIPO WIENER | F91: UNIDAD | M91: 12 | N91: =+M91*AT91 -> 308964 | AS91: =+AQ91+AO91+AM91+AK91+AI91+AG91+AE91+AC91+AA91+Y91+W91+U91+S91+Q91+O91+M91+K91+I91 -> 12 | AT91: 25747 | AU91: =+AS91*AT91 -> 308964
A92: 83 | C92: QUIMICOS | D92: 2.5.1. | E92: HVC REACTIVO x 100 det TIPO ABBOTT P/ EQUIPO ARCHITECT | F92: CAJA | M92: 3 | N92: =+M92*AT92 -> 151635 | AS92: =+AQ92+AO92+AM92+AK92+AI92+AG92+AE92+AC92+AA92+Y92+W92+U92+S92+Q92+O92+M92+K92+I92 -> 3 | AT92: 50545 | AU92: =+AS92*AT92 -> 151635
A93: 84 | C93: QUIMICOS | D93: 2.5.1. | E93: KIT PLASMAFERESIS 980 TIPO GRIFOLS | F93: UNIDAD | M93: 24 | N93: =+M93*AT93 -> 842160 | AS93: =+AQ93+AO93+AM93+AK93+AI93+AG93+AE93+AC93+AA93+Y93+W93+U93+S93+Q93+O93+M93+K93+I93 -> 24 | AT93: 35090 | AU93: =+AS93*AT93 -> 842160
A94: 85 | C94: QUIMICOS | D94: 2.5.1. | E94: KITS PARA PLAQUETOFERESIS CON FILTRO 994/995 TIPO GRIFOLS | F94: UNIDAD | M94: 72 | N94: =+M94*AT94 -> 2570040 | AS94: =+AQ94+AO94+AM94+AK94+AI94+AG94+AE94+AC94+AA94+Y94+W94+U94+S94+Q94+O94+M94+K94+I94 -> 72 | AT94: 35695 | AU94: =+AS94*AT94 -> 2570040 | AW94: PANEL SERO cyte 0,8% X 3 UNID. | AX94: PANEL SERO cyte 0,8% X 3 UNID. | AY94: PANEL SERO cyte 0,8% X 3 UNID. | AZ94: PANEL SERO cyte 0,8% X 3 UNID.
A95: 86 | C95: QUIMICOS | D95: 2.5.1. | E95: LACTATO COBAS C311 X 100 DET. TIPO ROCHE | F95: UNIDAD | K95: 21 | L95: =+K95*AT95 -> 140133 | AS95: =+AQ95+AO95+AM95+AK95+AI95+AG95+AE95+AC95+AA95+Y95+W95+U95+S95+Q95+O95+M95+K95+I95 -> 21 | AT95: 6673 | AU95: =+AS95*AT95 -> 140133 | AW95: PANEL SERIGRUP A1/B X 3 UNID. | AX95: PANEL SERIGRUP A1/B X 3 UNID. | AY95: PANEL SERIGRUP A1/B X 3 UNID. | AZ95: PANEL SERIGRUP A1/B X 3 UNID.
A96: 87 | C96: QUIMICOS | D96: 2.5.1. | E96: LDL Colesterol monofase AA 200 Det (60 Ml+20 Ml) Tipo WIENER | F96: unidad | K96: 10 | L96: =+K96*AT96 -> 253250 | N96: =+M96*AT96 -> 0 | AS96: =+AQ96+AO96+AM96+AK96+AI96+AG96+AE96+AC96+AA96+Y96+W96+U96+S96+Q96+O96+M96+K96+I96 -> 10 | AT96: 25325 | AU96: =+AS96*AT96 -> 253250
A97: 88 | C97: QUIMICOS | D97: 2.5.1. | E97: Limpiador concentrado x 1 L CD80 Tipo MINDRAY | F97: unidad | K97: 10 | L97: =+K97*AT97 -> 26000 | N97: =+M97*AT97 -> 0 | AS97: =+AQ97+AO97+AM97+AK97+AI97+AG97+AE97+AC97+AA97+Y97+W97+U97+S97+Q97+O97+M97+K97+I97 -> 10 | AT97: 2600 | AU97: =+AS97*AT97 -> 26000 | AW97: SOLUCION DG SOL X 100ML X 14 UNID. | AX97: SOLUCION DG SOL X 100ML X 14 UNID. | AY97: SOLUCION DG SOL X 100ML X 14 UNID. | AZ97: SOLUCION DG SOL X 100ML X 14 UNID.
A98: 89 | C98: QUIMICOS | D98: 2.5.1. | E98: M-30 CFL x 500 Ml Tipo MINDRAY | F98: unidad | K98: 10 | L98: =+K98*AT98 -> 65000 | N98: =+M98*AT98 -> 0 | AS98: =+AQ98+AO98+AM98+AK98+AI98+AG98+AE98+AC98+AA98+Y98+W98+U98+S98+Q98+O98+M98+K98+I98 -> 10 | AT98: 6500 | AU98: =+AS98*AT98 -> 65000
A99: 90 | C99: QUIMICOS | D99: 2.5.1. | E99: M-30 Diluent x 20 Lts Tipo MINDRAY | F99: unidad | K99: 30 | L99: =+K99*AT99 -> 234000 | N99: =+M99*AT99 -> 0 | AS99: =+AQ99+AO99+AM99+AK99+AI99+AG99+AE99+AC99+AA99+Y99+W99+U99+S99+Q99+O99+M99+K99+I99 -> 30 | AT99: 7800 | AU99: =+AS99*AT99 -> 234000
A100: 91 | C100: QUIMICOS | D100: 2.5.1. | E100: Pack para equipo Diestro 103 Automatico Tipo DIESTRO | F100: unidad | K100: 20 | L100: =+K100*AT100 -> 539800 | N100: =+M100*AT100 -> 0 | AS100: =+AQ100+AO100+AM100+AK100+AI100+AG100+AE100+AC100+AA100+Y100+W100+U100+S100+Q100+O100+M100+K100+I100 -> 20 | AT100: 26990 | AU100: =+AS100*AT100 -> 539800 | AW100: CHAGATEST ELISA RECOMBINANTE (V4,0)-96 DET. | AX100: CHAGATEST ELISA RECOMBINANTE (V4,0)-96 DET. | AY100: CHAGATEST ELISA RECOMBINANTE (V4,0)-96 DET. | AZ100: CHAGATEST ELISA RECOMBINANTE (V4,0)-96 DET.
A101: 92 | C101: QUIMICOS | D101: 2.5.1. | E101: PANEL IDENTISERA DIANA TIPO GRIFOLS | F101: UNIDAD | M101: 9 | N101: =+M101*AT101 -> 262440 | AS101: =+AQ101+AO101+AM101+AK101+AI101+AG101+AE101+AC101+AA101+Y101+W101+U101+S101+Q101+O101+M101+K101+I101 -> 9 | AT101: 29160 | AU101: =+AS101*AT101 -> 262440 | AW101: CHAGATEST ELISA LISADO-96DET. | AX101: CHAGATEST ELISA LISADO-96DET. | AY101: CHAGATEST ELISA LISADO-96DET. | AZ101: CHAGATEST ELISA LISADO-96DET.
A102: 93 | C102: QUIMICOS | D102: 2.5.1. | E102: PANEL SARASCAN DIANA 2 TIPOS GRIFOLS | F102: UNIDAD | M102: 9 | N102: =+M102*AT102 -> 202500 | AS102: =+AQ102+AO102+AM102+AK102+AI102+AG102+AE102+AC102+AA102+Y102+W102+U102+S102+Q102+O102+M102+K102+I102 -> 9 | AT102: 22500 | AU102: =+AS102*AT102 -> 202500 | AW102: HTLV 1 Y 2 ELISA-96DET. | AX102: HTLV 1 Y 2 ELISA-96DET. | AY102: HTLV 1 Y 2 ELISA-96DET. | AZ102: HTLV 1 Y 2 ELISA-96DET.
A103: 94 | C103: QUIMICOS | D103: 2.5.1. | E103: PANEL SERIGRUP A1/B TIPO GRIFOLS | F103: UNIDAD | M103: 9 | N103: =+M103*AT103 -> 140292 | AS103: =+AQ103+AO103+AM103+AK103+AI103+AG103+AE103+AC103+AA103+Y103+W103+U103+S103+Q103+O103+M103+K103+I103 -> 9 | AT103: 15588 | AU103: =+AS103*AT103 -> 140292
A104: 95 | C104: QUIMICOS | D104: 2.5.1. | E104: PANEL SERO cyte 0,8% TIPOS GRIFOLS | F104: UNIDAD | M104: 9 | N104: =+M104*AT104 -> 148500 | AS104: =+AQ104+AO104+AM104+AK104+AI104+AG104+AE104+AC104+AA104+Y104+W104+U104+S104+Q104+O104+M104+K104+I104 -> 9 | AT104: 16500 | AU104: =+AS104*AT104 -> 148500
A105: 96 | C105: QUIMICOS | D105: 2.5.1. | E105: PCR COBAS C311 X 250 DET. TIPO ROCHE | F105: UNIDAD | K105: 21 | L105: =+K105*AT105 -> 793863 | AS105: =+AQ105+AO105+AM105+AK105+AI105+AG105+AE105+AC105+AA105+Y105+W105+U105+S105+Q105+O105+M105+K105+I105 -> 21 | AT105: 37803 | AU105: =+AS105*AT105 -> 793863
A106: 97 | C106: QUIMICOS | D106: 2.5.1. | E106: Pcr Latex Directo 50 Det Tipo WIENER | F106: unidad | K106: 40 | L106: =+K106*AT106 -> 134000 | N106: =+M106*AT106 -> 0 | AS106: =+AQ106+AO106+AM106+AK106+AI106+AG106+AE106+AC106+AA106+Y106+W106+U106+S106+Q106+O106+M106+K106+I106 -> 40 | AT106: 3350 | AU106: =+AS106*AT106 -> 134000
A107: 98 | C107: QUIMICOS | D107: 2.5.1. | E107: Pre-trigger TIPO ABBOTT P/ EQUIPO ARCHITECT | F107: CAJA | M107: 3 | N107: =+M107*AT107 -> 50940 | AS107: =+AQ107+AO107+AM107+AK107+AI107+AG107+AE107+AC107+AA107+Y107+W107+U107+S107+Q107+O107+M107+K107+I107 -> 3 | AT107: 16980 | AU107: =+AS107*AT107 -> 50940
...

Sheet lab centr
A1: NOTA DE PEDIDO | J1: N° | K1: 34/21
A3: JURISDICCIÓN: | D3: 040 - Ministerio de Salud
A4: SAF: | D4: 011 - Direccion Provincial de Administración - Ministerio de Salud
A5: UNIDAD EJECUTORA: | D5: 468 - DIRECCION PROVINCIAL DE LABORATORIO
A6: DEPENDENCIA SOLICITANTE: | D6: 468 - DIRECCION PROVINCIAL DE LABORATORIO
A7: PERIODO UTILIZACIÓN: | D7: 3° TRIMESTRE
A8: OBJETO: | D8: Adquisicion del RUBRO REACTIVOS PARA LABORATORIO
A10: Ítem | B10: Codigo Item | C10: DESCRIPCIÓN | H10: Adjunta Detalle Técnico | I10: Unidad Medida | J10: Precio Unitario Estimado | K10: Cantidad Solicitada
A12: 1 | C12: ='Necesidades Trimestrales (2)'!E11 -> Albumina AA 120 X 6 Ml Tipo WIENER | H12: SI | I12: ='Necesidades Trimestrales (2)'!F11 -> unidad | J12: ='Necesidades Trimestrales (2)'!AT11 -> 4566 | K12: ='Necesidades Trimestrales (2)'!AS11 -> 10 | L12: =+J12*K12 -> 45660 | M12: =+J12*K12 -> 45660
A13: 2 | C13: ='Necesidades Trimestrales (2)'!E13 -> ALBUMINA COBAS C311 X 300 DET. TIPO ROCHE | H13: SI | I13: ='Necesidades Trimestrales (2)'!F13 -> UNIDAD | J13: ='Necesidades Trimestrales (2)'!AT13 -> 2031 | K13: ='Necesidades Trimestrales (2)'!AS13 -> 12 | L13: =+J13*K13 -> 24372 | M13: =+J13*K13 -> 24372
A14: 3 | C14: ='Necesidades Trimestrales (2)'!E14 -> ALCohol ISOPROPILICO Tipo CICARELLI X 1 LITRO | H14: SI | I14: ='Necesidades Trimestrales (2)'!F14 -> unidad | J14: ='Necesidades Trimestrales (2)'!AT14 -> 2055 | K14: ='Necesidades Trimestrales (2)'!AS14 -> 30 | L14: =+J14*K14 -> 61650 | M14: =+J14*K14 -> 61650
A15: 4 | C15: ='Necesidades Trimestrales (2)'!E15 -> ALP 405 AA LL 100 Ml Tipo WIENER | H15: SI | I15: ='Necesidades Trimestrales (2)'!F15 -> unidad | J15: ='Necesidades Trimestrales (2)'!AT15 -> 2717 | K15: ='Necesidades Trimestrales (2)'!AS15 -> 20 | L15: =+J15*K15 -> 54340 | M15: =+J15*K15 -> 54340
A16: 5 | C16: ='Necesidades Trimestrales (2)'!E16 -> Amilasa 405 liquida 30 Ml (3x10 ml) tipo WIENER | H16: SI | I16: ='Necesidades Trimestrales (2)'!F16 -> unidad | J16: ='Necesidades Trimestrales (2)'!AT16 -> 5146 | K16: ='Necesidades Trimestrales (2)'!AS16 -> 20 | L16: =+J16*K16 -> 102920 | M16: =+J16*K16 -> 102920
A17: 6 | C17: ='Necesidades Trimestrales (2)'!E20 -> Anticoagulante W EDTA 6x50 ml tipo Wiener | H17: SI | I17: ='Necesidades Trimestrales (2)'!F20 -> unidad | J17: ='Necesidades Trimestrales (2)'!AT20 -> 2780 | K17: ='Necesidades Trimestrales (2)'!AS20 -> 20 | L17: =+J17*K17 -> 55600 | M17: =+J17*K17 -> 55600
A18: 7 | C18: ='Necesidades Trimestrales (2)'!E22 -> ANTIGENO FEBRIL BRUCELLA (HUDDLESON) | H18: SI | I18: ='Necesidades Trimestrales (2)'!F22 -> unidad | J18: ='Necesidades Trimestrales (2)'!AT22 -> 1321 | K18: 30 | L18: =+J18*K18 -> 39630 | M18: =+J18*K18 -> 39630
A19: 8 | C19: ='Necesidades Trimestrales (2)'!E23 -> APTTest tipo Wiener 150 det. | H19: SI | I19: ='Necesidades Trimestrales (2)'!F23 -> unidad | J19: ='Necesidades Trimestrales (2)'!AT23 -> 6851 | K19: ='Necesidades Trimestrales (2)'!AS23 -> 20 | L19: =+J19*K19 -> 137020 | M19: =+J19*K19 -> 137020
A20: 9 | C20: ='Necesidades Trimestrales (2)'!E24 -> APTT-P Tipo HEMO MEDICA (USA) | H20: SI | I20: ='Necesidades Trimestrales (2)'!F24 -> unidad | J20: ='Necesidades Trimestrales (2)'!AT24 -> 8755 | K20: ='Necesidades Trimestrales (2)'!AS24 -> 20 | L20: =+J20*K20 -> 175100 | M20: =+J20*K20 -> 175100
A21: 10 | C21: ='Necesidades Trimestrales (2)'!E41 -> Artritest Directo 50 Det Tipo WIENER | H21: SI | I21: ='Necesidades Trimestrales (2)'!F41 -> unidad | J21: ='Necesidades Trimestrales (2)'!AT41 -> 1965 | K21: ='Necesidades Trimestrales (2)'!AS41 -> 30 | L21: =+J21*K21 -> 58950 | M21: =+J21*K21 -> 58950
A22: 11 | C22: ='Necesidades Trimestrales (2)'!E42 -> ASO latex 50 Det Tipo WIENER | H22: SI | I22: ='Necesidades Trimestrales (2)'!F42 -> unidad | J22: ='Necesidades Trimestrales (2)'!AT42 -> 3935 | K22: ='Necesidades Trimestrales (2)'!AS42 -> 5 | L22: =+J22*K22 -> 19675 | M22: =+J22*K22 -> 19675
A23: 12 | C23: ='Necesidades Trimestrales (2)'!E43 -> BC-3D Control Hematologico 3x3 Ml (1B, 1N, 1A) | H23: SI | I23: ='Necesidades Trimestrales (2)'!F43 -> unidad | J23: ='Necesidades Trimestrales (2)'!AT43 -> 11500 | K23: ='Necesidades Trimestrales (2)'!AS43 -> 8 | L23: =+J23*K23 -> 92000 | M23: =+J23*K23 -> 92000
A24: 13 | C24: ='Necesidades Trimestrales (2)'!E44 -> Bilirrubina 200 Det Tipo WIENER | H24: SI | I24: ='Necesidades Trimestrales (2)'!F44 -> unidad | J24: ='Necesidades Trimestrales (2)'!AT44 -> 4805 | K24: ='Necesidades Trimestrales (2)'!AS44 -> 10 | L24: =+J24*K24 -> 48050 | M24: =+J24*K24 -> 48050
A25: 14 | C25: ='Necesidades Trimestrales (2)'!E45 -> Bilirrubina DIRECTA AA LIQUIDA Tipo WIENER | H25: SI | I25: ='Necesidades Trimestrales (2)'!F45 -> unidad | J25: ='Necesidades Trimestrales (2)'!AT45 -> 4120 | K25: ='Necesidades Trimestrales (2)'!AS45 -> 10 | L25: =+J25*K25 -> 41200 | M25: =+J25*K25 -> 41200
A26: 15 | C26: ='Necesidades Trimestrales (2)'!E46 -> Bilirrubina TOTAL AA LIQUIDA Tipo WIENER | H26: SI | I26: ='Necesidades Trimestrales (2)'!F46 -> unidad | J26: ='Necesidades Trimestrales (2)'!AT46 -> 4125 | K26: ='Necesidades Trimestrales (2)'!AS46 -> 10 | L26: =+J26*K26 -> 41250 | M26: =+J26*K26 -> 41250
A27: 16 | C27: ='Necesidades Trimestrales (2)'!E49 -> Botella de FA Plus Aerobico para Bact Alert | H27: SI | I27: ='Necesidades Trimestrales (2)'!F49 -> unidad | J27: ='Necesidades Trimestrales (2)'!AT49 -> 950 | K27: ='Necesidades Trimestrales (2)'!AS49 -> 1500 | L27: =+J27*K27 -> 1425000 | M27: =+J27*K27 -> 1425000
A28: 17 | C28: ='Necesidades Trimestrales (2)'!E51 -> CALCIO COLOR AATipo WIENER | H28: SI | I28: ='Necesidades Trimestrales (2)'!F51 -> unidad | J28: ='Necesidades Trimestrales (2)'!AT51 -> 2487 | K28: ='Necesidades Trimestrales (2)'!AS51 -> 10 | L28: =+J28*K28 -> 24870 | M28: =+J28*K28 -> 24870
A29: 18 | C29: ='Necesidades Trimestrales (2)'!E52 -> CALIBRADOR A PLUS Tipo WIENER | H29: SI | I29: ='Necesidades Trimestrales (2)'!F52 -> unidad | J29: ='Necesidades Trimestrales (2)'!AT52 -> 3929 | K29: ='Necesidades Trimestrales (2)'!AS52 -> 15 | L29: =+J29*K29 -> 58935 | M29: =+J29*K29 -> 58935
A30: 19 | C30: ='Necesidades Trimestrales (2)'!E53 -> CASSETE SENSOR OSMOTECH OPTI CCA TIPO E-GLU | H30: SI | I30: ='Necesidades Trimestrales (2)'!F53 -> unidad | J30: ='Necesidades Trimestrales (2)'!AT53 -> 46440 | K30: ='Necesidades Trimestrales (2)'!AS53 -> 20 | L30: =+J30*K30 -> 928800 | M30: =+J30*K30 -> 928800
A31: 20 | C31: ='Necesidades Trimestrales (2)'!E55 -> CELL PACKS Tipo SYSMEX 20 L | H31: SI | I31: ='Necesidades Trimestrales (2)'!F55 -> UNIDAD | J31: ='Necesidades Trimestrales (2)'!AT55 -> 7932 | K31: ='Necesidades Trimestrales (2)'!AS55 -> 16 | L31: =+J31*K31 -> 126912 | M31: =+J31*K31 -> 126912
A32: 21 | C32: ='Necesidades Trimestrales (2)'!E56 -> CELL WASH SOLITION I COBAS C311 TIPO ROCHE | H32: SI | I32: ='Necesidades Trimestrales (2)'!F56 -> unidad | J32: ='Necesidades Trimestrales (2)'!AT56 -> 5922 | K32: ='Necesidades Trimestrales (2)'!AS56 -> 15 | L32: =+J32*K32 -> 88830 | M32: =+J32*K32 -> 88830
A33: 22 | C33: ='Necesidades Trimestrales (2)'!E57 -> CHAGAS ELISA Tipo WIENER | H33: SI | I33: ='Necesidades Trimestrales (2)'!F57 -> unidad | J33: ='Necesidades Trimestrales (2)'!AT57 -> 11386 | K33: ='Necesidades Trimestrales (2)'!AS57 -> 30 | L33: =+J33*K33 -> 341580 | M33: =+J33*K33 -> 341580
A34: 23 | C34: ='Necesidades Trimestrales (2)'!E58 -> CHAGAS HAI Tipo WIENER | H34: SI | I34: ='Necesidades Trimestrales (2)'!F58 -> unidad | J34: ='Necesidades Trimestrales (2)'!AT58 -> 12092 | K34: ='Necesidades Trimestrales (2)'!AS58 -> 30 | L34: =+J34*K34 -> 362760 | M34: =+J34*K34 -> 362760
A35: 24 | C35: ='Necesidades Trimestrales (2)'!E61 -> CLORURO DE CALCIO Tipo HEMO MEDICA (USA) | H35: SI | I35: ='Necesidades Trimestrales (2)'!F61 -> unidad | J35: ='Necesidades Trimestrales (2)'!AT61 -> 10281 | K35: ='Necesidades Trimestrales (2)'!AS61 -> 5 | L35: =+J35*K35 -> 51405 | M35: =+J35*K35 -> 51405
A36: 25 | C36: ='Necesidades Trimestrales (2)'!E63 -> COBAS DIMERO D X 100 det: Tipo ROCHE | H36: SI | I36: ='Necesidades Trimestrales (2)'!F63 -> UNIDAD | J36: ='Necesidades Trimestrales (2)'!AT63 -> 76002 | K36: ='Necesidades Trimestrales (2)'!AS63 -> 12 | L36: =+J36*K36 -> 912024 | M36: =+J36*K36 -> 912024
A37: 26 | C37: ='Necesidades Trimestrales (2)'!E64 -> COBAS ECO-D Tipo ROCHE | H37: SI | I37: ='Necesidades Trimestrales (2)'!F64 -> unidad | J37: ='Necesidades Trimestrales (2)'!AT64 -> 5842 | K37: ='Necesidades Trimestrales (2)'!AS64 -> 15 | L37: =+J37*K37 -> 87630 | M37: =+J37*K37 -> 87630
A38: 27 | C38: ='Necesidades Trimestrales (2)'!E65 -> COBAS FERRITINA X 250 det. TIPO ROCHE | H38: SI | I38: ='Necesidades Trimestrales (2)'!F65 -> UNIDAD | J38: ='Necesidades Trimestrales (2)'!AT65 -> 53999 | K38: ='Necesidades Trimestrales (2)'!AS65 -> 9 | L38: =+J38*K38 -> 485991 | M38: =+J38*K38 -> 485991
A39: 28 | C39: ='Necesidades Trimestrales (2)'!E66 -> COBAS SMS Tipo ROCHE | H39: SI | I39: ='Necesidades Trimestrales (2)'!F66 -> unidad | J39: ='Necesidades Trimestrales (2)'!AT66 -> 1099 | K39: ='Necesidades Trimestrales (2)'!AS66 -> 21 | L39: =+J39*K39 -> 23079 | M39: =+J39*K39 -> 23079
A40: 29 | C40: ='Necesidades Trimestrales (2)'!E67 -> Colestat Enzimatico AA LL 400 Ml (4x100 Ml) Tipo WIENER | H40: SI | I40: ='Necesidades Trimestrales (2)'!F67 -> unidad | J40: ='Necesidades Trimestrales (2)'!AT67 -> 3879 | K40: ='Necesidades Trimestrales (2)'!AS67 -> 40 | L40: =+J40*K40 -> 155160 | M40: =+J40*K40 -> 155160
A41: 30 | C41: ='Necesidades Trimestrales (2)'!E68 -> Creatinina Cinetica AA LL Tipo WIENER | H41: SI | I41: ='Necesidades Trimestrales (2)'!F68 -> unidad | J41: ='Necesidades Trimestrales (2)'!AT68 -> 3305 | K41: ='Necesidades Trimestrales (2)'!AS68 -> 20 | L41: =+J41*K41 -> 66100 | M41: =+J41*K41 -> 66100
A42: 31 | C42: ='Necesidades Trimestrales (2)'!E69 -> Creatinina DIRECTA Tipo WIENER | H42: SI | I42: ='Necesidades Trimestrales (2)'!F69 -> unidad | J42: ='Necesidades Trimestrales (2)'!AT69 -> 2308 | K42: ='Necesidades Trimestrales (2)'!AS69 -> 20 | L42: =+J42*K42 -> 46160 | M42: =+J42*K42 -> 46160
A43: 32 | C43: ='Necesidades Trimestrales (2)'!E73 -> Ez Cleanser x 100 Ml Tipo MINDRAY | H43: SI | I43: ='Necesidades Trimestrales (2)'!F73 -> unidad | J43: ='Necesidades Trimestrales (2)'!AT73 -> 7100 | K43: ='Necesidades Trimestrales (2)'!AS73 -> 20 | L43: =+J43*K43 -> 142000 | M43: =+J43*K43 -> 142000
A44: 33 | C44: ='Necesidades Trimestrales (2)'!E74 -> Fecuntest DIRECTO 50 Det Tipo WIENER | H44: SI | I44: ='Necesidades Trimestrales (2)'!F74 -> unidad | J44: ='Necesidades Trimestrales (2)'!AT74 -> 6538 | K44: ='Necesidades Trimestrales (2)'!AS74 -> 20 | L44: =+J44*K44 -> 130760 | M44: =+J44*K44 -> 130760
A45: 34 | C45: ='Necesidades Trimestrales (2)'!E75 -> Fecuntest Strips 25 Det Tipo WIENER | H45: SI | I45: ='Necesidades Trimestrales (2)'!F75 -> unidad | J45: ='Necesidades Trimestrales (2)'!AT75 -> 1797 | K45: ='Necesidades Trimestrales (2)'!AS75 -> 200 | L45: =+J45*K45 -> 359400 | M45: =+J45*K45 -> 359400
A46: 35 | C46: ='Necesidades Trimestrales (2)'!E76 -> Giemsa+Estabilizador 1 Litro Tipo BIOPUR | H46: SI | I46: ='Necesidades Trimestrales (2)'!F76 -> unidad | J46: ='Necesidades Trimestrales (2)'!AT76 -> 3676 | K46: ='Necesidades Trimestrales (2)'!AS76 -> 10 | L46: =+J46*K46 -> 36760 | M46: =+J46*K46 -> 36760
A47: 36 | C47: ='Necesidades Trimestrales (2)'!E77 -> Glicemia Enzimatica AA 250 Ml (1x250 Ml) Tipo WIENER | H47: SI | I47: ='Necesidades Trimestrales (2)'!F77 -> unidad | J47: ='Necesidades Trimestrales (2)'!AT77 -> 2167 | K47: ='Necesidades Trimestrales (2)'!AS77 -> 80 | L47: =+J47*K47 -> 173360 | M47: =+J47*K47 -> 173360
A48: 37 | C48: ='Necesidades Trimestrales (2)'!E78 -> Got (AST) UV AA 200 Ml (10x20 Ml) Tipo WIENER | H48: SI | I48: ='Necesidades Trimestrales (2)'!F78 -> unidad | J48: ='Necesidades Trimestrales (2)'!AT78 -> 7145 | K48: ='Necesidades Trimestrales (2)'!AS78 -> 20 | L48: =+J48*K48 -> 142900 | M48: =+J48*K48 -> 142900
A49: 38 | C49: ='Necesidades Trimestrales (2)'!E79 -> Got (AST) UV AA LL 200 Ml Tipo WIENER | H49: SI | I49: ='Necesidades Trimestrales (2)'!F79 -> unidad | J49: ='Necesidades Trimestrales (2)'!AT79 -> 4953 | K49: ='Necesidades Trimestrales (2)'!AS79 -> 20 | L49: =+J49*K49 -> 99060 | M49: =+J49*K49 -> 99060
A50: 39 | C50: ='Necesidades Trimestrales (2)'!E80 -> Gpt (ALT) UV AA 200 Ml (10x20 Ml) Tipo WIENER | H50: SI | I50: ='Necesidades Trimestrales (2)'!F80 -> unidad | J50: ='Necesidades Trimestrales (2)'!AT80 -> 7145 | K50: ='Necesidades Trimestrales (2)'!AS80 -> 20 | L50: =+J50*K50 -> 142900 | M50: =+J50*K50 -> 142900
A51: 40 | C51: ='Necesidades Trimestrales (2)'!E81 -> Gpt (ALT) UV AA 200 Ml Tipo WIENER | H51: SI | I51: ='Necesidades Trimestrales (2)'!F81 -> unidad | J51: ='Necesidades Trimestrales (2)'!AT81 -> 4953 | K51: ='Necesidades Trimestrales (2)'!AS81 -> 20 | L51: =+J51*K51 -> 99060 | M51: =+J51*K51 -> 99060
A52: 41 | C52: ='Necesidades Trimestrales (2)'!E82 -> HBA1C Enzymatic Calibrador Turbidimetrico 2x0,5 Ml Tipo WIENER | H52: SI | I52: ='Necesidades Trimestrales (2)'!F82 -> unidad | J52: ='Necesidades Trimestrales (2)'!AT82 -> 8236 | K52: ='Necesidades Trimestrales (2)'!AS82 -> 10 | L52: =+J52*K52 -> 82360 | M52: =+J52*K52 -> 82360
A53: 42 | C53: ='Necesidades Trimestrales (2)'!E83 -> HBA1C Enzymatic Control Turbidim 2x0,5 Ml Tipo WIENER | H53: SI | I53: ='Necesidades Trimestrales (2)'!F83 -> unidad | J53: ='Necesidades Trimestrales (2)'!AT83 -> 9656 | K53: ='Necesidades Trimestrales (2)'!AS83 -> 10 | L53: =+J53*K53 -> 96560 | M53: =+J53*K53 -> 96560
A54: 43 | C54: ='Necesidades Trimestrales (2)'!E84 -> HBA1C Enzymatic Lysis Buffer Turbidim 50 Ml Tipo WIENER | H54: SI | I54: ='Necesidades Trimestrales (2)'!F84 -> unidad | J54: ='Necesidades Trimestrales (2)'!AT84 -> 12124 | K54: ='Necesidades Trimestrales (2)'!AS84 -> 5 | L54: =+J54*K54 -> 60620 | M54: =+J54*K54 -> 60620
... A57: 46 | C57: ='Necesidades Trimestrales (2)'!E87 -> HDL Colesterol Monofase AA Plus c/calibrador 60 Ml+20 Ml (200D x 0,4 M) Tipo WIENER | H57: SI | I57: ='Necesidades Trimestrales (2)'!F87 -> unidad | J57: ='Necesidades Trimestrales (2)'!AT87 -> 10735 | K57: ='Necesidades Trimestrales (2)'!AS87 -> 10 | L57: =+J57*K57 -> 107350 | M57: =+J57*K57 -> 107350
A58: 47 | C58: ='Necesidades Trimestrales (2)'!E88 -> HEPATISIS B Ag Superficie tipo Wiener | H58: SI | I58: ='Necesidades Trimestrales (2)'!F88 -> unidad | J58: ='Necesidades Trimestrales (2)'!AT88 -> 16272 | K58: 10 | L58: =+J58*K58 -> 162720 | M58: =+J58*K58 -> 162720
A59: 48 | C59: ='Necesidades Trimestrales (2)'!E95 -> LACTATO COBAS C311 X 100 DET. TIPO ROCHE | H59: SI | I59: ='Necesidades Trimestrales (2)'!F95 -> UNIDAD | J59: ='Necesidades Trimestrales (2)'!AT95 -> 6673 | K59: ='Necesidades Trimestrales (2)'!AS95 -> 21 | L59: =+J59*K59 -> 140133 | M59: =+J59*K59 -> 140133
A60: 49 | C60: ='Necesidades Trimestrales (2)'!E96 -> LDL Colesterol monofase AA 200 Det (60 Ml+20 Ml) Tipo WIENER | H60: SI | I60: ='Necesidades Trimestrales (2)'!F96 -> unidad | J60: ='Necesidades Trimestrales (2)'!AT96 -> 25325 | K60: ='Necesidades Trimestrales (2)'!AS96 -> 10 | L60: =+J60*K60 -> 253250 | M60: =+J60*K60 -> 253250
A61: 50 | C61: ='Necesidades Trimestrales (2)'!E97 -> Limpiador concentrado x 1 L CD80 Tipo MINDRAY | H61: SI | I61: ='Necesidades Trimestrales (2)'!F97 -> unidad | J61: ='Necesidades Trimestrales (2)'!AT97 -> 2600 | K61: ='Necesidades Trimestrales (2)'!AS97 -> 10 | L61: =+J61*K61 -> 26000 | M61: =+J61*K61 -> 26000
A62: 51 | C62: ='Necesidades Trimestrales (2)'!E98 -> M-30 CFL x 500 Ml Tipo MINDRAY | H62: SI | I62: ='Necesidades Trimestrales (2)'!F98 -> unidad | J62: ='Necesidades Trimestrales (2)'!AT98 -> 6500 | K62: ='Necesidades Trimestrales (2)'!AS98 -> 10 | L62: =+J62*K62 -> 65000 | M62: =+J62*K62 -> 65000
A63: 52 | C63: ='Necesidades Trimestrales (2)'!E99 -> M-30 Diluent x 20 Lts Tipo MINDRAY | H63: SI | I63: ='Necesidades Trimestrales (2)'!F99 -> unidad | J63: ='Necesidades Trimestrales (2)'!AT99 -> 7800 | K63: ='Necesidades Trimestrales (2)'!AS99 -> 30 | L63: =+J63*K63 -> 234000 | M63: =+J63*K63 -> 234000
A64: 53 | C64: ='Necesidades Trimestrales (2)'!E100 -> Pack para equipo Diestro 103 Automatico Tipo DIESTRO | H64: SI | I64: ='Necesidades Trimestrales (2)'!F100 -> unidad | J64: ='Necesidades Trimestrales (2)'!AT100 -> 26990 | K64: ='Necesidades Trimestrales (2)'!AS100 -> 20 | L64: =+J64*K64 -> 539800 | M64: =+J64*K64 -> 539800
A65: 54 | C65: ='Necesidades Trimestrales (2)'!E105 -> PCR COBAS C311 X 250 DET. TIPO ROCHE | H65: SI | I65: ='Necesidades Trimestrales (2)'!F105 -> UNIDAD | J65: ='Necesidades Trimestrales (2)'!AT105 -> 37803 | K65: ='Necesidades Trimestrales (2)'!AS105 -> 21 | L65: =+J65*K65 -> 793863 | M65: =+J65*K65 -> 793863
A66: 55 | C66: ='Necesidades Trimestrales (2)'!E106 -> Pcr Latex Directo 50 Det Tipo WIENER | H66: SI | I66: ='Necesidades Trimestrales (2)'!F106 -> unidad | J66: ='Necesidades Trimestrales (2)'!AT106 -> 3350 | K66: ='Necesidades Trimestrales (2)'!AS106 -> 40 | L66: =+J66*K66 -> 134000 | M66: =+J66*K66 -> 134000
A67: 56 | C67: ='Necesidades Trimestrales (2)'!E108 -> Proteinas totales AA 120 X 6 Ml Tipo WIENER | H67: SI | I67: ='Necesidades Trimestrales (2)'!F108 -> unidad | J67: ='Necesidades Trimestrales (2)'!AT108 -> 2778 | K67: ='Necesidades Trimestrales (2)'!AS108 -> 10 | L67: =+J67*K67 -> 27780 | M67: =+J67*K67 -> 27780
A68: 57 | C68: ='Necesidades Trimestrales (2)'!E109 -> PROTEINAS TOTALES COBAS C311 X 300 DET. TIPO ROCHE | H68: SI | I68: ='Necesidades Trimestrales (2)'!F109 -> UNIDAD | J68: ='Necesidades Trimestrales (2)'!AT109 -> 1756 | K68: ='Necesidades Trimestrales (2)'!AS109 -> 12 | L68: =+J68*K68 -> 21072 | M68: =+J68*K68 -> 21072
A69: 58 | C69: ='Necesidades Trimestrales (2)'!E110 -> Proti 2 140 Det (Biuret 500 M+Alb 500+Sp) Tipo WIENER | H69: SI | I69: ='Necesidades Trimestrales (2)'!F110 -> unidad | J69: ='Necesidades Trimestrales (2)'!AT110 -> 2811 | K69: ='Necesidades Trimestrales (2)'!AS110 -> 10 | L69: =+J69*K69 -> 28110 | M69: =+J69*K69 -> 28110
A70: 59 | C70: ='Necesidades Trimestrales (2)'!E111 -> S1 RINSE SOLUCION COBAS B221 2X 1800 ML X 2 UNIDADES TIPO ROCHE | H70: SI | I70: ='Necesidades Trimestrales (2)'!F111 -> CAJA | J70: ='Necesidades Trimestrales (2)'!AT111 -> 28007 | K70: ='Necesidades Trimestrales (2)'!AS111 -> 10 | L70: =+J70*K70 -> 280070 | M70: =+J70*K70 -> 280070
A71: 60 | C71: ='Necesidades Trimestrales (2)'!E112 -> S2 FLUIDO PACK COBAS B221 TIPO ROCHE | H71: SI | I71: ='Necesidades Trimestrales (2)'!F112 -> UNIDAD | J71: ='Necesidades Trimestrales (2)'!AT112 -> 45919 | K71: ='Necesidades Trimestrales (2)'!AS112 -> 20 | L71: =+J71*K71 -> 918380 | M71: =+J71*K71 -> 918380
A72: 61 | C72: ='Necesidades Trimestrales (2)'!E113 -> Sangre Agar (Columbia) 10 Placas Tipo BRITANIA | H72: SI | I72: ='Necesidades Trimestrales (2)'!F113 -> unidad | J72: ='Necesidades Trimestrales (2)'!AT113 -> 1695 | K72: ='Necesidades Trimestrales (2)'!AS113 -> 30 | L72: =+J72*K72 -> 50850 | M72: =+J72*K72 -> 50850
A73: 62 | C73: ='Necesidades Trimestrales (2)'!E119 -> Soluplastin 10x2 Ml 100 Det Tipo WIENER | H73: SI | I73: ='Necesidades Trimestrales (2)'!F119 -> unidad | J73: ='Necesidades Trimestrales (2)'!AT119 -> 4725 | K73: ='Necesidades Trimestrales (2)'!AS119 -> 40 | L73: =+J73*K73 -> 189000 | M73: =+J73*K73 -> 189000
A74: 63 | C74: ='Necesidades Trimestrales (2)'!E121 -> Standartrol S-E 2 Nivel 3 Fr x 5 Ml N1+3 Fr Tipo WIENER | H74: SI | I74: ='Necesidades Trimestrales (2)'!F121 -> unidad | J74: ='Necesidades Trimestrales (2)'!AT121 -> 10745 | K74: ='Necesidades Trimestrales (2)'!AS121 -> 10 | L74: =+J74*K74 -> 107450 | M74: =+J74*K74 -> 107450
A75: 64 | C75: ='Necesidades Trimestrales (2)'!E122 -> Strepto B x 20 Placas Tipo BIOMERIEUX | H75: SI | I75: ='Necesidades Trimestrales (2)'!F122 -> unidad | J75: ='Necesidades Trimestrales (2)'!AT122 -> 6900 | K75: ='Necesidades Trimestrales (2)'!AS122 -> 20 | L75: =+J75*K75 -> 138000 | M75: =+J75*K75 -> 138000
A76: 65 | C76: ='Necesidades Trimestrales (2)'!E123 -> STROMATROLYSER 4DL XS 1000 TIPO SYSMEX 5 L | H76: SI | I76: ='Necesidades Trimestrales (2)'!F123 -> UNIDAD | J76: ='Necesidades Trimestrales (2)'!AT123 -> 22919 | K76: ='Necesidades Trimestrales (2)'!AS123 -> 10 | L76: =+J76*K76 -> 229190 | M76: =+J76*K76 -> 229190
A77: 66 | C77: ='Necesidades Trimestrales (2)'!E128 -> Tg Color Gpo/Pap AA LL 400 Ml (4x100 Ml) Tipo WIENER | H77: SI | I77: ='Necesidades Trimestrales (2)'!F128 -> unidad | J77: ='Necesidades Trimestrales (2)'!AT128 -> 9190 | K77: ='Necesidades Trimestrales (2)'!AS128 -> 30 | L77: =+J77*K77 -> 275700 | M77: =+J77*K77 -> 275700
A78: 67 | C78: ='Necesidades Trimestrales (2)'!E130 -> Toxo IgG MINIVIDAS Tipo BIOMERIEUX | H78: SI | I78: ='Necesidades Trimestrales (2)'!F130 -> unidad | J78: ='Necesidades Trimestrales (2)'!AT130 -> 21400 | K78: ='Necesidades Trimestrales (2)'!AS130 -> 5 | L78: =+J78*K78 -> 107000 | M78: =+J78*K78 -> 107000
A79: 68 | C79: ='Necesidades Trimestrales (2)'!E131 -> Toxo IgM MINIVIDAS Tipo BIOMERIEUX | H79: SI | I79: ='Necesidades Trimestrales (2)'!F131 -> unidad | J79: ='Necesidades Trimestrales (2)'!AT131 -> 23800 | K79: ='Necesidades Trimestrales (2)'!AS131 -> 5 | L79: =+J79*K79 -> 119000 | M79: =+J79*K79 -> 119000
A80: 69 | C80: ='Necesidades Trimestrales (2)'!E132 -> TOXOPLASMOSIS HAI Tipo POLICHACO | H80: SI | I80: ='Necesidades Trimestrales (2)'!F132 -> unidad | J80: ='Necesidades Trimestrales (2)'!AT132 -> 18820 | K80: ='Necesidades Trimestrales (2)'!AS132 -> 20 | L80: =+J80*K80 -> 376400 | M80: =+J80*K80 -> 376400
A81: 70 | C81: ='Necesidades Trimestrales (2)'!E134 -> TROBOPLASTINA -S Tipo HEMO MEDICA (USA) | H81: SI | I81: ='Necesidades Trimestrales (2)'!F134 -> unidad | J81: ='Necesidades Trimestrales (2)'!AT134 -> 5902 | K81: ='Necesidades Trimestrales (2)'!AS134 -> 20 | L81: =+J81*K81 -> 118040 | M81: =+J81*K81 -> 118040
A82: 71 | C82: ='Necesidades Trimestrales (2)'!E135 -> Urea UV Cinetica liquidaTipo WIENER | H82: SI | I82: ='Necesidades Trimestrales (2)'!F135 -> unidad | J82: ='Necesidades Trimestrales (2)'!AT135 -> 13812 | K82: ='Necesidades Trimestrales (2)'!AS135 -> 10 | L82: =+J82*K82 -> 138120 | M82: =+J82*K82 -> 138120
A83: 72 | C83: ='Necesidades Trimestrales (2)'!E136 -> Uricostat Enzimatico AA LL 250 Ml Tipo WIENER | H83: SI | I83: ='Necesidades Trimestrales (2)'!F136 -> unidad | J83: ='Necesidades Trimestrales (2)'!AT136 -> 3388 | K83: ='Necesidades Trimestrales (2)'!AS136 -> 20 | L83: =+J83*K83 -> 67760 | M83: =+J83*K83 -> 67760
A84: 73 | C84: ='Necesidades Trimestrales (2)'!E137 -> Urine Strip 100 Tiras Tipo WIENER | H84: SI | I84: ='Necesidades Trimestrales (2)'!F137 -> unidad | J84: ='Necesidades Trimestrales (2)'!AT137 -> 1647 | K84: ='Necesidades Trimestrales (2)'!AS137 -> 200 | L84: =+J84*K84 -> 329400 | M84: =+J84*K84 -> 329400
A85: 74 | C85: ='Necesidades Trimestrales (2)'!E138 -> VDRL Test 250 Det Tipo WIENER | H85: SI | I85: ='Necesidades Trimestrales (2)'!F138 -> unidad | J85: ='Necesidades Trimestrales (2)'!AT138 -> 1822 | K85: 50 | L85: =+J85*K85 -> 91100 | M85: =+J85*K85 -> 91100
A86: 75 | C86: ='Necesidades Trimestrales (2)'!E139 -> W19 Rinse Counter 20 L Tipo WIENER | H86: SI | I86: ='Necesidades Trimestrales (2)'!F139 -> unidad | J86: ='Necesidades Trimestrales (2)'!AT139 -> 16338 | K86: ='Necesidades Trimestrales (2)'!AS139 -> 15 | L86: =+J86*K86 -> 245070 | M86: =+J86*K86 -> 245070
A87: 76 | C87: ='Necesidades Trimestrales (2)'!E140 -> Wl 19 Control AA 3 Niveles 3x3 Ml (Bajo-Normal-Alto) Tipo WIENER | H87: SI | I87: ='Necesidades Trimestrales (2)'!F140 -> unidad | J87: ='Necesidades Trimestrales (2)'!AT140 -> 8894 | K87: ='Necesidades Trimestrales (2)'!AS140 -> 9 | L87: =+J87*K87 -> 80046 | M87: =+J87*K87 -> 80046
A88: 77 | C88: ='Necesidades Trimestrales (2)'!E141 -> Wl 19 Probe Cleanser AA 20 Ml Tipo WIENER | H88: SI | I88: ='Necesidades Trimestrales (2)'!F141 -> unidad | J88: ='Necesidades Trimestrales (2)'!AT141 -> 588 | K88: ='Necesidades Trimestrales (2)'!AS141 -> 20 | L88: =+J88*K88 -> 11760 | M88: =+J88*K88 -> 11760
A89: 78 | C89: ='Necesidades Trimestrales (2)'!E142 -> Wl19 Diluent AA 20 Litros Tipo WIENER | H89: SI | I89: ='Necesidades Trimestrales (2)'!F142 -> unidad | J89: ='Necesidades Trimestrales (2)'!AT142 -> 7189 | K89: ='Necesidades Trimestrales (2)'!AS142 -> 30 | L89: =+J89*K89 -> 215670 | M89: =+J89*K89 -> 215670
A90: 79 | C90: ='Necesidades Trimestrales (2)'!E143 -> Wl19 E-Z Cleanser AA 100 Ml Tipo WIENER | H90: SI | I90: ='Necesidades Trimestrales (2)'!F143 -> unidad | J90: ='Necesidades Trimestrales (2)'!AT143 -> 8168 | K90: ='Necesidades Trimestrales (2)'!AS143 -> 30 | L90: =+J90*K90 -> 245040 | M90: =+J90*K90 -> 245040
A91: 80 | C91: ='Necesidades Trimestrales (2)'!E144 -> Wl19 Lyse AA 500 Ml Tipo WIENER | H91: SI | I91: ='Necesidades Trimestrales (2)'!F144 -> unidad | J91: ='Necesidades Trimestrales (2)'!AT144 -> 6100 | K91: ='Necesidades Trimestrales (2)'!AS144 -> 20 | L91: =+J91*K91 -> 122000 | M91: =+J91*K91 -> 122000
A93: Costo total estimado: CATORCE MILLONES NOVECIENTOS SETENTA Y DOS MIL DOSCIENTOS SESENTA Y SIETE con 00/100 | J93: =SUM(L12:L91) -> 14972267 | M93: =SUM(M12:M92) -> 14972267

Sheet APG
A1: EJERCICIO: | D1: 2021 | P1: AUTORIZACION PARA GASTAR
A4: JURISDICCIÓN: | G4: ='lab centr'!D3 -> 040 - Ministerio de Salud
A5: SAF: | G5: ='lab centr'!D4 -> 011 - Direccion Provincial de Administración - Ministerio de Salud
A6: UNIDAD EJECUTORA: | G6: ='lab centr'!D5 -> 468 - DIRECCION PROVINCIAL DE LABORATORIO
A7: DEPENDENCIA SOLICITANTE: | G7: ='lab centr'!D6 -> 468 - DIRECCION PROVINCIAL DE LABORATORIO
A8: AUTORIZACIÓN:
A9: Señor Jefe de Servicio Administrativo Financiero:
A10: Autorizo la realización de los trámites correspondientes, a fin de proveer a este Organismo los bienes que se detallan en Nota de pedido y Entrega N° 34/2021, afectando la erogación resultante a los créditos presupuestarios aprobados a favor de esta Unidad Ejecutora, conforme al siguiente detalle:
A12: IMPUTACIÓN PRESUPUESTARIA
A13: CÓDIGO | O13: DENOMINACIÓN DE LA PARTIDA PRESUPUESTARIA | Q13: IMPORTE
A14: PR | B14: SB | C14: PY | D14: AC | E14: OB | F14: UG | G14: FIN | H14: FUN | I14: I | J14: P | K14: P | L14: SubP | M14: M | N14: FF
A15: 62 | D15: 1 | F15: 4901 | G15: 3 | H15: 1 | I15: 2 | J15: 5 | K15: 1 | M15: 1 | N15: 1.1 | O15: COMPUESTOS QUIMICOS | Q15: =+'Necesidades Trimestrales (2)'!L145 -> 14972267
A23: TOTAL DE PESOS: CATORCE MILLONES NOVECIENTOS SETENTA Y DOS MIL DOSCIENTOS SESENTA Y SIETE con 00/100 | Q23: =SUM(Q15:Q22) -> 14972267
A25: JUSTIFICACIÓN:
A26: ='lab centr'!D8 -> Adquisicion del RUBRO REACTIVOS PARA LABORATORIO

Sheet bco sangr
A1: NOTA DE PEDIDO | J1: N° | K1: _19/21
A3: JURISDICCIÓN: | D3: 040 - Ministerio de Salud
A4: SAF: | D4: 011 - Direccion Provincial de Administración - Ministerio de Salud
A5: UNIDAD EJECUTORA: | D5: 747 - DIRECCION PROVINCIAL BANCO DE SANGRE
A6: DEPENDENCIA SOLICITANTE: | D6: 747 - DIRECCION PROVINCIAL BANCO DE SANGRE
A7: PERIODO UTILIZACIÓN: | D7: 3° TRIMESTRE
A8: OBJETO: | D8: Adquisicion del RUBRO REACTIVOS PARA LABORATORIO
A10: Ítem | B10: Codigo Item | C10: DESCRIPCIÓN | H10: Adjunta Detalle Técnico | I10: Unidad Medida | J10: Precio Unitario Estimado | K10: Cantidad Solicitada
A12: 1 | C12: ='Necesidades Trimestrales (2)'!E12 -> ALBUMINA BOVINA TIPO WIENER | H12: SI | I12: ='Necesidades Trimestrales (2)'!F12 -> UNIDAD | J12: ='Necesidades Trimestrales (2)'!AT12 -> 1251 | K12: ='Necesidades Trimestrales (2)'!AS12 -> 12 | L12: =+J12*K12 -> 15012
A13: 2 | C13: ='Necesidades Trimestrales (2)'!E17 -> ANTI-A MONOCLONAL- FRASCO 10 ML TIPO WIENER | H13: SI | I13: ='Necesidades Trimestrales (2)'!F17 -> UNIDAD | J13: ='Necesidades Trimestrales (2)'!AT17 -> 876 | K13: ='Necesidades Trimestrales (2)'!AS17 -> 100 | L13: =+J13*K13 -> 87600
A14: 3 | C14: ='Necesidades Trimestrales (2)'!E18 -> ANTI-AB MONOCLONAL- FRASCO 10 MLTIPO WIENER | H14: SI | I14: ='Necesidades Trimestrales (2)'!F18 -> UNIDAD | J14: ='Necesidades Trimestrales (2)'!AT18 -> 888 | K14: ='Necesidades Trimestrales (2)'!AS18 -> 100 | L14: =+J14*K14 -> 88800
A15: 4 | C15: ='Necesidades Trimestrales (2)'!E19 -> ANTI-B MONOCLONAL-FRASCOS 10 ML TIPO WIENER | H15: SI | I15: ='Necesidades Trimestrales (2)'!F19 -> UNIDAD | J15: ='Necesidades Trimestrales (2)'!AT19 -> 876 | K15: ='Necesidades Trimestrales (2)'!AS19 -> 100 | L15: =+J15*K15 -> 87600
A16: 5 | C16: ='Necesidades Trimestrales (2)'!E21 -> ANTI-D (RHO) MONOCLONAL-FRASCOS 10 ML TIPO WIENER | H16: SI | I16: ='Necesidades Trimestrales (2)'!F21 -> UNIDAD | J16: ='Necesidades Trimestrales (2)'!AT21 -> 1657 | K16: ='Necesidades Trimestrales (2)'!AS21 -> 100 | L16: =+J16*K16 -> 165700
A17: 6 | C17: ='Necesidades Trimestrales (2)'!E22 -> ANTIGENO FEBRIL BRUCELLA (HUDDLESON) | H17: SI | I17: ='Necesidades Trimestrales (2)'!F22 -> unidad | J17: ='Necesidades Trimestrales (2)'!AT22 -> 1321 | K17: 12 | L17: =+J17*K17 -> 15852
A18: 7 | C18: BIOZIMA CHAGAS x192 DET. | H18: SI | I18: ='Necesidades Trimestrales (2)'!F23 -> unidad | J18: 10577.85 | K18: 12 | L18: =+J18*K18 -> 126934.2
A19: 8 | C19: BIOZIMA CHAGAS RECOMBINANTES x192 DET. | H19: SI | I19: ='Necesidades Trimestrales (2)'!F24 -> unidad | J19: 11502.26 | K19: 12 | L19: =+J19*K19 -> 138027.12
A20: 9 | C20: ='Necesidades Trimestrales (2)'!E50 -> Buffer TIPO ABBOTT P/ EQUIPO ARCHITECT | H20: SI | I20: ='Necesidades Trimestrales (2)'!F50 -> CAJA | J20: ='Necesidades Trimestrales (2)'!AT50 -> 8300 | K20: ='Necesidades Trimestrales (2)'!AS50 -> 14 | L20: =+J20*K20 -> 116200
A21: 10 | C21: ='Necesidades Trimestrales (2)'!E54 -> Celdas de Reaccion TIPO ABBOTT P/ EQUIPO ARCHITECT | H21: SI | I21: ='Necesidades Trimestrales (2)'!F54 -> CAJA | J21: ='Necesidades Trimestrales (2)'!AT54 -> 11685 | K21: ='Necesidades Trimestrales (2)'!AS54 -> 1 | L21: =+J21*K21 -> 11685
A22: 11 | C22: ='Necesidades Trimestrales (2)'!E59 -> CHAGATEST ELISA LISADO-96DET. TIPO WIENER | H22: SI | I22: ='Necesidades Trimestrales (2)'!F59 -> UNIDAD | J22: ='Necesidades Trimestrales (2)'!AT59 -> 10206 | K22: ='Necesidades Trimestrales (2)'!AS59 -> 12 | L22: =+J22*K22 -> 122472
A23: 12 | C23: ='Necesidades Trimestrales (2)'!E60 -> CHAGATEST ELISA RECOMBINANTE (V4,0)-96 DET. TIPO WIENER | H23: SI | I23: ='Necesidades Trimestrales (2)'!F60 -> UNIDAD | J23: ='Necesidades Trimestrales (2)'!AT60 -> 11295 | K23: ='Necesidades Trimestrales (2)'!AS60 -> 12 | L23: =+J23*K23 -> 135540
A24: 13 | C24: ='Necesidades Trimestrales (2)'!E62 -> CMV CITOMEGALOVIRUS IGM METODO ELISA 96 DET. TIPO WIENER | H24: SI | I24: ='Necesidades Trimestrales (2)'!F62 -> UNIDAD | J24: ='Necesidades Trimestrales (2)'!AT62 -> 19749 | K24: ='Necesidades Trimestrales (2)'!AS62 -> 12 | L24: =+J24*K24 -> 236988
A25: 14 | C25: =+'Necesidades Trimestrales (2)'!E70 -> EQUIPOS COVIDAR IgG x192 det. Para equipo elisa | H25: SI | I25: ='Necesidades Trimestrales (2)'!F63 -> UNIDAD | J25: 19743.57 | K25: =+'Necesidades Trimestrales (2)'!M70 -> 12 | L25: =+J25*K25 -> 236922.84
A26: 15 | C26: ='Necesidades Trimestrales (2)'!E71 -> Equipo para la deteccion de Anti Hb Core, por metodo de Elisa en microplacas en equipos de 96 det. Monolisa HBc Plus | H26: SI | I26: ='Necesidades Trimestrales (2)'!F71 -> CAJA | J26: ='Necesidades Trimestrales (2)'!AT71 -> 20160 | K26: ='Necesidades Trimestrales (2)'!AS71 -> 16 | L26: =+J26*K26 -> 322560
A27: 16 | C27: ='Necesidades Trimestrales (2)'!E72 -> Equipos por metodo de Elisa para la deteccion simultanea anticuerpos y antigenos de virus de Hepatitis C por Elisa en microplaca recubierta con anticuerpos monoclonales anti caspide de HCV con antigenos reconvinantes de la region NS3 genotipos 1 y 3º y de la region no estructural NS4 y un peptido mutado de la region de la caspide del Virus HCV. En equipos de 96 det. Por metodologia EIA en microplacas con provision de reactivos, calibradores,materias descartable, buffers, liquido de lavado, y todo insumo necesario para suprocesamiento Monolisa HCV Ag- Ab Ultra v.2 | H27: SI | I27: ='Necesidades Trimestrales (2)'!F72 -> CAJA | J27: ='Necesidades Trimestrales (2)'!AT72 -> 36300 | K27: ='Necesidades Trimestrales (2)'!AS72 -> 16 | L27: =+J27*K27 -> 580800
A28: 17 | C28: ='Necesidades Trimestrales (2)'!E88 -> HEPATISIS B Ag Superficie tipo Wiener | H28: SI | I28: ='Necesidades Trimestrales (2)'!F88 -> unidad | J28: ='Necesidades Trimestrales (2)'!AT88 -> 16272 | K28: 12 | L28: =+J28*K28 -> 195264
A29: 18 | C29: ='Necesidades Trimestrales (2)'!E89 -> HEPATITIS C HCV ELISA 3º GEN. 96 DET. TIPO WIENER | H29: SI | I29: ='Necesidades Trimestrales (2)'!F89 -> UNIDAD | J29: ='Necesidades Trimestrales (2)'!AT89 -> 39806 | K29: ='Necesidades Trimestrales (2)'!AS89 -> 12 | L29: =+J29*K29 -> 477672
A30: 19 | C30: ='Necesidades Trimestrales (2)'!E90 -> HIV ELISA AG/AC 4° GENERACION -96 DET- | H30: SI | I30: ='Necesidades Trimestrales (2)'!F90 -> Unidad | J30: ='Necesidades Trimestrales (2)'!AT90 -> 23147 | K30: ='Necesidades Trimestrales (2)'!AS90 -> 48 | L30: =+J30*K30 -> 1111056
A31: 20 | C31: ='Necesidades Trimestrales (2)'!E91 -> HTLV 1 Y 2 ELISA-96DET. TIPO WIENER | H31: SI | I31: ='Necesidades Trimestrales (2)'!F91 -> UNIDAD | J31: ='Necesidades Trimestrales (2)'!AT91 -> 25747 | K31: ='Necesidades Trimestrales (2)'!AS91 -> 12 | L31: =+J31*K31 -> 308964
A32: 21 | C32: ='Necesidades Trimestrales (2)'!E92 -> HVC REACTIVO x 100 det TIPO ABBOTT P/ EQUIPO ARCHITECT | H32: SI | I32: ='Necesidades Trimestrales (2)'!F92 -> CAJA | J32: ='Necesidades Trimestrales (2)'!AT92 -> 50545 | K32: ='Necesidades Trimestrales (2)'!AS92 -> 3 | L32: =+J32*K32 -> 151635
A33: 22 | C33: ='Necesidades Trimestrales (2)'!E93 -> KIT PLASMAFERESIS 980 TIPO GRIFOLS | H33: SI | I33: ='Necesidades Trimestrales (2)'!F93 -> UNIDAD | J33: ='Necesidades Trimestrales (2)'!AT93 -> 35090 | K33: ='Necesidades Trimestrales (2)'!AS93 -> 24 | L33: =+J33*K33 -> 842160
A34: 23 | C34: ='Necesidades Trimestrales (2)'!E94 -> KITS PARA PLAQUETOFERESIS CON FILTRO 994/995 TIPO GRIFOLS | H34: SI | I34: ='Necesidades Trimestrales (2)'!F94 -> UNIDAD | J34: ='Necesidades Trimestrales (2)'!AT94 -> 35695 | K34: ='Necesidades Trimestrales (2)'!AS94 -> 72 | L34: =+J34*K34 -> 2570040
A35: 24 | C35: ='Necesidades Trimestrales (2)'!E101 -> PANEL IDENTISERA DIANA TIPO GRIFOLS | H35: SI | I35: ='Necesidades Trimestrales (2)'!F101 -> UNIDAD | J35: ='Necesidades Trimestrales (2)'!AT101 -> 29160 | K35: ='Necesidades Trimestrales (2)'!AS101 -> 9 | L35: =+J35*K35 -> 262440
A36: 25 | C36: ='Necesidades Trimestrales (2)'!E102 -> PANEL SARASCAN DIANA 2 TIPOS GRIFOLS | H36: SI | I36: ='Necesidades Trimestrales (2)'!F102 -> UNIDAD | J36: ='Necesidades Trimestrales (2)'!AT102 -> 22500 | K36: ='Necesidades Trimestrales (2)'!AS102 -> 9 | L36: =+J36*K36 -> 202500
A37: 26 | C37: ='Necesidades Trimestrales (2)'!E103 -> PANEL SERIGRUP A1/B TIPO GRIFOLS | H37: SI | I37: ='Necesidades Trimestrales (2)'!F103 -> UNIDAD | J37: ='Necesidades Trimestrales (2)'!AT103 -> 15588 | K37: ='Necesidades Trimestrales (2)'!AS103 -> 9 | L37: =+J37*K37 -> 140292
A38: 27 | C38: ='Necesidades Trimestrales (2)'!E104 -> PANEL SERO cyte 0,8% TIPOS GRIFOLS | H38: SI | I38: ='Necesidades Trimestrales (2)'!F104 -> UNIDAD | J38: ='Necesidades Trimestrales (2)'!AT104 -> 16500 | K38: ='Necesidades Trimestrales (2)'!AS104 -> 9 | L38: =+J38*K38 -> 148500
A39: 28 | C39: ='Necesidades Trimestrales (2)'!E107 -> Pre-trigger TIPO ABBOTT P/ EQUIPO ARCHITECT | H39: SI | I39: ='Necesidades Trimestrales (2)'!F107 -> CAJA | J39: ='Necesidades Trimestrales (2)'!AT107 -> 16980 | K39: ='Necesidades Trimestrales (2)'!AS107 -> 3 | L39: =+J39*K39 -> 50940
A40: 29 | C40: ='Necesidades Trimestrales (2)'!E114 -> SARS- COV-2 Igm Control TIPO ABBOTT P/ EQUIPO ARCHITECT | H40: SI | I40: ='Necesidades Trimestrales (2)'!F114 -> CAJA | J40: ='Necesidades Trimestrales (2)'!AT114 -> 17788 | K40: ='Necesidades Trimestrales (2)'!AS114 -> 1 | L40: =+J40*K40 -> 17788
A41: 30 | C41: ='Necesidades Trimestrales (2)'!E115 -> SARS-COV-2 IgG Reactivo x 100 det TIPO ABBOTT P/ EQUIPO ARCHITECT | H41: SI | I41: ='Necesidades Trimestrales (2)'!F115 -> CAJA | J41: ='Necesidades Trimestrales (2)'!AT115 -> 64700 | K41: ='Necesidades Trimestrales (2)'!AS115 -> 15 | L41: =+J41*K41 -> 970500
A42: 31 | C42: ='Necesidades Trimestrales (2)'!E116 -> SARS-COV-2 IgM Calibrador TIPO ABBOTT P/ EQUIPO ARCHITECT | H42: SI | I42: ='Necesidades Trimestrales (2)'!F116 -> CAJA | J42: ='Necesidades Trimestrales (2)'!AT116 -> 12540 | K42: ='Necesidades Trimestrales (2)'!AS116 -> 1 | L42: =+J42*K42 -> 12540
A43: 32 | C43: ='Necesidades Trimestrales (2)'!E117 -> Solucion ACD ( ANTICOAGULANTE PARA EQUIPO DE AFERESIS) TIPO GRIFOLS | H43: SI | I43: ='Necesidades Trimestrales (2)'!F117 -> UNIDAD | J43: ='Necesidades Trimestrales (2)'!AT117 -> 4350 | K43: ='Necesidades Trimestrales (2)'!AS117 -> 81 | L43: =+J43*K43 -> 352350
A44: 33 | C44: ='Necesidades Trimestrales (2)'!E118 -> SOLUCION DG SOL X 100ML FLEXIBLE DOBLE TIPO GRIFOLS | H44: SI | I44: ='Necesidades Trimestrales (2)'!F118 -> UNIDAD | J44: ='Necesidades Trimestrales (2)'!AT118 -> 6649.5 | K44: ='Necesidades Trimestrales (2)'!AS118 -> 42 | L44: =+J44*K44 -> 279279
A45: 34 | C45: ='Necesidades Trimestrales (2)'!E120 -> SOLUSION FISIOLOGICA x 100 ml | H45: SI | I45: ='Necesidades Trimestrales (2)'!F120 -> UNIDAD | J45: ='Necesidades Trimestrales (2)'!AT120 -> 185 | K45: ='Necesidades Trimestrales (2)'!AS120 -> 90 | L45: =+J45*K45 -> 16650
A46: 35 | C46: ='Necesidades Trimestrales (2)'!E124 -> SUERO ANTI HUMANO COOMBS TIPO WIENER | H46: SI | I46: ='Necesidades Trimestrales (2)'!F124 -> UNIDAD | J46: ='Necesidades Trimestrales (2)'!AT124 -> 1325 | K46: ='Necesidades Trimestrales (2)'!AS124 -> 12 | L46: =+J46*K46 -> 15900
A47: 36 | C47: ='Necesidades Trimestrales (2)'!E125 -> TARJETA DE GEL ABO RH 2d TIPO GRIFOLS | H47: SI | I47: ='Necesidades Trimestrales (2)'!F125 -> UNIDAD | J47: ='Necesidades Trimestrales (2)'!AT125 -> 665.5 | K47: ='Necesidades Trimestrales (2)'!AS125 -> 1500 | L47: =+J47*K47 -> 998250
A48: 37 | C48: ='Necesidades Trimestrales (2)'!E126 -> TARJETA DE GEL COOMBS TIPO GRIFOLS | H48: SI | I48: ='Necesidades Trimestrales (2)'!F126 -> UNIDAD | J48: ='Necesidades Trimestrales (2)'!AT126 -> 871.2 | K48: ='Necesidades Trimestrales (2)'!AS126 -> 900 | L48: =+J48*K48 -> 784080
A49: 38 | C49: ='Necesidades Trimestrales (2)'!E127 -> TARJETA DE GEL PHENO TIPO GRIFOLS | H49: SI | I49: ='Necesidades Trimestrales (2)'!F127 -> UNIDAD | J49: ='Necesidades Trimestrales (2)'!AT127 -> 954 | K49: ='Necesidades Trimestrales (2)'!AS127 -> 900 | L49: =+J49*K49 -> 858600
A50: 39 | C50: ='Necesidades Trimestrales (2)'!E129 -> TOXO HAI 96 DET. TIPO WIENER | H50: SI | I50: ='Necesidades Trimestrales (2)'!F129 -> UNIDAD | J50: ='Necesidades Trimestrales (2)'!AT129 -> 16645 | K50: ='Necesidades Trimestrales (2)'!AS129 -> 12 | L50: =+J50*K50 -> 199740
A51: 40 | C51: ='Necesidades Trimestrales (2)'!E133 -> Trigger TIPO ABBOTT P/ EQUIPO ARCHITECT | H51: SI | I51: ='Necesidades Trimestrales (2)'!F133 -> CAJA | J51: ='Necesidades Trimestrales (2)'!AT133 -> 7395 | K51: ='Necesidades Trimestrales (2)'!AS133 -> 4 | L51: =+J51*K51 -> 29580
A52: 41 | C52: ='Necesidades Trimestrales (2)'!E138 -> VDRL Test 250 Det Tipo WIENER | H52: SI | I52: ='Necesidades Trimestrales (2)'!F138 -> unidad | J52: ='Necesidades Trimestrales (2)'!AT138 -> 1822 | K52: 12 | L52: =+J52*K52 -> 21864
A54: Costo total estimado: TRECE MILLONES QUINIENTOS SIETE MIL DOSCIENTOS SETENTA Y SIETE con 16/100 | J54: =SUM(L12:L52) -> 13507277

Sheet APG (3)
A1: EJERCICIO: | D1: 2021 | P1: AUTORIZACION PARA GASTAR
A4: JURISDICCIÓN: | G4: ='lab centr'!D3 -> 040 - Ministerio de Salud
A5: SAF: | G5: ='lab centr'!D4 -> 011 - Direccion Provincial de Administración - Ministerio de Salud
A6: UNIDAD EJECUTORA: | G6: 747 - DIRECCION PROVINCIAL BANCO DE SANGRE
A7: DEPENDENCIA SOLICITANTE: | G7: 747 - DIRECCION PROVINCIAL BANCO DE SANGRE
A8: AUTORIZACIÓN:
A9: Señor Jefe de Servicio Administrativo Financiero:
A10: Autorizo la realización de los trámites correspondientes, a fin de proveer a este Organismo los bienes que se detallan en Nota de pedido y Entrega N° 19/2021, afectando la erogación resultante a los créditos presupuestarios aprobados a favor de esta Unidad Ejecutora, conforme al siguiente detalle:
A12: IMPUTACIÓN PRESUPUESTARIA
A13: CÓDIGO | O13: DENOMINACIÓN DE LA PARTIDA PRESUPUESTARIA | Q13: IMPORTE
A14: PR | B14: SB | C14: PY | D14: AC | E14: OB | F14: UG | G14: FIN | H14: FUN | I14: I | J14: P | K14: P | L14: SubP | M14: M | N14: FF
A15: 27 | D15: 1 | F15: 4901 | G15: 3 | H15: 1 | I15: 2 | J15: 5 | K15: 1 | M15: 1 | N15: 1.1 | O15: COMPUESTOS QUIMICOS | Q15: =+'Necesidades Trimestrales (2)'!N145 -> 13507277
A23: TOTAL DE PESOS: TRECE MILLONES QUINIENTOS SIETE MIL DOSCIENTOS SETENTA Y SIETE con 16/100 | Q23: =SUM(Q15:Q22) -> 13507277
A25: JUSTIFICACIÓN:
A26: ='lab centr'!D8 -> Adquisicion del RUBRO REACTIVOS PARA LABORATORIO

Sheet CUR
A1: NOTA DE PEDIDO | J1: N° | K1: _13/21
A3: JURISDICCIÓN: | D3: 040 - Ministerio de Salud
A4: SAF: | D4: 011 - Direccion Provincial de Administración - Ministerio de Salud
A5: UNIDAD EJECUTORA: | D5: 160 - DIRECCION PROVINCIAL CENTRO UNICO DE REFERENCIA
A6: DEPENDENCIA SOLICITANTE: | D6: 160 - DIRECCION PROVINCIAL CENTRO UNICO DE REFERENCIA
A7: PERIODO UTILIZACIÓN: | D7: 3° TRIMESTRE
A8: OBJETO: | D8: Adquisicion del RUBRO REACTIVOS PARA LABORATORIO
A10: Ítem | B10: Codigo Item | C10: DESCRIPCIÓN | H10: Adjunta Detalle Técnico | I10: Unidad Medida | J10: Precio Unitario Estimado | K10: Cantidad Solicitada
A12: 1 | C12: ='Necesidades Trimestrales (2)'!E10 -> AGUA BIDESTILADA x 10 litros | H12: SI | I12: ='Necesidades Trimestrales (2)'!F10 -> BIDON | J12: ='Necesidades Trimestrales (2)'!AT10 -> 574 | K12: ='Necesidades Trimestrales (2)'!AS10 -> 10 | L12: =+J12*K12 -> 5740 | M12: =+J12*K12 -> 5740
A13: 2 | C13: ='Necesidades Trimestrales (2)'!E25 -> ARC ANTI HBC II CALIBRADOR TIPO ART. ABBOT | H13: SI | I13: ='Necesidades Trimestrales (2)'!F25 -> KIT | J13: ='Necesidades Trimestrales (2)'!AT25 -> 15850 | K13: ='Necesidades Trimestrales (2)'!AS25 -> 1 | L13: =+J13*K13 -> 15850 | M13: =+J13*K13 -> 15850
A14: 3 | C14: ='Necesidades Trimestrales (2)'!E26 -> ARC ANTI HBC II RGT X 100 DET. TIPO ART. ABBOT | H14: SI | I14: ='Necesidades Trimestrales (2)'!F26 -> KIT | J14: ='Necesidades Trimestrales (2)'!AT26 -> 36750 | K14: ='Necesidades Trimestrales (2)'!AS26 -> 2 | L14: =+J14*K14 -> 73500 | M14: =+J14*K14 -> 73500
A15: 4 | C15: ='Necesidades Trimestrales (2)'!E27 -> ARC ANTI HCV CALIBRADOR TIPO ART. ABBOT | H15: SI | I15: ='Necesidades Trimestrales (2)'!F27 -> KIT | J15: ='Necesidades Trimestrales (2)'!AT27 -> 15850 | K15: ='Necesidades Trimestrales (2)'!AS27 -> 1 | L15: =+J15*K15 -> 15850 | M15: =+J15*K15 -> 15850
A16: 5 | C16: ='Necesidades Trimestrales (2)'!E28 -> ARC ANTI HCV RGT X 100 DET. TIPO ART. ABBOT | H16: SI | I16: ='Necesidades Trimestrales (2)'!F28 -> KIT | J16: ='Necesidades Trimestrales (2)'!AT28 -> 71500 | K16: ='Necesidades Trimestrales (2)'!AS28 -> 2 | L16: =+J16*K16 -> 143000 | M16: =+J16*K16 -> 143000
A17: 6 | C17: ='Necesidades Trimestrales (2)'!E29 -> ARC BUFFER CONCENTRADO x 4 lts TIPO ART. ABBOT | H17: SI | I17: ='Necesidades Trimestrales (2)'!F29 -> BIDON | J17: ='Necesidades Trimestrales (2)'!AT29 -> 12550 | K17: ='Necesidades Trimestrales (2)'!AS29 -> 3 | L17: =+J17*K17 -> 37650 | M17: =+J17*K17 -> 37650
A18: 7 | C18: ='Necesidades Trimestrales (2)'!E30 -> ARC CELDAS DE REACCION TIPO ART. ABBOT | H18: SI | I18: ='Necesidades Trimestrales (2)'!F30 -> CAJA | J18: ='Necesidades Trimestrales (2)'!AT30 -> 28000 | K18: ='Necesidades Trimestrales (2)'!AS30 -> 3 | L18: =+J18*K18 -> 84000 | M18: =+J18*K18 -> 84000
A19: 8 | C19: ='Necesidades Trimestrales (2)'!E31 -> ARC CMV M CALIBRADOR TIPO ART. ABBOT | H19: SI | I19: ='Necesidades Trimestrales (2)'!F31 -> KIT | J19: ='Necesidades Trimestrales (2)'!AT31 -> 15039 | K19: ='Necesidades Trimestrales (2)'!AS31 -> 1 | L19: =+J19*K19 -> 15039 | M19: =+J19*K19 -> 15039
A20: 9 | C20: ='Necesidades Trimestrales (2)'!E32 -> ARC CMV M RGT X 100 TIPO ART. ABBOT | H20: SI | I20: ='Necesidades Trimestrales (2)'!F32 -> KIT | J20: ='Necesidades Trimestrales (2)'!AT32 -> 27595 | K20: ='Necesidades Trimestrales (2)'!AS32 -> 1 | L20: =+J20*K20 -> 27595 | M20: =+J20*K20 -> 27595
A21: 10 | C21: ='Necesidades Trimestrales (2)'!E33 -> ARC HBSAG CALIBRADOR TIPO ART. ABBOT | H21: SI | I21: ='Necesidades Trimestrales (2)'!F33 -> KIT | J21: ='Necesidades Trimestrales (2)'!AT33 -> 15850 | K21: ='Necesidades Trimestrales (2)'!AS33 -> 1 | L21: =+J21*K21 -> 15850 | M21: =+J21*K21 -> 15850
A22: 11 | C22: ='Necesidades Trimestrales (2)'!E34 -> ARC HBSAG RGT X 100 DET. TIPO ART. ABBOT | H22: SI | I22: ='Necesidades Trimestrales (2)'!F34 -> KIT | J22: ='Necesidades Trimestrales (2)'!AT34 -> 24480 | K22: ='Necesidades Trimestrales (2)'!AS34 -> 2 | L22: =+J22*K22 -> 48960 | M22: =+J22*K22 -> 48960
A23: 12 | C23: ='Necesidades Trimestrales (2)'!E35 -> ARC HIV COMBO CALIBRADOR TIPO ART. ABBOT | H23: SI | I23: ='Necesidades Trimestrales (2)'!F35 -> KIT | J23: ='Necesidades Trimestrales (2)'!AT35 -> 20240 | K23: ='Necesidades Trimestrales (2)'!AS35 -> 1 | L23: =+J23*K23 -> 20240 | M23: =+J23*K23 -> 20240
A24: 13 | C24: ='Necesidades Trimestrales (2)'!E36 -> ARC HIV COMBO RGT X 100 DET. TIPO ART. ABBOT | H24: SI | I24: ='Necesidades Trimestrales (2)'!F36 -> KIT | J24: ='Necesidades Trimestrales (2)'!AT36 -> 42239 | K24: ='Necesidades Trimestrales (2)'!AS36 -> 4 | L24: =+J24*K24 -> 168956 | M24: =+J24*K24 -> 168956
... A28: 17 | C28: ='Necesidades Trimestrales (2)'!E40 -> ARC TRIGGER x 4 lts TIPO ART. ABBOT | H28: SI | I28: ='Necesidades Trimestrales (2)'!F40 -> BIDON | J28: ='Necesidades Trimestrales (2)'!AT40 -> 11000 | K28: ='Necesidades Trimestrales (2)'!AS40 -> 2 | L28: =+J28*K28 -> 22000 | M28: =+J28*K28 -> 22000
A30: Costo total estimado:OCHOCIENTOS VEINTISEIS MIL TRESCIENTOS CUARENTA Y OCHO CON 00/100 | J30: =SUM(L12:L28) -> 826348 | M30: =SUM(M12:M29) -> 826348

Sheet APG (2)
A1: EJERCICIO: | D1: 2021 | P1: AUTORIZACION PARA GASTAR
A4: JURISDICCIÓN: | G4: ='[1]lab centr'!D3 -> 040 - Ministerio de Salud
A5: SAF: | G5: ='[1]lab centr'!D4 -> 011 - Direccion Provincial de Administración - Ministerio de Salud
A6: UNIDAD EJECUTORA: | G6: 160 - DIRECCION PROVINCIAL CENTRO UNICO DE REFERENCIA
A7: DEPENDENCIA SOLICITANTE: | G7: 160 - DIRECCION PROVINCIAL CENTRO UNICO DE REFERENCIA
A8: AUTORIZACIÓN:
A9: Señor Jefe de Servicio Administrativo Financiero:
A10: Autorizo la realización de los trámites correspondientes, a fin de proveer a este Organismo los bienes que se detallan en Nota de pedido y Entrega N° 13/2021, afectando la erogación resultante a los créditos presupuestarios aprobados a favor de esta Unidad Ejecutora, conforme al siguiente detalle:
A12: IMPUTACIÓN PRESUPUESTARIA
A13: CÓDIGO | O13: DENOMINACIÓN DE LA PARTIDA PRESUPUESTARIA | Q13: IMPORTE
A14: PR | B14: SB | C14: PY | D14: AC | E14: OB | F14: UG | G14: FIN | H14: FUN | I14: I | J14: P | K14: P | L14: SubP | M14: M | N14: FF
A15: 35 | D15: 1 | F15: 4901 | G15: 3 | H15: 1 | I15: 2 | J15: 5 | K15: 1 | M15: 1 | N15: 1.1 | O15: COMPUESTOS QUIMICOS | Q15: =826348-16700-481880 -> 327768
A16: 35 | D16: 2 | F16: 4901 | G16: 3 | H16: 1 | I16: 2 | J16: 5 | K16: 1 | M16: 1 | N16: 1.1 | O16: COMPUESTOS QUIMICOS | Q16: 16700
A17: 35 | D17: 3 | F17: 4901 | G17: 3 | H17: 1 | I17: 2 | J17: 5 | K17: 1 | M17: 1 | N17: 1.1 | O17: COMPUESTOS QUIMICOS | Q17: 481880
A23: TOTAL DE PESOS: OCHOCIENTOS VEINTISEIS MIL TRESCIENTOS CUARENTA Y OCHO CON 00/100 | Q23: =SUM(Q15:Q22) -> 826348
A25: JUSTIFICACIÓN:
A26: ='[1]lab centr'!D8 -> Adquisicion del RUBRO REACTIVOS PARA LABORATORIO
