Workbook

Sheet SAF 011
A1: 2022
B2: Pedido de Necesidades Trimestrales
A4: JURISDICCION: | C4: 040 - MINISTERIO DE SALUD
A5: SAF N°: | C5: 011 - DIRECCION PROVINCIAL DE ADMINISTRACION - MINISTERIO DE SALUD
A6: EJERCICIO: | C6: 2022
A7: TRIMESTRE: | C7: PRIMERO
A9: ID | B9: CODIGO ITEM | C9: RUBRO DE COMPRA | D9: I.P.P. | E9: DESCRIPCION | F9: UNIDAD DE MEDIDA | G9: CANTIDAD TOTAL | H9: PRECIO UNITARIO ESTIMADO | I9: IMPORTE TOTAL ESTIMADO | J9: ESPECIFICACION TECNICA
A10: 1 | C10: PROD. MEDICO/FARMACEUTICOS/LAB. | D10: 2.5.1 | E10: ACEITE DE INMERSION PA 100 ML Tipo CICARELLI | F10: FRASCO | G10: 10 | H10: 3419 | I10: =+G10*H10 -> 34190
A11: 2 | C11: PROD. MEDICO/FARMACEUTICOS/LAB. | D11: 2.5.1 | E11: ACTIVADOR caja por 9 bidones X 12 ML COBAS C311 TIPO ROCHE | F11: CAJA | G11: 2 | H11: 18758 | I11: =+G11*H11 -> 37516
A12: 3 | C12: PROD. MEDICO/FARMACEUTICOS/LAB. | D12: 2.5.1. | E12: AGUA BIDESTILADA X 5 LITROS | F12: BIDON | G12: 10 | H12: 574 | I12: =+G12*H12 -> 5740
A13: 4 | C13: PROD. MEDICO/FARMACEUTICOS/LAB. | D13: 2.5.1 | E13: ALB2 (ALBUMINA) COBAS C311 tipo ROCHE | F13: UNIDAD | G13: 5 | H13: 2452 | I13: =+G13*H13 -> 12260
A14: 5 | C14: PROD. MEDICO/FARMACEUTICOS/LAB. | D14: 2.5.1 | E14: ALBUMINA AA 120 ML Tipo WIENER | F14: UNIDAD | G14: 15 | H14: 745 | I14: =+G14*H14 -> 11175
A15: 6 | C15: PROD. MEDICO/FARMACEUTICOS/LAB. | D15: 2.5.1. | E15: ALBUMINA BOVINA TIPO WIENER | F15: UNIDAD | G15: 12 | H15: 1251 | I15: =+G15*H15 -> 15012
A16: 7 | C16: PROD. MEDICO/FARMACEUTICOS/LAB. | D16: 2.5.1 | E16: ALP2L (F. ALCALINA) C311 ROCHE | F16: UNIDAD | G16: 8 | H16: 10621 | I16: =+G16*H16 -> 84968
A17: 8 | C17: PROD. MEDICO/FARMACEUTICOS/LAB. | D17: 2.5.1 | E17: ANTI A MONOCLONAL FRASCO X 10 ML Tipo WIENER | F17: FRASCO | G17: 130 | H17: 1328 | I17: =+G17*H17 -> 172640
A18: 9 | C18: PROD. MEDICO/FARMACEUTICOS/LAB. | D18: 2.5.1 | E18: ANTI B MONOCLONAL FRASCO X 10 ML Tipo WIENER | F18: FRASCO | G18: 120 | H18: 1328 | I18: =+G18*H18 -> 159360
A19: 10 | C19: PROD. MEDICO/FARMACEUTICOS/LAB. | D19: 2.5.1. | E19: ANTI-AB MONOCLONAL- FRASCO 10 ML TIPO WIENER | F19: FRASCO | G19: 100 | H19: 888 | I19: =+G19*H19 -> 88800
A20: 11 | C20: PROD. MEDICO/FARMACEUTICOS/LAB. | D20: 2.5.1 | E20: ANTICOAGULANTE TP (CITRATO) 6 X 50 ML Tipo WIENER | F20: FRASCO | G20: 20 | H20: 973 | I20: =+G20*H20 -> 19460
A21: 12 | C21: PROD. MEDICO/FARMACEUTICOS/LAB. | D21: 2.5.1 | E21: ANTID (RHO) MONOCLONAL FRASCO X 10 ML Tipo WIENER | F21: FRASCO | G21: 120 | H21: 2512 | I21: =+G21*H21 -> 301440
... A146: 137 | C146: PROD. MEDICO/FARMACEUTICOS/LAB. | D146: 2.5.1 | E146: XN-CHECK CONTROL ALTO-MEDIO-BAJO (XN-550/1000) (CAJA 12X3.0 ML) TIPO SYSMEX | F146: CAJA | G146: 1 | H146: 93477 | I146: =+G146*H146 -> 93477
E147: TOTAL RUBRO REACTIVOS PARA LABORATORIO | I147: =SUM(I10:I146) -> 86666931
C149: DETALLE TECNICO Y ESPECIFICACIONES | D149: ANEXO 1-Para oferentes de la Provincia de Catamarca deberán presentar Habilitación Provincial para comercializar el producto que cotizan. 2-Para el resto de oferentes deberán presentar Certificado de Inscripción de ANMAT vigente al momento de la oferta, el mismo deberá ser correspondiente al objeto de la contratación y de encontrarse vencido adjuntar la solicitud de renovación. 3-No se aceptarán ofertas de productos no registrados y autorizada su venta por ANMAT. Se deberá especificar en cada ítem de la propuesta, marca y número de certificado otorgado por dicho ente regulador. 4-Los productos deberán tener un vencimiento posterior a doce (12) meses a partir de la fecha de su recepción.
C151: Plazos de entrega | D151: veinte (20) dias habiles
C153: Lugar de Entrega: | D153: DIR. PROV. DE LABORATORIO - CHACABUCO N° 169 - en el horario de 8:00hs a 12:00hs de lunes a viernes
C155: Calidad Minima esperada
C157: Mantenimiento | D157: cuarenta y cinco (45) días

Sheet NP LABORATORIO
A1: NOTA DE PEDIDO | J1: N° | K1: 03/2022
A3: JURISDICCIÓN: | D3: ='SAF 011'!C4 -> 040 - MINISTERIO DE SALUD
A4: SAF: | D4: ='SAF 011'!C5 -> 011 - DIRECCION PROVINCIAL DE ADMINISTRACION - MINISTERIO DE SALUD
A5: UNIDAD EJECUTORA: | D5: DIRECCION PROVINCIAL DE LABORATORIO
A6: DEPENDENCIA SOLICITANTE: | D6: DIRECCION PROVINCIAL DE LABORATORIO
A7: PERIODO UTILIZACIÓN: | D7: 1° TRIMESTRE 2022
A8: OBJETO: | D8: ADQUISICION DEL RUBRO REACTIVOS PARA LABORATORIO
A10: Ítem | B10: Codigo Item | C10: DESCRIPCIÓN | H10: Adjunta Detalle Técnico | I10: Unidad Medida | J10: Precio Unitario Estimado | K10: Cantidad Solicitada
A12: 1 | C12: ='SAF 011'!E10 -> ACEITE DE INMERSION PA 100 ML Tipo CICARELLI | H12: NO | I12: ='SAF 011'!F10 -> FRASCO | J12: ='SAF 011'!H10 -> 3419 | K12: ='SAF 011'!#REF! -> #REF! | M12: =+J12*K12 -> #REF!
A13: 2 | C13: ='SAF 011'!E11 -> ACTIVADOR caja por 9 bidones X 12 ML COBAS C311 TIPO ROCHE | H13: NO | I13: ='SAF 011'!F11 -> CAJA | J13: ='SAF 011'!H11 -> 18758 | K13: ='SAF 011'!#REF! -> #REF! | M13: =+J13*K13 -> #REF!
A14: 4 | C14: ='SAF 011'!E13 -> ALB2 (ALBUMINA) COBAS C311 tipo ROCHE | H14: NO | I14: ='SAF 011'!F13 -> UNIDAD | J14: ='SAF 011'!H13 -> 2452 | K14: ='SAF 011'!#REF! -> #REF! | M14: =+J14*K14 -> #REF!
A15: 5 | C15: ='SAF 011'!E14 -> ALBUMINA AA 120 ML Tipo WIENER | H15: NO | I15: ='SAF 011'!F14 -> UNIDAD | J15: ='SAF 011'!H14 -> 745 | K15: ='SAF 011'!#REF! -> #REF! | M15: =+J15*K15 -> #REF!
A16: 7 | C16: ='SAF 011'!E16 -> ALP2L (F. ALCALINA) C311 ROCHE | H16: NO | I16: ='SAF 011'!F16 -> UNIDAD | J16: ='SAF 011'!H16 -> 10621 | K16: ='SAF 011'!#REF! -> #REF! | M16: =+J16*K16 -> #REF!
A17: 8 | C17: ='SAF 011'!E17 -> ANTI A MONOCLONAL FRASCO X 10 ML Tipo WIENER | H17: NO | I17: ='SAF 011'!F17 -> FRASCO | J17: ='SAF 011'!H17 -> 1328 | K17: ='SAF 011'!#REF! -> #REF! | M17: =+J17*K17 -> #REF!
A18: 9 | C18: ='SAF 011'!E18 -> ANTI B MONOCLONAL FRASCO X 10 ML Tipo WIENER | H18: NO | I18: ='SAF 011'!F18 -> FRASCO | J18: ='SAF 011'!H18 -> 1328 | K18: ='SAF 011'!#REF! -> #REF! | M18: =+J18*K18 -> #REF!
A19: 11 | C19: ='SAF 011'!E20 -> ANTICOAGULANTE TP (CITRATO) 6 X 50 ML Tipo WIENER | H19: NO | I19: ='SAF 011'!F20 -> FRASCO | J19: ='SAF 011'!H20 -> 973 | K19: ='SAF 011'!#REF! -> #REF! | M19: =+J19*K19 -> #REF!
A20: 12 | C20: ='SAF 011'!E21 -> ANTID (RHO) MONOCLONAL FRASCO X 10 ML Tipo WIENER | H20: NO | I20: ='SAF 011'!F21 -> FRASCO | J20: ='SAF 011'!H21 -> 2512 | K20: ='SAF 011'!#REF! -> #REF! | M20: =+J20*K20 -> #REF!
A21: 13 | C21: ='SAF 011'!E22 -> ANTIGENO FEBRIL BRUCELLA (HUDDLESON) 1X5 ML Tipo WIENER | H21: NO | I21: ='SAF 011'!F22 -> BOLSA | J21: ='SAF 011'!H22 -> 1795 | K21: ='SAF 011'!#REF! -> #REF! | M21: =+J21*K21 -> #REF!
A22: 14 | C22: ='SAF 011'!E23 -> APTTEST 6X25 ML (150 DET) Tipo WIENER | H22: NO | I22: ='SAF 011'!F23 -> CAJA | J22: ='SAF 011'!H23 -> 8286 | K22: ='SAF 011'!#REF! -> #REF! | M22: =+J22*K22 -> #REF!
A23: 25 | C23: ='SAF 011'!E34 -> ASO LATEX 50 DET Tipo WIENER | H23: NO | I23: ='SAF 011'!F34 -> UNIDAD | J23: ='SAF 011'!H34 -> 5347 | K23: ='SAF 011'!#REF! -> #REF! | M23: =+J23*K23 -> #REF!
A24: 26 | C24: ='SAF 011'!E35 -> BILIRRUBINA STANDARD 2 FRASCOS X 5 ML Tipo WIENER | H24: NO | I24: ='SAF 011'!F35 -> CAJA | J24: ='SAF 011'!H35 -> 5155 | K24: ='SAF 011'!#REF! -> #REF! | M24: =+J24*K24 -> #REF!
A25: 30 | C25: ='SAF 011'!E39 -> CA COLOR ARSENAZO III AA 200 ML (4X50 ML) Tipo WIENER | H25: NO | I25: ='SAF 011'!F39 -> CAJA | J25: ='SAF 011'!H39 -> 3471 | K25: ='SAF 011'!#REF! -> #REF! | M25: =+J25*K25 -> #REF!
A26: 31 | C26: ='SAF 011'!E40 -> CA2 (CALCIO) C311 tipo ROCHE | H26: NO | I26: ='SAF 011'!F40 -> CASSETTE | J26: ='SAF 011'!H40 -> 5050 | K26: ='SAF 011'!#REF! -> #REF! | M26: =+J26*K26 -> #REF!
A27: 32 | C27: ='SAF 011'!E41 -> CALIBRADOR A PLUS 2 VIAL X 3 ML Tipo WIENER | H27: NO | I27: ='SAF 011'!F41 -> UNIDAD | J27: ='SAF 011'!H41 -> 5338 | K27: ='SAF 011'!#REF! -> #REF! | M27: =+J27*K27 -> #REF!
A28: 33 | C28: ='SAF 011'!E42 -> CASSETTE CALIBRADOR HEMOGLOBINA GLICOSILADA 1 U Tipo OPTI MEDICAL (USA) | H28: NO | I28: ='SAF 011'!F42 -> CASSETTE | J28: ='SAF 011'!H42 -> 14550 | K28: ='SAF 011'!#REF! -> #REF! | M28: =+J28*K28 -> #REF!
A29: 34 | C29: ='SAF 011'!E43 -> CASSETTE E-CL X 25 TEST TIPO OPTI MEDICAL | H29: NO | I29: ='SAF 011'!F43 -> CASSETTE | J29: ='SAF 011'!H43 -> 52464.5 | K29: ='SAF 011'!#REF! -> #REF! | M29: =+J29*K29 -> #REF!
A30: 36 | C30: ='SAF 011'!E45 -> CELL WASH SOLUTION 1 (NAOH-D BASIC WASH 1 BIDON 2X1800 ML) COBAS C311 TIPO ROCHE | H30: NO | I30: ='SAF 011'!F45 -> CAJA | J30: ='SAF 011'!H45 -> 7151 | K30: ='SAF 011'!#REF! -> #REF! | M30: =+J30*K30 -> #REF!
A31: 37 | C31: ='SAF 011'!E46 -> CELL WASH SOLUTION 2 (ACID WASH) (2X1800 ML) COBAS C311 TIPO ROCHE | H31: NO | I31: ='SAF 011'!F46 -> CAJA | J31: ='SAF 011'!H46 -> 41462 | K31: ='SAF 011'!#REF! -> #REF! | M31: =+J31*K31 -> #REF!
A32: 38 | C32: ='SAF 011'!E47 -> CELLPACK DCL (XN-550/1000) 20 LITROS TIPO SYSMEX | H32: NO | I32: ='SAF 011'!F47 -> UNIDAD | J32: ='SAF 011'!H47 -> 13303 | K32: ='SAF 011'!#REF! -> #REF! | M32: =+J32*K32 -> #REF!
A33: 39 | C33: ='SAF 011'!E48 -> CFAS LIPIDS (3X1 ML) COBAS C 311 TIPO ROCHE | H33: NO | I33: ='SAF 011'!F48 -> VIAL | J33: ='SAF 011'!H48 -> 43337 | K33: ='SAF 011'!#REF! -> #REF! | M33: =+J33*K33 -> #REF!
A34: 41 | C34: ='SAF 011'!E50 -> CHAGATEST ELISA RECOMBINANTE (V 4.0) 96 DET Tipo WIENER | H34: NO | I34: ='SAF 011'!F50 -> UNIDAD | J34: ='SAF 011'!H50 -> 17121 | K34: ='SAF 011'!#REF! -> #REF! | M34: =+J34*K34 -> #REF!
A35: 42 | C35: ='SAF 011'!E51 -> CHAGATEST HAI 5 TITULOS 96 DET Tipo WIENER | H35: NO | I35: ='SAF 011'!F51 -> UNIDAD | J35: ='SAF 011'!H51 -> 16429 | K35: ='SAF 011'!#REF! -> #REF! | M35: =+J35*K35 -> #REF!
A36: 43 | C36: ='SAF 011'!E52 -> CHOL2 (COLESTEROL) C311 tipo ROCHE | H36: NO | I36: ='SAF 011'!F52 -> UNIDAD | J36: ='SAF 011'!H52 -> 5050 | K36: ='SAF 011'!#REF! -> #REF! | M36: =+J36*K36 -> #REF!
A37: 44 | C37: ='SAF 011'!E53 -> CK MB2 (CPK MB) C311 tipo ROCHE | H37: NO | I37: ='SAF 011'!F53 -> UNIDAD | J37: ='SAF 011'!H53 -> 6358 | K37: ='SAF 011'!#REF! -> #REF! | M37: =+J37*K37 -> #REF!
A38: 45 | C38: ='SAF 011'!E54 -> CLOT CATCHER CAJA X 250 UN COBAS B221 TIPO ROCHE | H38: NO | I38: ='SAF 011'!F54 -> CAJA | J38: ='SAF 011'!H54 -> 2121 | K38: ='SAF 011'!#REF! -> #REF! | M38: =+J38*K38 -> #REF!
A39: 47 | C39: ='SAF 011'!E56 -> COBAS CKNAC X 200 DET TIPO ROCHE | H39: NO | I39: ='SAF 011'!F56 -> CASETTE | J39: ='SAF 011'!H56 -> 4204 | K39: ='SAF 011'!#REF! -> #REF! | M39: =+J39*K39 -> #REF!
A40: 48 | C40: ='SAF 011'!E57 -> COL-HDL C311 tipo ROCHE | H40: NO | I40: ='SAF 011'!F57 -> UNIDAD | J40: ='SAF 011'!H57 -> 22148 | K40: ='SAF 011'!#REF! -> #REF! | M40: =+J40*K40 -> #REF!
A41: 49 | C41: ='SAF 011'!E58 -> COL-LDL C311 tipo ROCHE | H41: NO | I41: ='SAF 011'!F58 -> UNIDAD | J41: ='SAF 011'!H58 -> 19934 | K41: ='SAF 011'!#REF! -> #REF! | M41: =+J41*K41 -> #REF!
A42: 50 | C42: ='SAF 011'!E59 -> COLORANTE GIEMSA 1 LITRO Tipo BIOPACK | H42: NO | I42: ='SAF 011'!F59 -> BOTELLA | J42: ='SAF 011'!H59 -> 4661 | K42: ='SAF 011'!#REF! -> #REF! | M42: =+J42*K42 -> #REF!
A43: 51 | C43: ='SAF 011'!E60 -> COMBITROL PLUS B LEVEL 1 CAJA X 30 UN COBAS B 221 TIPO ROCHE | H43: NO | I43: ='SAF 011'!F60 -> CAJA | J43: ='SAF 011'!H60 -> 26023 | K43: ='SAF 011'!#REF! -> #REF! | M43: =+J43*K43 -> #REF!
A44: 52 | C44: ='SAF 011'!E61 -> COMBITROL PLUS B LEVEL 2 CAJA X 30 UN COBAS B 221 TIPO ROCHE | H44: NO | I44: ='SAF 011'!F61 -> CAJA | J44: ='SAF 011'!H61 -> 26023 | K44: ='SAF 011'!#REF! -> #REF! | M44: =+J44*K44 -> #REF!
A45: 53 | C45: ='SAF 011'!E62 -> COMBITROL PLUS B LEVEL 3 CAJA X 30 UN COBAS B 221 TIPO ROCHE | H45: NO | I45: ='SAF 011'!F62 -> CAJA | J45: ='SAF 011'!H62 -> 26023 | K45: ='SAF 011'!#REF! -> #REF! | M45: =+J45*K45 -> #REF!
A46: 54 | C46: ='SAF 011'!E63 -> CONTROL HEMATOLOGICO DE 3 NIVELES BC 3D Tipo MINDRAY | H46: NO | I46: ='SAF 011'!F63 -> CAJA | J46: ='SAF 011'!H63 -> 16060 | K46: ='SAF 011'!#REF! -> #REF! | M46: =+J46*K46 -> #REF!
A47: 55 | C47: ='SAF 011'!E64 -> CREATININA CINETICA AA LINEA LIQUIDA 250 ML (2X100 ML A + 2X25 ML B) Tipo WIENER | H47: NO | I47: ='SAF 011'!F64 -> CAJA | J47: ='SAF 011'!H64 -> 4490 | K47: ='SAF 011'!#REF! -> #REF! | M47: =+J47*K47 -> #REF!
A48: 56 | C48: ='SAF 011'!E65 -> CREATININA DIRECTA 120-240 DET Tipo WIENER | H48: NO | I48: ='SAF 011'!F65 -> CAJA | J48: ='SAF 011'!H65 -> 3136 | K48: ='SAF 011'!#REF! -> #REF! | M48: =+J48*K48 -> #REF!
A49: 57 | C49: ='SAF 011'!E66 -> CREJ2 (CREATININA) C311 tipo ROCHE | H49: NO | I49: ='SAF 011'!F66 -> UNIDAD | J49: ='SAF 011'!H66 -> 5539 | K49: ='SAF 011'!#REF! -> #REF! | M49: =+J49*K49 -> #REF!
A50: 58 | C50: ='SAF 011'!E67 -> D-DIMER GEN 2 CONTROL I/II (Nivel 1: 2x1 ML / Nivel 2: 2x1 ML) COBAS C311 TIPO ROCHE | H50: NO | I50: ='SAF 011'!F67 -> CAJA | J50: ='SAF 011'!H67 -> 29122 | K50: ='SAF 011'!#REF! -> #REF! | M50: =+J50*K50 -> #REF!
A51: 62 | C51: ='SAF 011'!E71 -> EZ CLEANSER X 100 ML Tipo MINDRAY | H51: NO | I51: ='SAF 011'!F71 -> BOTELLA | J51: ='SAF 011'!H71 -> 10372 | K51: ='SAF 011'!#REF! -> #REF! | M51: =+J51*K51 -> #REF!
A52: 63 | C52: ='SAF 011'!E72 -> FOSFATASA ALCALINA OPTIMIZADA 200 DET Tipo WIENER | H52: NO | I52: ='SAF 011'!F72 -> CAJA | J52: ='SAF 011'!H72 -> 6759 | K52: ='SAF 011'!#REF! -> #REF! | M52: =+J52*K52 -> #REF!
A53: 64 | C53: ='SAF 011'!E73 -> FT4 SET DE CALIBRADORES 12X1 ML Tipo TOSOH | H53: NO | I53: ='SAF 011'!F73 -> CAJA | J53: ='SAF 011'!H73 -> 53978 | K53: ='SAF 011'!#REF! -> #REF! | M53: =+J53*K53 -> #REF!
A54: 65 | C54: ='SAF 011'!E74 -> FT4 ST REACTIVO 100 DET Tipo TOSOH | H54: NO | I54: ='SAF 011'!F74 -> CAJA | J54: ='SAF 011'!H74 -> 37220 | K54: ='SAF 011'!#REF! -> #REF! | M54: =+J54*K54 -> #REF!
A55: 66 | C55: ='SAF 011'!E75 -> GGTI2 (GAMA GT) TIPO ROCHE COBAS C311 | H55: NO | I55: ='SAF 011'!F75 -> CASETTE | J55: ='SAF 011'!H75 -> 11119 | K55: ='SAF 011'!#REF! -> #REF! | M55: =+J55*K55 -> #REF!
A56: 67 | C56: ='SAF 011'!E76 -> GLICEMIA ENZIMATICA AA LINEA LIQUIDA 1000 ML ( 4 UNIDADES X250 ML) Tipo WIENER | H56: NO | I56: ='SAF 011'!F76 -> CAJA | J56: ='SAF 011'!H76 -> 6247 | K56: ='SAF 011'!#REF! -> #REF! | M56: =+J56*K56 -> #REF!
A57: 68 | C57: ='SAF 011'!E77 -> GLUC3 (GLUCOSA) TIPO ROCHE COBAS C311 | H57: NO | I57: ='SAF 011'!F77 -> UNIDAD | J57: ='SAF 011'!H77 -> 11066 | K57: ='SAF 011'!#REF! -> #REF! | M57: =+J57*K57 -> #REF!
A58: 69 | C58: ='SAF 011'!E78 -> GPT (ALT) UV AA LINEA LIQUIDA 200 ML Tipo WIENER | H58: NO | I58: ='SAF 011'!F78 -> CAJA | J58: ='SAF 011'!H78 -> 6730 | K58: ='SAF 011'!#REF! -> #REF! | M58: =+J58*K58 -> #REF!
A59: 70 | C59: ='SAF 011'!E79 -> HBA1C ENZYMATIC CALIBRADOR TURBIDIMETRICO 2X0.5 ML Tipo WIENER | H59: NO | I59: ='SAF 011'!F79 -> CAJA | J59: ='SAF 011'!H79 -> 11190 | K59: ='SAF 011'!#REF! -> #REF! | M59: =+J59*K59 -> #REF!
A60: 71 | C60: ='SAF 011'!E80 -> HBA1C ENZYMATIC CONTROL TURBIDIM 2X0,5 ML Tipo WIENER | H60: NO | I60: ='SAF 011'!F80 -> CAJA | J60: ='SAF 011'!H80 -> 13120 | K60: ='SAF 011'!#REF! -> #REF! | M60: =+J60*K60 -> #REF!
A61: 72 | C61: ='SAF 011'!E81 -> HBA1C ENZYMATIC LYSIS BUFFER TURBIDIM 50 ML Tipo WIENER | H61: NO | I61: ='SAF 011'!F81 -> CAJA | J61: ='SAF 011'!H81 -> 16473 | K61: ='SAF 011'!#REF! -> #REF! | M61: =+J61*K61 -> #REF!
A62: 73 | C62: ='SAF 011'!E82 -> HBA1C ENZYMATIC TURBIDIMETRICO 1X18 ML - 1X8 ML - 1X12 ML Tipo WIENER | H62: NO | I62: ='SAF 011'!F82 -> CAJA | J62: ='SAF 011'!H82 -> 27553 | K62: ='SAF 011'!#REF! -> #REF! | M62: =+J62*K62 -> #REF!
A63: 74 | C63: ='SAF 011'!E83 -> HEPATITIS B ELISA HBSAG 96 DET Tipo WIENER | H63: NO | I63: ='SAF 011'!F83 -> CAJA | J63: ='SAF 011'!H83 -> 22109 | K63: ='SAF 011'!#REF! -> #REF! | M63: =+J63*K63 -> #REF!
A64: 79 | C64: ='SAF 011'!E88 -> ISE CLEANING SOLUTION (ELECSYS SYSCLEAN) caja 5X100 ML COBAS C311 TIPO ROCHE | H64: NO | I64: ='SAF 011'!F88 -> CAJA | J64: ='SAF 011'!H88 -> 14170 | K64: ='SAF 011'!#REF! -> #REF! | M64: =+J64*K64 -> #REF!
A65: 80 | C65: ='SAF 011'!E89 -> KingFisher 96 tip comb for deep-well magnets, 10x10 pcs/box (for Flex, Apex and Presto) | H65: NO | I65: ='SAF 011'!F89 -> CAJA | J65: ='SAF 011'!H89 -> 143470.91 | K65: ='SAF 011'!#REF! -> #REF! | M65: =+J65*K65 -> #REF!
A66: 81 | C66: ='SAF 011'!E90 -> KingFisher Plastic Consumables for SARS-CpV-2 Testing | H66: NO | I66: ='SAF 011'!F90 -> Unidad | J66: ='SAF 011'!H90 -> 72401.56 | K66: ='SAF 011'!#REF! -> #REF! | M66: =+J66*K66 -> #REF!
A67: 82 | C67: ='SAF 011'!E91 -> KingFisher TM Plastics for 96 standard and PCR formats | H67: NO | I67: ='SAF 011'!F91 -> Unidad | J67: ='SAF 011'!H91 -> 41976.11 | K67: ='SAF 011'!#REF! -> #REF! | M67: =+J67*K67 -> #REF!
A68: 83 | C68: ='SAF 011'!E92 -> KIT PARA TRANSCRIPTASA REVERSA QUANTINOVA PROBE RT-PCR KIT 500 REACCIONES Tipo QIAGEN GMBH | H68: NO | I68: ='SAF 011'!F92 -> CAJA | J68: ='SAF 011'!H92 -> 259477 | K68: ='SAF 011'!#REF! -> #REF! | M68: =+J68*K68 -> #REF!
A69: 86 | C69: ='SAF 011'!E95 -> LDH P UV AA LINEA LIQUIDA 100 ML Tipo WIENER | H69: NO | I69: ='SAF 011'!F95 -> CAJA | J69: ='SAF 011'!H95 -> 4772 | K69: ='SAF 011'!#REF! -> #REF! | M69: =+J69*K69 -> #REF!
A70: 87 | C70: ='SAF 011'!E96 -> LISANTE X 500 ML Tipo MINDRAY | H70: NO | I70: ='SAF 011'!F96 -> BOTELLA | J70: ='SAF 011'!H96 -> 7632 | K70: ='SAF 011'!#REF! -> #REF! | M70: =+J70*K70 -> #REF!
A71: 88 | C71: ='SAF 011'!E97 -> LYSERCELL WDF (XN-550/1000) X 5 LITROS TIPO SYSMEX | H71: NO | I71: ='SAF 011'!F97 -> BOLSA | J71: ='SAF 011'!H97 -> 25167 | K71: ='SAF 011'!#REF! -> #REF! | M71: =+J71*K71 -> #REF!
A72: 89 | C72: ='SAF 011'!E98 -> M-30 DILUYENTE X 20 LTS Tipo MINDRAY | H72: NO | I72: ='SAF 011'!F98 -> BOTELLA | J72: ='SAF 011'!H98 -> 8135 | K72: ='SAF 011'!#REF! -> #REF! | M72: =+J72*K72 -> #REF!
A73: 90 | C73: ='SAF 011'!E99 -> MAC CONTROLES 6 UNIDADES X3 ML Tipo TOSOH | H73: NO | I73: ='SAF 011'!F99 -> CAJA | J73: ='SAF 011'!H99 -> 79116 | K73: ='SAF 011'!#REF! -> #REF! | M73: =+J73*K73 -> #REF!
A74: 91 | C74: ='SAF 011'!E100 -> MagMAX TM Viral/Pathogen II (MVP) Nucleic Acid Isolation Kit | H74: NO | I74: ='SAF 011'!F100 -> Unidad | J74: ='SAF 011'!H100 -> 684599.85 | K74: ='SAF 011'!#REF! -> #REF! | M74: =+J74*K74 -> #REF!
A75: 92 | C75: ='SAF 011'!E101 -> MG2 (MAGNESIO) TIPO ROCHE COBAS C311 | H75: NO | I75: ='SAF 011'!F101 -> UNIDAD | J75: ='SAF 011'!H101 -> 5539 | K75: ='SAF 011'!#REF! -> #REF! | M75: =+J75*K75 -> #REF!
A76: 93 | C76: ='SAF 011'!E102 -> NACL (CLORURO DE SODIO) TIPO ROCHE COBAS C311 | H76: NO | I76: ='SAF 011'!F102 -> UNIDAD | J76: ='SAF 011'!H102 -> 4204 | K76: ='SAF 011'!#REF! -> #REF! | M76: =+J76*K76 -> #REF!
A77: 98 | C77: ='SAF 011'!E107 -> PCR LATEX DIRECTO 50 DET Tipo WIENER | H77: NO | I77: ='SAF 011'!F107 -> CAJA | J77: ='SAF 011'!H107 -> 4552 | K77: ='SAF 011'!#REF! -> #REF! | M77: =+J77*K77 -> #REF!
A78: 99 | C78: ='SAF 011'!E108 -> PHOS2 (FOSFORO) TIPO ROCHE COBAS C311 | H78: NO | I78: ='SAF 011'!F108 -> UNIDAD | J78: ='SAF 011'!H108 -> 4683 | K78: ='SAF 011'!#REF! -> #REF! | M78: =+J78*K78 -> #REF!
A79: 101 | C79: ='SAF 011'!E110 -> PROBE CLEANSER X 50 ML Tipo MINDRAY | H79: NO | I79: ='SAF 011'!F110 -> CAJA | J79: ='SAF 011'!H110 -> 12575 | K79: ='SAF 011'!#REF! -> #REF! | M79: =+J79*K79 -> #REF!
A80: 102 | C80: ='SAF 011'!E111 -> PROTI 2 140 DET (BIURET 500 M + ALB 500 + SP) Tipo WIENER | H80: NO | I80: ='SAF 011'!F111 -> CAJA | J80: ='SAF 011'!H111 -> 3819 | K80: ='SAF 011'!#REF! -> #REF! | M80: =+J80*K80 -> #REF!
A81: 103 | C81: ='SAF 011'!E112 -> QIAprep&amp Viral RNA UM kit (600) SARS-CoV-2 N1 N2 ASSY KIT (600) Tipo QIAGEN GMBH | H81: NO | I81: ='SAF 011'!F112 -> CAJA | J81: ='SAF 011'!H112 -> 1555698 | K81: ='SAF 011'!#REF! -> #REF! | M81: =+J81*K81 -> #REF!
A82: 104 | C82: ='SAF 011'!E113 -> RINSE X 20 LTS Tipo MINDRAY | H82: NO | I82: ='SAF 011'!F113 -> CAJA | J82: ='SAF 011'!H113 -> 12035 | K82: ='SAF 011'!#REF! -> #REF! | M82: =+J82*K82 -> #REF!
A83: 105 | C83: ='SAF 011'!E114 -> S1 RINSE SOLUTION CAJA X 2 BIDON COBAS B221 TIPO ROCHE | H83: NO | I83: ='SAF 011'!F114 -> CAJA | J83: ='SAF 011'!H114 -> 37305 | K83: ='SAF 011'!#REF! -> #REF! | M83: =+J83*K83 -> #REF!
A84: 106 | C84: ='SAF 011'!E115 -> S2 RINSE SOLUTION FLUID PACK | H84: NO | I84: ='SAF 011'!F115 -> CAJA | J84: ='SAF 011'!H115 -> 61165 | K84: ='SAF 011'!#REF! -> #REF! | M84: =+J84*K84 -> #REF!
A85: 107 | C85: ='SAF 011'!E116 -> S3 RINSE SOLUTION FLUID PACK A COBAS B 221 TIPO ROCHE | H85: NO | I85: ='SAF 011'!F116 -> CAJA | J85: ='SAF 011'!H116 -> 81157 | K85: ='SAF 011'!#REF! -> #REF! | M85: =+J85*K85 -> #REF!
A86: 108 | C86: ='SAF 011'!E117 -> SANGRE OCULTA 25 TIRAS Tipo BRITANIA | H86: NO | I86: ='SAF 011'!F117 -> FRASCO | J86: ='SAF 011'!H117 -> 3172 | K86: ='SAF 011'!#REF! -> #REF! | M86: =+J86*K86 -> #REF!
A87: 112 | C87: ='SAF 011'!E121 -> SENSOR GLUCOSA-LACTATO COBAS B 221 TIPO ROCHE | H87: NO | I87: ='SAF 011'!F121 -> UNIDAD | J87: ='SAF 011'!H121 -> 16709 | K87: ='SAF 011'!#REF! -> #REF! | M87: =+J87*K87 -> #REF!
A88: 113 | C88: ='SAF 011'!E122 -> SET DE SUSTRATOS II X 1000 DET Tipo TOSOH | H88: NO | I88: ='SAF 011'!F122 -> CAJA | J88: ='SAF 011'!H122 -> 19487 | K88: ='SAF 011'!#REF! -> #REF! | M88: =+J88*K88 -> #REF!
A89: 116 | C89: ='SAF 011'!E125 -> STANDATROL S-E 2 NIVEL 3 FRASCOS X 5 ML N1+3 FRASCOS Tipo WIENER | H89: NO | I89: ='SAF 011'!F125 -> CAJA | J89: ='SAF 011'!H125 -> 14599 | K89: ='SAF 011'!#REF! -> #REF! | M89: =+J89*K89 -> #REF!
A90: 121 | C90: ='SAF 011'!E130 -> TEST RAPIDO DE ANTIGENO AG JUSCHEK X 20 Un Tipo ACRO JUSCHEK (USA) | H90: NO | I90: ='SAF 011'!F130 -> CAJA | J90: ='SAF 011'!H130 -> 12380 | K90: ='SAF 011'!#REF! -> #REF! | M90: =+J90*K90 -> #REF!
A91: 122 | C91: ='SAF 011'!E131 -> TOXO AD 96 DET Tipo POLYCHACO | H91: NO | I91: ='SAF 011'!F131 -> CAJA | J91: ='SAF 011'!H131 -> 46892 | K91: ='SAF 011'!#REF! -> #REF! | M91: =+J91*K91 -> #REF!
A92: 125 | C92: ='SAF 011'!E134 -> TRIGLICERIDOS TIPO ROCHE COBAS C311 | H92: NO | I92: ='SAF 011'!F134 -> UNIDAD | J92: ='SAF 011'!H134 -> 4448 | K92: ='SAF 011'!#REF! -> #REF! | M92: =+J92*K92 -> #REF!
A93: 126 | C93: ='SAF 011'!E135 -> TSH 3° GENERACION SET DE CALIBRADORES 6 NIVELES Tipo TOSOH | H93: NO | I93: ='SAF 011'!F135 -> UNIDAD | J93: ='SAF 011'!H135 -> 53978 | K93: ='SAF 011'!#REF! -> #REF! | M93: =+J93*K93 -> #REF!
A94: 127 | C94: ='SAF 011'!E136 -> TSH ST REACTIVO 100 TEST Tipo TOSOH | H94: NO | I94: ='SAF 011'!F136 -> CAJA | J94: ='SAF 011'!H136 -> 34881 | K94: ='SAF 011'!#REF! -> #REF! | M94: =+J94*K94 -> #REF!
A95: 128 | C95: ='SAF 011'!E137 -> TUBO DE GAS P/TS2 Tipo OPTI MEDICAL (USA) | H95: NO | I95: ='SAF 011'!F137 -> UNIDAD | J95: ='SAF 011'!H137 -> 29105.6 | K95: ='SAF 011'!#REF! -> #REF! | M95: =+J95*K95 -> #REF!
A96: 129 | C96: ='SAF 011'!E138 -> UREA COLOR 2R TIPO WIENER | H96: NO | I96: ='SAF 011'!F138 -> CAJA | J96: ='SAF 011'!H138 -> 7716 | K96: ='SAF 011'!#REF! -> #REF! | M96: =+J96*K96 -> #REF!
A97: 130 | C97: ='SAF 011'!E139 -> UREAL (UREA) TIPO ROCHE COBAS C311 | H97: NO | I97: ='SAF 011'!F139 -> UNIDAD | J97: ='SAF 011'!H139 -> 7544 | K97: ='SAF 011'!#REF! -> #REF! | M97: =+J97*K97 -> #REF!
A98: 131 | C98: ='SAF 011'!E140 -> VDRL TEST 250 DET Tipo WIENER | H98: NO | I98: ='SAF 011'!F140 -> CAJA | J98: ='SAF 011'!H140 -> 2476 | K98: ='SAF 011'!#REF! -> #REF! | M98: =+J98*K98 -> #REF!
A99: 133 | C99: ='SAF 011'!E142 -> WASH (SOLUCION CONCENTRADA DE LAVADO) 4X100 ML - 700 DET Tipo TOSOH | H99: NO | I99: ='SAF 011'!F142 -> CAJA | J99: ='SAF 011'!H142 -> 19487 | K99: ='SAF 011'!#REF! -> #REF! | M99: =+J99*K99 -> #REF!
A100: 134 | C100: ='SAF 011'!E143 -> WL 19 CONTROL AA 3 NIVELES 3X3 ML (BAJO-NORMAL-ALTO) Tipo WIENER | H100: NO | I100: ='SAF 011'!F143 -> CAJA | J100: ='SAF 011'!H143 -> 11294 | K100: ='SAF 011'!#REF! -> #REF! | M100: =+J100*K100 -> #REF!
A101: 135 | C101: ='SAF 011'!E144 -> WL 19 RINSE COUNTER AA 20 L Tipo WIENER | H101: NO | I101: ='SAF 011'!F144 -> CAJA | J101: ='SAF 011'!H144 -> 17606 | K101: ='SAF 011'!#REF! -> #REF! | M101: =+J101*K101 -> #REF!
A102: 136 | C102: ='SAF 011'!E145 -> WL CHECK CHAGAS - 25 CASSETTES - TIPO WIENER | H102: NO | I102: ='SAF 011'!F145 -> EQUIPO | J102: ='SAF 011'!H145 -> 10000 | K102: ='SAF 011'!#REF! -> #REF! | M102: =+J102*K102 -> #REF!
A103: 137 | C103: ='SAF 011'!E146 -> XN-CHECK CONTROL ALTO-MEDIO-BAJO (XN-550/1000) (CAJA 12X3.0 ML) TIPO SYSMEX | H103: NO | I103: ='SAF 011'!F146 -> CAJA | J103: ='SAF 011'!H146 -> 93477 | K103: ='SAF 011'!#REF! -> #REF! | M103: =+J103*K103 -> #REF!
...

Sheet APG LABORATORIO
A1: EJERCICIO: | D1: 2022 | P1: AUTORIZACION PARA GASTAR
A4: JURISDICCIÓN: | G4: ='NP LABORATORIO'!D3 -> 040 - MINISTERIO DE SALUD
A5: SAF: | G5: ='NP LABORATORIO'!D4 -> 011 - DIRECCION PROVINCIAL DE ADMINISTRACION - MINISTERIO DE SALUD
A6: UNIDAD EJECUTORA: | G6: ='NP LABORATORIO'!D5 -> DIRECCION PROVINCIAL DE LABORATORIO
A7: DEPENDENCIA SOLICITANTE: | G7: ='NP LABORATORIO'!D6 -> DIRECCION PROVINCIAL DE LABORATORIO
A8: AUTORIZACIÓN:
A9: Señor Director de Administración o Titular del Servicio Administrativo Financiero:
A10: Autorizo la realización de los trámites correspondientes, a fin de proveer a este Organismo los bienes/servicios que se detallan en Nota de Pedido N° 03/2022 afectando la erogación resultante a los créditos presupuestarios aprobados a favor de esta Unidad Ejecutora, conforme al siguiente detalle:
A12: IMPUTACIÓN PRESUPUESTARIA
A13: CÓDIGO | O13: DENOMINACIÓN DE LA PARTIDA PRESUPUESTARIA | Q13: IMPORTE
A14: PR | B14: SB | C14: PY | D14: AC | E14: OB | F14: UG | G14: FIN | H14: FUN | I14: I | J14: P | K14: P | L14: SubP | M14: M | N14: FF
A15: 62 | D15: 1 | F15: 4901 | G15: 3 | H15: 1 | I15: 2 | J15: 5 | K15: 1 | M15: 1 | N15: 1.1 | O15: COMPUESTOS QUIMICOS | Q15: ='NP LABORATORIO'!M105 -> #REF!
A38: TOTAL DE PESOS: SETENTA Y UN MILLONES TRESCIENTOS CINCUENTA Y CUATRO MIL SETECIENTOS VEINTICUATRO CON 50/100.- | Q38: =SUM(Q15:Q37) -> #REF!
A40: JUSTIFICACIÓN:
A41: ='NP LABORATORIO'!D8 -> ADQUISICION DEL RUBRO REACTIVOS PARA LABORATORIO

Sheet NP BANCO DE SANGRE
A1: NOTA DE PEDIDO | J1: N° | K1: 04/2022
A3: JURISDICCIÓN: | D3: ='SAF 011'!C4 -> 040 - MINISTERIO DE SALUD
A4: SAF: | D4: ='SAF 011'!C5 -> 011 - DIRECCION PROVINCIAL DE ADMINISTRACION - MINISTERIO DE SALUD
A5: UNIDAD EJECUTORA: | D5: DIRECCION PROVINCIAL BANCO DE SANGRE
A6: DEPENDENCIA SOLICITANTE: | D6: DIRECCION PROVINCIAL BANCO DE SANGRE
A7: PERIODO UTILIZACIÓN: | D7: 1° TRIMESTRE 2022
A8: OBJETO: | D8: ADQUISICION DEL RUBRO REACTIVOS PARA LABORATORIO
A10: Ítem | B10: Codigo Item | C10: DESCRIPCIÓN | H10: Adjunta Detalle Técnico | I10: Unidad Medida | J10: Precio Unitario Estimado | K10: Cantidad Solicitada
A12: 1 | C12: ='SAF 011'!E15 -> ALBUMINA BOVINA TIPO WIENER | H12: NO | I12: ='SAF 011'!F15 -> UNIDAD | J12: ='SAF 011'!H15 -> 1251 | K12: ='SAF 011'!#REF! -> #REF! | M12: =+J12*K12 -> #REF!
A13: 2 | C13: ='SAF 011'!E16 -> ALP2L (F. ALCALINA) C311 ROCHE | H13: NO | I13: ='SAF 011'!F16 -> UNIDAD | J13: ='SAF 011'!H16 -> 10621 | K13: ='SAF 011'!#REF! -> #REF! | M13: =+J13*K13 -> #REF!
A14: 3 | C14: ='SAF 011'!E17 -> ANTI A MONOCLONAL FRASCO X 10 ML Tipo WIENER | H14: NO | I14: ='SAF 011'!F17 -> FRASCO | J14: ='SAF 011'!H17 -> 1328 | K14: ='SAF 011'!#REF! -> #REF! | M14: =+J14*K14 -> #REF!
A15: 4 | C15: ='SAF 011'!E18 -> ANTI B MONOCLONAL FRASCO X 10 ML Tipo WIENER | H15: NO | I15: ='SAF 011'!F18 -> FRASCO | J15: ='SAF 011'!H18 -> 1328 | K15: ='SAF 011'!#REF! -> #REF! | M15: =+J15*K15 -> #REF!
A16: 5 | C16: ='SAF 011'!E19 -> ANTI-AB MONOCLONAL- FRASCO 10 ML TIPO WIENER | H16: NO | I16: ='SAF 011'!F19 -> FRASCO | J16: ='SAF 011'!H19 -> 888 | K16: ='SAF 011'!#REF! -> #REF! | M16: =+J16*K16 -> #REF!
A17: 6 | C17: ='SAF 011'!E21 -> ANTID (RHO) MONOCLONAL FRASCO X 10 ML Tipo WIENER | H17: NO | I17: ='SAF 011'!F21 -> FRASCO | J17: ='SAF 011'!H21 -> 2512 | K17: ='SAF 011'!#REF! -> #REF! | M17: =+J17*K17 -> #REF!
A18: 7 | C18: ='SAF 011'!E22 -> ANTIGENO FEBRIL BRUCELLA (HUDDLESON) 1X5 ML Tipo WIENER | H18: NO | I18: ='SAF 011'!F22 -> BOLSA | J18: ='SAF 011'!H22 -> 1795 | K18: ='SAF 011'!#REF! -> #REF! | M18: =+J18*K18 -> #REF!
A19: 8 | C19: ='SAF 011'!E36 -> Biozima chagas recombinante x 192 Determinaciones. Tipo Wiener | H19: NO | I19: ='SAF 011'!F36 -> CAJA | J19: ='SAF 011'!H36 -> 11502.26 | K19: ='SAF 011'!#REF! -> #REF! | M19: =+J19*K19 -> #REF!
A20: 9 | C20: ='SAF 011'!E37 -> Biozima chagas x 192 Determinaciones. Tipo Wiener | H20: NO | I20: ='SAF 011'!F37 -> CAJA | J20: ='SAF 011'!H37 -> 10577.85 | K20: ='SAF 011'!#REF! -> #REF! | M20: =+J20*K20 -> #REF!
A21: 10 | C21: ='SAF 011'!E38 -> Buffer Tipo Wiener | H21: NO | I21: ='SAF 011'!F38 -> CAJA | J21: ='SAF 011'!H38 -> 8300 | K21: ='SAF 011'!#REF! -> #REF! | M21: =+J21*K21 -> #REF!
A22: 11 | C22: ='SAF 011'!E44 -> Celdas de Reaccion Tipo Wiener | H22: NO | I22: ='SAF 011'!F44 -> CAJA | J22: ='SAF 011'!H44 -> 11685 | K22: ='SAF 011'!#REF! -> #REF! | M22: =+J22*K22 -> #REF!
A23: 12 | C23: ='SAF 011'!E49 -> Chagatest Elisa Lisado 96 determinaciones Tipo WIENER | H23: NO | I23: ='SAF 011'!F49 -> EQUIPO | J23: ='SAF 011'!H49 -> 12000 | K23: ='SAF 011'!#REF! -> #REF! | M23: =+J23*K23 -> #REF!
A24: 13 | C24: ='SAF 011'!E50 -> CHAGATEST ELISA RECOMBINANTE (V 4.0) 96 DET Tipo WIENER | H24: NO | I24: ='SAF 011'!F50 -> UNIDAD | J24: ='SAF 011'!H50 -> 17121 | K24: ='SAF 011'!#REF! -> #REF! | M24: =+J24*K24 -> #REF!
A25: 14 | C25: ='SAF 011'!E55 -> CMV CITOMEGALOVIRUS IGM METODO ELISA 96 DET. TIPO WIENER | H25: NO | I25: ='SAF 011'!F55 -> UNIDAD | J25: ='SAF 011'!H55 -> 19749 | K25: ='SAF 011'!#REF! -> #REF! | M25: =+J25*K25 -> #REF!
A26: 15 | C26: ='SAF 011'!E68 -> Equipo para la deteccion de Anti Hb Core, por metodo de Elisa en microplacas en equipos de 96 det. Monolisa HBc Plus - Tipo Biorad | H26: NO | I26: ='SAF 011'!F68 -> CAJA | J26: ='SAF 011'!H68 -> 20160 | K26: ='SAF 011'!#REF! -> #REF! | M26: =+J26*K26 -> #REF!
A27: 16 | C27: ='SAF 011'!E69 -> Equipos Covidar IGG x 192 deterermibaciones tipo Lemos | H27: NO | I27: ='SAF 011'!F69 -> CAJA | J27: ='SAF 011'!H69 -> 19743.57 | K27: ='SAF 011'!#REF! -> #REF! | M27: =+J27*K27 -> #REF!
A28: 17 | C28: ='SAF 011'!E70 -> Equipos por metodo de Elisa para la deteccion simultanea anticuerpos y antigenos de virus de Hepatitis C por Elisa en microplaca recubierta con anticuerpos monoclonales anti caspide de HCV con antigenos reconvinantes de la region NS3 genotipos 1 y 3º y de la region no estructural NS4 y un peptido mutado de la region de la caspide del Virus HCV. En equipos de 96 det. Por metodologia EIA en microplacas con provision de reactivos, calibradores,materias descartable, buffers, liquido de lavado, y todo insumo necesario para suprocesamiento Monolisa HCV Ag- Ab Ultra v.2 - Tipo Biorad | H28: NO | I28: ='SAF 011'!F70 -> CAJA | J28: ='SAF 011'!H70 -> 36300 | K28: ='SAF 011'!#REF! -> #REF! | M28: =+J28*K28 -> #REF!
A29: 18 | C29: ='SAF 011'!E83 -> HEPATITIS B ELISA HBSAG 96 DET Tipo WIENER | H29: NO | I29: ='SAF 011'!F83 -> CAJA | J29: ='SAF 011'!H83 -> 22109 | K29: ='SAF 011'!#REF! -> #REF! | M29: =+J29*K29 -> #REF!
A30: 19 | C30: ='SAF 011'!E84 -> HEPATITIS C HCV ELISA 3º GEN. 96 DET. - TIPO WIENER | H30: NO | I30: ='SAF 011'!F84 -> UNIDAD | J30: ='SAF 011'!H84 -> 39806 | K30: ='SAF 011'!#REF! -> #REF! | M30: =+J30*K30 -> #REF!
A31: 20 | C31: ='SAF 011'!E85 -> HIV ELISA AG/AC 4° GENERACION -96 DET- TIPO WIENER | H31: NO | I31: ='SAF 011'!F85 -> Unidad | J31: ='SAF 011'!H85 -> 23147 | K31: ='SAF 011'!#REF! -> #REF! | M31: =+J31*K31 -> #REF!
A32: 21 | C32: ='SAF 011'!E86 -> HTLV 1 Y 2 ELISA-96DET. - TIPO WIENER | H32: NO | I32: ='SAF 011'!F86 -> UNIDAD | J32: ='SAF 011'!H86 -> 25747 | K32: ='SAF 011'!#REF! -> #REF! | M32: =+J32*K32 -> #REF!
A33: 22 | C33: ='SAF 011'!E87 -> HVC REACTIVO x 100 det - TIPO WIENER | H33: NO | I33: ='SAF 011'!F87 -> UNIDAD | J33: ='SAF 011'!H87 -> 50545 | K33: ='SAF 011'!#REF! -> #REF! | M33: =+J33*K33 -> #REF!
A34: 23 | C34: ='SAF 011'!E93 -> KIT PLASMAFERESIS TIPO GRIFOLS | H34: NO | I34: ='SAF 011'!F93 -> UNIDAD | J34: ='SAF 011'!H93 -> 35090 | K34: ='SAF 011'!#REF! -> #REF! | M34: =+J34*K34 -> #REF!
A35: 24 | C35: ='SAF 011'!E94 -> KITS PARA PLAQUETOFERESIS CON FILTRO TIPO GRIFOLS | H35: NO | I35: ='SAF 011'!F94 -> UNIDAD | J35: ='SAF 011'!H94 -> 35695 | K35: ='SAF 011'!#REF! -> #REF! | M35: =+J35*K35 -> #REF!
A36: 25 | C36: ='SAF 011'!E103 -> PANEL IDENTISERA DIANA TIPO GRIFOLS | H36: NO | I36: ='SAF 011'!F103 -> UNIDAD | J36: ='SAF 011'!H103 -> 29160 | K36: ='SAF 011'!#REF! -> #REF! | M36: =+J36*K36 -> #REF!
A37: 26 | C37: ='SAF 011'!E104 -> PANEL SARASCAN DIANA 2 TIPO GRIFOLS | H37: NO | I37: ='SAF 011'!F104 -> UNIDAD | J37: ='SAF 011'!H104 -> 22500 | K37: ='SAF 011'!#REF! -> #REF! | M37: =+J37*K37 -> #REF!
A38: 27 | C38: ='SAF 011'!E105 -> PANEL SERIGRUP A1/B TIPO GRIFOLS | H38: NO | I38: ='SAF 011'!F105 -> UNIDAD | J38: ='SAF 011'!H105 -> 15588 | K38: ='SAF 011'!#REF! -> #REF! | M38: =+J38*K38 -> #REF!
A39: 28 | C39: ='SAF 011'!E106 -> PANEL SERO cyte 0,8% TIPO GRIFOLS | H39: NO | I39: ='SAF 011'!F106 -> UNIDAD | J39: ='SAF 011'!H106 -> 16500 | K39: ='SAF 011'!#REF! -> #REF! | M39: =+J39*K39 -> #REF!
A40: 29 | C40: ='SAF 011'!E109 -> Pre-trigger Tipo Abott | H40: NO | I40: ='SAF 011'!F109 -> CAJA | J40: ='SAF 011'!H109 -> 16980 | K40: ='SAF 011'!#REF! -> #REF! | M40: =+J40*K40 -> #REF!
A41: 30 | C41: ='SAF 011'!E118 -> SARS- COV-2 Igm Control Tipo Abott | H41: NO | I41: ='SAF 011'!F118 -> CAJA | J41: ='SAF 011'!H118 -> 17788 | K41: ='SAF 011'!#REF! -> #REF! | M41: =+J41*K41 -> #REF!
A42: 31 | C42: ='SAF 011'!E119 -> SARS-COV-2 IgG Reactivo x 100 det Tipo Abott | H42: NO | I42: ='SAF 011'!F119 -> CAJA | J42: ='SAF 011'!H119 -> 64700 | K42: ='SAF 011'!#REF! -> #REF! | M42: =+J42*K42 -> #REF!
A43: 32 | C43: ='SAF 011'!E120 -> SARS-COV-2 IgM Calibrador Tipo Abott | H43: NO | I43: ='SAF 011'!F120 -> CAJA | J43: ='SAF 011'!H120 -> 12540 | K43: ='SAF 011'!#REF! -> #REF! | M43: =+J43*K43 -> #REF!
A44: 33 | C44: ='SAF 011'!E121 -> SENSOR GLUCOSA-LACTATO COBAS B 221 TIPO ROCHE | H44: NO | I44: ='SAF 011'!F121 -> UNIDAD | J44: ='SAF 011'!H121 -> 16709 | K44: ='SAF 011'!#REF! -> #REF! | M44: =+J44*K44 -> #REF!
A45: 34 | C45: ='SAF 011'!E122 -> SET DE SUSTRATOS II X 1000 DET Tipo TOSOH | H45: NO | I45: ='SAF 011'!F122 -> CAJA | J45: ='SAF 011'!H122 -> 19487 | K45: ='SAF 011'!#REF! -> #REF! | M45: =+J45*K45 -> #REF!
A46: 35 | C46: ='SAF 011'!E123 -> solucion ACD X 500 ML ( ANTICOAGULANTE PARA EQUIPO DE AFERESIS) TIPO GRIFOLS | H46: NO | I46: ='SAF 011'!F123 -> BOTELLA | J46: ='SAF 011'!H123 -> 4350 | K46: ='SAF 011'!#REF! -> #REF! | M46: =+J46*K46 -> #REF!
A47: 36 | C47: ='SAF 011'!E124 -> SOLUCION DG SOL X 100ML TIPO GRIFOLS | H47: NO | I47: ='SAF 011'!F124 -> BOTELLA | J47: ='SAF 011'!H124 -> 6649.5 | K47: ='SAF 011'!#REF! -> #REF! | M47: =+J47*K47 -> #REF!
A48: 37 | C48: ='SAF 011'!E126 -> SUERO ANTI HUMANO COOMBS TIPO GRIFOLS | H48: NO | I48: ='SAF 011'!F126 -> UNIDAD | J48: ='SAF 011'!H126 -> 1325 | K48: ='SAF 011'!#REF! -> #REF! | M48: =+J48*K48 -> #REF!
A49: 38 | C49: ='SAF 011'!E127 -> TARJETA DE GEL ABO RH 2d TIPO GRIFOLS | H49: NO | I49: ='SAF 011'!F127 -> UNIDAD | J49: ='SAF 011'!H127 -> 665.5 | K49: ='SAF 011'!#REF! -> #REF! | M49: =+J49*K49 -> #REF!
A50: 39 | C50: ='SAF 011'!E128 -> TARJETA DE GEL COOMBS TIPO GRIFOLS | H50: NO | I50: ='SAF 011'!F128 -> UNIDAD | J50: ='SAF 011'!H128 -> 871.2 | K50: ='SAF 011'!#REF! -> #REF! | M50: =+J50*K50 -> #REF!
A51: 40 | C51: ='SAF 011'!E129 -> TARJETA DE GEL PHENO TIPO GRIFOLS | H51: NO | I51: ='SAF 011'!F129 -> UNIDAD | J51: ='SAF 011'!H129 -> 954 | K51: ='SAF 011'!#REF! -> #REF! | M51: =+J51*K51 -> #REF!
A52: 41 | C52: ='SAF 011'!E132 -> TOXO HAI 96 DET. - TIPO WIENER | H52: NO | I52: ='SAF 011'!F132 -> UNIDAD | J52: ='SAF 011'!H132 -> 16645 | K52: ='SAF 011'!#REF! -> #REF! | M52: =+J52*K52 -> #REF!
A53: 42 | C53: ='SAF 011'!E133 -> Trigger Tipo Abott | H53: NO | I53: ='SAF 011'!F133 -> CAJA | J53: ='SAF 011'!H133 -> 7395 | K53: ='SAF 011'!#REF! -> #REF! | M53: =+J53*K53 -> #REF!
A54: 43 | C54: ='SAF 011'!E141 -> VDRL TEST-250 DET. Tipo Abott | H54: NO | I54: ='SAF 011'!F141 -> UNIDAD | J54: ='SAF 011'!H141 -> 1633 | K54: ='SAF 011'!#REF! -> #REF! | M54: =+J54*K54 -> #REF!
A56: Costo total estimado: TRECE MILLONES OCHOCIENTOS TREINTA Y UN MIL CUATROCIENTOS TREINTA Y UNO CON 16/100.- | J56: =+M56 -> #REF! | M56: =SUM(M12:M55) -> #REF!

Sheet APG BANCO DE SANGRE
A1: EJERCICIO: | D1: 2022 | P1: AUTORIZACION PARA GASTAR
A4: JURISDICCIÓN: | G4: ='NP BANCO DE SANGRE'!D3 -> 040 - MINISTERIO DE SALUD
A5: SAF: | G5: ='NP BANCO DE SANGRE'!D4 -> 011 - DIRECCION PROVINCIAL DE ADMINISTRACION - MINISTERIO DE SALUD
A6: UNIDAD EJECUTORA: | G6: ='NP BANCO DE SANGRE'!D5 -> DIRECCION PROVINCIAL BANCO DE SANGRE
A7: DEPENDENCIA SOLICITANTE: | G7: ='NP BANCO DE SANGRE'!D6 -> DIRECCION PROVINCIAL BANCO DE SANGRE
A8: AUTORIZACIÓN:
A9: Señor Director de Administración o Titular del Servicio Administrativo Financiero:
A10: Autorizo la realización de los trámites correspondientes, a fin de proveer a este Organismo los bienes/servicios que se detallan en Nota de Pedido N° 04/2022 afectando la erogación resultante a los créditos presupuestarios aprobados a favor de esta Unidad Ejecutora, conforme al siguiente detalle:
A12: IMPUTACIÓN PRESUPUESTARIA
A13: CÓDIGO | O13: DENOMINACIÓN DE LA PARTIDA PRESUPUESTARIA | Q13: IMPORTE
A14: PR | B14: SB | C14: PY | D14: AC | E14: OB | F14: UG | G14: FIN | H14: FUN | I14: I | J14: P | K14: P | L14: SubP | M14: M | N14: FF
A15: 27 | D15: 1 | F15: 4901 | G15: 3 | H15: 1 | I15: 2 | J15: 5 | K15: 1 | M15: 1 | N15: 1.1 | O15: COMPUESTOS QUIMICOS | Q15: ='NP BANCO DE SANGRE'!M56 -> #REF!
A38: TOTAL DE PESOS: TRECE MILLONES OCHOCIENTOS TREINTA Y UN MIL CUATROCIENTOS TREINTA Y UNO CON 16/100.- | Q38: =SUM(Q15:Q37) -> #REF!
A40: JUSTIFICACIÓN:
A41: ='NP BANCO DE SANGRE'!D8 -> ADQUISICION DEL RUBRO REACTIVOS PARA LABORATORIO

Sheet NP CUR
A1: NOTA DE PEDIDO | J1: N° | K1: 02/2022
A3: JURISDICCIÓN: | D3: ='SAF 011'!C4 -> 040 - MINISTERIO DE SALUD
A4: SAF: | D4: ='SAF 011'!C5 -> 011 - DIRECCION PROVINCIAL DE ADMINISTRACION - MINISTERIO DE SALUD
A5: UNIDAD EJECUTORA: | D5: DIRECCION PROVINCIAL CENTRO UNICO DE REFERENCIA
A6: DEPENDENCIA SOLICITANTE: | D6: DIRECCION PROVINCIAL CENTRO UNICO DE REFERENCIA
A7: PERIODO UTILIZACIÓN: | D7: 1° TRIMESTRE 2022
A8: OBJETO: | D8: ADQUISICION DEL RUBRO REACTIVOS PARA LABORATORIO
A10: Ítem | B10: Codigo Item | C10: DESCRIPCIÓN | H10: Adjunta Detalle Técnico | I10: Unidad Medida | J10: Precio Unitario Estimado | K10: Cantidad Solicitada
C12: ='SAF 011'!E12 -> AGUA BIDESTILADA X 5 LITROS | H12: NO | I12: ='SAF 011'!F12 -> BIDON | J12: ='SAF 011'!H12 -> 574 | K12: ='SAF 011'!#REF! -> #REF! | M12: =+J12*K12 -> #REF!
C13: ='SAF 011'!E24 -> ARC ANTI HBC II RGT X 100 DET. | H13: NO | I13: ='SAF 011'!F24 -> KIT | J13: ='SAF 011'!H24 -> 40425 | K13: ='SAF 011'!#REF! -> #REF! | M13: =+J13*K13 -> #REF!
C14: ='SAF 011'!E25 -> ARC ANTI HCV RGT X 100 DET. | H14: NO | I14: ='SAF 011'!F25 -> KIT | J14: ='SAF 011'!H25 -> 71500 | K14: ='SAF 011'!#REF! -> #REF! | M14: =+J14*K14 -> #REF!
C15: ='SAF 011'!E26 -> ARC BUFFER CONCENTRADO x 4 lts | H15: NO | I15: ='SAF 011'!F26 -> BIDON | J15: ='SAF 011'!H26 -> 13810 | K15: ='SAF 011'!#REF! -> #REF! | M15: =+J15*K15 -> #REF!
C16: ='SAF 011'!E27 -> ARC CELDAS DE REACCION | H16: NO | I16: ='SAF 011'!F27 -> CAJA | J16: ='SAF 011'!H27 -> 28000 | K16: ='SAF 011'!#REF! -> #REF! | M16: =+J16*K16 -> #REF!
C17: ='SAF 011'!E28 -> ARC CMV M RGT X 100 | H17: NO | I17: ='SAF 011'!F28 -> KIT | J17: ='SAF 011'!H28 -> 103000 | K17: ='SAF 011'!#REF! -> #REF! | M17: =+J17*K17 -> #REF!
C18: ='SAF 011'!E29 -> ARC HBSAG RGT X 100 DET. | H18: NO | I18: ='SAF 011'!F29 -> KIT | J18: ='SAF 011'!H29 -> 26710 | K18: ='SAF 011'!#REF! -> #REF! | M18: =+J18*K18 -> #REF!
C19: ='SAF 011'!E30 -> ARC HIV COMBO RGT X 100 DET. | H19: NO | I19: ='SAF 011'!F30 -> KIT | J19: ='SAF 011'!H30 -> 46450 | K19: ='SAF 011'!#REF! -> #REF! | M19: =+J19*K19 -> #REF!
C20: ='SAF 011'!E31 -> ARC PRE TRIGGER x 4 lts | H20: NO | I20: ='SAF 011'!F31 -> BIDON | J20: ='SAF 011'!H31 -> 28050 | K20: ='SAF 011'!#REF! -> #REF! | M20: =+J20*K20 -> #REF!
C21: ='SAF 011'!E32 -> ARC SIFILIS RGT X 100 | H21: NO | I21: ='SAF 011'!F32 -> KIT | J21: ='SAF 011'!H32 -> 38400 | K21: ='SAF 011'!#REF! -> #REF! | M21: =+J21*K21 -> #REF!
C22: ='SAF 011'!E33 -> ARC TRIGGER x 4 lts | H22: NO | I22: ='SAF 011'!F33 -> BIDON | J22: ='SAF 011'!H33 -> 12100 | K22: ='SAF 011'!#REF! -> #REF! | M22: =+J22*K22 -> #REF!
A24: Costo total estimado: OCHOCIENTOS CINCUENTA Y CUATRO MIL TRESCIENTOS CUARENTA CON 00/100.- | J24: =+M24 -> #REF! | M24: =SUM(M12:M23) -> #REF!

Sheet APG CUR
A1: EJERCICIO: | D1: 2022 | P1: AUTORIZACION PARA GASTAR
A4: JURISDICCIÓN: | G4: ='NP CUR'!D3 -> 040 - MINISTERIO DE SALUD
A5: SAF: | G5: ='NP CUR'!D4 -> 011 - DIRECCION PROVINCIAL DE ADMINISTRACION - MINISTERIO DE SALUD
A6: UNIDAD EJECUTORA: | G6: ='NP CUR'!D5 -> DIRECCION PROVINCIAL CENTRO UNICO DE REFERENCIA
A7: DEPENDENCIA SOLICITANTE: | G7: ='NP CUR'!D6 -> DIRECCION PROVINCIAL CENTRO UNICO DE REFERENCIA
A8: AUTORIZACIÓN:
A9: Señor Director de Administración o Titular del Servicio Administrativo Financiero:
A10: Autorizo la realización de los trámites correspondientes, a fin de proveer a este Organismo los bienes/servicios que se detallan en Nota de Pedido N° 02/2022 afectando la erogación resultante a los créditos presupuestarios aprobados a favor de esta Unidad Ejecutora, conforme al siguiente detalle:
A12: IMPUTACIÓN PRESUPUESTARIA
A13: CÓDIGO | O13: DENOMINACIÓN DE LA PARTIDA PRESUPUESTARIA | Q13: IMPORTE
A14: PR | B14: SB | C14: PY | D14: AC | E14: OB | F14: UG | G14: FIN | H14: FUN | I14: I | J14: P | K14: P | L14: SubP | M14: M | N14: FF
A15: 35 | D15: 2 | F15: 4901 | G15: 3 | H15: 1 | I15: 2 | J15: 5 | K15: 1 | M15: 1 | N15: 1.1 | O15: COMPUESTOS QUIMICOS | Q15: ='NP CUR'!M24 -> #REF!
A38: TOTAL DE PESOS: OCHOCIENTOS CINCUENTA Y CUATRO MIL TRESCIENTOS CUARENTA CON 00/100.- | Q38: =SUM(Q15:Q37) -> #REF!
A40: JUSTIFICACIÓN:
A41: ='NP CUR'!D8 -> ADQUISICION DEL RUBRO REACTIVOS PARA LABORATORIO

Sheet NP VECTORES
A1: NOTA DE PEDIDO | J1: N° | K1: 01/2022
A3: JURISDICCIÓN: | D3: ='SAF 011'!C4 -> 040 - MINISTERIO DE SALUD
A4: SAF: | D4: ='SAF 011'!C5 -> 011 - DIRECCION PROVINCIAL DE ADMINISTRACION - MINISTERIO DE SALUD
A5: UNIDAD EJECUTORA: | D5: DIRECCION DE CONTROL DE VECTORES Y ZOONOSIS
A6: DEPENDENCIA SOLICITANTE: | D6: DIRECCION DE CONTROL DE VECTORES Y ZOONOSIS
A7: PERIODO UTILIZACIÓN: | D7: 1° TRIMESTRE 2022
A8: OBJETO: | D8: ADQUISICION DEL RUBRO REACTIVOS PARA LABORATORIO
A10: Ítem | B10: Codigo Item | C10: DESCRIPCIÓN | H10: Adjunta Detalle Técnico | I10: Unidad Medida | J10: Precio Unitario Estimado | K10: Cantidad Solicitada
A12: 1 | C12: ='SAF 011'!E49 -> Chagatest Elisa Lisado 96 determinaciones Tipo WIENER | H12: NO | I12: ='SAF 011'!F49 -> EQUIPO | J12: ='SAF 011'!H49 -> 12000 | K12: ='SAF 011'!#REF! -> #REF! | M12: =+J12*K12 -> #REF!
A13: 2 | C13: ='SAF 011'!E51 -> CHAGATEST HAI 5 TITULOS 96 DET Tipo WIENER | H13: NO | I13: ='SAF 011'!F51 -> UNIDAD | J13: ='SAF 011'!H51 -> 16429 | K13: ='SAF 011'!#REF! -> #REF! | M13: =+J13*K13 -> #REF!
A14: 3 | C14: ='SAF 011'!E145 -> WL CHECK CHAGAS - 25 CASSETTES - TIPO WIENER | H14: NO | I14: ='SAF 011'!F145 -> EQUIPO | J14: ='SAF 011'!H145 -> 10000 | K14: ='SAF 011'!#REF! -> #REF! | M14: =+J14*K14 -> #REF!
A16: Costo total estimado: SEISCIENTOS VEINTISEIS MIL CUATROCIENTOS TREINTA Y CINCO CON 00/100.- | J16: =+M16 -> #REF! | M16: =SUM(M12:M15) -> #REF!

Sheet APG VECTORES
A1: EJERCICIO: | D1: 2022 | P1: AUTORIZACION PARA GASTAR
A4: JURISDICCIÓN: | G4: ='NP VECTORES'!D3 -> 040 - MINISTERIO DE SALUD
A5: SAF: | G5: ='NP VECTORES'!D4 -> 011 - DIRECCION PROVINCIAL DE ADMINISTRACION - MINISTERIO DE SALUD
A6: UNIDAD EJECUTORA: | G6: ='NP VECTORES'!D5 -> DIRECCION DE CONTROL DE VECTORES Y ZOONOSIS
A7: DEPENDENCIA SOLICITANTE: | G7: ='NP VECTORES'!D6 -> DIRECCION DE CONTROL DE VECTORES Y ZOONOSIS
A8: AUTORIZACIÓN:
A9: Señor Director de Administración o Titular del Servicio Administrativo Financiero:
A10: Autorizo la realización de los trámites correspondientes, a fin de proveer a este Organismo los bienes/servicios que se detallan en Nota de Pedido N° 01/2022 afectando la erogación resultante a los créditos presupuestarios aprobados a favor de esta Unidad Ejecutora, conforme al siguiente detalle:
A12: IMPUTACIÓN PRESUPUESTARIA
A13: CÓDIGO | O13: DENOMINACIÓN DE LA PARTIDA PRESUPUESTARIA | Q13: IMPORTE
A14: PR | B14: SB | C14: PY | D14: AC | E14: OB | F14: UG | G14: FIN | H14: FUN | I14: I | J14: P | K14: P | L14: SubP | M14: M | N14: FF
A15: 23 | D15: 1 | F15: 4901 | G15: 3 | H15: 1 | I15: 2 | J15: 5 | K15: 1 | M15: 1 | N15: 1.1 | O15: COMPUESTOS QUIMICOS | Q15: ='NP VECTORES'!M16 -> #REF!
A38: TOTAL DE PESOS: SEISCIENTOS VEINTISEIS MIL CUATROCIENTOS TREINTA Y CINCO CON 00/100.- | Q38: =SUM(Q15:Q37) -> #REF!
A40: JUSTIFICACIÓN:
A41: ='NP VECTORES'!D8 -> ADQUISICION DEL RUBRO REACTIVOS PARA LABORATORIO
