Workbook

Sheet SAF 011
A1: 2022
B2: Pedido de Necesidades Trimestrales
A4: JURISDICCION: | C4: 040 - MINISTERIO DE SALUD
A5: SAF N°: | C5: 011 - DIRECCION PROVINCIAL DE ADMINISTRACION - MINISTERIO DE SALUD
A6: EJERCICIO: | C6: 2022
A7: TRIMESTRE: | C7: CUARTO
A9: ID | B9: CODIGO ITEM | C9: RUBRO DE COMPRA | D9: I.P.P. | E9: DESCRIPCION | F9: UNIDAD DE MEDIDA | G9: SECRETARIA DE ADMINISTRACION | H9: TOTAL S.A. | I9: SMPyPS | J9: TOTAL SMPyPS | K9: DIR. LAB. CENTRAL | L9: TOTAL DE LAB CENTRAL | M9: BCO DE SANGRE | N9: TOTAL BANCO DE SANGRE | O9: APS | P9: TOTAL A.P.S. | Q9: DIR DE CANCER | R9: TOTAL DE DIR DE CANCER | S9: FARMACIA | T9: TOTAL FARMACIA | U9: ODONTOLOGIA | V9: TOTAL DE ODONTOLOG | W9: SAME | X9: TOTAL SAME | Y9: UAI | Z9: TOTAL UAI | AA9: MATERNIDAD E INFANCIA | AB9: TOTAL MATERNIDAD E INFANCIA | AC9: SASP | AD9: TOTAL SASP | AE9: SALUD Y MEDIO AMBIENTE | AF9: TOTAL SALUD Y MEDIO AMBIENTE | AG9: VECTORES Y ZOONOSIS | AH9: TOTAL DE VECT Y ZOON | AI9: DISCAPACIDAD | AJ9: TOTAL DISCAPACIDAD | AK9: REG Y CONTROL EN SALUD | AL9: TOTAL REG Y CONTROL EN SALUD | AM9: SPyGS | AN9: TOTAL SPyGS | AO9: SALUD MENTAL | AP9: TOTAL SALUD MENTAL | AQ9: AREAS Y DPAS | AR9: TOTAL DPAS | AS9: EPIDEMIOLOGIA | AT9: TOTAL EPIDEMIOLOGIA | AU9: MS | AV9: TOTAL MS | AW9: SIRM | AX9: TOTAL SIRM | AY9: CANTIDAD TOTAL | AZ9: PRECIO UNITARIO ESTIMADO | BA9: IMPORTE TOTAL ESTIMADO | BB9: ESPECIFICACION TECNICA
A10: 1 | B10: 2.5.6-793.31 | C10: COMBUSTIBLES Y LUBRICANTES | D10: 2.5.6 | E10: GAS OIL; PRESENTACION: POR LITRO, USO: MOTORES DIESEL,COMERCIALIZACION: GRADO 3, DESTINO: DPTO. S.F.V. DE CATAMARCA | F10: LITROS | G10: 700 | I10: 0 | J10: =+I10*AZ10 -> 0 | M10: 0 | N10: =+M10*AZ10 -> 0 | O10: 250 | P10: =+O10*AZ10 -> 59300 | R10: =+Q10*AZ10 -> 0 | U10: 0 | V10: =+U10*AZ10 -> 0 | W10: 21000 | X10: =+W10*AZ10 -> 4981200 | AA10: 0 | AB10: =+AA10*AZ10 -> 0 | AC10: 16000 | AD10: =+AC10*AZ10 -> 3795200 | AE10: 1500 | AF10: =+AE10*AZ10 -> 355800 | AG10: 700 | AH10: =+AG10*AZ10 -> 166040 | AI10: 550 | AJ10: =+AI10*AZ10 -> 130460 | AL10: =+AK10*AZ10 -> 0 | AM10: 0 | AN10: =+AM10*AZ10 -> 0 | AO10: 0 | AP10: =+AO10*AZ10 -> 0 | AQ10: 31500 | AR10: =+AQ10*AZ10 -> 7471800 | AS10: 0 | AT10: =+AS10*AZ10 -> 0 | AU10: 1700 | AV10: =+AU10*AZ10 -> 403240 | AW10: 11000 | AX10: =+AW10*AZ10 -> 2609200 | AY10: =+AQ10+AO10+AM10+AK10+AI10+AG10+AE10+AC10+AA10+Y10+W10+U10+S10+Q10+O10+M10+K10+I10+AS10+G10+AU10+AW10 -> 84900 | AZ10: 237.2 | BA10: =+AY10*AZ10 -> 20138280 | BB10: Se Entregarán Fraccionado bajo la forma de vales de 30 Lts. cada uno y cuando la cantidad adjudicada no permita la confección de dicho vale, para completar se emitirá uno por una cantidad menor hasta completar la cantidad solicitada
E11: TOTAL RUBRO COMBUSTIBLES | P11: =+O11*AZ11 -> 0 | BA11: =+SUM(BA10:BA10) -> 20138280
C14: ITEM 1
C15: DETALLE TECNICO Y ESPECIFICACIONES | D15: Se Entregarán Fraccionado bajo la forma de vales de 30 Lts. cada uno y cuando la cantidad adjudicada no permita la confección de dicho vale, para completar se emitirá uno por una cantidad menor hasta completar la cantidad solicitada
C17: SE ADJUNTA ANEXO CON LOS DOMINIOS Y MATRICULA DE LOS VEHICULOS PARA LOS QUE SE SOLICITA EL COMBUSTIBLE
C19: Plazos de entrega | D19: cinco (5) dias habiles
C21: Lugar de Entrega: | D21: SECRETARIA DE ADMINISTRACION - MS - CHACABUCO N° 169 - en el horario de 8:00hs a 12:00hs de lunes a viernes
C23: Calidad Minima esperada
C25: Mantenimiento | D25: cuarenta y cinco (45) días

Sheet ANEXO
A1: ANEXO VEHICULOS MINISTERIO DE SALUD
B3: Vehiculo | C3: Dominio | D3: Nº de Motor | E3: Nº de Chasis | F3: Año | G3: USO
A4: 1 | B4: Fiat Ducato Maxi Carga Multijet JTD Furgon. Ambulancia.- | C4: NUB-239 | D4: 7166186 | E4: 93W245G74D2109186 | F4: 2014 | G4: AMBULANCIA
A5: 2 | B5: Fiat Ducato Maxi Carga Multijet JTD Furgon. Ambulancia.- | C5: NWM-372 | D5: 7167174 | E5: 93W245G74D2109552 | F5: 2014 | G5: AMBULANCIA
A6: 3 | B6: Fiat Ducato Maxi Carga Multijet JTD Furgon. Ambulancia.- | C6: NYF-582 | D6: 7188314 | E6: 93W245G74E2121568 | F6: 2014 | G6: AMBULANCIA
A7: 4 | B7: Fiat Ducato Maxi Carga Multijet JTD Furgon. Ambulancia.- | C7: AA-658-GZ | D7: 72497599 | E7: 93W245G84H2161256 | F7: 2017 | G7: AMBULANCIA
A8: 5 | B8: Fiat Ducato Maxi Carga Multijet. Ambulancia.- | C8: AA-702-NG | D8: 72497500 | E8: 93W245G82H2160424 | F8: 2017 | G8: AMBULANCIA
A9: 6 | B9: Fiat Ducato Maxi Carga Multijet JTD Furgon. Ambulancia.- | C9: MPH-712 | D9: 7155140 | E9: 93W245G84D2102211 | F9: 2013 | G9: AMBULANCIA
A10: 7 | B10: Fiat Ducato Maxi Carga Multijet JTD Furgon. Ambulancia.- | C10: AB-518-CS | D10: 7257521 | E10: 93W245G84H2165048 | F10: 2017 | G10: AMBULANCIA
A11: 8 | B11: Fiat Ducato Maxi Carga Multijet JTD Furgon. Ambulancia.- | C11: AB-518-CT | D11: 7257618 | E11: 93W245G84H2165113 | F11: 2017 | G11: AMBULANCIA
A12: 9 | B12: Renault Master L2H2 AA. Amubulancia.- | C12: AD-993-OD | D12: M9TB870C260128 | E12: 93YMAFESCKJ625829 | F12: 2019 | G12: AMBULANCIA
A13: 10 | B13: Renault Master L2H2 AA. Amubulancia.- | C13: AD-993-OC | D13: M9TB870C260095 | E13: 93YMAFESCKJ625788 | F13: 2019 | G13: AMBULANCIA
A14: 11 | B14: Ford Transit 2,2 TDCI. Furgon. Ambulancia.- | C14: LYY-038 | D14: WF0XXPTTFCTC58018 | E14: CYRCCTC58018 | F14: 2013 | G14: AMBULANCIA
A15: 12 | B15: Ford Transit 2,2 L 125 T350 TA C/AA. Furgon Larga. Neonatal. Ambuancia.- | C15: MNW-260 | D15: CYRCDTS07184 | E15: WFOXXPTTFDTS07184 | F15: 2013 | G15: AMBULANCIA
A16: 13 | B16: Mercedez Benz Sprinter 313, combi 3550 9+1. Combi.- | C16: HQV-791 | D16: 61198170090932 | E16: 8AC9036629E010749 | F16: 2008 | G16: OFICIAL
A17: 14 | B17: Frod Ranger XL 3,0 TDI DC 4x4 Plus L. Camioneta.- | C17: JRJ-105 | D17: L1A008818 | E17: 8AFER13P48J398152 | F17: 2011 | G17: transp.combustible
A18: 15 | B18: Mercedez Benz 1114 Camion.- | C18: K-0022935 | D18: 37290710141314 | E18: 38400712097854 | F18: 1993 | G18: OFICIAL
A19: 16 | B19: Tanqueta Grosspal, chasis EGT2895,.- | C19: 101-JRJ105 | G19: transp.combustible
A20: 17 | B20: Ford Ranger DC 4X4 L 2.2L. Camioneta.- | C20: AD-398-KY | D20: QJ2RKJ113446 | E20: 8AFAR23KXKJ113446 | F20: 2018 | G20: OFICIAL
A21: 18 | B21: Ford Rnger XL 3,0 TDI D/C 4x4 Plus Camioneta..- | C21: FPU-504 | D21: C34197293 | E21: 8SAFDR13P56J473958 | F21: 2008 | G21: OFICIAL
A22: 19 | B22: Toyota Hilux SW4 4X4 SRX 2,8 TDI 6 M/T 7A. Camioneta.- | C22: AD-125-XM | D22: 1GD-G029980 | E22: 8AJBA3FS8H026028 | F22: 2018 | G22: OFICIAL
A23: 20 | B23: Chevrolet Blazer DLX 2,8 TDI. Camioneta.- | C23: GRL-150 | D23: M1A301900 | E23: 9BG116BJ08C407853 | F23: 2007 | G23: OFICIAL
A24: 21 | B24: Chevrolet Meriva GL 1,7 DTI. Sedan.- | C24: EQN-369 | D24: Y17DT0881965 | E24: 9BGXF75804C217860 | F24: 2006 | G24: OFICIAL
A25: 22 | B25: Iveco Turbo Daily 49,12 Chasis. Furgon.- | C25: GEG-132 | D25: 36214211157 | E25: 93ZC4980168323467 | F25: 2007 | G25: serv.especiales
A26: 23 | B26: Renault Master 2,3 DC I Furgon.- | C26: PIQ-472 | D26: M9TA876C029626 | E26: 93YMAIECATGJ94529 | F26: 2015 | G26: serv.especiales
A27: 24 | B27: TOYOTA HYLUX 4x4 CABINA DOBLE SR3.0 TDI. Camioneta.- | C27: OMA-771 | D27: 1KDA586508 | E27: 8AJFZZ263F5027841 | F27: 2015 | G27: OFICIAL
A28: 25 | B28: Ford Ranger 3,0 TDI SC 4x2 Plus. Camioneta- | C28: INA-475 | D28: D56285125 | E28: 8AFDR12P4AJ285846 | F28: 2009 | G28: OFICIAL
A29: 26 | B29: Chevrolet S10 2,8 TDI 4x2 D/C DLX EL. Camioneta.- | C29: FSI-818 | D29: M1T253871 | E29: 9BG138AC06C417378 | F29: 2005 | G29: OFICIAL
A30: 27 | B30: Crysler RAM laramie 1500 pick up 4x4 doble cabina. Camioneta.- | C30: AD-189-SN | D30: TNXE6209711768 | E30: 3C6RRBET7HG94960 | F30: 2017 | G30: OFICIAL
A31: 28 | B31: Chevrolet S10 2,8 TDI 4x2 D/C DLX EL. Camioneta.- | C31: GAJ-557 | D31: M1T241375 | E31: 9BG138AC06C426943 | F31: 2007 | G31: OFICIAL
A32: 29 | B32: VW Caddy 1,9 SD. Furgon.- | C32: DMQ-710 | D32: 1Y635412 | E32: 8AWZZZ9EZYA520052 | F32: 2000 | G32: OFICIAL
A33: 30 | B33: Ford Rnger XL 3,0 TDI D/C 4x2 Plus. Camioneta.- | C33: GVM-697 | D33: C34243556 | E33: 8AFER13P58J133751 | F33: 2007 | G33: OFICIAL
A34: 31 | B34: Ford Ranger XL T 3,0 TDI D/C 4x4 LIM. Camioneta.- | C34: GVU-547 | D34: C34243362 | E34: 8AFER13P18J133746 | F34: 2007 | G34: OFICIAL
A35: 32 | B35: Ford Ranger XL T 3,0 TDI D/C 4x2 PLUS. Camioneta.- | C35: IPE-911 | D35: D56289530 | E35: 8AFER10P6AJ299531 | F35: 2010 | G35: OFICIAL
A36: 33 | B36: Ford Ranger DC 4x2 XL Plus 3,0 D. Camioneta.- | C36: LCA-236 | D36: L1A029545 | E36: 8AFDR12PXCJ490431 | F36: 2012 | G36: OFICIAL
A37: 34 | B37: Fiat Ducato. Minibus.- | C37: AD-266-ZZ | D37: 7253701 | E37: 93W245G84H2162641 | F37: 2017 | G37: serv.especiales
A38: 35 | B38: Renault trafic. Furgon.- | C38: DNR-926 | D38: FSQJ606C012115 | E38: 8A1T31JZZYL086918 | F38: 1999 | G38: OFICIAL
A39: 36 | B39: Chevrolet S10 2,8 TED 4X2 LS Pick up . Camioneta.- | C39: AC-091-RR | D39: HRUF171781023 | E39: 9BG148CK0JC414811 | F39: 2017 | G39: OFICIAL
A40: 37 | B40: Ford Rnger XL 3,0 TDI D/C 4x2. Camioneta.- | C40: IPE-916 | D40: D56290126 | E40: 8AFER10P7AJ299795 | F40: 2010 | G40: OFICIAL
A41: 38 | B41: Toyota hylux AK-SW4-4x4 SRX 2,8 TDI. Camioneta.- | C41: AD-125-XL | D41: 1GD-4378200 | E41: 8AJBA3FS8J0250098 | F41: 2018 | G41: OFICIAL
A42: 39 | B42: Renault Kangoo 1,5 FDI PH3 confort.- | C42: PIQ-518 | D42: K9KV714D274629 | E42: 8A1FC1E15GL128692 | F42: 2015 | G42: OFICIAL
A43: 40 | B43: Fiat Ducato Maxicargo minibus.- | C43: AD-339-IQ | D43: 7257339 | E43: 93W245G84H2164918 | F43: 2018 | G43: serv.especiales
A44: 41 | B44: Ford Ranger 2,2 TDI DC 4x4 FDI PH3 confort. Camioneta.- | C44: AD-644-GA | D44: QJ2RKJ140722 | E44: 8AFAR23K0KJ40722 | F44: 2019 | G44: OFICIAL
A45: 42 | B45: Fiat Ducato.- | C45: PBP-725 | D45: 7191895 | E45: 93W245G84E2124180 | F45: 2014 | G45: OFICIAL
A46: 43 | B46: M. Benz Sprinter 413D Chasis 4025 | C46: GUV-912 | D46: 61198170071973 | E46: 8AC9046638A980886 | F46: 2008 | G46: OFICIAL
A47: 44 | B47: M. Benz Sprinter.- | C47: GUV-910 | D47: 61198170074409 | E47: 8AC9046638A983668 | F47: 2008 | G47: OFICIAL
A48: 45 | B48: Iveco Daily.- | C48: CFD-686 | D48: 37112506669 | E48: 2CFC497010512985 | F48: 1997 | G48: OFICIAL
A49: 46 | B49: Frod Ranger XL 3,0 TDI DC 4x4 Plus L. Camioneta.- | C49: JRJ-107 | D49: L1A008610 | E49: 8AFER13P6BJ398167 | F49: 2011 | G49: OFICIAL
A50: 47 | B50: Chevrolet S10 2,8 TDI 4x2 D/C Plus. Camioneta.- | C50: FEC-345 | D50: M1T228818 | E50: 9BG138AC05C437482 | F50: 2006 | G50: OFICIAL
A51: 48 | B51: Ford Ranger CS 4x2 XL Plus 2,3 LN. Camioneta.- | C51: LFK-381 | D51: L1A029160 | E51: 8AFER11P9CJ489714 | F51: 2013 | G51: OFICIAL
A52: 49 | B52: Ford Ranger XL T 3,0 TDI D/C 4x2 PLUS. Camioneta.- | C52: INA-464 | D52: D56285406 | E52: 8FDR12P0AJ285844 | F52: 2009 | G52: OFICIAL
A53: 50 | B53: Ford Ranger XL 2,3 DC 4x2 Plus L/10. Camioneta.- | C53: INA-469 | D53: D56284588 | E53: 8AFDR12P5AJ284799 | F53: 2010 | G53: OFICIAL
A54: 51 | B54: Ford Ranger XL T 3,0 TDI D/C 4x2 PLUS L. Camioneta.- | C54: IPE-910 | D54: D56288879 | E54: 8AFER10P6AJ299528 | F54: 2010 | G54: OFICIAL
A55: 52 | B55: Chevrolet S10 2,8 TDI 4x2 D/C Plus cabina doble. Camioneta.- | C55: FHF-893 | D55: M1T227437 | E55: 9BG138AC05C437033 | F55: 2005 | G55: OFICIAL
A56: 53 | B56: Chevrolet S10 2,8 TDI 4x2 D/C Plus cabina doble. Camioneta.- | C56: GUV-911 | D56: M1A299771 | E56: 9GB138AJ08C406146 | F56: 2007 | G56: OFICIAL
A57: 54 | B57: M. Benz K-1318. Camion.- | C57: HND-463 | D57: 904976U0788672 | E57: 9BM6490429B609643 | F57: 2008 | G57: transp.bs
A58: 55 | B58: M. Benz Sprinter 313D Combi 3350 15+.- | C58: HLD-939 | D58: 61198170084869 | E58: AC9036629E000891 | F58: 2006 | G58: serv.especiales
A59: 56 | B59: Chevrolet S10 2,8 TDI 4x2 D/C DLX EL. Camioneta.- | C59: FZN-762 | D59: T253705 | E59: 9BG138AC06C417344 | F59: 2006 | G59: OFICIAL
A60: 57 | B60: Fiat Qubo 1,4 Active.- | C60: OJM-554 | D60: 10FSX16615615 | E60: ZFA225000E6813590 | F60: 2014 | G60: OFICIAL
A61: 58 | B61: Ford Ranger Power DC 4x4 3,0 TDI XL. Camioneta.- | C61: JRJ-097 | D61: L1A008849 | E61: 8AFER13P3BJ398174 | F61: 2010 | G61: OFICIAL
A62: 59 | B62: Chevrolet S10 2,8 TDI STD 4x2 D/C Plus. Camioneta.- | C62: FEG-604 | D62: M1T228932 | E62: 9BG138AC05C437427 | F62: 2005 | G62: OFICIAL
A63: 60 | B63: Renault Kangoo RL 1,6 2PLC.- | C63: FEG-608 | D63: F8QP632UA57905 | E63: 8A1KCOJ156L655989 | F63: 2005 | G63: OFICIAL
A64: 61 | B64: Renault Master - Ambulancia.- | C64: GEU-277 | D64: G9UA724C030714 | E64: 93YADCUE57J787157 | F64: 2007 | G64: AMBULANCIA
A65: 62 | B65: Renault Master- Ambulancia.- | C65: GUV-922 | D65: G9UA724C035587 | E65: 93YADCUE58J896449 | F65: 2008 | G65: AMBULANCIA
A66: 63 | B66: Renault Master-PH3 DCI 120 L1H2 Ambulancia.- | C66: KNI-753 | D66: G9UA754C268409 | E66: 93YADCUE6CJ897389 | F66: 2011 | G66: AMBULANCIA
A67: 64 | B67: Ford F-100 4x2 XL PLUS 3,9 D - Ambulacia.- | C67: ILC-099 | D67: 36071580 | E67: 9EFFF22C99B859146 | F67: 2010 | G67: AMBULANCIA
A68: 65 | B68: Renault Master PH3 DCI 120 L1H2 - Ambulancia.- | C68: LAD-136 | D68: G9UA754C270571 | E68: 93YADCUE6CJ969873 | F68: 2012 | G68: AMBULANCIA
A69: 66 | B69: Mercedez Benz Sprinter Furgon.- | C69: GWJ-779 | D69: 61198170074458 | E69: 8AC90036628A984192 | F69: 2008 | G69: OFICIAL
A70: 67 | B70: Renault Master MASTER PH3 DCI 120 - Ambulancia.- | C70: LAD-135 | D70: G9UA650C244170 | E70: 93YADC1E6J140233 | F70: 2012 | G70: AMBULANCIA
A71: 68 | B71: Chevrolet S-10.- | C71: GWJ-742 | D71: M1A304122 | E71: 9BG124AJ08C11312 | F71: 2008 | G71: OFICIAL
A72: 69 | B72: Chevrolet Zafira.- | C72: HUD-575 | D72: 1N0006130 | E72: 9BGTT75F09C131088 | F72: 2008 | G72: OFICIAL
A73: 70 | B73: Fiat Ducato Amxicargo 2,3 JTD. Ambulancia.- | C73: AA-842-EL | D73: 7250765 | E73: 93W245G84H2160838 | F73: 2016 | G73: AMBULANCIA
A74: 71 | B74: Fiat Ducato Amxicargo 2,3 JTD. Ambulancia.- | C74: AA-842-EI | D74: 7250728 | E74: 93W245G84H2160833 | F74: 2016 | G74: AMBULANCIA
A75: 72 | B75: Toyota Hilux 4x4 c/s DX 2,4 TDI M/T. Ambulancia | C75: AA-793-NE | D75: 2GD-0137533 | E75: 8AJFB8CB5H1550878 | F75: 2017 | G75: AMBULANCIA
A76: 73 | B76: Renault Master- Ambulancia.- | C76: AE-041-BD | D76: M9TB870C262154 | E76: 93YMAFESCLJ213469 | F76: 2020 | G76: AMBULANCIA
A77: 74 | B77: Fiat Ducato Maxi cargo 2,3 JTD Furgon. Ambulancia.- | C77: AA-842-EH | D77: 7250726 | E77: 93W245G84H2160832 | F77: 2016 | G77: AMBULANCIA
A78: 75 | B78: Fiat Ducato Maxi cargo 2,3 JTD Furgon. Ambulancia.- | C78: AA-842-EF | D78: 7250640 | E78: 93W245G84H2160831 | F78: 2016 | G78: AMBULANCIA
A79: 76 | B79: Fiat Ducato 2,3. Ambulancia.- | C79: NSE-229 | D79: 7166125 | E79: 93W245G74D2109008 | F79: 2014 | G79: AMBULANCIA
A80: 77 | B80: Renault Master DCI120. Ambulancia - | C80: GUO-325 | D80: G9UA7240035511 | E80: 93YADCUE58J896313 | F80: 2007 | G80: AMBULANCIA
A81: 78 | B81: Renault Master DCI120 - Ambulancia .- | C81: GJS-713 | D81: G9UA724C030282 | E81: 93YADCUE57J787718 | F81: 2007 | G81: AMBULANCIA
A82: 79 | B82: Fiat iveco Daily. Ambulancia.- | C82: S/P | D82: 37344067044 | E82: 93ZC4980158318123 | F82: 2005 | G82: AMBULANCIA
A83: 80 | B83: Ford Ranger XLC/C 4x4 2,8. Camioneta.- | C83: FYK-918 | D83: B61618215 | E83: 8AFER13FX4J326463 | F83: 2007 | G83: OFICIAL
A84: 81 | B84: Chevrolet S10 2,8 TDI - Camioneta.- | C84: GDD-914 | D84: M1A282868 | E84: 9BG138AJ07C413213 | F84: 2007 | G84: OFICIAL
A85: 82 | B85: Renautl Master 2,5 D - Ambulancia.- | C85: GJC-299 | D85: J9UA724C030522 | E85: 93YADCUE57J787225 | F85: 2007 | G85: AMBULANCIA
A86: 83 | B86: Fiat Ducato Maxi cargo 2,3. Ambulancia | C86: AA-702-MN | D86: 7251288 | E86: 93W245G74H2161118 | F86: 2016 | G86: AMBULANCIA
A87: 84 | B87: Ford Transit 2,2 L 125 T350 TA C/AA - Ambulancia.- | C87: MNW-258 | D87: CYRCDTT22471 | E87: WFOXXPTTFDTT22471 | F87: 2013 | G87: AMBULANCIA
A88: 85 | B88: Chevrolet S10 2,8 T.I- Ambulancia.- | C88: ESH-451 | D88: 40704192268 | E88: 986124AC05C410447 | F88: 2014 | G88: AMBULANCIA
A89: 86 | B89: Chevrolet S10 2,8 TDI SID 4x2 - Ambulancia.- | C89: GDD-918 | D89: M1A282927 | E89: 9BG1384J07C413214 | F89: 2007 | G89: AMBULANCIA
A90: 87 | B90: Renault Master DCI 120- Ambulancia.- | C90: GEU-279 | D90: G9UA724C030527 | E90: 93YADCUE7J787131 | F90: 2007 | G90: AMBULANCIA
A91: 88 | B91: Mercedez Benz Sprinter - Ambulancia.- | C91: DCA-097 | D91: 632999105118976 | E91: 8AC690311YA537340 | F91: 2000 | G91: AMBULANCIA
A92: 89 | B92: Ford Transit Furgon - Ambulancia.- | C92: MNW-259 | D92: CYRCDTT23622 | E92: WF0XXPTTFDTT2362 | F92: 2013 | G92: AMBULANCIA
A93: 90 | B93: Fiat Ducato Maxicargo 2,3 JTD. Ambulancia.- | C93: AA-842-EG | D93: 7250638 | E93: 93W245G84H2160827 | F93: 2016 | G93: AMBULANCIA
A94: 91 | B94: Renault Ambulancia.- | C94: AD-484-QZ | D94: A4MH737Q004131 | E94: 8A18SRD04KL428948 | F94: 2018 | G94: AMBULANCIA
A95: 92 | B95: Renault Ambulancia.- | C95: AD-939-YG | D95: H4MH737Q013096 | E95: 8A18SRD04LL935267 | F95: 2018 | G95: AMBULANCIA
A96: 93 | B96: Fiat Ducato Ambulancia.- | C96: NHW-649 | D96: 7167190 | E96: 93W245G84D2109862 | F96: 2013 | G96: AMBULANCIA
A97: 94 | B97: Toyota Hilux. Ambulancia.- | C97: AA-793-NF | D97: 2GD-0106033 | E97: 8AJFB8CB2H1550532 | F97: 2016 | G97: AMBULANCIA
A98: 95 | B98: Fiat Ducato Ambulancia.- | C98: AA-842-EM | D98: 7250657 | E98: 93W245G84H2160779 | F98: 2016 | G98: AMBULANCIA
A99: 96 | B99: Iveco Daily - Ambulancia, Camion 3,5 Tn Modelo 4912-3300.- | C99: QAC-895 | D99: 37344093481 | E99: 93ZC4980158319325 | F99: 2006 | G99: serv.especiales
A100: 97 | B100: Chevrolet S10 - Ambulancia.- | C100: ESH-452 | D100: 40704192455 | E100: 9BG124AC05C410604 | F100: 2004 | G100: AMBULANCIA
A101: 98 | B101: Master Diesel DCI 120 - Ambulancia.- | C101: GEU-278 | D101: G9UA724C030420 | E101: 93YADCUE57J787245 | F101: 2008 | G101: AMBULANCIA
...

Sheet NP
A1: NOTA DE PEDIDO | J1: N° | K1: XX/2022
A3: JURISDICCIÓN: | D3: ='SAF 011'!C4 -> 040 - MINISTERIO DE SALUD
A4: SAF: | D4: ='SAF 011'!C5 -> 011 - DIRECCION PROVINCIAL DE ADMINISTRACION - MINISTERIO DE SALUD
A5: UNIDAD EJECUTORA: | D5: 352 - MINISTERIO DE SALUD
A6: DEPENDENCIA SOLICITANTE: | D6: 352 - MINISTERIO DE SALUD
A7: PERIODO UTILIZACIÓN: | D7: 4° TRIMESTRE 2022
A8: OBJETO: | D8: ADQ. DEL RUBRO COMBUSTIBLE (GAS OIL) PARA LAS DEPENDENCIAS DEL MINISTERIO DE SALUD
A10: Ítem | B10: Codigo Item | C10: DESCRIPCIÓN | H10: Adjunta Detalle Técnico | I10: Unidad Medida | J10: Precio Unitario Estimado | K10: Cantidad Solicitada
A12: 1 | B12: ='SAF 011'!B10 -> 2.5.6-793.31 | C12: ='SAF 011'!E10 -> GAS OIL; PRESENTACION: POR LITRO, USO: MOTORES DIESEL,COMERCIALIZACION: GRADO 3, DESTINO: DPTO. S.F.V. DE CATAMARCA | H12: SI | I12: ='SAF 011'!F10 -> LITROS | J12: ='SAF 011'!AZ10 -> 237.2 | K12: ='SAF 011'!AY10 -> 84900
A14: Costo total estimado: PESOS VEINTE MILLONES CIENTO TREINTA Y OCHO MIL DOSCIENTOS OCHENTA CON 00/100.- | J14: =+J12*K12 -> 20138280

Sheet APG
A1: EJERCICIO: | D1: 2022 | P1: AUTORIZACION PARA GASTAR
A4: JURISDICCIÓN: | G4: =NP!D3 -> 040 - MINISTERIO DE SALUD
A5: SAF: | G5: =NP!D4 -> 011 - DIRECCION PROVINCIAL DE ADMINISTRACION - MINISTERIO DE SALUD
A6: UNIDAD EJECUTORA: | G6: =NP!D5 -> 352 - MINISTERIO DE SALUD
A7: DEPENDENCIA SOLICITANTE: | G7: =NP!D6 -> 352 - MINISTERIO DE SALUD
A8: AUTORIZACIÓN:
A9: Señor Director de Administración o Titular del Servicio Administrativo Financiero:
A10: Autorizo la realización de los trámites correspondientes, a fin de proveer a este Organismo los bienes que se detallan en Nota de Pedido N° XX/2022 , afectando la erogación resultante a los créditos presupuestarios aprobados a favor de esta Unidad Ejecutora, conforme al siguiente detalle:
A12: IMPUTACIÓN PRESUPUESTARIA
A13: CÓDIGO | O13: DENOMINACIÓN DE LA PARTIDA PRESUPUESTARIA | Q13: IMPORTE
A14: PR | B14: SB | C14: PY | D14: AC | E14: OB | F14: UG | G14: FIN | H14: FUN | I14: I | J14: P | K14: P | L14: SubP | M14: M | N14: FF
A15: 1 | D15: 1 | F15: 4901 | G15: 3 | H15: 1 | I15: 2 | J15: 5 | K15: 6 | M15: 1 | N15: 1.1 | O15: COMBUSTIBLES Y LUBRICANTES | Q15: =NP!J14 -> 20138280
A38: TOTAL DE PESOS: VEINTIUN MILLONES NOVECIENTOS NOVENTA Y NUEVE MIL DOSCIENTOS VEINTIDOS CON 00/100.- | Q38: =SUM(Q15:Q37) -> 20138280
A40: JUSTIFICACIÓN:
A41: =NP!D8 -> ADQ. DEL RUBRO COMBUSTIBLE (GAS OIL) PARA LAS DEPENDENCIAS DEL MINISTERIO DE SALUD
