Workbook

Sheet Necesidades Trimestrales
B2: Pedido de Necesidades Trimestrales
A4: JURISDICCION: | C4: 95 - Ministerio de Cultura, Turismo y Deporte.-
A5: SAF N°: | C5: 18 - Secretaria de Administracion y Recursos Humanos.-
A6: EJERCICIO: | C6: 2022
A7: TRIMESTRE: | C7: 2° Trimestre
A10: ID | B10: CODIGO ITEM | C10: RUBRO DE COMPRA | D10: I.P.P. | E10: DESCRIPCION | F10: UNIDAD DE MEDIDA | G10: CANTIDAD | H10: PRECIO UNITARIO ESTIMADO | I10: IMPORTE TOTAL ESTIMADO
A11: 1 | B11: 4.3.8-2023.14 | C11: HERRAMIENTAS | D11: 4.3.8 | E11: BORDEADORAS DE CESPED; TIPO: DESMALEZADORA, CAPACIDAD: 1,2 L., ACCESORIO: ARNÉS DOBLE PROFESIONAL | F11: UNIDAD | G11: 20 | H11: 39000 | I11: =G11*H11 -> 780000
I15: =SUM(I11:I14) -> 780000
B17: Especificidades Item N° 1:
B19: Descripción técnica:
C20: Motor: minimo 2 tiempos, refrigerado por aire; Potencia - Cilindrada: desde 2,4 HP - 52 CC.; Velocidad: desde 6.500 r.p.m.; Tanque combustible: como minimo 1,2 Lts.; Eje: recto - Pistón: cromado; Ancho corte tanza hasta: 420 mm.; Ancho corte cuchilla hasta: 230 mm.; Nivel de presión sonora: desde 114 dB(A) LWA.; Arnés: como minimo Doble - profesional; Peso: desde 8,4 Kg.-
B21: Plazo y Lugar de entrega:
C22: El plazo de entrega no podrá ser superior a los Siete (07) días hábiles a partir de la fecha de recepción de la respectiva Orden de Compra. La entrega de dichos bienes se realizará en la Secretaría de Administracion y Recursos Humanos del Ministerio de Cultura, Turismo y Deporte, sito en Avda. Mexico S/N° - Predio Ferial Catamarca, en la ciudad de San Fernando del Valle de Catamarca de 8:00hs. a 13:00hs. debiendo correr los gastos de fletes, acarreo, carga, descarga y seguro a cargo del adjudicatario. Se presentará Remito que deberá cumplimentar lo dispuesto por la R.G. AFIP 1415/03, sin excepción.
B23: Calidad Minima esperada:
C24: NUEVO SIN USO
B25: Mantenimiento:
C26: CUARENTA Y CINCO (45) días hábiles.-
B27: Garantia:
C28: 2 AÑOS COMO MINIMO

Sheet Nota Pedido
A1: NOTA DE PEDIDO | J1: N° | K1: 016/2022
A3: JURISDICCIÓN: | D3: ='Necesidades Trimestrales'!C4 -> 95 - Ministerio de Cultura, Turismo y Deporte.-
A4: SAF: | D4: ='Necesidades Trimestrales'!C5 -> 18 - Secretaria de Administracion y Recursos Humanos.-
A5: UNIDAD EJECUTORA: | D5: Ministerio de Cultura, Turismo y Deporte
A6: DEPENDENCIA SOLICITANTE: | D6: Ministerio de Cultura, Turismo y Deporte
A7: PERIODO UTILIZACIÓN: | D7: ='Necesidades Trimestrales'!C7 & " - Año " & 'Necesidades Trimestrales'!C6 -> 2° Trimestre - Año 2022
A8: OBJETO: | D8: Adquisición de desmalezadoras para el Ministerio de Cultura, Turismo y Deporte.-
A10: Ítem | B10: Codigo Item | C10: DESCRIPCIÓN | H10: Adjunta Detalle Técnico | I10: Unidad Medida | J10: Cantidad Solicitada | K10: Precio Unitario Estimado
A12: ='Necesidades Trimestrales'!A11 -> 1 | B12: ='Necesidades Trimestrales'!B11 -> 4.3.8-2023.14 | C12: ='Necesidades Trimestrales'!E11 -> BORDEADORAS DE CESPED; TIPO: DESMALEZADORA, CAPACIDAD: 1,2 L., ACCESORIO: ARNÉS DOBLE PROFESIONAL | H12: SI | I12: ='Necesidades Trimestrales'!F11 -> UNIDAD | J12: =+'Necesidades Trimestrales'!G11 -> 20 | K12: =+'Necesidades Trimestrales'!H11 -> 39000
A14: Costo total estimado: | C14: SETECIENTOS OCHENTA MIL CON 00/100 CENTAVOS.- | J14: =+J12*K12 -> 780000

Sheet APG
A1: EJERCICIO: | D1: ='Necesidades Trimestrales'!C6 -> 2022 | P1: AUTORIZACION PARA GASTAR
A4: JURISDICCIÓN: | G4: ='Nota Pedido'!D3 -> 95 - Ministerio de Cultura, Turismo y Deporte.-
A5: SAF: | G5: ='Nota Pedido'!D4 -> 18 - Secretaria de Administracion y Recursos Humanos.-
A6: UNIDAD EJECUTORA: | G6: ='Nota Pedido'!D5 -> Ministerio de Cultura, Turismo y Deporte
A7: DEPENDENCIA SOLICITANTE: | G7: ='Nota Pedido'!D6 -> Ministerio de Cultura, Turismo y Deporte
A8: AUTORIZACIÓN:
A9: Señor Jefe de Servicio Administrativo Financiero:
A10: ="Autorizo la realización de los trámites correspondientes, a fin de proveer a este Organismo los bienes y/o servicios que se detallan en Nota de Pedido N° "&'Nota Pedido'!K1&", afectando la erogación resultante a los créditos presupuestarios aprobados a favor de esta Unidad Ejecutora, conforme al siguiente detalle:" -> Autorizo la realización de los trámites correspondientes, a fin de proveer a este Organismo los bienes y/o servicios que se detallan en Nota de Pedido N° 016/2022, afectando la erogación resultante a los créditos presupuestarios aprobados a favor de esta Unidad Ejecutora, conforme al siguiente detalle:
A12: IMPUTACIÓN PRESUPUESTARIA
A13: CÓDIGO | O13: DENOMINACIÓN DE LA PARTIDA PRESUPUESTARIA | Q13: IMPORTE
A14: PR | B14: SB | C14: PY | D14: AC | E14: OB | F14: UG | G14: FIN | H14: FUN | I14: I | J14: P | K14: P | L14: SubP | M14: M | N14: FF
A15: 36 | B15: 0 | C15: 0 | D15: 1 | E15: 0 | F15: 4901 | G15: 3 | H15: 4 | I15: 4 | J15: 3 | K15: 8 | L15: 0 | M15: 1 | N15: 1.1 | O15: Herramientas y Repuestos Mayores.- | Q15: ='Nota Pedido'!J14 -> 780000
A19: ="TOTAL DE PESOS: " & 'Nota Pedido'!C14 -> TOTAL DE PESOS: SETECIENTOS OCHENTA MIL CON 00/100 CENTAVOS.- | Q19: =SUM(Q15:Q18) -> 780000
A21: JUSTIFICACIÓN:
A22: ='Nota Pedido'!D8 -> Adquisición de desmalezadoras para el Ministerio de Cultura, Turismo y Deporte.-
