Workbook

Sheet Autor Gastar
A1: EJERCICIO: | D1: 2020 | P1: AUTORIZACION PARA GASTAR
A4: JURISDICCIÓN: | G4: 70 - MINISTERIO DE CIENCIA E INNOVACION TECNOLOGICA
A5: SAF: | G5: 20 - MINISTERIO DE CIENCIA E INNOVACION TECNOLOGICA
A6: UNIDAD EJECUTORA: | G6: MINISTERIO DE CIENCIA E INNOVACION TECNOLOGICA
A7: DEPENDENCIA SOLICITANTE: | G7: DIRECCION PROVINCIAL DE GESTION ADMINISTRATVA
A8: AUTORIZACIÓN:
A9: Señor Director de Administración o Titular del Servicio Administrativo Financiero:
A10: Autorizo la realización de los trámites correspondientes, a fin de proveer a este Organismo los bienes, servicios o ejecución de obras públicas que se detallan en Nota de Pedido N° 031/20 , conforme al siguiente detalle:
A12: IMPUTACIÓN PRESUPUESTARIA
A13: CÓDIGO | O13: DENOMINACIÓN DE LA PARTIDA PRESUPUESTARIA | Q13: IMPORTE
A14: PR | B14: SB | C14: PY | D14: AC | E14: OB | F14: UG | G14: FIN | H14: FUN | I14: I | J14: P | K14: P | L14: SubP | M14: M | N14: FF
A15: 15 | B15: 0 | C15: 0 | D15: 1 | E15: 0 | F15: 4901 | G15: 3 | H15: 4 | I15: 2 | J15: 9 | K15: 1 | L15: 0 | M15: 1 | N15: 1.1 | O15: ELEMENTOS DE LIMPIEZA | Q15: 1500033
A33: TOTAL DE PESOS: UN MILLON QUINIENTOS MIL TREINTA Y TRES CON 00/100- | Q33: =SUM(Q15:Q32) -> 1500033
A35: JUSTIFICACIÓN:
A36: La presente erogación tiene por objeto la adquisición de elementos de limpieza para distintas Escuelas Agrotécnicas y dependencias del Ministerio de Ciencia e Innovación Tecnológica, las cuales son de suma necesidad para el desarrollo de sus funciones en un ámbito adecuado e higiénico acorde a la necesidad sanitaria con la que convivimos.

Sheet nota trimestral
B1: Pedido de Necesidades Trimestrales
A3: JURISDICCION: | C3: 70 - MINISTERIO DE CIENCIA E INNOVACION TECNOLOGICA
A4: SAF N°: | C4: 20 - MINISTERIO DE CIENCIA E INNOVACION TECNOLOGICA
A5: EJERCICIO: | C5: 2020
A6: TRIMESTRE: | C6: 4
A8: ID | B8: CODIGO ITEM | C8: RUBRO DE COMPRA | D8: I.P.P. | E8: DESCRIPCION | F8: UNIDAD DE MEDIDA | G8: CANTIDAD | H8: PRECIO UNITARIO ESTIMADO | I8: IMPORTE TOTAL ESTIMADO
A9: 1 | B9: 2.9.1-6951.139 | C9: ELEMENTOS DE LIMPIEZA | D9: =LEFT(B9,5) -> 2.9.1 | E9: LIMPIADORES; TIPO: LIMPIADOR DE PISOS, PRESENTACION: ENVASE X 5 L | F9: UNIDAD | G9: 200 | H9: 400 | I9: =H9*G9 -> 80000
A10: 2 | B10: 2.9.1-6951.27 | C10: ELEMENTOS DE LIMPIEZA | D10: =LEFT(B10,5) -> 2.9.1 | E10: LIMPIADORES; TIPO: LAVANDINA, PRESENTACION: ENVASE X 2 L | F10: UNIDAD | G10: 200 | H10: 200 | I10: =H10*G10 -> 40000
A11: 3 | B11: 2.9.1-6961.38 | C11: ELEMENTOS DE LIMPIEZA | D11: =LEFT(B11,5) -> 2.9.1 | E11: ELEM. P/LIMPIEZA SANITARIOS; TIPO: LAVANDINA EN GEL, PRESENTACION: ENVASE X 5 L | F11: UNIDAD | G11: 200 | H11: 850 | I11: =H11*G11 -> 170000
A12: 4 | B12: 2.9.1-6951.214 | C12: ELEMENTOS DE LIMPIEZA | D12: =LEFT(B12,5) -> 2.9.1 | E12: LIMPIADORES; TIPO: DETERGENTE NEUTRO, PRESENTACION: ENVASE X 5 L | F12: UNIDAD | G12: 200 | H12: 920 | I12: =H12*G12 -> 184000
A13: 5 | B13: 2.9.1-6960.16 | C13: ELEMENTOS DE LIMPIEZA | D13: =LEFT(B13,5) -> 2.9.1 | E13: ELEM. LIMPIEZA P/INDUMENTARIA; TIPO: JABON EN POLVO, PRESENTACION: ENVASE X 5 Kg | F13: UNIDAD | G13: 200 | H13: 1537.5 | I13: =H13*G13 -> 307500
A14: 6 | B14: 2.9.1-1164.1 | C14: ELEMENTOS DE LIMPIEZA | D14: =LEFT(B14,5) -> 2.9.1 | E14: ESPONJAS; MATERIAL: POLIURETANO POLIETER, USO: P/COCINA, ADITAMENTO: FIBRA POLIESTER SUAVE, FORMA: PRISMATICA, LARGO X ANCHO X ESP: 10 X 6 X 3,5 Cm, COLOR: AMARILLO | F14: UNIDAD | G14: 100 | H14: 31.25 | I14: =H14*G14 -> 3125
A15: 7 | B15: 2.9.1-713.12 | C15: ELEMENTOS DE LIMPIEZA | D15: =LEFT(B15,5) -> 2.9.1 | E15: TRAPOS DE PISO; DIMENSION: 50 X 55 Cm, COLOR: GRIS | F15: PAQUETE | G15: 165 | H15: 750 | I15: =H15*G15 -> 123750
A16: 8 | B16: 2.9.1-678.1 | C16: ELEMENTOS DE LIMPIEZA | D16: =LEFT(B16,5) -> 2.9.1 | E16: TRAPOS REJILLA; DIMENSION: 38 X 42 Cm, MATERIAL: PURO ALGODON, COLOR: BLANCO | F16: PAQUETE | G16: 100 | H16: 440 | I16: =H16*G16 -> 44000
A17: 9 | B17: 2.9.1-544.57 | C17: ELEMENTOS DE LIMPIEZA | D17: =LEFT(B17,5) -> 2.9.1 | E17: DESODORANTES DE AMBIENTE; FORMATO: AEROSOL, FRAGANCIA: LAVANDA, PRESENTACION: ENVASE X 360 CM3, LIBRE DE CFC: SI | F17: UNIDAD | G17: 100 | H17: 170 | I17: =H17*G17 -> 17000
A18: 10 | B18: 2.9.1-1083.6 | C18: ELEMENTOS DE LIMPIEZA | D18: =LEFT(B18,5) -> 2.9.1 | E18: ESPONJA DE ACERO; CUERPO: METALICO, PESO: 15 GR, MATERIAL DEL CUERPO: METALICO, MATERIAL: METALICO | F18: PAQUETE | G18: 70 | H18: 423.75 | I18: =H18*G18 -> 29662.5
A19: 11 | B19: 2.9.1-2030.1 | C19: ELEMENTOS DE LIMPIEZA | D19: =LEFT(B19,5) -> 2.9.1 | E19: LANAS DE ACERO; PRESENTACION: PAQUETE, CONTENIDO: MADEJA | F19: PAQUETE | G19: 70 | H19: 81.25 | I19: =H19*G19 -> 5687.5
A20: 12 | B20: 2.9.1-683.17 | C20: ELEMENTOS DE LIMPIEZA | D20: =LEFT(B20,5) -> 2.9.1 | E20: SECADORES DE GOMA; LARGO: 35 Cm | F20: UNIDAD | G20: 50 | H20: 187.5 | I20: =H20*G20 -> 9375
... A30: 22 | B30: 2.9.1-4784.40 | C30: ELEMENTOS DE LIMPIEZA | D30: =LEFT(B30,5) -> 2.9.1 | E30: LIMPIADORES MULTIUSO; TIPO: CREMOSO, PRESENTACION: ENVASE X 750 CM3 | F30: UNIDAD | G30: 100 | H30: 130.25 | I30: =H30*G30 -> 13025
B32: Especificidades Items N° 1 al 22:
B34: Descripción técnica
C35: Items N°7: Trapo de piso de 50 x55 cm por 12 unidades.
C36: Items N°8: Trapo rejilla multiuso de 38 x42 cm por 12 unidades.
C37: Items N°10: Esponjas bollito doradas chico x 15 grs por 10 unidades.
C38: Items N°11: Lana de acero por 10 rollos de 60/70 grs
C39: Items N°13: Escobillon mediano sin cabo por 12 unidades
B45: Plazos y lugares de entrega
C46: El plazo de entrega no podrá ser superior a los diez (10) días hábiles a partir de la fecha de recepción de la respectiva Orden de Compra en el domicilio especial electrónico constituido, en virtud del método de contratación. La entrega de dichos bienes se realizará en el MINISTERIO DE CIENCIA E INNOVACION TECNOLOGICA, sito en Avenida Republica de Venezuela S/N° - CAPE- Pabellón N° 26 San Fernando del Valle de Catamarca. Se presentará Remito que deberá cumplimentar lo dispuesto por la R.G. AFIP 1415/03, sin excepción.
B48: Calidad Minima esperada
B50: Mantenimiento: Treinta(30) dias habiles
B52: Garantia

Sheet nota de pedido
A1: NOTA DE PEDIDO | J1: N° | K1: 031/20
A3: JURISDICCIÓN: | D3: 70 - MINISTERIO DE CIENCIA E INNOVACION TECNOLOGICA
A4: SAF: | D4: 20 - MINISTERIO DE CIENCIA E INNOVACION TECNOLOGICA
A5: UNIDAD EJECUTORA: | D5: MINISTERIO DE CIENCIA E INNOVACION TECNOLOGICA
A6: DEPENDENCIA SOLICITANTE: | D6: DIRECCION PROVINCIAL DE GESTION ADMINISTRATIVA
A7: PERIODO UTILIZACIÓN: | D7: 4 TRIMESTRE 2020
A8: OBJETO: | D8: Adquisición de elementos de limpieza para distintas Escuelas Agrotécnicas y dependencias del Ministerio de Ciencia e Innovación Tecnológica, las cuales son de suma necesidad para el desarrollo de sus funciones en un ámbito adecuado e higiénico acorde a la necesidad sanitaria con la que convivimos.
A10: Ítem | B10: Codigo Item | C10: DESCRIPCIÓN | H10: Adjunta Detalle Técnico | I10: Unidad Medida | J10: Precio Unitario Estimado | K10: Cantidad Solicitada
A12: 1 | B12: ='nota trimestral'!B9 -> 2.9.1-6951.139 | C12: ='nota trimestral'!E9 -> LIMPIADORES; TIPO: LIMPIADOR DE PISOS, PRESENTACION: ENVASE X 5 L | D12: LIMPIADORES; TIPO: LIMPIADOR DE PISOS, PRESENTACION: ENVASE X 5 L | E12: LIMPIADORES; TIPO: LIMPIADOR DE PISOS, PRESENTACION: ENVASE X 5 L | F12: LIMPIADORES; TIPO: LIMPIADOR DE PISOS, PRESENTACION: ENVASE X 5 L | G12: LIMPIADORES; TIPO: LIMPIADOR DE PISOS, PRESENTACION: ENVASE X 5 L | H12: NO | I12: ='nota trimestral'!F9 -> UNIDAD | J12: 400 | K12: 200
A13: 2 | B13: ='nota trimestral'!B10 -> 2.9.1-6951.27 | C13: ='nota trimestral'!E10 -> LIMPIADORES; TIPO: LAVANDINA, PRESENTACION: ENVASE X 2 L | D13: LIMPIADORES; TIPO: LIMPIADOR DE PISOS, PRESENTACION: ENVASE X 5 L | E13: LIMPIADORES; TIPO: LIMPIADOR DE PISOS, PRESENTACION: ENVASE X 5 L | F13: LIMPIADORES; TIPO: LIMPIADOR DE PISOS, PRESENTACION: ENVASE X 5 L | G13: LIMPIADORES; TIPO: LIMPIADOR DE PISOS, PRESENTACION: ENVASE X 5 L | H13: NO | I13: ='nota trimestral'!F10 -> UNIDAD | J13: 200 | K13: 200
A14: 3 | B14: ='nota trimestral'!B11 -> 2.9.1-6961.38 | C14: ='nota trimestral'!E11 -> ELEM. P/LIMPIEZA SANITARIOS; TIPO: LAVANDINA EN GEL, PRESENTACION: ENVASE X 5 L | D14: LIMPIADORES; TIPO: LIMPIADOR DE PISOS, PRESENTACION: ENVASE X 5 L | E14: LIMPIADORES; TIPO: LIMPIADOR DE PISOS, PRESENTACION: ENVASE X 5 L | F14: LIMPIADORES; TIPO: LIMPIADOR DE PISOS, PRESENTACION: ENVASE X 5 L | G14: LIMPIADORES; TIPO: LIMPIADOR DE PISOS, PRESENTACION: ENVASE X 5 L | H14: NO | I14: ='nota trimestral'!F11 -> UNIDAD | J14: 850 | K14: 200
A15: 4 | B15: ='nota trimestral'!B12 -> 2.9.1-6951.214 | C15: ='nota trimestral'!E12 -> LIMPIADORES; TIPO: DETERGENTE NEUTRO, PRESENTACION: ENVASE X 5 L | D15: LIMPIADORES; TIPO: LIMPIADOR DE PISOS, PRESENTACION: ENVASE X 5 L | E15: LIMPIADORES; TIPO: LIMPIADOR DE PISOS, PRESENTACION: ENVASE X 5 L | F15: LIMPIADORES; TIPO: LIMPIADOR DE PISOS, PRESENTACION: ENVASE X 5 L | G15: LIMPIADORES; TIPO: LIMPIADOR DE PISOS, PRESENTACION: ENVASE X 5 L | H15: NO | I15: ='nota trimestral'!F12 -> UNIDAD | J15: 920 | K15: 200
A16: 5 | B16: ='nota trimestral'!B13 -> 2.9.1-6960.16 | C16: ='nota trimestral'!E13 -> ELEM. LIMPIEZA P/INDUMENTARIA; TIPO: JABON EN POLVO, PRESENTACION: ENVASE X 5 Kg | D16: LIMPIADORES; TIPO: LIMPIADOR DE PISOS, PRESENTACION: ENVASE X 5 L | E16: LIMPIADORES; TIPO: LIMPIADOR DE PISOS, PRESENTACION: ENVASE X 5 L | F16: LIMPIADORES; TIPO: LIMPIADOR DE PISOS, PRESENTACION: ENVASE X 5 L | G16: LIMPIADORES; TIPO: LIMPIADOR DE PISOS, PRESENTACION: ENVASE X 5 L | H16: NO | I16: ='nota trimestral'!F13 -> UNIDAD | J16: 1537.5 | K16: 200
A17: 6 | B17: ='nota trimestral'!B14 -> 2.9.1-1164.1 | C17: ='nota trimestral'!E14 -> ESPONJAS; MATERIAL: POLIURETANO POLIETER, USO: P/COCINA, ADITAMENTO: FIBRA POLIESTER SUAVE, FORMA: PRISMATICA, LARGO X ANCHO X ESP: 10 X 6 X 3,5 Cm, COLOR: AMARILLO | D17: LIMPIADORES; TIPO: LIMPIADOR DE PISOS, PRESENTACION: ENVASE X 5 L | E17: LIMPIADORES; TIPO: LIMPIADOR DE PISOS, PRESENTACION: ENVASE X 5 L | F17: LIMPIADORES; TIPO: LIMPIADOR DE PISOS, PRESENTACION: ENVASE X 5 L | G17: LIMPIADORES; TIPO: LIMPIADOR DE PISOS, PRESENTACION: ENVASE X 5 L | H17: NO | I17: ='nota trimestral'!F14 -> UNIDAD | J17: 31.25 | K17: 100
A18: 7 | B18: ='nota trimestral'!B15 -> 2.9.1-713.12 | C18: ='nota trimestral'!E15 -> TRAPOS DE PISO; DIMENSION: 50 X 55 Cm, COLOR: GRIS | D18: LIMPIADORES; TIPO: LIMPIADOR DE PISOS, PRESENTACION: ENVASE X 5 L | E18: LIMPIADORES; TIPO: LIMPIADOR DE PISOS, PRESENTACION: ENVASE X 5 L | F18: LIMPIADORES; TIPO: LIMPIADOR DE PISOS, PRESENTACION: ENVASE X 5 L | G18: LIMPIADORES; TIPO: LIMPIADOR DE PISOS, PRESENTACION: ENVASE X 5 L | H18: SI | I18: ='nota trimestral'!F15 -> PAQUETE | J18: 750 | K18: 165
A19: 8 | B19: ='nota trimestral'!B16 -> 2.9.1-678.1 | C19: ='nota trimestral'!E16 -> TRAPOS REJILLA; DIMENSION: 38 X 42 Cm, MATERIAL: PURO ALGODON, COLOR: BLANCO | D19: LIMPIADORES; TIPO: LIMPIADOR DE PISOS, PRESENTACION: ENVASE X 5 L | E19: LIMPIADORES; TIPO: LIMPIADOR DE PISOS, PRESENTACION: ENVASE X 5 L | F19: LIMPIADORES; TIPO: LIMPIADOR DE PISOS, PRESENTACION: ENVASE X 5 L | G19: LIMPIADORES; TIPO: LIMPIADOR DE PISOS, PRESENTACION: ENVASE X 5 L | H19: SI | I19: ='nota trimestral'!F16 -> PAQUETE | J19: 440 | K19: 100
A20: 9 | B20: ='nota trimestral'!B17 -> 2.9.1-544.57 | C20: ='nota trimestral'!E17 -> DESODORANTES DE AMBIENTE; FORMATO: AEROSOL, FRAGANCIA: LAVANDA, PRESENTACION: ENVASE X 360 CM3, LIBRE DE CFC: SI | D20: LIMPIADORES; TIPO: LIMPIADOR DE PISOS, PRESENTACION: ENVASE X 5 L | E20: LIMPIADORES; TIPO: LIMPIADOR DE PISOS, PRESENTACION: ENVASE X 5 L | F20: LIMPIADORES; TIPO: LIMPIADOR DE PISOS, PRESENTACION: ENVASE X 5 L | G20: LIMPIADORES; TIPO: LIMPIADOR DE PISOS, PRESENTACION: ENVASE X 5 L | H20: NO | I20: ='nota trimestral'!F17 -> UNIDAD | J20: 170 | K20: 100
A21: 10 | B21: ='nota trimestral'!B18 -> 2.9.1-1083.6 | C21: ='nota trimestral'!E18 -> ESPONJA DE ACERO; CUERPO: METALICO, PESO: 15 GR, MATERIAL DEL CUERPO: METALICO, MATERIAL: METALICO | D21: LIMPIADORES; TIPO: LIMPIADOR DE PISOS, PRESENTACION: ENVASE X 5 L | E21: LIMPIADORES; TIPO: LIMPIADOR DE PISOS, PRESENTACION: ENVASE X 5 L | F21: LIMPIADORES; TIPO: LIMPIADOR DE PISOS, PRESENTACION: ENVASE X 5 L | G21: LIMPIADORES; TIPO: LIMPIADOR DE PISOS, PRESENTACION: ENVASE X 5 L | H21: SI | I21: ='nota trimestral'!F18 -> PAQUETE | J21: 423.75 | K21: 70
A22: 11 | B22: ='nota trimestral'!B19 -> 2.9.1-2030.1 | C22: ='nota trimestral'!E19 -> LANAS DE ACERO; PRESENTACION: PAQUETE, CONTENIDO: MADEJA | D22: LIMPIADORES; TIPO: LIMPIADOR DE PISOS, PRESENTACION: ENVASE X 5 L | E22: LIMPIADORES; TIPO: LIMPIADOR DE PISOS, PRESENTACION: ENVASE X 5 L | F22: LIMPIADORES; TIPO: LIMPIADOR DE PISOS, PRESENTACION: ENVASE X 5 L | G22: LIMPIADORES; TIPO: LIMPIADOR DE PISOS, PRESENTACION: ENVASE X 5 L | H22: SI | I22: ='nota trimestral'!F19 -> PAQUETE | J22: 81.25 | K22: 70
A23: 12 | B23: ='nota trimestral'!B20 -> 2.9.1-683.17 | C23: ='nota trimestral'!E20 -> SECADORES DE GOMA; LARGO: 35 Cm | D23: LIMPIADORES; TIPO: LIMPIADOR DE PISOS, PRESENTACION: ENVASE X 5 L | E23: LIMPIADORES; TIPO: LIMPIADOR DE PISOS, PRESENTACION: ENVASE X 5 L | F23: LIMPIADORES; TIPO: LIMPIADOR DE PISOS, PRESENTACION: ENVASE X 5 L | G23: LIMPIADORES; TIPO: LIMPIADOR DE PISOS, PRESENTACION: ENVASE X 5 L | H23: NO | I23: ='nota trimestral'!F20 -> UNIDAD | J23: 187.5 | K23: 50
... A33: 22 | B33: ='nota trimestral'!B30 -> 2.9.1-4784.40 | C33: ='nota trimestral'!E30 -> LIMPIADORES MULTIUSO; TIPO: CREMOSO, PRESENTACION: ENVASE X 750 CM3 | D33: LIMPIADORES; TIPO: LIMPIADOR DE PISOS, PRESENTACION: ENVASE X 5 L | E33: LIMPIADORES; TIPO: LIMPIADOR DE PISOS, PRESENTACION: ENVASE X 5 L | F33: LIMPIADORES; TIPO: LIMPIADOR DE PISOS, PRESENTACION: ENVASE X 5 L | G33: LIMPIADORES; TIPO: LIMPIADOR DE PISOS, PRESENTACION: ENVASE X 5 L | H33: NO | I33: ='nota trimestral'!F30 -> UNIDAD | J33: 130.25 | K33: 100
A34: Costo total estimado: UN MILLON QUINIENTOS MIL TREINTA Y TRES CON 00/100- | J34: =SUMPRODUCT(J12:J33,K12:K33) -> 1500033
