Workbook

Sheet Necesidades Trimestrales
B2: Pedido de Necesidades Trimestrales
A4: JURISDICCION: | C4: 40 - Ministerio de Salud
A5: SAF N°: | C5: 23 - Hospital Interzonal San Juan Bautista
A6: EJERCICIO: | C6: 2021
A7: TRIMESTRE: | C7: 3
A9: ID | B9: CODIGO ITEM | C9: RUBRO DE COMPRA | D9: I.P.P. | E9: DESCRIPCION | F9: UNIDAD DE MEDIDA | G9: CANTIDAD | H9: PRECIO UNITARIO ESTIMADO | I9: IMPORTE TOTAL ESTIMADO
A10: 1 | C10: Ut. Menores med. Quirug. Y de Laborat. | D10: 2.9.5 | E10: 2010 ASSAY CUP | F10: CAJA | G10: 2 | H10: 23309 | I10: =G10*H10 -> 46618
A11: 2 | C11: Ut. Menores med. Quirug. Y de Laborat. | D11: 2.9.5 | E11: 2010 ASSAY TIP | F11: CAJA | G11: 2 | H11: 17318 | I11: =G11*H11 -> 34636
A12: 3 | C12: Ut. Menores med. Quirug. Y de Laborat. | D12: 2.9.5 | E12: CASETTE PARA BIOPSIA KINDER X UNIDAD | F12: BOLSA | G12: 600 | H12: 12 | I12: =G12*H12 -> 7200
A13: 4 | C13: Ut. Menores med. Quirug. Y de Laborat. | D13: 2.9.5 | E13: CLOT CATCHER P COBAS B221 X 250 UNIDADES | F13: CAJA | G13: 20 | H13: 1337 | I13: =G13*H13 -> 26740
A14: 5 | C14: Ut. Menores med. Quirug. Y de Laborat. | D14: 2.9.5 | E14: CONTENEDOR DE RESIDUOS X 2 UND P/COBAS B221 WASTE CONTAINER | F14: CAJA | G14: 2 | H14: 5139 | I14: =G14*H14 -> 10278
A15: 6 | C15: Ut. Menores med. Quirug. Y de Laborat. | D15: 2.9.5 | E15: CUBETAS DE REACCION P/COAGULOMETRO CUATRON X 500 UNIDADES | F15: CAJA | G15: 18 | H15: 9834 | I15: =G15*H15 -> 177012
A16: 7 | C16: Ut. Menores med. Quirug. Y de Laborat. | D16: 2.9.5 | E16: CUBETAS DE REACCION P/COBAS C311 | F16: CAJA | G16: 1 | H16: 124741 | I16: =G16*H16 -> 124741
A17: 8 | C17: Ut. Menores med. Quirug. Y de Laborat. | D17: 2.9.5 | E17: Cubreobjetos de vidrio 18x18 x 100 unidades | F17: CAJAS | G17: 10 | H17: 150 | I17: =G17*H17 -> 1500
A18: 9 | C18: Ut. Menores med. Quirug. Y de Laborat. | D18: 2.9.5 | E18: CUBREOBJETOS DELTALAB 40 X 24 X 100 U | F18: CAJA | G18: 2 | H18: 327 | I18: =G18*H18 -> 654
A19: 10 | C19: Ut. Menores med. Quirug. Y de Laborat. | D19: 2.9.5 | E19: CUBREOBJETOS DELTALAB 50 X 24 X 100 U | F19: CAJA | G19: 5 | H19: 358 | I19: =G19*H19 -> 1790
A20: 11 | C20: Ut. Menores med. Quirug. Y de Laborat. | D20: 2.9.5 | E20: CUBREOBJETOS DELTALAB: 60 X 24 X 100 U | F20: CAJA | G20: 8 | H20: 437 | I20: =G20*H20 -> 3496
A21: 12 | C21: Ut. Menores med. Quirug. Y de Laborat. | D21: 2.9.5 | E21: CUCHILLAS LEICA 819 (LOW PROFILE – MICROTOME BLADES) X 50 U | F21: CAJA | G21: 3 | H21: 20528 | I21: =G21*H21 -> 61584
... A38: 29 | C38: Ut. Menores med. Quirug. Y de Laborat. | D38: 2.9.5 | E38: TUBOS DE KHAN DE VIDRIO 12 X 75 MM | F38: UNIDAD | G38: 2000 | H38: 9.95 | I38: =G38*H38 -> 19900
B41: La totalidad de los insumos debera tener un vencimiento minimo de un año. Las firmas comerciales deberan poseer Habilitación Sanitaria emitida por las autoridades sanitarias provinciales competentes en caso de empresas locales y para empresa no locales Habilitación de transito interjurisdiccional por autoridad sanitaria nacional (ANMAT). Empresas importadoras de productos médicos, disposición del registro de sus productos. Establecimientos elaboradores de productos médicos certificado de Buenas Prácticas de Fabricación (BPF). Como así también toda otra documentación obligatoria en virtud del rubro que se pretende contratar con el Estado Provincial (Rubricado por personal idóneo).
C43: PLAZO Y LUGAR DE ENTREGA: 10 DIAS - SERVICIO DE LABORATORIO DEL HISJB - AVDA. Mariano Moreno e Illia
C44: PLAZO DE MANTENIMIENTO DE OFERTA: 45 DIAS HABILES
B46: Especificidades Item N° 1:
B48: Descripción técnica
B50: Plazos y lugares de entrega
C51: 10 dias - Servicio de Laboratorio Central del HISJB - Avda. illia y Mariano Moreno
B53: Calidad Minima esperada
B55: Mantenimiento
C56: 45 dias habiles
B57: Garantia

Sheet NotaPedido
A1: NOTA DE PEDIDO | J1: N° | K1: 065 - 2021
A3: JURISDICCIÓN: | D3: ='Necesidades Trimestrales'!C4 -> 40 - Ministerio de Salud
A4: SAF: | D4: ='Necesidades Trimestrales'!C5 -> 23 - Hospital Interzonal San Juan Bautista
A5: UNIDAD EJECUTORA: | D5: 168 - Direccion Asistencial
A6: DEPENDENCIA SOLICITANTE: | D6: Servicio de Laboratorio Central
A7: PERIODO UTILIZACIÓN: | D7: ='Necesidades Trimestrales'!C7 & "° Trimestre - Año " & 'Necesidades Trimestrales'!C6 -> 3° Trimestre - Año 2021
A8: OBJETO: | D8: Adquisición de Descartables y Otros
A10: Ítem | B10: Codigo Item | C10: DESCRIPCIÓN | H10: Adjunta Detalle Técnico | I10: Unidad Medida | J10: Precio Unitario Estimado | K10: Cantidad Solicitada
A12: 1 | B12: ='Necesidades Trimestrales'!B10 -> 0 | C12: ='Necesidades Trimestrales'!E10 -> 2010 ASSAY CUP | H12: NO | I12: ='Necesidades Trimestrales'!F10 -> CAJA | J12: ='Necesidades Trimestrales'!H10 -> 23309 | K12: ='Necesidades Trimestrales'!G10 -> 2
A13: 2 | B13: ='Necesidades Trimestrales'!B11 -> 0 | C13: ='Necesidades Trimestrales'!E11 -> 2010 ASSAY TIP | H13: NO | I13: ='Necesidades Trimestrales'!F11 -> CAJA | J13: ='Necesidades Trimestrales'!H11 -> 17318 | K13: ='Necesidades Trimestrales'!G11 -> 2
A14: 3 | B14: ='Necesidades Trimestrales'!B12 -> 0 | C14: ='Necesidades Trimestrales'!E12 -> CASETTE PARA BIOPSIA KINDER X UNIDAD | H14: NO | I14: ='Necesidades Trimestrales'!F12 -> BOLSA | J14: ='Necesidades Trimestrales'!H12 -> 12 | K14: ='Necesidades Trimestrales'!G12 -> 600
A15: 4 | B15: ='Necesidades Trimestrales'!B13 -> 0 | C15: ='Necesidades Trimestrales'!E13 -> CLOT CATCHER P COBAS B221 X 250 UNIDADES | H15: NO | I15: ='Necesidades Trimestrales'!F13 -> CAJA | J15: ='Necesidades Trimestrales'!H13 -> 1337 | K15: ='Necesidades Trimestrales'!G13 -> 20
A16: 5 | B16: ='Necesidades Trimestrales'!B14 -> 0 | C16: ='Necesidades Trimestrales'!E14 -> CONTENEDOR DE RESIDUOS X 2 UND P/COBAS B221 WASTE CONTAINER | H16: NO | I16: ='Necesidades Trimestrales'!F14 -> CAJA | J16: ='Necesidades Trimestrales'!H14 -> 5139 | K16: ='Necesidades Trimestrales'!G14 -> 2
A17: 6 | B17: ='Necesidades Trimestrales'!B15 -> 0 | C17: ='Necesidades Trimestrales'!E15 -> CUBETAS DE REACCION P/COAGULOMETRO CUATRON X 500 UNIDADES | H17: NO | I17: ='Necesidades Trimestrales'!F15 -> CAJA | J17: ='Necesidades Trimestrales'!H15 -> 9834 | K17: ='Necesidades Trimestrales'!G15 -> 18
A18: 7 | B18: ='Necesidades Trimestrales'!B16 -> 0 | C18: ='Necesidades Trimestrales'!E16 -> CUBETAS DE REACCION P/COBAS C311 | H18: NO | I18: ='Necesidades Trimestrales'!F16 -> CAJA | J18: ='Necesidades Trimestrales'!H16 -> 124741 | K18: ='Necesidades Trimestrales'!G16 -> 1
A19: 8 | B19: ='Necesidades Trimestrales'!B17 -> 0 | C19: ='Necesidades Trimestrales'!E17 -> Cubreobjetos de vidrio 18x18 x 100 unidades | H19: NO | I19: ='Necesidades Trimestrales'!F17 -> CAJAS | J19: ='Necesidades Trimestrales'!H17 -> 150 | K19: ='Necesidades Trimestrales'!G17 -> 10
A20: 9 | B20: ='Necesidades Trimestrales'!B18 -> 0 | C20: ='Necesidades Trimestrales'!E18 -> CUBREOBJETOS DELTALAB 40 X 24 X 100 U | H20: NO | I20: ='Necesidades Trimestrales'!F18 -> CAJA | J20: ='Necesidades Trimestrales'!H18 -> 327 | K20: ='Necesidades Trimestrales'!G18 -> 2
A21: 10 | B21: ='Necesidades Trimestrales'!B19 -> 0 | C21: ='Necesidades Trimestrales'!E19 -> CUBREOBJETOS DELTALAB 50 X 24 X 100 U | H21: NO | I21: ='Necesidades Trimestrales'!F19 -> CAJA | J21: ='Necesidades Trimestrales'!H19 -> 358 | K21: ='Necesidades Trimestrales'!G19 -> 5
A22: 11 | B22: ='Necesidades Trimestrales'!B20 -> 0 | C22: ='Necesidades Trimestrales'!E20 -> CUBREOBJETOS DELTALAB: 60 X 24 X 100 U | H22: NO | I22: ='Necesidades Trimestrales'!F20 -> CAJA | J22: ='Necesidades Trimestrales'!H20 -> 437 | K22: ='Necesidades Trimestrales'!G20 -> 8
A23: 12 | B23: ='Necesidades Trimestrales'!B21 -> 0 | C23: ='Necesidades Trimestrales'!E21 -> CUCHILLAS LEICA 819 (LOW PROFILE – MICROTOME BLADES) X 50 U | H23: NO | I23: ='Necesidades Trimestrales'!F21 -> CAJA | J23: ='Necesidades Trimestrales'!H21 -> 20528 | K23: ='Necesidades Trimestrales'!G21 -> 3
... A40: 29 | B40: ='Necesidades Trimestrales'!B38 -> 0 | C40: ='Necesidades Trimestrales'!E38 -> TUBOS DE KHAN DE VIDRIO 12 X 75 MM | H40: NO | I40: ='Necesidades Trimestrales'!F38 -> UNIDAD | J40: ='Necesidades Trimestrales'!H38 -> 9.95 | K40: ='Necesidades Trimestrales'!G38 -> 2000
A41: Costo total estimado: PESOS UN MILLON TRESCIENTOS VEINTITRES MIL CUATROCIENTOS CUARENTA Y NUEVE CON 00/100 | J41: =SUMPRODUCT(J12:J40,K12:K40) -> 1323449

Sheet Autor Gastar
A1: EJERCICIO: | D1: ='Necesidades Trimestrales'!C6 -> 2021 | P1: AUTORIZACION PARA GASTAR
A4: JURISDICCIÓN: | G4: =[1]NotaPedido!D3 -> 40 - Ministerio de Salud
A5: SAF: | G5: =[1]NotaPedido!D4 -> 23 - Hospital Interzonal San Juan Bautista
A6: UNIDAD EJECUTORA: | G6: =[1]NotaPedido!D5 -> 168 - Direccion Asistencial
A7: DEPENDENCIA SOLICITANTE: | G7: =[1]NotaPedido!D6 -> Servicio de Laboratorio Central
A8: AUTORIZACIÓN:
A9: Señor Jefe de Servicio Administrativo Financiero:
A10: ="Autorizo la realización de los trámites correspondientes, a fin de proveer a este Organismo los bienes y/o servicios que se detallan en Nota de Pedido N° " & [1]NotaPedido!K1&", afectando la erogación resultante a los créditos presupuestarios aprobados a favor de esta Unidad Ejecutora, conforme al siguiente detalle:" -> Autorizo la realización de los trámites correspondientes, a fin de proveer a este Organismo los bienes y/o servicios que se detallan en Nota de Pedido N° 065 - 2021, afectando la erogación resultante a los créditos presupuestarios aprobados a favor de esta Unidad Ejecutora, conforme al siguiente detalle:
A12: IMPUTACIÓN PRESUPUESTARIA
A13: CÓDIGO | O13: DENOMINACIÓN DE LA PARTIDA PRESUPUESTARIA | Q13: IMPORTE
A14: PR | B14: SB | C14: PY | D14: AC | E14: OB | F14: UG | G14: FIN | H14: FUN | I14: I | J14: P | K14: P | L14: SubP | M14: M | N14: FF
A15: 33 | D15: 2 | F15: 4901 | G15: 3 | H15: 3.1 | I15: 2 | J15: 3 | K15: 4 | M15: 1 | N15: 1.1 | O15: Productos de Papel y Cartón | Q15: 44360
A16: 33 | D16: 2 | F16: 4901 | G16: 3 | H16: 3.1 | I16: 2 | J16: 9 | K16: 5 | M16: 1 | N16: 1.1 | O16: Utiles Menores Med. Quir. y de Lab. | Q16: =Q23-Q15 -> 1279089
A23: TOTAL DE PESOS: UN MILLON TRESCIENTOS VEINTITRES MIL CUATROCIENTOS CUARENTA Y NUEVE CON 00/100.--- | Q23: 1323449
A25: JUSTIFICACIÓN:
A26: ="Para la "& [1]NotaPedido!D8 &" para ser destinados al " & [1]NotaPedido!D6 &" del HISJB del Ministerio de Salud." -> Para la Adquisición de Descartables y Otros para ser destinados al Servicio de Laboratorio Central del HISJB del Ministerio de Salud.
