Workbook

Sheet SAF 011
A1: 2022
B2: Pedido de Necesidades Trimestrales
A4: JURISDICCION: | C4: 040 - MINISTERIO DE SALUD
A5: SAF N°: | C5: 011 - DIRECCION PROVINCIAL DE ADMINISTRACION - MINISTERIO DE SALUD
A6: EJERCICIO: | C6: 2022
A7: TRIMESTRE: | C7: PRIMERO
A9: ID | B9: CODIGO ITEM | C9: RUBRO DE COMPRA | D9: I.P.P. | E9: DESCRIPCION | F9: UNIDAD DE MEDIDA | G9: CANTIDAD TOTAL | H9: PRECIO UNITARIO ESTIMADO | I9: IMPORTE TOTAL ESTIMADO | J9: ESPECIFICACION TECNICA
A10: 1 | B10: 2.9.5-470.13 | C10: PROD. MEDICO/FARMACEUTICOS/LAB | D10: 2.9.5 | E10: ALGODONES; TIPO: HIDROFILADO, CAPACIDAD: 500 GR, PRESENTACION: ENVASE X 500 GR | F10: UNIDAD | G10: 6 | H10: 378.24 | I10: =G10*H10 -> 2269.44
A11: 2 | B11: 2.9.5-287.3 | C11: PROD. MEDICO/FARMACEUTICOS/LAB | D11: 2.9.5 | E11: AMPOLLAS P/DECANTACION; CAPACIDAD: 1000 mL | F11: UNIDAD | G11: 1 | H11: 8292 | I11: =G11*H11 -> 8292
A12: 3 | B12: 2.9.5-5703.8 | C12: PROD. MEDICO/FARMACEUTICOS/LAB | D12: 2.9.5 | E12: ANSA; PRESENTACION: ENVASE X 20 UN, TIPO: CALIBRADA | F12: caja | G12: 1 | H12: 1507.2 | I12: =G12*H12 -> 1507.2
A13: 4 | B13: 2.9.5-5703.9 | C13: PROD. MEDICO/FARMACEUTICOS/LAB | D13: 2.9.5 | E13: ANSA; PRESENTACION: ENVASE X 20 UN, TIPO: PUNTA RECTA | F13: caja | G13: 1 | H13: 1231.18 | I13: =G13*H13 -> 1231.18
A14: 5 | B14: 2.9.5-5703.15 | C14: PROD. MEDICO/FARMACEUTICOS/LAB | D14: 2.9.5 | E14: ANSA; PRESENTACION: UNIDAD, TIPO: PLASTICA DESCARTABLE | F14: UNIDAD | G14: 200 | H14: 12 | I14: =G14*H14 -> 2400
A15: 6 | B15: 2.9.5-2505.16 | C15: PROD. MEDICO/FARMACEUTICOS/LAB | D15: 2.9.5 | E15: BOLSAS COLECTORAS; TIPO: ESTERIL, USO: MUESTREO, CAPACIDAD: 400 mL | F15: UNIDAD | G15: 10 | H15: 4440 | I15: =G15*H15 -> 44400
A16: 7 | B16: 2.9.5-5770.9 | C16: PROD. MEDICO/FARMACEUTICOS/LAB | D16: 2.9.5 | E16: CAPSULAS DE PORCELANA; USO: P/CALCINACION, CAPACIDAD: 100 CM3, MEDIDAS: 136-100 mm, DIMENSION: 136-100 mm | F16: UNIDAD | G16: 10 | H16: 762 | I16: =G16*H16 -> 7620
A17: 8 | B17: 2.9.5-5770.10 | C17: PROD. MEDICO/FARMACEUTICOS/LAB | D17: 2.9.5 | E17: CAPSULAS DE PORCELANA; USO: P/LABORATORIO, CAPACIDAD: 75 mL, MEDIDAS: 50 X 44 mm, DIMENSION: 50 X 44 mm | F17: UNIDAD | G17: 10 | H17: 694.32 | I17: =G17*H17 -> 6943.2
A18: 9 | B18: 2.9.5-1908.12 | C18: PROD. MEDICO/FARMACEUTICOS/LAB | D18: 2.9.5 | E18: CEPILLOS P/LABORATORIO; TIPO: LIMPIEZA DE TUBOS, MATERIAL: CERDA, TAMAÑO: 1 Cm | F18: UNIDAD | G18: 10 | H18: 123.86 | I18: =G18*H18 -> 1238.6
A19: 10 | B19: 2.9.5-1908.3 | C19: PROD. MEDICO/FARMACEUTICOS/LAB | D19: 2.9.5 | E19: CEPILLOS P/LABORATORIO; TIPO: LIMPIEZA DE TUBOS, MATERIAL: CERDA, TAMAÑO: CHICO | F19: UNIDAD | G19: 10 | H19: 149.23 | I19: =G19*H19 -> 1492.3
A20: 11 | B20: 2.9.5-1908.2 | C20: PROD. MEDICO/FARMACEUTICOS/LAB | D20: 2.9.5 | E20: CEPILLOS P/LABORATORIO; TIPO: LIMPIEZA DE TUBOS, MATERIAL: CERDA, TAMAÑO: MEDIANO | F20: UNIDAD | G20: 10 | H20: 282.04 | I20: =G20*H20 -> 2820.4
A21: 12 | B21: 2.9.5-1908.40 | C21: PROD. MEDICO/FARMACEUTICOS/LAB | D21: 2.9.5 | E21: CEPILLOS P/LABORATORIO; TIPO: LIMPIEZA ERLENMEYER, MATERIAL: CERDA, TAMAÑO: DIAM. 45 mm | F21: UNIDAD | G21: 5 | H21: 507.96 | I21: =G21*H21 -> 2539.8
... A74: 65 | B74: 2.9.5-2764.7 | C74: PROD. MEDICO/FARMACEUTICOS/LAB | D74: 2.9.5 | E74: VASO DE PRECIPITADO; MATERIAL: VIDRIO, TIPO: GRIFFIN, CAPACIDAD: 50 mL, GRADUADO: SI, GRADUACION: SI | F74: UNIDAD | G74: 10 | H74: 390 | I74: =G74*H74 -> 3900
E75: TOTAL RUBRO UTILES PARA LABORATORIO | I75: =+SUM(I10:I74) -> 603233.82
C77: DETALLE TECNICO Y ESPECIFICACIONES
C79: Plazos de entrega | D79: veinte (20) dias habiles
C81: Lugar de Entrega: | D81: Avenida Enrique Ocampo N° 257, Capital Catamarca. - en el horario de 8:00hs a 12:00hs de lunes a viernes
C83: Calidad Minima esperada
C85: Mantenimiento | D85: cuarenta y cinco (45) días

Sheet NP
A1: NOTA DE PEDIDO | J1: N° | K1: 02/2022
A3: JURISDICCIÓN: | D3: ='SAF 011'!C4 -> 040 - MINISTERIO DE SALUD
A4: SAF: | D4: ='SAF 011'!C5 -> 011 - DIRECCION PROVINCIAL DE ADMINISTRACION - MINISTERIO DE SALUD
A5: UNIDAD EJECUTORA: | D5: DIRECCION PROVINCIAL DE SALUD Y MEDIO AMBIENTE
A6: DEPENDENCIA SOLICITANTE: | D6: DIRECCION PROVINCIAL DE SALUD Y MEDIO AMBIENTE
A7: PERIODO UTILIZACIÓN: | D7: 1° TRIMESTRE 2022
A8: OBJETO: | D8: ADQUISICION DEL RUBRO UTILES DE LABORATORIO
A10: Ítem | B10: Codigo Item | C10: DESCRIPCIÓN | H10: Adjunta Detalle Técnico | I10: Unidad Medida | J10: Precio Unitario Estimado | K10: Cantidad Solicitada
A12: 1 | B12: ='SAF 011'!B10 -> 2.9.5-470.13 | C12: ='SAF 011'!E10 -> ALGODONES; TIPO: HIDROFILADO, CAPACIDAD: 500 GR, PRESENTACION: ENVASE X 500 GR | H12: NO | I12: ='SAF 011'!F10 -> UNIDAD | J12: ='SAF 011'!H10 -> 378.24 | K12: ='SAF 011'!#REF! -> #REF! | M12: =+J12*K12 -> #REF!
A13: 2 | B13: ='SAF 011'!B11 -> 2.9.5-287.3 | C13: ='SAF 011'!E11 -> AMPOLLAS P/DECANTACION; CAPACIDAD: 1000 mL | H13: NO | I13: ='SAF 011'!F11 -> UNIDAD | J13: ='SAF 011'!H11 -> 8292 | K13: ='SAF 011'!#REF! -> #REF! | M13: =+J13*K13 -> #REF!
A14: 3 | B14: ='SAF 011'!B12 -> 2.9.5-5703.8 | C14: ='SAF 011'!E12 -> ANSA; PRESENTACION: ENVASE X 20 UN, TIPO: CALIBRADA | H14: NO | I14: ='SAF 011'!F12 -> caja | J14: ='SAF 011'!H12 -> 1507.2 | K14: ='SAF 011'!#REF! -> #REF! | M14: =+J14*K14 -> #REF!
A15: 4 | B15: ='SAF 011'!B13 -> 2.9.5-5703.9 | C15: ='SAF 011'!E13 -> ANSA; PRESENTACION: ENVASE X 20 UN, TIPO: PUNTA RECTA | H15: NO | I15: ='SAF 011'!F13 -> caja | J15: ='SAF 011'!H13 -> 1231.18 | K15: ='SAF 011'!#REF! -> #REF! | M15: =+J15*K15 -> #REF!
A16: 5 | B16: ='SAF 011'!B14 -> 2.9.5-5703.15 | C16: ='SAF 011'!E14 -> ANSA; PRESENTACION: UNIDAD, TIPO: PLASTICA DESCARTABLE | H16: NO | I16: ='SAF 011'!F14 -> UNIDAD | J16: ='SAF 011'!H14 -> 12 | K16: ='SAF 011'!#REF! -> #REF! | M16: =+J16*K16 -> #REF!
A17: 6 | B17: ='SAF 011'!B15 -> 2.9.5-2505.16 | C17: ='SAF 011'!E15 -> BOLSAS COLECTORAS; TIPO: ESTERIL, USO: MUESTREO, CAPACIDAD: 400 mL | H17: NO | I17: ='SAF 011'!F15 -> UNIDAD | J17: ='SAF 011'!H15 -> 4440 | K17: ='SAF 011'!#REF! -> #REF! | M17: =+J17*K17 -> #REF!
A18: 7 | B18: ='SAF 011'!B16 -> 2.9.5-5770.9 | C18: ='SAF 011'!E16 -> CAPSULAS DE PORCELANA; USO: P/CALCINACION, CAPACIDAD: 100 CM3, MEDIDAS: 136-100 mm, DIMENSION: 136-100 mm | H18: NO | I18: ='SAF 011'!F16 -> UNIDAD | J18: ='SAF 011'!H16 -> 762 | K18: ='SAF 011'!#REF! -> #REF! | M18: =+J18*K18 -> #REF!
A19: 8 | B19: ='SAF 011'!B17 -> 2.9.5-5770.10 | C19: ='SAF 011'!E17 -> CAPSULAS DE PORCELANA; USO: P/LABORATORIO, CAPACIDAD: 75 mL, MEDIDAS: 50 X 44 mm, DIMENSION: 50 X 44 mm | H19: NO | I19: ='SAF 011'!F17 -> UNIDAD | J19: ='SAF 011'!H17 -> 694.32 | K19: ='SAF 011'!#REF! -> #REF! | M19: =+J19*K19 -> #REF!
A20: 9 | B20: ='SAF 011'!B18 -> 2.9.5-1908.12 | C20: ='SAF 011'!E18 -> CEPILLOS P/LABORATORIO; TIPO: LIMPIEZA DE TUBOS, MATERIAL: CERDA, TAMAÑO: 1 Cm | H20: NO | I20: ='SAF 011'!F18 -> UNIDAD | J20: ='SAF 011'!H18 -> 123.86 | K20: ='SAF 011'!#REF! -> #REF! | M20: =+J20*K20 -> #REF!
A21: 10 | B21: ='SAF 011'!B19 -> 2.9.5-1908.3 | C21: ='SAF 011'!E19 -> CEPILLOS P/LABORATORIO; TIPO: LIMPIEZA DE TUBOS, MATERIAL: CERDA, TAMAÑO: CHICO | H21: NO | I21: ='SAF 011'!F19 -> UNIDAD | J21: ='SAF 011'!H19 -> 149.23 | K21: ='SAF 011'!#REF! -> #REF! | M21: =+J21*K21 -> #REF!
A22: 11 | B22: ='SAF 011'!B20 -> 2.9.5-1908.2 | C22: ='SAF 011'!E20 -> CEPILLOS P/LABORATORIO; TIPO: LIMPIEZA DE TUBOS, MATERIAL: CERDA, TAMAÑO: MEDIANO | H22: NO | I22: ='SAF 011'!F20 -> UNIDAD | J22: ='SAF 011'!H20 -> 282.04 | K22: ='SAF 011'!#REF! -> #REF! | M22: =+J22*K22 -> #REF!
A23: 12 | B23: ='SAF 011'!B21 -> 2.9.5-1908.40 | C23: ='SAF 011'!E21 -> CEPILLOS P/LABORATORIO; TIPO: LIMPIEZA ERLENMEYER, MATERIAL: CERDA, TAMAÑO: DIAM. 45 mm | H23: NO | I23: ='SAF 011'!F21 -> UNIDAD | J23: ='SAF 011'!H21 -> 507.96 | K23: ='SAF 011'!#REF! -> #REF! | M23: =+J23*K23 -> #REF!
... A76: 65 | B76: ='SAF 011'!B74 -> 2.9.5-2764.7 | C76: ='SAF 011'!E74 -> VASO DE PRECIPITADO; MATERIAL: VIDRIO, TIPO: GRIFFIN, CAPACIDAD: 50 mL, GRADUADO: SI, GRADUACION: SI | H76: NO | I76: ='SAF 011'!F74 -> UNIDAD | J76: ='SAF 011'!H74 -> 390 | K76: ='SAF 011'!#REF! -> #REF! | M76: =+J76*K76 -> #REF!
A78: Costo total estimado: SEISCIENTOS TRES MIL DOSCIENTOS TREINTA Y TRES CON 82/100.- | J78: =+M78 -> #REF! | M78: =SUM(M12:M77) -> #REF!
M80: =+M78-M72 -> #REF!

Sheet APG
A1: EJERCICIO: | D1: 2022 | P1: AUTORIZACION PARA GASTAR
A4: JURISDICCIÓN: | G4: =NP!D3 -> 040 - MINISTERIO DE SALUD
A5: SAF: | G5: =NP!D4 -> 011 - DIRECCION PROVINCIAL DE ADMINISTRACION - MINISTERIO DE SALUD
A6: UNIDAD EJECUTORA: | G6: =NP!D5 -> DIRECCION PROVINCIAL DE SALUD Y MEDIO AMBIENTE
A7: DEPENDENCIA SOLICITANTE: | G7: =NP!D6 -> DIRECCION PROVINCIAL DE SALUD Y MEDIO AMBIENTE
A8: AUTORIZACIÓN:
A9: Señor Director de Administración o Titular del Servicio Administrativo Financiero:
A10: Autorizo la realización de los trámites correspondientes, a fin de proveer a este Organismo los bienes que se detallan en Nota de Pedido N° 02/2022 afectando la erogación resultante a los créditos presupuestarios aprobados a favor de esta Unidad Ejecutora, conforme al siguiente detalle:
A12: IMPUTACIÓN PRESUPUESTARIA
A13: CÓDIGO | O13: DENOMINACIÓN DE LA PARTIDA PRESUPUESTARIA | Q13: IMPORTE
A14: PR | B14: SB | C14: PY | D14: AC | E14: OB | F14: UG | G14: FIN | H14: FUN | I14: I | J14: P | K14: P | L14: SubP | M14: M | N14: FF
A15: 22 | D15: 1 | F15: 4901 | G15: 2 | H15: 2 | I15: 2 | J15: 9 | K15: 5 | M15: 1 | N15: 1.1 | O15: UTILES MENORES MEDICOS, QUIRURGICOS Y DE LABORATORIO | Q15: =NP!M80 -> #REF!
A16: 22 | D16: 1 | F16: 4901 | G16: 2 | H16: 2 | I16: 2 | J16: 9 | K16: 6 | M16: 1 | N16: 1.1 | O16: REPUESTOS Y ACCESORIOS | Q16: =NP!M72 -> #REF!
A38: TOTAL DE PESOS: SEISCIENTOS TRES MIL DOSCIENTOS TREINTA Y TRES CON 82/100.- | Q38: =SUM(Q15:Q37) -> #REF!
A40: JUSTIFICACIÓN:
A41: =NP!D8 -> ADQUISICION DEL RUBRO UTILES DE LABORATORIO
