Workbook

Sheet SAF 011
A1: 2022
B2: Pedido de Necesidades Trimestrales
A4: JURISDICCION: | C4: 040 - MINISTERIO DE SALUD
A5: SAF N°: | C5: 011 - DIRECCION PROVINCIAL DE ADMINISTRACION - MINISTERIO DE SALUD
A6: EJERCICIO: | C6: 2022
A7: TRIMESTRE: | C7: PRIMERO
A9: ID | B9: CODIGO ITEM | C9: RUBRO DE COMPRA | D9: I.P.P. | E9: DESCRIPCION | F9: UNIDAD DE MEDIDA | G9: SECRETARIA DE ADMINISTRACION | H9: TOTAL S.A. | I9: SMPyPS | J9: TOTAL SMPyPS | K9: DIR. LAB. CENTRAL | L9: TOTAL DE LAB CENTRAL | M9: BCO DE SANGRE | N9: TOTAL BANCO DE SANGRE | O9: APS | P9: TOTAL A.P.S. | Q9: DIR DE CANCER | R9: TOTAL DE DIR DE CANCER | S9: FARMACIA | T9: TOTAL FARMACIA | U9: ODONTOLOGIA | V9: TOTAL DE ODONTOLOG | W9: SAME | X9: TOTAL SAME | Y9: HPTAL MALBRAN | Z9: TOTAL HPTAL MALBRAN | AA9: MATERNIDAD E INFANCIA | AB9: TOTAL MATERNIDAD E INFANCIA | AC9: SASP | AD9: TOTAL SASP | AE9: SALUD Y MEDIO AMBIENTE | AF9: TOTAL SALUD Y MEDIO AMBIENTE | AG9: VECTORES Y ZOONOSIS | AH9: TOTAL DE VECT Y ZOON | AI9: CRONICAS | AJ9: TOTAL CRONICAS | AK9: CUR | AL9: TOTAL CUR | AM9: SPyGS | AN9: TOTAL SPyGS | AO9: SALUD MENTAL | AP9: TOTAL SALUD MENTAL | AQ9: AREAS Y DPAS | AR9: TOTAL DPAS | AS9: EPIDEMIOLOGIA | AT9: TOTAL EPIDEMIOLOGIA | AU9: MS | AV9: TOTAL MS | AW9: CANTIDAD TOTAL | AX9: PRECIO UNITARIO ESTIMADO | AY9: IMPORTE TOTAL ESTIMADO | AZ9: ESPECIFICACION TECNICA
A10: 1 | B10: 2.1.1-478.47 | C10: ALIMENTOS | D10: 2.1.1 | E10: AGUA MINERAL; TIPO: SIN GASIFICAR, PRESENTACION: BIDON X 20 L, MATERIAL ENVASE: POLICARBONATO, TIPO ENVASE: RETORNABLE, ELEM. TRANSPORTE: SIN, MATERIAL ELEM. TRANSPORTE: SIN | F10: BIDON | K10: 48 | L10: =+K10*AX10 -> 19200 | M10: 10 | N10: =+M10*AX10 -> 4000 | O10: 100 | P10: =+O10*AX10 -> 40000 | Q10: 40 | R10: =+Q10*AX10 -> 16000 | U10: 36 | V10: =+U10*AX10 -> 14400 | W10: 30 | X10: =+W10*AX10 -> 12000 | Y10: 500 | Z10: =+Y10*AX10 -> 200000 | AC10: 200 | AD10: =+AC10*AX10 -> 80000 | AE10: 200 | AF10: =+AE10*AX10 -> 80000 | AG10: 100 | AH10: =+AG10*AX10 -> 40000 | AI10: 100 | AJ10: =+AI10*AX10 -> 40000 | AM10: 200 | AN10: =+AM10*AX10 -> 80000 | AO10: 24 | AP10: =+AO10*AX10 -> 9600 | AS10: 36 | AT10: =+AS10*AX10 -> 14400 | AU10: 150 | AV10: =+AU10*AX10 -> 60000 | AW10: =+AQ10+AO10+AM10+AK10+AI10+AG10+AE10+AC10+AA10+Y10+W10+U10+S10+Q10+O10+M10+K10+I10+AS10+G10+AU10 -> 1774 | AX10: 400 | AY10: =+AW10*AX10 -> 709600 | AZ10: - Proveer con los bidones equipo dispensador de agua con opcion de agua caliente y frio. (100 dispenser aprox.) - Indicar marca comercial - Cumplir con los requisitos establecidos por el Código Alimentario Argentino (ley 18.284 modificaciones y reglamentaciones) - Contar con habilitacion bromatologica para este tipo de bienes.
E11: TOTAL RUBRO ALIMENTOS | L11: =+K11*AX11 -> 0 | N11: =+M11*AX11 -> 0 | AY11: =+SUM(AY10:AY10) -> 709600
B13: Descripción técnica Item 1 | C13: - Proveer con los bidones equipo dispensador de agua con opcion de agua caliente y frio. (90 dispenser aprox.)
C14: - Indicar marca comercial
C15: - Cumplir con los requisitos establecidos por el Código Alimentario Argentino (ley 18.284 modificaciones y reglamentaciones) para este tipo de bienes.
C16: - Contar con habilitacion bromatologica
B18: Plazos de entrega: | C18: diez (10) dias habiles
B20: Lugar de Entrega: | C20: SECRETARIA DE AMINISTRACION - CHACABUCO N° 169 - en el horario de 8:00 hs a 12:00 hs de lunes a viernes
B22: Calidad Minima esperada
B24: Mantenimiento: | C24: cuarenta y cinco (45) días

Sheet NP LABORATORIO
A1: NOTA DE PEDIDO | J1: N° | K1: 05/2022
A3: JURISDICCIÓN: | D3: ='SAF 011'!C4 -> 040 - MINISTERIO DE SALUD
A4: SAF: | D4: ='SAF 011'!C5 -> 011 - DIRECCION PROVINCIAL DE ADMINISTRACION - MINISTERIO DE SALUD
A5: UNIDAD EJECUTORA: | D5: SECRETARIA DE ASISTENCIA EN SALUD PUBLICA
A6: DEPENDENCIA SOLICITANTE: | D6: DIRECCION PROVINCIAL DE LABORATORIO
A7: PERIODO UTILIZACIÓN: | D7: 1° TRIMESTRE 2022
A8: OBJETO: | D8: ADQUISICION DEL RUBRO ALIMENTOS PARA PERSONAS (BIDONES DE AGUA)
A10: Ítem | B10: Codigo Item | C10: DESCRIPCIÓN | H10: Adjunta Detalle Técnico | I10: Unidad Medida | J10: Precio Unitario Estimado | K10: Cantidad Solicitada
A12: 1 | B12: ='SAF 011'!B10 -> 2.1.1-478.47 | C12: ='SAF 011'!E10 -> AGUA MINERAL; TIPO: SIN GASIFICAR, PRESENTACION: BIDON X 20 L, MATERIAL ENVASE: POLICARBONATO, TIPO ENVASE: RETORNABLE, ELEM. TRANSPORTE: SIN, MATERIAL ELEM. TRANSPORTE: SIN | H12: SI | I12: ='SAF 011'!F10 -> BIDON | J12: ='SAF 011'!AX10 -> 400 | K12: ='SAF 011'!K10 -> 48 | M12: =+J12*K12 -> 19200
A14: Costo total estimado: DIECINUEVE MIL DOSCIENTOS CON 00/100.- | J14: =+J12*K12 -> 19200

Sheet NP BANCO DE SANGRE
A1: NOTA DE PEDIDO | J1: N° | K1: 06/2022
A3: JURISDICCIÓN: | D3: ='SAF 011'!C4 -> 040 - MINISTERIO DE SALUD
A4: SAF: | D4: ='SAF 011'!C5 -> 011 - DIRECCION PROVINCIAL DE ADMINISTRACION - MINISTERIO DE SALUD
A5: UNIDAD EJECUTORA: | D5: SECRETARIA DE ASISTENCIA EN SALUD PUBLICA
A6: DEPENDENCIA SOLICITANTE: | D6: DIRECCION PROVINCIAL BANCO DE SANGRE
A7: PERIODO UTILIZACIÓN: | D7: 1° TRIMESTRE 2022
A8: OBJETO: | D8: ADQUISICION DEL RUBRO ALIMENTOS PARA PERSONAS (BIDONES DE AGUA)
A10: Ítem | B10: Codigo Item | C10: DESCRIPCIÓN | H10: Adjunta Detalle Técnico | I10: Unidad Medida | J10: Precio Unitario Estimado | K10: Cantidad Solicitada
A12: 1 | B12: ='SAF 011'!B10 -> 2.1.1-478.47 | C12: ='SAF 011'!E10 -> AGUA MINERAL; TIPO: SIN GASIFICAR, PRESENTACION: BIDON X 20 L, MATERIAL ENVASE: POLICARBONATO, TIPO ENVASE: RETORNABLE, ELEM. TRANSPORTE: SIN, MATERIAL ELEM. TRANSPORTE: SIN | H12: SI | I12: ='SAF 011'!F10 -> BIDON | J12: ='SAF 011'!AX10 -> 400 | K12: ='SAF 011'!M10 -> 10 | M12: =+J12*K12 -> 4000
A14: Costo total estimado: CUATRO MIL CON 00/100.- | J14: =+J12*K12 -> 4000

Sheet NP APS
A1: NOTA DE PEDIDO | J1: N° | K1: 01/2022
A3: JURISDICCIÓN: | D3: ='SAF 011'!C4 -> 040 - MINISTERIO DE SALUD
A4: SAF: | D4: ='SAF 011'!C5 -> 011 - DIRECCION PROVINCIAL DE ADMINISTRACION - MINISTERIO DE SALUD
A5: UNIDAD EJECUTORA: | D5: SECRETARIA DE ASISTENCIA EN SALUD PUBLICA
A6: DEPENDENCIA SOLICITANTE: | D6: DIRECCION PROVINCIAL PRIMER NIVEL ATENCION PRIMARIA
A7: PERIODO UTILIZACIÓN: | D7: 1° TRIMESTRE 2022
A8: OBJETO: | D8: ADQUISICION DEL RUBRO ALIMENTOS PARA PERSONAS (BIDONES DE AGUA)
A10: Ítem | B10: Codigo Item | C10: DESCRIPCIÓN | H10: Adjunta Detalle Técnico | I10: Unidad Medida | J10: Precio Unitario Estimado | K10: Cantidad Solicitada
A12: 1 | B12: ='SAF 011'!B10 -> 2.1.1-478.47 | C12: ='SAF 011'!E10 -> AGUA MINERAL; TIPO: SIN GASIFICAR, PRESENTACION: BIDON X 20 L, MATERIAL ENVASE: POLICARBONATO, TIPO ENVASE: RETORNABLE, ELEM. TRANSPORTE: SIN, MATERIAL ELEM. TRANSPORTE: SIN | H12: SI | I12: ='SAF 011'!F10 -> BIDON | J12: ='SAF 011'!AX10 -> 400 | K12: ='SAF 011'!O10 -> 100 | M12: =+J12*K12 -> 40000
A14: Costo total estimado: CUARENTA MIL CON 00/100.- | J14: =+J12*K12 -> 40000

Sheet NP ODONTOLOGIA
A1: NOTA DE PEDIDO | J1: N° | K1: 04/2022
A3: JURISDICCIÓN: | D3: ='SAF 011'!C4 -> 040 - MINISTERIO DE SALUD
A4: SAF: | D4: ='SAF 011'!C5 -> 011 - DIRECCION PROVINCIAL DE ADMINISTRACION - MINISTERIO DE SALUD
A5: UNIDAD EJECUTORA: | D5: SECRETARIA DE ASISTENCIA EN SALUD PUBLICA
A6: DEPENDENCIA SOLICITANTE: | D6: DIRECCION PROVINCIAL DE ODONTOLOGIA
A7: PERIODO UTILIZACIÓN: | D7: 1° TRIMESTRE 2022
A8: OBJETO: | D8: ADQUISICION DEL RUBRO ALIMENTOS PARA PERSONAS (BIDONES DE AGUA)
A10: Ítem | B10: Codigo Item | C10: DESCRIPCIÓN | H10: Adjunta Detalle Técnico | I10: Unidad Medida | J10: Precio Unitario Estimado | K10: Cantidad Solicitada
A12: 1 | B12: ='SAF 011'!B10 -> 2.1.1-478.47 | C12: ='SAF 011'!E10 -> AGUA MINERAL; TIPO: SIN GASIFICAR, PRESENTACION: BIDON X 20 L, MATERIAL ENVASE: POLICARBONATO, TIPO ENVASE: RETORNABLE, ELEM. TRANSPORTE: SIN, MATERIAL ELEM. TRANSPORTE: SIN | H12: SI | I12: ='SAF 011'!F10 -> BIDON | J12: ='SAF 011'!AX10 -> 400 | K12: ='SAF 011'!U10 -> 36 | M12: =+J12*K12 -> 14400
A14: Costo total estimado: CATORCE MIL CUATROCIENTOS CON 00/100.- | J14: =+J12*K12 -> 14400

Sheet NP SAME
A1: NOTA DE PEDIDO | J1: N° | K1: 06/2022
A3: JURISDICCIÓN: | D3: ='SAF 011'!C4 -> 040 - MINISTERIO DE SALUD
A4: SAF: | D4: ='SAF 011'!C5 -> 011 - DIRECCION PROVINCIAL DE ADMINISTRACION - MINISTERIO DE SALUD
A5: UNIDAD EJECUTORA: | D5: SECRETARIA DE ASISTENCIA EN SALUD PUBLICA
A6: DEPENDENCIA SOLICITANTE: | D6: DIRECCION PROVINCIAL SISTEMA DE ATENCION MEDICA DE EMERGENCIA
A7: PERIODO UTILIZACIÓN: | D7: 1° TRIMESTRE 2022
A8: OBJETO: | D8: ADQUISICION DEL RUBRO ALIMENTOS PARA PERSONAS (BIDONES DE AGUA)
A10: Ítem | B10: Codigo Item | C10: DESCRIPCIÓN | H10: Adjunta Detalle Técnico | I10: Unidad Medida | J10: Precio Unitario Estimado | K10: Cantidad Solicitada
A12: 1 | B12: ='SAF 011'!B10 -> 2.1.1-478.47 | C12: ='SAF 011'!E10 -> AGUA MINERAL; TIPO: SIN GASIFICAR, PRESENTACION: BIDON X 20 L, MATERIAL ENVASE: POLICARBONATO, TIPO ENVASE: RETORNABLE, ELEM. TRANSPORTE: SIN, MATERIAL ELEM. TRANSPORTE: SIN | H12: SI | I12: ='SAF 011'!F10 -> BIDON | J12: ='SAF 011'!AX10 -> 400 | K12: ='SAF 011'!W10 -> 30 | M12: =+J12*K12 -> 12000
A14: Costo total estimado: DOCE MIL CON 00/100.- | J14: =+J12*K12 -> 12000

Sheet NP MALBRAN
A1: NOTA DE PEDIDO | J1: N° | K1: 05/2022
A3: JURISDICCIÓN: | D3: ='SAF 011'!C4 -> 040 - MINISTERIO DE SALUD
A4: SAF: | D4: ='SAF 011'!C5 -> 011 - DIRECCION PROVINCIAL DE ADMINISTRACION - MINISTERIO DE SALUD
A5: UNIDAD EJECUTORA: | D5: SECRETARIA DE ASISTENCIA EN SALUD PUBLICA
A6: DEPENDENCIA SOLICITANTE: | D6: DIRECCION PROVINCIAL SISTEMA DE ATENCION MEDICA DE EMERGENCIA
A7: PERIODO UTILIZACIÓN: | D7: 1° TRIMESTRE 2022
A8: OBJETO: | D8: ADQUISICION DEL RUBRO ALIMENTOS PARA PERSONAS (BIDONES DE AGUA)
A10: Ítem | B10: Codigo Item | C10: DESCRIPCIÓN | H10: Adjunta Detalle Técnico | I10: Unidad Medida | J10: Precio Unitario Estimado | K10: Cantidad Solicitada
A12: 1 | B12: ='SAF 011'!B10 -> 2.1.1-478.47 | C12: ='SAF 011'!E10 -> AGUA MINERAL; TIPO: SIN GASIFICAR, PRESENTACION: BIDON X 20 L, MATERIAL ENVASE: POLICARBONATO, TIPO ENVASE: RETORNABLE, ELEM. TRANSPORTE: SIN, MATERIAL ELEM. TRANSPORTE: SIN | H12: SI | I12: ='SAF 011'!F10 -> BIDON | J12: ='SAF 011'!AX10 -> 400 | K12: ='SAF 011'!Y10 -> 500 | M12: =+J12*K12 -> 200000
A14: Costo total estimado: DOSCIENTOS MIL CON 00/100.- | J14: =+J12*K12 -> 200000

Sheet NP SASP
A1: NOTA DE PEDIDO | J1: N° | K1: 01/2022
A3: JURISDICCIÓN: | D3: ='SAF 011'!C4 -> 040 - MINISTERIO DE SALUD
A4: SAF: | D4: ='SAF 011'!C5 -> 011 - DIRECCION PROVINCIAL DE ADMINISTRACION - MINISTERIO DE SALUD
A5: UNIDAD EJECUTORA: | D5: SECRETARIA DE ASISTENCIA EN SALUD PUBLICA
A6: DEPENDENCIA SOLICITANTE: | D6: SECRETARIA DE ASISTENCIA EN SALUD PUBLICA
A7: PERIODO UTILIZACIÓN: | D7: 1° TRIMESTRE 2022
A8: OBJETO: | D8: ADQUISICION DEL RUBRO ALIMENTOS PARA PERSONAS (BIDONES DE AGUA)
A10: Ítem | B10: Codigo Item | C10: DESCRIPCIÓN | H10: Adjunta Detalle Técnico | I10: Unidad Medida | J10: Precio Unitario Estimado | K10: Cantidad Solicitada
A12: 1 | B12: ='SAF 011'!B10 -> 2.1.1-478.47 | C12: ='SAF 011'!E10 -> AGUA MINERAL; TIPO: SIN GASIFICAR, PRESENTACION: BIDON X 20 L, MATERIAL ENVASE: POLICARBONATO, TIPO ENVASE: RETORNABLE, ELEM. TRANSPORTE: SIN, MATERIAL ELEM. TRANSPORTE: SIN | H12: SI | I12: ='SAF 011'!F10 -> BIDON | J12: ='SAF 011'!AX10 -> 400 | K12: ='SAF 011'!AC10 -> 200 | M12: =+J12*K12 -> 80000
A14: Costo total estimado: OCHENTA MIL CON 00/100.- | J14: =+J12*K12 -> 80000

Sheet APG SASP Y DEPENDENCIAS
A1: EJERCICIO: | D1: 2022 | P1: AUTORIZACION PARA GASTAR
A4: JURISDICCIÓN: | G4: ='NP SASP'!D3 -> 040 - MINISTERIO DE SALUD
A5: SAF: | G5: ='NP SASP'!D4 -> 011 - DIRECCION PROVINCIAL DE ADMINISTRACION - MINISTERIO DE SALUD
A6: UNIDAD EJECUTORA: | G6: ='NP SASP'!D5 -> SECRETARIA DE ASISTENCIA EN SALUD PUBLICA
A7: DEPENDENCIA SOLICITANTE: | G7: ='NP SASP'!D6 -> SECRETARIA DE ASISTENCIA EN SALUD PUBLICA
A8: AUTORIZACIÓN:
A9: Señor Director de Administración o Titular del Servicio Administrativo Financiero:
A10: Autorizo la realización de los trámites correspondientes, a fin de proveer a este Organismo los bienes que se detallan en Nota de Pedido N° D.P.L. 05/2022 - D.P.B.S. 06/2022 - D.P.P.N.A.P. 01/2022 - D.P.O. 04/2022 - D.P.S.A.M.E. 06/2022 - H.M.C.M. 05/2022 - S.A.S.P. 01/2022 afectando la erogación resultante a los créditos presupuestarios aprobados a favor de esta Unidad Ejecutora, conforme al siguiente detalle:
A12: IMPUTACIÓN PRESUPUESTARIA
A13: CÓDIGO | O13: DENOMINACIÓN DE LA PARTIDA PRESUPUESTARIA | Q13: IMPORTE
A14: PR | B14: SB | C14: PY | D14: AC | E14: OB | F14: UG | G14: FIN | H14: FUN | I14: I | J14: P | K14: P | L14: SubP | M14: M | N14: FF
A15: 62 | D15: 1 | F15: 4901 | G15: 3 | H15: 1 | I15: 2 | J15: 1 | K15: 1 | M15: 1 | N15: 1.1 | O15: ALIMENTOS PARA PERSONAS | Q15: ='NP LABORATORIO'!M12 -> 19200
A16: 27 | D16: 1 | F16: 4901 | G16: 3 | H16: 1 | I16: 2 | J16: 1 | K16: 1 | M16: 1 | N16: 1.1 | O16: ALIMENTOS PARA PERSONAS | Q16: ='NP BANCO DE SANGRE'!M12 -> 4000
A17: 47 | D17: 1 | F17: 4901 | G17: 3 | H17: 1 | I17: 2 | J17: 1 | K17: 1 | M17: 1 | N17: 1.1 | O17: ALIMENTOS PARA PERSONAS | Q17: ='NP APS'!M12 -> 40000
A18: 29 | D18: 1 | F18: 4901 | G18: 3 | H18: 1 | I18: 2 | J18: 1 | K18: 1 | M18: 1 | N18: 1.1 | O18: ALIMENTOS PARA PERSONAS | Q18: ='NP ODONTOLOGIA'!M12 -> 14400
A19: 31 | D19: 1 | F19: 4901 | G19: 3 | H19: 1 | I19: 2 | J19: 1 | K19: 1 | M19: 1 | N19: 1.1 | O19: ALIMENTOS PARA PERSONAS | Q19: ='NP SAME'!M12 -> 12000
A20: 53 | D20: 1 | F20: 4901 | G20: 3 | H20: 1 | I20: 2 | J20: 1 | K20: 1 | M20: 1 | N20: 1.1 | O20: ALIMENTOS PARA PERSONAS | Q20: ='NP MALBRAN'!M12 -> 200000
A21: 3 | D21: 1 | F21: 4901 | G21: 1 | H21: 3 | I21: 2 | J21: 1 | K21: 1 | M21: 1 | N21: 1.1 | O21: ALIMENTOS PARA PERSONAS | Q21: ='NP SASP'!M12 -> 80000
A38: TOTAL DE PESOS: CIENTO SESENTA Y NUEVE MIL SEISCIENTOS CON 00/100.- | Q38: =SUM(Q15:Q37) -> 369600
A40: JUSTIFICACIÓN:
A41: ='NP SASP'!D8 -> ADQUISICION DEL RUBRO ALIMENTOS PARA PERSONAS (BIDONES DE AGUA)

Sheet NP CANCER
A1: NOTA DE PEDIDO | J1: N° | K1: 02/2022
A3: JURISDICCIÓN: | D3: ='SAF 011'!C4 -> 040 - MINISTERIO DE SALUD
A4: SAF: | D4: ='SAF 011'!C5 -> 011 - DIRECCION PROVINCIAL DE ADMINISTRACION - MINISTERIO DE SALUD
A5: UNIDAD EJECUTORA: | D5: SECRETARIA DE MEDICINA PREVENTIVA Y PROMOCION EN SALUD
A6: DEPENDENCIA SOLICITANTE: | D6: DIRECCION PROVINCIAL DEL CANCER
A7: PERIODO UTILIZACIÓN: | D7: 1° TRIMESTRE 2022
A8: OBJETO: | D8: ADQUISICION DEL RUBRO ALIMENTOS PARA PERSONAS (BIDONES DE AGUA)
A10: Ítem | B10: Codigo Item | C10: DESCRIPCIÓN | H10: Adjunta Detalle Técnico | I10: Unidad Medida | J10: Precio Unitario Estimado | K10: Cantidad Solicitada
A12: 1 | B12: ='SAF 011'!B10 -> 2.1.1-478.47 | C12: ='SAF 011'!E10 -> AGUA MINERAL; TIPO: SIN GASIFICAR, PRESENTACION: BIDON X 20 L, MATERIAL ENVASE: POLICARBONATO, TIPO ENVASE: RETORNABLE, ELEM. TRANSPORTE: SIN, MATERIAL ELEM. TRANSPORTE: SIN | H12: SI | I12: ='SAF 011'!F10 -> BIDON | J12: ='SAF 011'!AX10 -> 400 | K12: ='SAF 011'!Q10 -> 40 | M12: =+J12*K12 -> 16000
A14: Costo total estimado: DIECISEIS MIL CON 00/100.- | J14: =+J12*K12 -> 16000

Sheet NP MEDIO AMBIENTE
A1: NOTA DE PEDIDO | J1: N° | K1: 03/2022
A3: JURISDICCIÓN: | D3: ='SAF 011'!C4 -> 040 - MINISTERIO DE SALUD
A4: SAF: | D4: ='SAF 011'!C5 -> 011 - DIRECCION PROVINCIAL DE ADMINISTRACION - MINISTERIO DE SALUD
A5: UNIDAD EJECUTORA: | D5: SECRETARIA DE MEDICINA PREVENTIVA Y PROMOCION EN SALUD
A6: DEPENDENCIA SOLICITANTE: | D6: DIRECCION PROVINCIAL DE SALUD Y MEDIO AMBIENTE
A7: PERIODO UTILIZACIÓN: | D7: 1° TRIMESTRE 2022
A8: OBJETO: | D8: ADQUISICION DEL RUBRO ALIMENTOS PARA PERSONAS (BIDONES DE AGUA)
A10: Ítem | B10: Codigo Item | C10: DESCRIPCIÓN | H10: Adjunta Detalle Técnico | I10: Unidad Medida | J10: Precio Unitario Estimado | K10: Cantidad Solicitada
A12: 1 | B12: ='SAF 011'!B10 -> 2.1.1-478.47 | C12: ='SAF 011'!E10 -> AGUA MINERAL; TIPO: SIN GASIFICAR, PRESENTACION: BIDON X 20 L, MATERIAL ENVASE: POLICARBONATO, TIPO ENVASE: RETORNABLE, ELEM. TRANSPORTE: SIN, MATERIAL ELEM. TRANSPORTE: SIN | H12: SI | I12: ='SAF 011'!F10 -> BIDON | J12: ='SAF 011'!AX10 -> 400 | K12: ='SAF 011'!AE10 -> 200 | M12: =+J12*K12 -> 80000
A14: Costo total estimado: OCHENTA MIL CON 00/100.- | J14: =+J12*K12 -> 80000

Sheet NP CRONICAS
A1: NOTA DE PEDIDO | J1: N° | K1: 01/2022
A3: JURISDICCIÓN: | D3: ='SAF 011'!C4 -> 040 - MINISTERIO DE SALUD
A4: SAF: | D4: ='SAF 011'!C5 -> 011 - DIRECCION PROVINCIAL DE ADMINISTRACION - MINISTERIO DE SALUD
A5: UNIDAD EJECUTORA: | D5: SECRETARIA DE MEDICINA PREVENTIVA Y PROMOCION EN SALUD
A6: DEPENDENCIA SOLICITANTE: | D6: DIRECCION PROVINCIAL DE ENFERMEDADES CRONICAS NO TRANSMISIBLES
A7: PERIODO UTILIZACIÓN: | D7: 1° TRIMESTRE 2022
A8: OBJETO: | D8: ADQUISICION DEL RUBRO ALIMENTOS PARA PERSONAS (BIDONES DE AGUA)
A10: Ítem | B10: Codigo Item | C10: DESCRIPCIÓN | H10: Adjunta Detalle Técnico | I10: Unidad Medida | J10: Precio Unitario Estimado | K10: Cantidad Solicitada
A12: 1 | B12: ='SAF 011'!B10 -> 2.1.1-478.47 | C12: ='SAF 011'!E10 -> AGUA MINERAL; TIPO: SIN GASIFICAR, PRESENTACION: BIDON X 20 L, MATERIAL ENVASE: POLICARBONATO, TIPO ENVASE: RETORNABLE, ELEM. TRANSPORTE: SIN, MATERIAL ELEM. TRANSPORTE: SIN | H12: SI | I12: ='SAF 011'!F10 -> BIDON | J12: ='SAF 011'!AX10 -> 400 | K12: ='SAF 011'!AI10 -> 100 | M12: =+J12*K12 -> 40000
A14: Costo total estimado: CUARENTA MIL CON 00/100.- | J14: =+J12*K12 -> 40000

Sheet NP VECTORES
A1: NOTA DE PEDIDO | J1: N° | K1: 02/2022
A3: JURISDICCIÓN: | D3: ='SAF 011'!C4 -> 040 - MINISTERIO DE SALUD
A4: SAF: | D4: ='SAF 011'!C5 -> 011 - DIRECCION PROVINCIAL DE ADMINISTRACION - MINISTERIO DE SALUD
A5: UNIDAD EJECUTORA: | D5: SECRETARIA DE MEDICINA PREVENTIVA Y PROMOCION EN SALUD
A6: DEPENDENCIA SOLICITANTE: | D6: DIRECCION DE CONTROL DE VECTORES Y ZOONOSIS
A7: PERIODO UTILIZACIÓN: | D7: 1° TRIMESTRE 2022
A8: OBJETO: | D8: ADQUISICION DEL RUBRO ALIMENTOS PARA PERSONAS (BIDONES DE AGUA)
A10: Ítem | B10: Codigo Item | C10: DESCRIPCIÓN | H10: Adjunta Detalle Técnico | I10: Unidad Medida | J10: Precio Unitario Estimado | K10: Cantidad Solicitada
A12: 1 | B12: ='SAF 011'!B10 -> 2.1.1-478.47 | C12: ='SAF 011'!E10 -> AGUA MINERAL; TIPO: SIN GASIFICAR, PRESENTACION: BIDON X 20 L, MATERIAL ENVASE: POLICARBONATO, TIPO ENVASE: RETORNABLE, ELEM. TRANSPORTE: SIN, MATERIAL ELEM. TRANSPORTE: SIN | H12: SI | I12: ='SAF 011'!F10 -> BIDON | J12: ='SAF 011'!AX10 -> 400 | K12: ='SAF 011'!AG10 -> 100 | M12: =+J12*K12 -> 40000
A14: Costo total estimado: CUARENTA MIL CON 00/100.- | J14: =+J12*K12 -> 40000

Sheet NP EPIDEMIOLOGIA
A1: NOTA DE PEDIDO | J1: N° | K1: 01/2022
A3: JURISDICCIÓN: | D3: ='SAF 011'!C4 -> 040 - MINISTERIO DE SALUD
A4: SAF: | D4: ='SAF 011'!C5 -> 011 - DIRECCION PROVINCIAL DE ADMINISTRACION - MINISTERIO DE SALUD
A5: UNIDAD EJECUTORA: | D5: SECRETARIA DE MEDICINA PREVENTIVA Y PROMOCION EN SALUD
A6: DEPENDENCIA SOLICITANTE: | D6: DIRECCION PROVINCIAL DE EPIDEMIOLOGIA
A7: PERIODO UTILIZACIÓN: | D7: 1° TRIMESTRE 2022
A8: OBJETO: | D8: ADQUISICION DEL RUBRO ALIMENTOS PARA PERSONAS (BIDONES DE AGUA)
A10: Ítem | B10: Codigo Item | C10: DESCRIPCIÓN | H10: Adjunta Detalle Técnico | I10: Unidad Medida | J10: Precio Unitario Estimado | K10: Cantidad Solicitada
A12: 1 | B12: ='SAF 011'!B10 -> 2.1.1-478.47 | C12: ='SAF 011'!E10 -> AGUA MINERAL; TIPO: SIN GASIFICAR, PRESENTACION: BIDON X 20 L, MATERIAL ENVASE: POLICARBONATO, TIPO ENVASE: RETORNABLE, ELEM. TRANSPORTE: SIN, MATERIAL ELEM. TRANSPORTE: SIN | H12: SI | I12: ='SAF 011'!F10 -> BIDON | J12: ='SAF 011'!AX10 -> 400 | K12: ='SAF 011'!AS10 -> 36 | M12: =+J12*K12 -> 14400
A14: Costo total estimado: CATORCE MIL CUATROCIENTOS CON 00/100.- | J14: =+J12*K12 -> 14400

Sheet APG DEPENDENCIAS SMPyPS
A1: EJERCICIO: | D1: 2022 | P1: AUTORIZACION PARA GASTAR
A4: JURISDICCIÓN: | G4: ='NP EPIDEMIOLOGIA'!D3 -> 040 - MINISTERIO DE SALUD
A5: SAF: | G5: ='NP EPIDEMIOLOGIA'!D4 -> 011 - DIRECCION PROVINCIAL DE ADMINISTRACION - MINISTERIO DE SALUD
A6: UNIDAD EJECUTORA: | G6: ='NP EPIDEMIOLOGIA'!D5 -> SECRETARIA DE MEDICINA PREVENTIVA Y PROMOCION EN SALUD
A7: DEPENDENCIA SOLICITANTE: | G7: SECRETARIA DE MEDICINA PREVENTIVA Y PROMOCION EN SALUD
A8: AUTORIZACIÓN:
A9: Señor Director de Administración o Titular del Servicio Administrativo Financiero:
A10: Autorizo la realización de los trámites correspondientes, a fin de proveer a este Organismo los bienes que se detallan en Nota de Pedido N° D.P.C. 02/2022 - D.P.S.M.A. 03/2022 - D.P.E.C.N.T. 01/2022 - D.C.V.Z. 02/2022 - D.P.E. 01/2022 afectando la erogación resultante a los créditos presupuestarios aprobados a favor de esta Unidad Ejecutora, conforme al siguiente detalle:
A12: IMPUTACIÓN PRESUPUESTARIA
A13: CÓDIGO | O13: DENOMINACIÓN DE LA PARTIDA PRESUPUESTARIA | Q13: IMPORTE
A14: PR | B14: SB | C14: PY | D14: AC | E14: OB | F14: UG | G14: FIN | H14: FUN | I14: I | J14: P | K14: P | L14: SubP | M14: M | N14: FF
A15: 44 | D15: 1 | F15: 4901 | G15: 3 | H15: 1 | I15: 2 | J15: 1 | K15: 1 | M15: 1 | N15: 1.1 | O15: ALIMENTOS PARA PERSONAS | Q15: ='NP CANCER'!M12 -> 16000
A16: 22 | D16: 1 | F16: 4901 | G16: 4 | H16: 4 | I16: 2 | J16: 1 | K16: 1 | M16: 1 | N16: 1.1 | O16: ALIMENTOS PARA PERSONAS | Q16: ='NP MEDIO AMBIENTE'!M12 -> 80000
A17: 49 | D17: 1 | F17: 4901 | G17: 3 | H17: 1 | I17: 2 | J17: 1 | K17: 1 | M17: 1 | N17: 1.1 | O17: ALIMENTOS PARA PERSONAS | Q17: ='NP CRONICAS'!M12 -> 40000
A18: 23 | D18: 1 | F18: 4901 | G18: 3 | H18: 1 | I18: 2 | J18: 1 | K18: 1 | M18: 1 | N18: 1.1 | O18: ALIMENTOS PARA PERSONAS | Q18: ='NP VECTORES'!M12 -> 40000
A19: 28 | D19: 2 | F19: 4901 | G19: 3 | H19: 1 | I19: 2 | J19: 1 | K19: 1 | M19: 1 | N19: 1.1 | O19: ALIMENTOS PARA PERSONAS | Q19: ='NP EPIDEMIOLOGIA'!M12 -> 14400
A38: TOTAL DE PESOS: CIENTO NOVENTA MIL CUATROCIENTOS CON 00/100.- | Q38: =SUM(Q15:Q37) -> 190400
A40: JUSTIFICACIÓN:
A41: ='NP EPIDEMIOLOGIA'!D8 -> ADQUISICION DEL RUBRO ALIMENTOS PARA PERSONAS (BIDONES DE AGUA)

Sheet NP SPyGS
A1: NOTA DE PEDIDO | J1: N° | K1: 01/2022
A3: JURISDICCIÓN: | D3: ='SAF 011'!C4 -> 040 - MINISTERIO DE SALUD
A4: SAF: | D4: ='SAF 011'!C5 -> 011 - DIRECCION PROVINCIAL DE ADMINISTRACION - MINISTERIO DE SALUD
A5: UNIDAD EJECUTORA: | D5: SECRETARIA DE PLANIFICACION Y GESTION EN SALUD
A6: DEPENDENCIA SOLICITANTE: | D6: SECRETARIA DE PLANIFICACION Y GESTION EN SALUD
A7: PERIODO UTILIZACIÓN: | D7: 1° TRIMESTRE 2022
A8: OBJETO: | D8: ADQUISICION DEL RUBRO ALIMENTOS PARA PERSONAS (BIDONES DE AGUA)
A10: Ítem | B10: Codigo Item | C10: DESCRIPCIÓN | H10: Adjunta Detalle Técnico | I10: Unidad Medida | J10: Precio Unitario Estimado | K10: Cantidad Solicitada
A12: 1 | B12: ='SAF 011'!B10 -> 2.1.1-478.47 | C12: ='SAF 011'!E10 -> AGUA MINERAL; TIPO: SIN GASIFICAR, PRESENTACION: BIDON X 20 L, MATERIAL ENVASE: POLICARBONATO, TIPO ENVASE: RETORNABLE, ELEM. TRANSPORTE: SIN, MATERIAL ELEM. TRANSPORTE: SIN | H12: SI | I12: ='SAF 011'!F10 -> BIDON | J12: ='SAF 011'!AX10 -> 400 | K12: ='SAF 011'!AM10 -> 200 | M12: =+J12*K12 -> 80000
A14: Costo total estimado: OCHENTA MIL CON 00/100.- | J14: =+J12*K12 -> 80000

Sheet APG SPyGS
A1: EJERCICIO: | D1: 2022 | P1: AUTORIZACION PARA GASTAR
A4: JURISDICCIÓN: | G4: ='NP SPyGS'!D3 -> 040 - MINISTERIO DE SALUD
A5: SAF: | G5: ='NP SPyGS'!D4 -> 011 - DIRECCION PROVINCIAL DE ADMINISTRACION - MINISTERIO DE SALUD
A6: UNIDAD EJECUTORA: | G6: ='NP SPyGS'!D5 -> SECRETARIA DE PLANIFICACION Y GESTION EN SALUD
A7: DEPENDENCIA SOLICITANTE: | G7: ='NP SPyGS'!D6 -> SECRETARIA DE PLANIFICACION Y GESTION EN SALUD
A8: AUTORIZACIÓN:
A9: Señor Director de Administración o Titular del Servicio Administrativo Financiero:
A10: Autorizo la realización de los trámites correspondientes, a fin de proveer a este Organismo los bienes/servicios que se detallan en Nota de Pedido N° 01/2022 afectando la erogación resultante a los créditos presupuestarios aprobados a favor de esta Unidad Ejecutora, conforme al siguiente detalle:
A12: IMPUTACIÓN PRESUPUESTARIA
A13: CÓDIGO | O13: DENOMINACIÓN DE LA PARTIDA PRESUPUESTARIA | Q13: IMPORTE
A14: PR | B14: SB | C14: PY | D14: AC | E14: OB | F14: UG | G14: FIN | H14: FUN | I14: I | J14: P | K14: P | L14: SubP | M14: M | N14: FF
A15: 2 | D15: 1 | F15: 4901 | G15: 1 | H15: 3 | I15: 2 | J15: 1 | K15: 1 | M15: 1 | N15: 1.1 | O15: ALIMENTOS PARA PERSONAS | Q15: ='NP SPyGS'!M12 -> 80000
A38: TOTAL DE PESOS: OCHENTA MIL CON 00/100.- | Q38: =SUM(Q15:Q37) -> 80000
A40: JUSTIFICACIÓN:
A41: ='NP SPyGS'!D8 -> ADQUISICION DEL RUBRO ALIMENTOS PARA PERSONAS (BIDONES DE AGUA)

Sheet NP SSMyA
A1: NOTA DE PEDIDO | J1: N° | K1: 01/2022
A3: JURISDICCIÓN: | D3: ='SAF 011'!C4 -> 040 - MINISTERIO DE SALUD
A4: SAF: | D4: ='SAF 011'!C5 -> 011 - DIRECCION PROVINCIAL DE ADMINISTRACION - MINISTERIO DE SALUD
A5: UNIDAD EJECUTORA: | D5: SECRETARIA DE SALUD MENTAL Y ADICCIONES
A6: DEPENDENCIA SOLICITANTE: | D6: SECRETARIA DE SALUD MENTAL Y ADICCIONES
A7: PERIODO UTILIZACIÓN: | D7: 1° TRIMESTRE 2022
A8: OBJETO: | D8: ADQUISICION DEL RUBRO ALIMENTOS PARA PERSONAS (BIDONES DE AGUA)
A10: Ítem | B10: Codigo Item | C10: DESCRIPCIÓN | H10: Adjunta Detalle Técnico | I10: Unidad Medida | J10: Precio Unitario Estimado | K10: Cantidad Solicitada
A12: 1 | B12: ='SAF 011'!B10 -> 2.1.1-478.47 | C12: ='SAF 011'!E10 -> AGUA MINERAL; TIPO: SIN GASIFICAR, PRESENTACION: BIDON X 20 L, MATERIAL ENVASE: POLICARBONATO, TIPO ENVASE: RETORNABLE, ELEM. TRANSPORTE: SIN, MATERIAL ELEM. TRANSPORTE: SIN | H12: SI | I12: ='SAF 011'!F10 -> BIDON | J12: ='SAF 011'!AX10 -> 400 | K12: ='SAF 011'!AO10 -> 24 | M12: =+J12*K12 -> 9600
A14: Costo total estimado: NUEVE MIL SEISCIENTOS CON 00/100.- | J14: =+J12*K12 -> 9600

Sheet APG SSMyA
A1: EJERCICIO: | D1: 2022 | P1: AUTORIZACION PARA GASTAR
A4: JURISDICCIÓN: | G4: ='NP SSMyA'!D3 -> 040 - MINISTERIO DE SALUD
A5: SAF: | G5: ='NP SSMyA'!D4 -> 011 - DIRECCION PROVINCIAL DE ADMINISTRACION - MINISTERIO DE SALUD
A6: UNIDAD EJECUTORA: | G6: ='NP SSMyA'!D5 -> SECRETARIA DE SALUD MENTAL Y ADICCIONES
A7: DEPENDENCIA SOLICITANTE: | G7: ='NP SSMyA'!D6 -> SECRETARIA DE SALUD MENTAL Y ADICCIONES
A8: AUTORIZACIÓN:
A9: Señor Director de Administración o Titular del Servicio Administrativo Financiero:
A10: Autorizo la realización de los trámites correspondientes, a fin de proveer a este Organismo los bienes/servicios que se detallan en Nota de Pedido N° 01/2022 afectando la erogación resultante a los créditos presupuestarios aprobados a favor de esta Unidad Ejecutora, conforme al siguiente detalle:
A12: IMPUTACIÓN PRESUPUESTARIA
A13: CÓDIGO | O13: DENOMINACIÓN DE LA PARTIDA PRESUPUESTARIA | Q13: IMPORTE
A14: PR | B14: SB | C14: PY | D14: AC | E14: OB | F14: UG | G14: FIN | H14: FUN | I14: I | J14: P | K14: P | L14: SubP | M14: M | N14: FF
A15: 5 | D15: 1 | F15: 4901 | G15: 1 | H15: 3 | I15: 2 | J15: 1 | K15: 1 | M15: 1 | N15: 1.1 | O15: ALIMENTOS PARA PERSONAS | Q15: ='NP SSMyA'!M12 -> 9600
A38: TOTAL DE PESOS: NUEVE MIL SEISCIENTOS CON 00/100.- | Q38: =SUM(Q15:Q37) -> 9600
A40: JUSTIFICACIÓN:
A41: ='NP SSMyA'!D8 -> ADQUISICION DEL RUBRO ALIMENTOS PARA PERSONAS (BIDONES DE AGUA)

Sheet NP MS
A1: NOTA DE PEDIDO | J1: N° | K1: 02/2022
A3: JURISDICCIÓN: | D3: ='SAF 011'!C4 -> 040 - MINISTERIO DE SALUD
A4: SAF: | D4: ='SAF 011'!C5 -> 011 - DIRECCION PROVINCIAL DE ADMINISTRACION - MINISTERIO DE SALUD
A5: UNIDAD EJECUTORA: | D5: MINISTERIO DE SALUD
A6: DEPENDENCIA SOLICITANTE: | D6: MINISTERIO DE SALUD
A7: PERIODO UTILIZACIÓN: | D7: 1° TRIMESTRE 2022
A8: OBJETO: | D8: ADQUISICION DEL RUBRO ALIMENTOS PARA PERSONAS (BIDONES DE AGUA)
A10: Ítem | B10: Codigo Item | C10: DESCRIPCIÓN | H10: Adjunta Detalle Técnico | I10: Unidad Medida | J10: Precio Unitario Estimado | K10: Cantidad Solicitada
A12: 1 | B12: ='SAF 011'!B10 -> 2.1.1-478.47 | C12: ='SAF 011'!E10 -> AGUA MINERAL; TIPO: SIN GASIFICAR, PRESENTACION: BIDON X 20 L, MATERIAL ENVASE: POLICARBONATO, TIPO ENVASE: RETORNABLE, ELEM. TRANSPORTE: SIN, MATERIAL ELEM. TRANSPORTE: SIN | H12: SI | I12: ='SAF 011'!F10 -> BIDON | J12: ='SAF 011'!AX10 -> 400 | K12: ='SAF 011'!AU10 -> 150 | M12: =+J12*K12 -> 60000
A14: Costo total estimado: SESENTA MIL CON 00/100.- | J14: =+J12*K12 -> 60000

Sheet APG MS
A1: EJERCICIO: | D1: 2022 | P1: AUTORIZACION PARA GASTAR
A4: JURISDICCIÓN: | G4: ='NP MS'!D3 -> 040 - MINISTERIO DE SALUD
A5: SAF: | G5: ='NP MS'!D4 -> 011 - DIRECCION PROVINCIAL DE ADMINISTRACION - MINISTERIO DE SALUD
A6: UNIDAD EJECUTORA: | G6: ='NP MS'!D5 -> MINISTERIO DE SALUD
A7: DEPENDENCIA SOLICITANTE: | G7: ='NP MS'!D6 -> MINISTERIO DE SALUD
A8: AUTORIZACIÓN:
A9: Señor Director de Administración o Titular del Servicio Administrativo Financiero:
A10: Autorizo la realización de los trámites correspondientes, a fin de proveer a este Organismo los bienes que se detallan en Nota de Pedido N° 02/2022 afectando la erogación resultante a los créditos presupuestarios aprobados a favor de esta Unidad Ejecutora, conforme al siguiente detalle:
A12: IMPUTACIÓN PRESUPUESTARIA
A13: CÓDIGO | O13: DENOMINACIÓN DE LA PARTIDA PRESUPUESTARIA | Q13: IMPORTE
A14: PR | B14: SB | C14: PY | D14: AC | E14: OB | F14: UG | G14: FIN | H14: FUN | I14: I | J14: P | K14: P | L14: SubP | M14: M | N14: FF
A15: 1 | D15: 1 | F15: 4901 | G15: 3 | H15: 1 | I15: 2 | J15: 1 | K15: 1 | M15: 1 | N15: 1.1 | O15: ALIMENTOS PARA PERSONAS | Q15: ='NP MS'!M12 -> 60000
A38: TOTAL DE PESOS: SESENTA MIL CON 00/100.- | Q38: =SUM(Q15:Q37) -> 60000
A40: JUSTIFICACIÓN:
A41: ='NP MS'!D8 -> ADQUISICION DEL RUBRO ALIMENTOS PARA PERSONAS (BIDONES DE AGUA)
