Workbook

Sheet Necesidades Trimestrales (2)
A1: 2021
B2: Pedido de Necesidades Trimestrales
A4: JURISDICCION: | C4: 40 - MINISTERIO DE SALUD
A5: SAF N°: | C5: 11 - DIRECCION PROVINCIAL DE ADMINISTRACION - MINISTERIO DE SALUD
A6: EJERCICIO: | C6: 2021
A7: TRIMESTRE: | C7: TERCER TRIMESTRE
A9: ID | B9: CODIGO ITEM | C9: RUBRO DE COMPRA | D9: I.P.P. | E9: DESCRIPCION | F9: UNIDAD DE MEDIDA | G9: DIR DE ADM | H9: TOTAL DIR ADM | I9: SEC PREV | J9: TOTAL SEC PREVEN | K9: DIR. LAB. CENTRAL | L9: TOTAL DE LAB CENTRAL | M9: BCO DE SANGRE | N9: TOTAL BANCO DE SANGRE | O9: ATENCION PRIMARIA | P9: TOTAL ATENCION PRI | Q9: DIR DE CANCER | R9: TOTAL DE DIR DE CANCER | S9: FARMACIA | T9: TOTAL FARMACIA | U9: ODONTOLOGIA | V9: TOTAL DE ODONTOLOG | W9: SAME | X9: TOTAL DE SAME | Y9: MALBRAN | Z9: HOSPITAL MALBRAN | AA9: maternidade e infancia | AB9: total maternidad | AC9: SEC DE ASIST EN SALUD PUB | AD9: TOTAL SEC EN ASIS EN SAL | AE9: SALUD Y MEDIO AMBIENTE | AF9: TOTAL SALUD Y MEDIO AMBIENTE | AG9: VECTORES Y ZOONOSIS | AH9: TOTAL DE VECT Y ZOON | AI9: SUMAR | AJ9: TOTAL SUMAR | AK9: CUR | AL9: TOTAL CUR | AM9: PLANIFICACION | AN9: TOTAL PLANIFICA | AO9: SALUD MENTAL | AP9: TOTAL SALUD MENTAL | AQ9: AREAS Y DPAS | AR9: TOTAL DPAS | AS9: CANTIDAD TOTAL | AT9: PRECIO UNITARIO ESTIMADO | AU9: IMPORTE TOTAL ESTIMADO | AV9: ESPECIFICACIONES TECNICAS
A10: 1 | C10: PROD. MEDICO/FARMACEUTICOS/LAB | D10: 252 | E10: INSULINA ASPARTICA 100 UI JERINGA PRE LLENADA | F10: UNIDAD | S10: 800 | T10: =+S10*AT10 -> 2016000 | AS10: =+S10 -> 800 | AT10: 2520 | AU10: =+AS10*AT10 -> 2016000
A11: 2 | C11: PROD. MEDICO/FARMACEUTICOS/LAB | D11: 252 | E11: INSULINA NPH HUMANA 100 UI JERINGA PRELLENADA TIPO INSULATARD FLEX PEND | F11: UNIDAD | S11: 3000 | T11: =+S11*AT11 -> 4531410 | AS11: =+S11 -> 3000 | AT11: 1510.47 | AU11: =+AS11*AT11 -> 4531410
A12: 3 | C12: PROD. MEDICO/FARMACEUTICOS/LAB | D12: 252 | E12: GLIBENCLAMIDA 5 MG COMPRIMIDO | F12: UNIDAD | S12: 18000 | T12: =+S12*AT12 -> 75600 | AS12: =+S12 -> 18000 | AT12: 4.2 | AU12: =+AS12*AT12 -> 75600
A13: 4 | C13: PROD. MEDICO/FARMACEUTICOS/LAB | D13: 252 | E13: METFORMINA 500 MG COMPRIMIDO | F13: UNIDAD | S13: 10000 | T13: =+S13*AT13 -> 37300 | AS13: =+S13 -> 10000 | AT13: 3.73 | AU13: =+AS13*AT13 -> 37300
A14: 5 | C14: PROD. MEDICO/FARMACEUTICOS/LAB | D14: 252 | E14: METFORMINA 850 MG COMPRIMIDO | F14: UNIDAD | S14: 30000 | T14: =+S14*AT14 -> 156000 | AS14: =+S14 -> 30000 | AT14: 5.2 | AU14: =+AS14*AT14 -> 156000
E15: TOTAL DE INSULINA | AU15: =SUM(AU10:AU14) -> 6816310
B18: DETALLE TECNICO Y ESPECIFICACIONES | C18: ANEXO 1-Para oferentes de la Provincia de Catamarca deberán presentar Habilitación Provincial para comercializar el producto que cotizan. 2-Para el resto de oferentes deberán presentar Certificado de Inscripción de ANMAT vigente al momento de la oferta, el mismo deberá ser correspondiente al objeto de la contratación y de encontrarse vencido adjuntar la solicitud de renovación. 3-No se aceptarán ofertas de productos no registrados y autorizada su venta por ANMAT. Se deberá especificar en cada ítem de la propuesta, marca y número de certificado otorgado por dicho ente regulador. 4-Los productos deberán tener un vencimiento posterior a doce (12) meses a partir de la fecha de su recepción. 5- En el caso de Medicamentos cuya forma farmaceutica Oral sea Comprimidos , y / o capsulas la presentacion del envase primario es decir los blister deberan contener la minima cantidad de comprimidos para poder realizar la administracion a pacientes ambulatorios, de acuerdo al tratamiento prescripto y considerando que se deben administrar blister completos .Podra ser el envase secundario de mayor tamaño sin probl ema, es decir una caja puede tener 100 comprimidos en blister de 10 comprimidos.-Existe la excepcion de algunos medicamentos que solo tienen una presentacion , que por supuesto debe ser esa.
B19: Plazos de entrega | C19: veinte (20) dias corridos
B21: Lugar de Entrega: | C21: DIR. PROV. DE FARMACIA E INSUMOS - CHACABUCO N° 169 - en el horario de 8:00hs a 12:00hs de lunes a viernes
B23: Calidad Minima esperada
B25: Mantenimiento | C25: cuarenta y cinco (45) días

Sheet NP
A1: NOTA DE PEDIDO | J1: N° | K1: _37/21
A3: JURISDICCIÓN: | D3: 040 - Ministerio de Salud
A4: SAF: | D4: 011 - Direccion Provincial de Administración - Ministerio de Salud
A5: UNIDAD EJECUTORA: | D5: 469 - DIRECCION PROVINCIAL DE FARMACIA E INSUMOS
A6: DEPENDENCIA SOLICITANTE: | D6: 469 - DIRECCION PROVINCIAL DE FARMACIA E INSUMOS
A7: PERIODO UTILIZACIÓN: | D7: 3° TRIMESTRE 2021
A8: OBJETO: | D8: Adquisicion del RUBRO INSULINAS
A10: Ítem | B10: Codigo Item | C10: DESCRIPCIÓN | H10: Adjunta Detalle Técnico | I10: Unidad Medida | J10: Precio Unitario Estimado | K10: Cantidad Solicitada
A12: 1 | C12: ='Necesidades Trimestrales (2)'!E10 -> INSULINA ASPARTICA 100 UI JERINGA PRE LLENADA | H12: NO | I12: ='Necesidades Trimestrales (2)'!F10 -> UNIDAD | J12: ='Necesidades Trimestrales (2)'!AT10 -> 2520 | K12: ='Necesidades Trimestrales (2)'!AS10 -> 800 | L12: =+J12*K12 -> 2016000 | M12: =+J12*K12 -> 2016000
A13: 2 | C13: ='Necesidades Trimestrales (2)'!E11 -> INSULINA NPH HUMANA 100 UI JERINGA PRELLENADA TIPO INSULATARD FLEX PEND | H13: NO | I13: ='Necesidades Trimestrales (2)'!F11 -> UNIDAD | J13: ='Necesidades Trimestrales (2)'!AT11 -> 1510.47 | K13: ='Necesidades Trimestrales (2)'!AS11 -> 3000 | L13: =+J13*K13 -> 4531410 | M13: =+J13*K13 -> 4531410
A14: 3 | C14: ='Necesidades Trimestrales (2)'!E12 -> GLIBENCLAMIDA 5 MG COMPRIMIDO | H14: NO | I14: ='Necesidades Trimestrales (2)'!F12 -> UNIDAD | J14: ='Necesidades Trimestrales (2)'!AT12 -> 4.2 | K14: ='Necesidades Trimestrales (2)'!AS12 -> 18000 | L14: =+J14*K14 -> 75600 | M14: =+J14*K14 -> 75600
A15: 4 | C15: ='Necesidades Trimestrales (2)'!E13 -> METFORMINA 500 MG COMPRIMIDO | H15: NO | I15: ='Necesidades Trimestrales (2)'!F13 -> UNIDAD | J15: ='Necesidades Trimestrales (2)'!AT13 -> 3.73 | K15: ='Necesidades Trimestrales (2)'!AS13 -> 10000 | L15: =+J15*K15 -> 37300 | M15: =+J15*K15 -> 37300
A16: 5 | C16: ='Necesidades Trimestrales (2)'!E14 -> METFORMINA 850 MG COMPRIMIDO | H16: NO | I16: ='Necesidades Trimestrales (2)'!F14 -> UNIDAD | J16: ='Necesidades Trimestrales (2)'!AT14 -> 5.2 | K16: ='Necesidades Trimestrales (2)'!AS14 -> 30000 | L16: =+J16*K16 -> 156000 | M16: =+J16*K16 -> 156000
A18: Costo total estimado: SEIS MILLONES OCHOCIENTOS DIECISEIS MIL TRESCIENTOS DIEZ con 00/100 | J18: =SUM(L12:L16) -> 6816310 | M18: =SUM(M13:M17) -> 4800310

Sheet APG
A1: EJERCICIO: | D1: 2021 | P1: AUTORIZACION PARA GASTAR
A4: JURISDICCIÓN: | G4: =NP!D3 -> 040 - Ministerio de Salud
A5: SAF: | G5: =NP!D4 -> 011 - Direccion Provincial de Administración - Ministerio de Salud
A6: UNIDAD EJECUTORA: | G6: =NP!D5 -> 469 - DIRECCION PROVINCIAL DE FARMACIA E INSUMOS
A7: DEPENDENCIA SOLICITANTE: | G7: =NP!D6 -> 469 - DIRECCION PROVINCIAL DE FARMACIA E INSUMOS
A8: AUTORIZACIÓN:
A9: Señor Jefe de Servicio Administrativo Financiero:
A10: Autorizo la realización de los trámites correspondientes, a fin de proveer a este Organismo los bienes que se detallan en Nota de pedido y Entrega N° 37/2021, afectando la erogación resultante a los créditos presupuestarios aprobados a favor de esta Unidad Ejecutora, conforme al siguiente detalle:
A12: IMPUTACIÓN PRESUPUESTARIA
A13: CÓDIGO | O13: DENOMINACIÓN DE LA PARTIDA PRESUPUESTARIA | Q13: IMPORTE
A14: PR | B14: SB | C14: PY | D14: AC | E14: OB | F14: UG | G14: FIN | H14: FUN | I14: I | J14: P | K14: P | L14: SubP | M14: M | N14: FF
A15: 30 | D15: 1 | F15: 4901 | G15: 3 | H15: 1 | I15: 2 | J15: 5 | K15: 2 | M15: 1 | N15: 1.1 | O15: Productos Farmacéuticos y Medicinales | Q15: =+'Necesidades Trimestrales (2)'!AU15 -> 6816310
A23: TOTAL DE PESOS: SEIS MILLONES OCHOCIENTOS DIECISEIS MIL TRESCIENTOS DIEZ con 00/100 | Q23: =SUM(Q15:Q22) -> 6816310
A25: JUSTIFICACIÓN:
A26: =NP!D8 -> Adquisicion del RUBRO INSULINAS
