Workbook

Sheet Necesidades Trimestrales
B2: Pedido de Necesidades Trimestrales
A4: JURISDICCION: | C4: 040 - Ministerio de Salud
A5: SAF N°: | C5: 24 - Direccion de Administracion del Hospital Interzonal de Niños
A6: EJERCICIO: | C6: 2022
A7: TRIMESTRE: | C7: 4
A9: ID | B9: CODIGO ITEM | C9: RUBRO DE COMPRA | D9: I.P.P. | E9: DESCRIPCION | F9: UNIDAD DE MEDIDA | G9: CANTIDAD | H9: PRECIO UNITARIO ESTIMADO | I9: IMPORTE TOTAL ESTIMADO
A10: 1 | B10: 2.5.2-1875.133 | C10: PROD. MEDICO/FARMACEUTICOS/LAB | D10: 252 | E10: ANTIASMATICO BRONCODILATADOR; TIPO: MONODROGA, DROGA GENERICA: N-ACETIL CISTEINA 600 MGR, FORMA FARMACEUTICA: TABLETA EFERVESCENTE, PRESENTACION: UNIDAD | F10: UNIDAD | G10: 150 | H10: 35.24 | I10: =+G10*H10 -> 5286
A11: 2 | B11: 2.5.2-2198.8 | C11: PROD. MEDICO/FARMACEUTICOS/LAB | D11: 252 | E11: ANTIDIURETICOS; DROGA GENERICA: VASOPRESINA ACUOSA, FORMA FARMACEUTICA: AMPOLLA, PRESENTACION: 1 mL, TIPO: MONODROGA | F11: CAJA | G11: 10 | H11: 775 | I11: =+G11*H11 -> 7750
A12: 3 | B12: 2.5.2-1821.189 | C12: PROD. MEDICO/FARMACEUTICOS/LAB | D12: 252 | E12: ANTIBIOTICOS P/PERSONAS; DROGA GENERICA: ACIDO FUSIDICO 20MG, FORMA FARMACEUTICA: CREMA, PRESENTACION: POMO X 15 GR, TIPO: MONODROGA | F12: UNIDAD | G12: 20 | H12: 650 | I12: =+G12*H12 -> 13000
A13: 4 | B13: 2.9.5-427.33 | C13: PROD. MEDICO/FARMACEUTICOS/LAB | D13: 252 | E13: APOSITOS; TIPO: HIDROCOLOIDE, TAMAÑO: 15 X 17,5 Cm | F13: UNIDAD | G13: 100 | H13: 1120 | I13: =+G13*H13 -> 112000
A14: 5 | B14: 2.9.5-427.39 | C14: PROD. MEDICO/FARMACEUTICOS/LAB | D14: 252 | E14: APOSITOS; TIPO: HIDROCOLOIDE, TAMAÑO: 10 X 10 Cm | F14: UNIDAD | G14: 100 | H14: 580 | I14: =+G14*H14 -> 58000
A15: 6 | B15: 2.5.2-1855.23 | C15: PROD. MEDICO/FARMACEUTICOS/LAB | D15: 252 | E15: CORTICOESTEROIDES; TIPO: MONODROGA, DROGA GENERICA: BETAMETASONA, FORMA FARMACEUTICA: CREMA, PRESENTACION: 15 GR | F15: UNIDAD | G15: 10 | H15: 280 | I15: =+G15*H15 -> 2800
A16: 7 | B16: 2.5.2-1875.134 | C16: PROD. MEDICO/FARMACEUTICOS/LAB | D16: 252 | E16: ANTIASMATICO BRONCODILATADOR; TIPO: MONODROGA, DROGA GENERICA: BUDESONIDE 200 µGR, FORMA FARMACEUTICA: AEROSOL, PRESENTACION: 100 DOSIS | F16: UNIDAD | G16: 300 | H16: 750 | I16: =+G16*H16 -> 225000
A17: 8 | B17: 2.5.2-2476.50 | C17: PROD. MEDICO/FARMACEUTICOS/LAB | D17: 252 | E17: ANTIALERGICOS-ANTIHISTAMINICOS; TIPO: MONODROGA, DROGA GENERICA: BUDESONIDA 1 MG/ML, FORMA FARMACEUTICA: GOTAS, PRESENTACION: ENVASE X 20 mL | F17: UNIDAD | G17: 500 | H17: 327 | I17: =+G17*H17 -> 163500
A18: 9 | B18: 2.5.2-2476.74 | C18: PROD. MEDICO/FARMACEUTICOS/LAB | D18: 252 | E18: ANTIALERGICOS-ANTIHISTAMINICOS; TIPO: MONODROGA, DROGA GENERICA: DIFENHIDRAMINA 250 MG, FORMA FARMACEUTICA: JARABE, PRESENTACION: FRASCO X 120 mL | F18: FRASCO | G18: 1000 | H18: 199 | I18: =+G18*H18 -> 199000
A19: 10 | B19: 2.5.2-2476.36 | C19: PROD. MEDICO/FARMACEUTICOS/LAB | D19: 252 | E19: ANTIALERGICOS-ANTIHISTAMINICOS; TIPO: MONODROGA, DROGA GENERICA: DIFENHIDRAMINA, FORMA FARMACEUTICA: COMPRIMIDO, PRESENTACION: 50 mGr | F19: COMPRIMIDO | G19: 1000 | H19: 4.65 | I19: =+G19*H19 -> 4650
A20: 11 | B20: 2.5.2-2476.44 | C20: PROD. MEDICO/FARMACEUTICOS/LAB | D20: 252 | E20: ANTIALERGICOS-ANTIHISTAMINICOS; TIPO: MONODROGA, DROGA GENERICA: DIFENHIDRAMINA, FORMA FARMACEUTICA: AMPOLLA, PRESENTACION: 10 mGr | F20: AMPOLLA | G20: 1000 | H20: 55 | I20: =+G20*H20 -> 55000
A21: 12 | B21: 2.5.2-1855.18 | C21: PROD. MEDICO/FARMACEUTICOS/LAB | D21: 252 | E21: CORTICOESTEROIDES; TIPO: MONODROGA, DROGA GENERICA: BETAMETASONA, FORMA FARMACEUTICA: GOTAS, PRESENTACION: 15 mL | F21: UNIDAD | G21: 2000 | H21: 340 | I21: =+G21*H21 -> 680000
... A35: 26 | B35: 2.5.2-2481.3 | C35: PROD. MEDICO/FARMACEUTICOS/LAB | D35: 252 | E35: LAXANTES; TIPO: MONODROGA, DROGA GENERICA: VASELINA, FORMA FARMACEUTICA: SOLIDO, PRESENTACION: 1000 GR | F35: UNIDAD | G35: 30 | H35: 1260 | I35: =+G35*H35 -> 37800
B37: Lugar de Entrega: SERVICIO DE FARMACIA -HOSPITAL INT. DE NIÑOS EVA PERON – AV. VIRGEN DEL VALLE N° 1050-CATAMARCA DE 8:00 A 12:00HS., DEBIENDO CORRER LOS GASTOS DE FLETES, ACARREO, CARGA, DESCARGA Y SEGURO A CARGO DEL ADJUDICATARIO.
B39: Plazo de entrega: 15 dias corridos.
B40: Mantenimiento: 45 dias habiles
B42: Especificidades:
B44: Ítem 2: VASOPRESINA 20UI AMPOLLA CAJA X 5 UNIDADES TIPO NOVOPRESSINA - V
B47: Ítem 12: TIPO CORTEROID GTS
B50: Ítem 18: TIPO DELTISONA GOTAS X 20 ML
B53: Ítem 22: AMPOLLA 0,1 MG/ML CAJA X 5 UNIDADES DE 1 ML TIPO GASTERINA o SANDOSTATIN
B56: Ítem 23: Con AEROCAMARA

Sheet  NotaPedido
A1: NOTA DE PEDIDO | J1: N° | K1: 87/2022
A3: JURISDICCIÓN: | C3: ='Necesidades Trimestrales'!C4 -> 040 - Ministerio de Salud
A4: SAF: | C4: ='Necesidades Trimestrales'!C5 -> 24 - Direccion de Administracion del Hospital Interzonal de Niños
A5: UNIDAD EJECUTORA: | C5: =+C4 -> 24 - Direccion de Administracion del Hospital Interzonal de Niños
A6: DEPENDENCIA SOLICITANTE: | C6: SERVICIO DE FARMACIA
A7: PERIODO UTILIZACIÓN: | C7: Cuatrimestral
A8: OBJETO: | C8: Adquisición de TERAPIA DERMATOLOGICA/SISTEMA GENITOURINARIO Y HORMONAS SEXUALES /HORMONAS SISTEMICAS /CORTICOIDES SISTEMICOS/RESPIRATORIO/ANTIHISTAMINICOS
A10: Ítem | B10: CODIGO ITEM | C10: DESCRIPCIÓN | H10: Adjunta Detalle Técnico | I10: Unidad Medida | J10: Precio Unitario Estimado | K10: Cantidad Solicitada
A12: 1 | B12: =+'Necesidades Trimestrales'!B10 -> 2.5.2-1875.133 | C12: =+'Necesidades Trimestrales'!E10 -> ANTIASMATICO BRONCODILATADOR; TIPO: MONODROGA, DROGA GENERICA: N-ACETIL CISTEINA 600 MGR, FORMA FARMACEUTICA: TABLETA EFERVESCENTE, PRESENTACION: UNIDAD | H12: NO | I12: =+'Necesidades Trimestrales'!F10 -> UNIDAD | J12: =+'Necesidades Trimestrales'!H10 -> 35.24 | K12: =+'Necesidades Trimestrales'!G10 -> 150
A13: 2 | B13: =+'Necesidades Trimestrales'!B11 -> 2.5.2-2198.8 | C13: =+'Necesidades Trimestrales'!E11 -> ANTIDIURETICOS; DROGA GENERICA: VASOPRESINA ACUOSA, FORMA FARMACEUTICA: AMPOLLA, PRESENTACION: 1 mL, TIPO: MONODROGA | H13: SI | I13: =+'Necesidades Trimestrales'!F11 -> CAJA | J13: =+'Necesidades Trimestrales'!H11 -> 775 | K13: =+'Necesidades Trimestrales'!G11 -> 10
A14: 3 | B14: =+'Necesidades Trimestrales'!B12 -> 2.5.2-1821.189 | C14: =+'Necesidades Trimestrales'!E12 -> ANTIBIOTICOS P/PERSONAS; DROGA GENERICA: ACIDO FUSIDICO 20MG, FORMA FARMACEUTICA: CREMA, PRESENTACION: POMO X 15 GR, TIPO: MONODROGA | H14: NO | I14: =+'Necesidades Trimestrales'!F12 -> UNIDAD | J14: =+'Necesidades Trimestrales'!H12 -> 650 | K14: =+'Necesidades Trimestrales'!G12 -> 20
A15: 4 | B15: =+'Necesidades Trimestrales'!B13 -> 2.9.5-427.33 | C15: =+'Necesidades Trimestrales'!E13 -> APOSITOS; TIPO: HIDROCOLOIDE, TAMAÑO: 15 X 17,5 Cm | H15: NO | I15: =+'Necesidades Trimestrales'!F13 -> UNIDAD | J15: =+'Necesidades Trimestrales'!H13 -> 1120 | K15: =+'Necesidades Trimestrales'!G13 -> 100
A16: 5 | B16: =+'Necesidades Trimestrales'!B14 -> 2.9.5-427.39 | C16: =+'Necesidades Trimestrales'!E14 -> APOSITOS; TIPO: HIDROCOLOIDE, TAMAÑO: 10 X 10 Cm | H16: NO | I16: =+'Necesidades Trimestrales'!F14 -> UNIDAD | J16: =+'Necesidades Trimestrales'!H14 -> 580 | K16: =+'Necesidades Trimestrales'!G14 -> 100
A17: 6 | B17: =+'Necesidades Trimestrales'!B15 -> 2.5.2-1855.23 | C17: =+'Necesidades Trimestrales'!E15 -> CORTICOESTEROIDES; TIPO: MONODROGA, DROGA GENERICA: BETAMETASONA, FORMA FARMACEUTICA: CREMA, PRESENTACION: 15 GR | H17: NO | I17: =+'Necesidades Trimestrales'!F15 -> UNIDAD | J17: =+'Necesidades Trimestrales'!H15 -> 280 | K17: =+'Necesidades Trimestrales'!G15 -> 10
A18: 7 | B18: =+'Necesidades Trimestrales'!B16 -> 2.5.2-1875.134 | C18: =+'Necesidades Trimestrales'!E16 -> ANTIASMATICO BRONCODILATADOR; TIPO: MONODROGA, DROGA GENERICA: BUDESONIDE 200 µGR, FORMA FARMACEUTICA: AEROSOL, PRESENTACION: 100 DOSIS | H18: NO | I18: =+'Necesidades Trimestrales'!F16 -> UNIDAD | J18: =+'Necesidades Trimestrales'!H16 -> 750 | K18: =+'Necesidades Trimestrales'!G16 -> 300
A19: 8 | B19: =+'Necesidades Trimestrales'!B17 -> 2.5.2-2476.50 | C19: =+'Necesidades Trimestrales'!E17 -> ANTIALERGICOS-ANTIHISTAMINICOS; TIPO: MONODROGA, DROGA GENERICA: BUDESONIDA 1 MG/ML, FORMA FARMACEUTICA: GOTAS, PRESENTACION: ENVASE X 20 mL | H19: NO | I19: =+'Necesidades Trimestrales'!F17 -> UNIDAD | J19: =+'Necesidades Trimestrales'!H17 -> 327 | K19: =+'Necesidades Trimestrales'!G17 -> 500
A20: 9 | B20: =+'Necesidades Trimestrales'!B18 -> 2.5.2-2476.74 | C20: =+'Necesidades Trimestrales'!E18 -> ANTIALERGICOS-ANTIHISTAMINICOS; TIPO: MONODROGA, DROGA GENERICA: DIFENHIDRAMINA 250 MG, FORMA FARMACEUTICA: JARABE, PRESENTACION: FRASCO X 120 mL | H20: NO | I20: =+'Necesidades Trimestrales'!F18 -> FRASCO | J20: =+'Necesidades Trimestrales'!H18 -> 199 | K20: =+'Necesidades Trimestrales'!G18 -> 1000
A21: 10 | B21: =+'Necesidades Trimestrales'!B19 -> 2.5.2-2476.36 | C21: =+'Necesidades Trimestrales'!E19 -> ANTIALERGICOS-ANTIHISTAMINICOS; TIPO: MONODROGA, DROGA GENERICA: DIFENHIDRAMINA, FORMA FARMACEUTICA: COMPRIMIDO, PRESENTACION: 50 mGr | H21: NO | I21: =+'Necesidades Trimestrales'!F19 -> COMPRIMIDO | J21: =+'Necesidades Trimestrales'!H19 -> 4.65 | K21: =+'Necesidades Trimestrales'!G19 -> 1000
A22: 11 | B22: =+'Necesidades Trimestrales'!B20 -> 2.5.2-2476.44 | C22: =+'Necesidades Trimestrales'!E20 -> ANTIALERGICOS-ANTIHISTAMINICOS; TIPO: MONODROGA, DROGA GENERICA: DIFENHIDRAMINA, FORMA FARMACEUTICA: AMPOLLA, PRESENTACION: 10 mGr | H22: NO | I22: =+'Necesidades Trimestrales'!F20 -> AMPOLLA | J22: =+'Necesidades Trimestrales'!H20 -> 55 | K22: =+'Necesidades Trimestrales'!G20 -> 1000
A23: 12 | B23: =+'Necesidades Trimestrales'!B21 -> 2.5.2-1855.18 | C23: =+'Necesidades Trimestrales'!E21 -> CORTICOESTEROIDES; TIPO: MONODROGA, DROGA GENERICA: BETAMETASONA, FORMA FARMACEUTICA: GOTAS, PRESENTACION: 15 mL | H23: SI | I23: =+'Necesidades Trimestrales'!F21 -> UNIDAD | J23: =+'Necesidades Trimestrales'!H21 -> 340 | K23: =+'Necesidades Trimestrales'!G21 -> 2000
... A37: 26 | B37: =+'Necesidades Trimestrales'!B35 -> 2.5.2-2481.3 | C37: =+'Necesidades Trimestrales'!E35 -> LAXANTES; TIPO: MONODROGA, DROGA GENERICA: VASELINA, FORMA FARMACEUTICA: SOLIDO, PRESENTACION: 1000 GR | H37: NO | I37: =+'Necesidades Trimestrales'!F35 -> UNIDAD | J37: =+'Necesidades Trimestrales'!H35 -> 1260 | K37: =+'Necesidades Trimestrales'!G35 -> 30
A38: Costo total estimado: Siete millones Setecientos veintisiete Mil ciento cincuenta y cinco con 00/100. | J38: =SUMPRODUCT(J12:J37,K12:K37) -> 7727155

Sheet Autor Gastar
A1: EJERCICIO: | D1: ='Necesidades Trimestrales'!C6 -> 2022 | P1: AUTORIZACION PARA GASTAR
A4: JURISDICCIÓN: | G4: =' NotaPedido'!C3 -> 040 - Ministerio de Salud
A5: SAF: | G5: =' NotaPedido'!C4 -> 24 - Direccion de Administracion del Hospital Interzonal de Niños
A6: UNIDAD EJECUTORA: | G6: =' NotaPedido'!C5 -> 24 - Direccion de Administracion del Hospital Interzonal de Niños
A7: DEPENDENCIA SOLICITANTE: | G7: =' NotaPedido'!C6 -> SERVICIO DE FARMACIA
A8: AUTORIZACIÓN:
A9: Señor Jefe de Servicio Administrativo Financiero:
A10: ="Autorizo la realización de los trámites correspondientes, a fin de proveer a este Organismo los bienes y/o servicios que se detallan en Nota de Pedido N° " & ' NotaPedido'!K1&", afectando la erogación resultante a los créditos presupuestarios aprobados a favor de esta Unidad Ejecutora, conforme al siguiente detalle:" -> Autorizo la realización de los trámites correspondientes, a fin de proveer a este Organismo los bienes y/o servicios que se detallan en Nota de Pedido N° 87/2022, afectando la erogación resultante a los créditos presupuestarios aprobados a favor de esta Unidad Ejecutora, conforme al siguiente detalle:
A12: IMPUTACIÓN PRESUPUESTARIA
A13: CÓDIGO | O13: DENOMINACIÓN DE LA PARTIDA PRESUPUESTARIA | Q13: IMPORTE
A14: PR | B14: SB | C14: PY | D14: AC | E14: OB | F14: UG | G14: FIN | H14: FUN | I14: I | J14: P | K14: P | L14: SubP | M14: M | N14: FF
A15: 36 | D15: 1 | F15: 4901 | G15: 3 | H15: 310 | I15: 2 | J15: 5 | K15: 2 | M15: 1 | N15: 1.1 | O15: Productos Farmacéuticos y Medicinales | Q15: =+' NotaPedido'!J38 -> 7727155
A23: TOTAL DE PESOS: Siete millones Setecientos veintisiete Mil ciento cincuenta y cinco con 00/100. | Q23: =SUM(Q15:Q22) -> 7727155
A25: JUSTIFICACIÓN:
A26: Para la adquisición de TERAPIA DERMATOLOGICA/SISTEMA GENITOURINARIO Y HORMONAS SEXUALES /HORMONAS SISTEMICAS /CORTICOIDES ISSTEMICOS/RESPIRATORIO/ANTIHISTAMINICOS destinados al servico de Faramacia del Hospital de Niños Eva Perón.
