Workbook

Sheet Necesidades Trimestrales
B2: Pedido de Necesidades Trimestrales
A4: JURISDICCION: | C4: 90 - Ministerio de Seguridad
A5: SAF N°: | C5: 7 - Direccion de Administracion de la Policia de la Provincia de Catamarca
A6: EJERCICIO: | C6: 2021
A7: TRIMESTRE: | C7: 1
A9: ID | B9: CODIGO ITEM | C9: RUBRO DE COMPRA | D9: I.P.P. | E9: DESCRIPCION | F9: UNIDAD DE MEDIDA | G9: CANTIDAD | H9: PRECIO UNITARIO ESTIMADO | I9: IMPORTE TOTAL ESTIMADO
A10: 1 | B10: 2.1.2-2888.2 | C10: ALIMENTOS | D10: =LEFT(B10,5) -> 2.1.2 | E10: ALIMENTOS Y FORRAJES; TIPO: HENO DE ALFALFA, PRESENTACION: FARDO X 25 A 40 Kg, CAPACIDAD: 25 A 40 Kg, DESTINATARIO: GANADO EQUINO, USO: GANADO EQUINO | F10: FARDO | G10: 2000 | H10: 700 | I10: =G10*H10 -> 1400000
A11: 2 | B11: 2.1.2-2888.16 | C11: ALIMENTOS | D11: =LEFT(B11,5) -> 2.1.2 | E11: ALIMENTOS Y FORRAJES; TIPO: MAIZ, PRESENTACION: GRANEL, CAPACIDAD: SIN VALOR, DESTINATARIO: GANADO EQUINO, USO: GANADO EQUINO | F11: KILOGRAMOS | G11: 6480 | H11: 40.17 | I11: =G11*H11 -> 260301.6
A12: 3 | B12: 2.1.2-2875.2 | C12: ALIMENTOS | D12: =LEFT(B12,5) -> 2.1.2 | E12: ALIMENTO P/PERRO; TIPO: PERRO ADULTO, SABOR: POLLO-PESCADO-CARNE, PRESENTACION: BOLSA X 20 Kg, CAPACIDAD: 20 Kg | F12: UNIDAD | G12: 50 | H12: 5960 | I12: =G12*H12 -> 298000
I13: =SUM(I10:I12) -> 1958301.6
B14: Especificidades de todos los Items.
B15: Descripción técnica
C17: Para ITEM 2 maiz quebrado presentacion en bolsas. Primera Calidad.-
B18: Descripción técnica
C20: Para ITEM 3 Alimento para Canes. Deberá contener: Proteína cruda (min) 30%, grasas (min) (20,0%); Fibra cruda (máx.) 3.0; Calcio (min) 1.2 %, calcio (máx.) 1.3%, fosforo (min) 0.9%. Fósforo (máx.) 1.1%, Humedad (máx) 10%, cenizas 7%. Vitamina A 20.000 UI/KG, Vitamina D3 2.500 UI/Kg., Vitamina E 250 UI/Kg., Vitamina C (ácido ascórbico) 150mg/Kg. Glucosamina 280 mg/kg. Condroilin. Sulfato 250 mg/kg. Omega 3 (min) 0,4%. Omega 6 (min) 2,4%. Energía Metabolizable 4.380 Kcal/Kg.-
B21: Plazos y lugares de entrega
C22: a) LUGAR DE ENTREGA: Departamento Logística, sito en Av. Felix Avellaneda RP N° 33 KM 2., SUMALAO - VALLE VIEJO. De 08 a 12 horas. b) FORMA DE LA ENTREGA: Libre de flete, acarreo y embalaje, como así también, de todo riesgo de pérdida o destrucción total o parcial, por causas ajenas a la Institución. c) PLAZO DE ENTREGA: El Oferente deberá establecer plazo de entrega de los elementos cotizados, debiendo ser expresado en días hábiles; que no podrá ser superior a cinco (5) días hábiles, contados a partir de la recepción de la comunicación prevista en el Artículo 80° de del Reglamento Parcial N° 2 de la ley 4938.
B24: Calidad Minima esperada
C25: Que Cumpla con lo Solicitado de Forma Integra. Primera Calidad.-
B26: Mantenimiento
C27: *
B28: Garantia
C29: *

Sheet  NotaPedido
A1: NOTA DE PEDIDO | J1: N° | K1: 12/2021
A3: JURISDICCIÓN: | D3: ='Necesidades Trimestrales'!C4 -> 90 - Ministerio de Seguridad
A4: SAF: | D4: ='Necesidades Trimestrales'!C5 -> 7 - Direccion de Administracion de la Policia de la Provincia de Catamarca
A5: UNIDAD EJECUTORA: | D5: Policía de la Provincia de Catamarca
A6: DEPENDENCIA SOLICITANTE: | D6: División Policía Montada y División Canes - Policía de Catamarca.
A7: PERIODO UTILIZACIÓN: | D7: 1° Trimestre - Año 2021
A8: OBJETO: | D8: Adquisición de alimentos para animales.
A10: Ítem | B10: Codigo Item | C10: DESCRIPCIÓN | H10: Adjunta Detalle Técnico | I10: Unidad Medida | J10: Precio Unitario Estimado | K10: Cantidad Solicitada
A12: 1 | B12: ='Necesidades Trimestrales'!B10 -> 2.1.2-2888.2 | C12: ='Necesidades Trimestrales'!E10 -> ALIMENTOS Y FORRAJES; TIPO: HENO DE ALFALFA, PRESENTACION: FARDO X 25 A 40 Kg, CAPACIDAD: 25 A 40 Kg, DESTINATARIO: GANADO EQUINO, USO: GANADO EQUINO | H12: NO | I12: FARDO | J12: ='Necesidades Trimestrales'!H10 -> 700 | K12: ='Necesidades Trimestrales'!G10 -> 2000
A13: 2 | B13: ='Necesidades Trimestrales'!B11 -> 2.1.2-2888.16 | C13: ='Necesidades Trimestrales'!E11 -> ALIMENTOS Y FORRAJES; TIPO: MAIZ, PRESENTACION: GRANEL, CAPACIDAD: SIN VALOR, DESTINATARIO: GANADO EQUINO, USO: GANADO EQUINO | H13: SI | I13: BOLSA | J13: ='Necesidades Trimestrales'!H11 -> 40.17 | K13: ='Necesidades Trimestrales'!G11 -> 6480
A14: ='Necesidades Trimestrales'!A12 -> 3 | B14: ='Necesidades Trimestrales'!B12 -> 2.1.2-2875.2 | C14: ='Necesidades Trimestrales'!E12 -> ALIMENTO P/PERRO; TIPO: PERRO ADULTO, SABOR: POLLO-PESCADO-CARNE, PRESENTACION: BOLSA X 20 Kg, CAPACIDAD: 20 Kg | H14: SI | I14: UNIDAD | J14: ='Necesidades Trimestrales'!H12 -> 5960 | K14: ='Necesidades Trimestrales'!G12 -> 50
A15: Costo total estimado: PESOS UN MILLÓN NOVENCIENTOS CINCUENTA Y OCHO MIL TRECIENTOS UNO CON 60/100.- | J15: =SUMPRODUCT(+J12:J14,K12:K14) -> 1958301.6

Sheet Autor Gastar
A1: EJERCICIO: | D1: ='Necesidades Trimestrales'!C6 -> 2021 | P1: AUTORIZACION PARA GASTAR
A4: JURISDICCIÓN: | G4: =' NotaPedido'!D3 -> 90 - Ministerio de Seguridad
A5: SAF: | G5: =' NotaPedido'!D4 -> 7 - Direccion de Administracion de la Policia de la Provincia de Catamarca
A6: UNIDAD EJECUTORA: | G6: =' NotaPedido'!D5 -> Policía de la Provincia de Catamarca
A7: DEPENDENCIA SOLICITANTE: | G7: =' NotaPedido'!D6 -> División Policía Montada y División Canes - Policía de Catamarca.
A8: AUTORIZACIÓN:
A9: Señor Jefe de Servicio Administrativo Financiero:
A10: ="Autorizo la realización de los trámites correspondientes, a fin de proveer a este Organismo los bienes y/o servicios que se detallan en Nota de Pedido N° " & ' NotaPedido'!K1&", afectando la erogación resultante a los créditos presupuestarios aprobados a favor de esta Unidad Ejecutora, conforme al siguiente detalle:" -> Autorizo la realización de los trámites correspondientes, a fin de proveer a este Organismo los bienes y/o servicios que se detallan en Nota de Pedido N° 12/2021, afectando la erogación resultante a los créditos presupuestarios aprobados a favor de esta Unidad Ejecutora, conforme al siguiente detalle:
A12: IMPUTACIÓN PRESUPUESTARIA
A13: CÓDIGO | O13: DENOMINACIÓN DE LA PARTIDA PRESUPUESTARIA | Q13: IMPORTE
A14: PR | B14: SB | C14: PY | D14: AC | E14: OB | F14: UG | G14: FIN | H14: FUN | I14: I | J14: P | K14: P | L14: SubP | M14: M | N14: FF
A15: 16 | B15: 0 | C15: 0 | D15: 1 | E15: 0 | F15: 10 | G15: 2 | H15: 210 | I15: =LEFT(G15,5) -> 2 | J15: 1 | K15: 2 | L15: 0 | M15: 1 | N15: 1.1 | O15: ALIMENTOS PARA ANIMALES | Q15: ='Necesidades Trimestrales'!I13 -> 1958301.6
A16: TOTAL DE PESOS: | Q16: =Q15 -> 1958301.6
A17: PESOS UN MILLÓN NOVENCIENTOS CINCUENTA Y OCHO MIL TRECIENTOS UNO CON 60/100.-
A18: JUSTIFICACIÓN:
A19: Adquisición de alimentos para Animales, destinados a la División Policía Montada y Division Canes de la Policía de la Provincia de Catamarca con el fin de Realizar las Racciones Diarias que Consumen los Estudiantes Alojados en esta Dependencia.
