Workbook

Sheet Necesidades Trimestrales
B2: Pedido de Necesidades Trimestrales
A4: JURISDICCION: | C4: 95 - Ministerio de Cultura, Turismo y Deporte.-
A5: SAF N°: | C5: 18 - Secretaria de Administracion y Recursos Humanos.-
A6: EJERCICIO: | C6: 2022
A7: TRIMESTRE: | C7: 2° Trimestre
A10: ID | B10: CODIGO ITEM | C10: RUBRO DE COMPRA | D10: I.P.P. | E10: DESCRIPCION | F10: UNIDAD DE MEDIDA | G10: CANTIDAD | H10: PRECIO UNITARIO ESTIMADO | I10: IMPORTE TOTAL ESTIMADO
A11: 1 | B11: 4.3.2-147.19 | C11: EQUIPOS.- | D11: =LEFT(B11,5) -> 4.3.2 | E11: ACOPLADOS TANQUE; CAPACIDAD: 3500 L, DIAM. BOCA DESCARGA: 2 PULG, CHASIS: DESDE 4,76 MM DE ESPESOR, CANT. Y TIPO DE EJE: 1 EJE FIJO Y 1 EJE MOVIL, DIAM. RODADO: 16 PULG. | F11: UNIDAD | G11: 1 | H11: 1074199.5 | I11: =G11*H11 -> 1074199.5
I15: =SUM(I11:I14) -> 1074199.5
B17: Especificidades Item N° 1:
B19: Descripción técnica:
C20: Chasis contruido en chapa SAE1010 desde 4,76mm de espesor; Pasarela delantera y trasera para desplazamiento de operarios como minimo; Tanto eje delantero como el trasero son del tipo tubular desde 2 1/2" de diametro soportados por paquetes de elasticos simples como minimo, con puntas de eje acero SAE 1045 montadas sobre ejes conicos; Tren delantero de vuelta completa como minimo, con aro giratorio a bolitas prelubricado. Deberan presentar folletos ilustrativos, manuales, imágenes, detalle de características Técnicas y toda documentación que estime conveniente para análisis de las ofertas.
B21: Plazo y Lugar de entrega:
C22: El plazo de entrega no podrá ser superior a los Siete (07) días hábiles a partir de la fecha de recepción de la respectiva Orden de Compra. La entrega de dichos bienes se realizará en la Secretaría de Administracion y Recursos Humanos del Ministerio de Cultura, Turismo y Deporte, sito en Avda. Mexico S/N° - Predio Ferial Catamarca, en la ciudad de San Fernando del Valle de Catamarca de 8:00hs. a 13:00hs. debiendo correr los gastos de fletes, acarreo, carga, descarga y seguro a cargo del adjudicatario. Se presentará Remito que deberá cumplimentar lo dispuesto por la R.G. AFIP 1415/03, sin excepción.
B23: Calidad Minima esperada:
C24: NUEVO SIN USO
B25: Mantenimiento:
C26: CUARENTA Y CINCO (45) DIAS HABILES.-
B27: Garantia:
C28: COMO MINIMO 1 AÑO

Sheet Nota Pedido
A1: NOTA DE PEDIDO | J1: N° | K1: 014/2022
A3: JURISDICCIÓN: | D3: ='Necesidades Trimestrales'!C4 -> 95 - Ministerio de Cultura, Turismo y Deporte.-
A4: SAF: | D4: ='Necesidades Trimestrales'!C5 -> 18 - Secretaria de Administracion y Recursos Humanos.-
A5: UNIDAD EJECUTORA: | D5: Ministerio de Cultura, Turismo y Deporte
A6: DEPENDENCIA SOLICITANTE: | D6: Ministerio de Cultura, Turismo y Deporte
A7: PERIODO UTILIZACIÓN: | D7: ='Necesidades Trimestrales'!C7 & " - Año " & 'Necesidades Trimestrales'!C6 -> 2° Trimestre - Año 2022
A8: OBJETO: | D8: Adquisición de acoplado tanque para el Ministerio de Cultura, Turismo y Deporte.-
A10: Ítem | B10: Codigo Item | C10: DESCRIPCIÓN | H10: Adjunta Detalle Técnico | I10: Unidad Medida | J10: Cantidad Solicitada | K10: Precio Unitario Estimado
A12: ='Necesidades Trimestrales'!A11 -> 1 | B12: ='Necesidades Trimestrales'!B11 -> 4.3.2-147.19 | C12: ='Necesidades Trimestrales'!E11 -> ACOPLADOS TANQUE; CAPACIDAD: 3500 L, DIAM. BOCA DESCARGA: 2 PULG, CHASIS: DESDE 4,76 MM DE ESPESOR, CANT. Y TIPO DE EJE: 1 EJE FIJO Y 1 EJE MOVIL, DIAM. RODADO: 16 PULG. | H12: SI | I12: ='Necesidades Trimestrales'!F11 -> UNIDAD | J12: ='Necesidades Trimestrales'!G11 -> 1 | K12: =+'Necesidades Trimestrales'!H11 -> 1074199.5
A14: Costo total estimado: | C14: UN MILLON SETENTA Y CUATRO MIL CIENTO NOVENTA Y NUEVE CON 50/100 CENTAVOS.- | J14: =+J12*K12 -> 1074199.5

Sheet APG
A1: EJERCICIO: | D1: ='Necesidades Trimestrales'!C6 -> 2022 | P1: AUTORIZACION PARA GASTAR
A4: JURISDICCIÓN: | G4: ='Nota Pedido'!D3 -> 95 - Ministerio de Cultura, Turismo y Deporte.-
A5: SAF: | G5: ='Nota Pedido'!D4 -> 18 - Secretaria de Administracion y Recursos Humanos.-
A6: UNIDAD EJECUTORA: | G6: ='Nota Pedido'!D5 -> Ministerio de Cultura, Turismo y Deporte
A7: DEPENDENCIA SOLICITANTE: | G7: ='Nota Pedido'!D6 -> Ministerio de Cultura, Turismo y Deporte
A8: AUTORIZACIÓN:
A9: Señor Jefe de Servicio Administrativo Financiero:
A10: ="Autorizo la realización de los trámites correspondientes, a fin de proveer a este Organismo los bienes y/o servicios que se detallan en Nota de Pedido N° "&'Nota Pedido'!K1&", afectando la erogación resultante a los créditos presupuestarios aprobados a favor de esta Unidad Ejecutora, conforme al siguiente detalle:" -> Autorizo la realización de los trámites correspondientes, a fin de proveer a este Organismo los bienes y/o servicios que se detallan en Nota de Pedido N° 014/2022, afectando la erogación resultante a los créditos presupuestarios aprobados a favor de esta Unidad Ejecutora, conforme al siguiente detalle:
A12: IMPUTACIÓN PRESUPUESTARIA
A13: CÓDIGO | O13: DENOMINACIÓN DE LA PARTIDA PRESUPUESTARIA | Q13: IMPORTE
A14: PR | B14: SB | C14: PY | D14: AC | E14: OB | F14: UG | G14: FIN | H14: FUN | I14: I | J14: P | K14: P | L14: SubP | M14: M | N14: FF
A15: 36 | B15: 0 | C15: 0 | D15: 1 | E15: 0 | F15: 4901 | G15: 3 | H15: 4 | I15: 4 | J15: 3 | K15: 2 | L15: 0 | M15: 1 | N15: 1.1 | O15: Equipo de Transporte, Tracción y Elevación.- | Q15: ='Nota Pedido'!J14 -> 1074199.5
A19: ="TOTAL DE PESOS: " & 'Nota Pedido'!C14 -> TOTAL DE PESOS: UN MILLON SETENTA Y CUATRO MIL CIENTO NOVENTA Y NUEVE CON 50/100 CENTAVOS.- | Q19: =SUM(Q15:Q18) -> 1074199.5
A21: JUSTIFICACIÓN:
A22: ='Nota Pedido'!D8 -> Adquisición de acoplado tanque para el Ministerio de Cultura, Turismo y Deporte.-
