Workbook

Sheet SAF 011
A1: 2022
B2: Pedido de Necesidades Trimestrales
A4: JURISDICCION: | C4: 040 - MINISTERIO DE SALUD
A5: SAF N°: | C5: 011 - DIRECCION PROVINCIAL DE ADMINISTRACION - MINISTERIO DE SALUD
A6: EJERCICIO: | C6: 2022
A7: TRIMESTRE: | C7: PRIMERO
A9: ID | B9: CODIGO ITEM | C9: RUBRO DE COMPRA | D9: I.P.P. | E9: DESCRIPCION | F9: UNIDAD DE MEDIDA | G9: SECRETARIA DE ADMINISTRACION | H9: TOTAL S.A. | I9: SMPyPS | J9: TOTAL SMPyPS | K9: DIR. LAB. CENTRAL | L9: TOTAL DE LAB CENTRAL | M9: BCO DE SANGRE | N9: TOTAL BANCO DE SANGRE | O9: APS | P9: TOTAL A.P.S. | Q9: DIR DE CANCER | R9: TOTAL DE DIR DE CANCER | S9: FARMACIA | T9: TOTAL FARMACIA | U9: ODONTOLOGIA | V9: TOTAL DE ODONTOLOG | W9: SAME | X9: TOTAL SAME | Y9: HPTAL MALBRAN | Z9: TOTAL HPTAL MALBRAN | AA9: MATERNIDAD E INFANCIA | AB9: TOTAL MATERNIDAD E INFANCIA | AC9: SASP | AD9: TOTAL SASP | AE9: SALUD Y MEDIO AMBIENTE | AF9: TOTAL SALUD Y MEDIO AMBIENTE | AG9: VECTORES Y ZOONOSIS | AH9: TOTAL DE VECT Y ZOON | AI9: CRONICAS | AJ9: TOTAL CRONICAS | AK9: CUR | AL9: TOTAL CUR | AM9: SPyGS | AN9: TOTAL SPyGS | AO9: SALUD MENTAL | AP9: TOTAL SALUD MENTAL | AQ9: AREAS Y DPAS | AR9: TOTAL DPAS | AS9: EPIDEMIOLOGIA | AT9: TOTAL EPIDEMIOLOGIA | AU9: AREA 1 | AV9: TOTAL AREA 1 | AW9: CANTIDAD TOTAL | AX9: PRECIO UNITARIO ESTIMADO | AY9: IMPORTE TOTAL ESTIMADO | AZ9: ESPECIFICACION TECNICA
A10: 1 | B10: 2.2.2.-836.493 | C10: INDUMENT TEXTIL Y CONFECCIONES | D10: 2.2.2 | E10: AMBO; SACO: RECTO Y PANTALON, TELA: POLIESTER - VICOSA | F10: UNIDAD | AM10: 30 | AN10: =+AM10*AX10 -> 210000 | AW10: =+AQ10+AO10+AM10+AK10+AI10+AG10+AE10+AC10+AA10+Y10+W10+U10+S10+Q10+O10+M10+K10+I10+AS10+G10+AU10 -> 30 | AX10: 7000 | AY10: =+AW10*AX10 -> 210000
A11: 2 | B11: 2.2.2-6729.61 | C11: INDUMENT TEXTIL Y CONFECCIONES | D11: 2.2.2 | E11: CALZADOS; TIPO: BOTAS, MATERIAL: CUERO, SUELA: GOMA, SEXO: MASCULINO | F11: UNIDAD | AM11: 25 | AN11: =+AM11*AX11 -> 100000 | AW11: =+AQ11+AO11+AM11+AK11+AI11+AG11+AE11+AC11+AA11+Y11+W11+U11+S11+Q11+O11+M11+K11+I11+AS11+G11+AU11 -> 25 | AX11: 4000 | AY11: =+AW11*AX11 -> 100000
A12: 3 | B12: 2.2.2-6731.27 | C12: INDUMENT TEXTIL Y CONFECCIONES | D12: 2.2.2 | E12: CAMISAS; TIPO: DE TRABAJO, TELA: GRAFA, MANGA: LARGA, COSTURA: REFORZADA, BOLSILLO: 2 | F12: UNIDAD | AM12: 25 | AN12: =+AM12*AX12 -> 87500 | AW12: =+AQ12+AO12+AM12+AK12+AI12+AG12+AE12+AC12+AA12+Y12+W12+U12+S12+Q12+O12+M12+K12+I12+AS12+G12+AU12 -> 25 | AX12: 3500 | AY12: =+AW12*AX12 -> 87500
A13: 4 | B13: 2.2.2-1721.17 | C13: INDUMENT TEXTIL Y CONFECCIONES | D13: 2.2.2 | E13: DELANTALES; TIPO: P/CONSULTORIO MEDICO, MATERIAL: ACROCEL, PROTECCION: SIN | F13: UNIDAD | AM13: 30 | AN13: =+AM13*AX13 -> 165000 | AW13: =+AQ13+AO13+AM13+AK13+AI13+AG13+AE13+AC13+AA13+Y13+W13+U13+S13+Q13+O13+M13+K13+I13+AS13+G13+AU13 -> 30 | AX13: 5500 | AY13: =+AW13*AX13 -> 165000
A14: 5 | B14: 2.2.2-6738.22 | C14: INDUMENT TEXTIL Y CONFECCIONES | D14: 2.2.2 | E14: PANTALONES; TELA: GRAFA, SEXO: MASCULINO, TIPO: DE TRABAJO | F14: UNIDAD | AM14: 25 | AN14: =+AM14*AX14 -> 87500 | AW14: =+AQ14+AO14+AM14+AK14+AI14+AG14+AE14+AC14+AA14+Y14+W14+U14+S14+Q14+O14+M14+K14+I14+AS14+G14+AU14 -> 25 | AX14: 3500 | AY14: =+AW14*AX14 -> 87500
E15: TOTAL RUBRO VESTIMENTA | AY15: =+SUM(AY10:AY14) -> 650000
C17: DETALLE TECNICO Y ESPECIFICACIONES | D17: VER ANEXO I
C19: Plazos de entrega | D19: DIEZ (10) dias habiles
C21: Lugar de Entrega: | D21: SECRETARIA DE PLANIFICACION Y GESTION EN SALUD - CHACABUCO N° 169 - en el horario de 8:00hs a 12:00hs de lunes a viernes
C23: Calidad Minima esperada
C25: Mantenimiento | D25: cuarenta y cinco (45) días

Sheet ANEXO
A1: ANEXO
A3: Especificidades Item N° 1
A4: Descripción técnica: Ambos
A5: Talles: S=5 ; M=10 ; L=10 ; XL=5 ; XXL=5 ; XXXL=5 (total: 30 Ambos)
A7: Especificidades Item N° 2
A8: Descripción técnica: Botin de trabajo (Cuero y Goma)
A9: Talles: T38=1 ; T39=1 ; T40=3 ; T41=5 ; T42=4 ; T43=6 ; T44=2 ; T45=2 ; T48=1 (total: 25 calzados)
A11: Especificidades Item N° 3
A12: Descripción técnica: Camisas de trabajo (Grafa)
A13: Talles: T40=4 ; T42=3 ; T44=2 ; T46=6 ; T48=5 ; T50=3 ; T52=1 (total: 25 camisas)
A15: Especificidades Item N° 4:
A16: Descripción técnica: Delantales
... A21: Talles: T38=1 ; T40=1 ; T42=1 ; T44=1 ; T46=5 ; T48=4 ; T50=5 ; T52=4 ; T54=1 ; T60=2 (total: 25 pantalones)

Sheet NP
A1: NOTA DE PEDIDO | J1: N° | K1: 03/2022
A3: JURISDICCIÓN: | D3: ='SAF 011'!C4 -> 040 - MINISTERIO DE SALUD
A4: SAF: | D4: ='SAF 011'!C5 -> 011 - DIRECCION PROVINCIAL DE ADMINISTRACION - MINISTERIO DE SALUD
A5: UNIDAD EJECUTORA: | D5: SECRETARIA DE PLANIFICACION Y GESTION EN SALUD
A6: DEPENDENCIA SOLICITANTE: | D6: SECRETARIA DE PLANIFICACION Y GESTION EN SALUD
A7: PERIODO UTILIZACIÓN: | D7: EJERCICIO 2022
A8: OBJETO: | D8: ADQUISICION DEL RUBRO VESTIMENTA
A10: Ítem | B10: Codigo Item | C10: DESCRIPCIÓN | H10: Adjunta Detalle Técnico | I10: Unidad Medida | J10: Precio Unitario Estimado | K10: Cantidad Solicitada
A12: 1 | B12: ='SAF 011'!B10 -> 2.2.2.-836.493 | C12: ='SAF 011'!E10 -> AMBO; SACO: RECTO Y PANTALON, TELA: POLIESTER - VICOSA | H12: SI | I12: ='SAF 011'!F10 -> UNIDAD | J12: ='SAF 011'!AX10 -> 7000 | K12: ='SAF 011'!AM10 -> 30 | M12: =+J12*K12 -> 210000
A13: 2 | B13: ='SAF 011'!B11 -> 2.2.2-6729.61 | C13: ='SAF 011'!E11 -> CALZADOS; TIPO: BOTAS, MATERIAL: CUERO, SUELA: GOMA, SEXO: MASCULINO | H13: SI | I13: ='SAF 011'!F11 -> UNIDAD | J13: ='SAF 011'!AX11 -> 4000 | K13: ='SAF 011'!AM11 -> 25 | M13: =+J13*K13 -> 100000
A14: 3 | B14: ='SAF 011'!B12 -> 2.2.2-6731.27 | C14: ='SAF 011'!E12 -> CAMISAS; TIPO: DE TRABAJO, TELA: GRAFA, MANGA: LARGA, COSTURA: REFORZADA, BOLSILLO: 2 | H14: SI | I14: ='SAF 011'!F12 -> UNIDAD | J14: ='SAF 011'!AX12 -> 3500 | K14: ='SAF 011'!AM12 -> 25 | M14: =+J14*K14 -> 87500
A15: 4 | B15: ='SAF 011'!B13 -> 2.2.2-1721.17 | C15: ='SAF 011'!E13 -> DELANTALES; TIPO: P/CONSULTORIO MEDICO, MATERIAL: ACROCEL, PROTECCION: SIN | H15: SI | I15: ='SAF 011'!F13 -> UNIDAD | J15: ='SAF 011'!AX13 -> 5500 | K15: ='SAF 011'!AM13 -> 30 | M15: =+J15*K15 -> 165000
A16: 5 | B16: ='SAF 011'!B14 -> 2.2.2-6738.22 | C16: ='SAF 011'!E14 -> PANTALONES; TELA: GRAFA, SEXO: MASCULINO, TIPO: DE TRABAJO | H16: SI | I16: ='SAF 011'!F14 -> UNIDAD | J16: ='SAF 011'!AX14 -> 3500 | K16: ='SAF 011'!AM14 -> 25 | M16: =+J16*K16 -> 87500
A18: Costo total estimado: SIESCIENTOS CINCUENTA MIL CON 00/100.- | J18: =+M18 -> 650000 | M18: =SUM(M12:M17) -> 650000

Sheet APG
A1: EJERCICIO: | D1: 2022 | P1: AUTORIZACION PARA GASTAR
A4: JURISDICCIÓN: | G4: =NP!D3 -> 040 - MINISTERIO DE SALUD
A5: SAF: | G5: =NP!D4 -> 011 - DIRECCION PROVINCIAL DE ADMINISTRACION - MINISTERIO DE SALUD
A6: UNIDAD EJECUTORA: | G6: =NP!D5 -> SECRETARIA DE PLANIFICACION Y GESTION EN SALUD
A7: DEPENDENCIA SOLICITANTE: | G7: =NP!D6 -> SECRETARIA DE PLANIFICACION Y GESTION EN SALUD
A8: AUTORIZACIÓN:
A9: Señor Director de Administración o Titular del Servicio Administrativo Financiero:
A10: Autorizo la realización de los trámites correspondientes, a fin de proveer a este Organismo los bienes que se detallan en Nota de Pedido N° 03/2022 afectando la erogación resultante a los créditos presupuestarios aprobados a favor de esta Unidad Ejecutora, conforme al siguiente detalle:
A12: IMPUTACIÓN PRESUPUESTARIA
A13: CÓDIGO | O13: DENOMINACIÓN DE LA PARTIDA PRESUPUESTARIA | Q13: IMPORTE
A14: PR | B14: SB | C14: PY | D14: AC | E14: OB | F14: UG | G14: FIN | H14: FUN | I14: I | J14: P | K14: P | L14: SubP | M14: M | N14: FF
A15: 2 | D15: 1 | F15: 4901 | G15: 1 | H15: 3 | I15: 2 | J15: 2 | K15: 2 | M15: 1 | N15: 1.1 | O15: PRENDAS DE VESTIR | Q15: 150000
A16: 2 | D16: 3 | F16: 4901 | G16: 1 | H16: 3 | I16: 2 | J16: 2 | K16: 2 | M16: 1 | N16: 1.1 | O16: PRENDAS DE VESTIR | Q16: 300000
A17: 2 | D17: 4 | F17: 4901 | G17: 1 | H17: 3 | I17: 2 | J17: 2 | K17: 2 | M17: 1 | N17: 1.1 | O17: PRENDAS DE VESTIR | Q17: 200000
A38: TOTAL DE PESOS: SEISCIENTOS CINCUENTA MIL CON 00/100.- | Q38: =SUM(Q15:Q37) -> 650000
A40: JUSTIFICACIÓN:
A41: =NP!D8 -> ADQUISICION DEL RUBRO VESTIMENTA
