Workbook

Sheet Necesidades Trimestrales
B2: Pedido de Necesidades Trimestrales
A4: JURISDICCION: | C4: 90 - Ministerio de Seguridad
A5: SAF N°: | C5: 7- Dirección Provincial de Administración de la Policía de la Provincia de Catamarca
A6: EJERCICIO: | C6: 2022
A7: TRIMESTRE: | C7: 3
A9: ID | B9: CODIGO ITEM | C9: RUBRO DE COMPRA | D9: I.P.P. | E9: DESCRIPCION | F9: UNIDAD DE MEDIDA | G9: CANTIDAD | H9: PRECIO UNITARIO ESTIMADO | I9: IMPORTE TOTAL ESTIMADO
A10: 1 | B10: 2.4.4-6818.744 | C10: REPUESTOS | D10: 2.4.4. | E10: NEUMATICOS; VEHICULO: CAMIONETA, CONSTRUCCION: RADIAL, ARMADO: S/CAMARA, MEDIDA: 235/70R16 | F10: UNIDAD | G10: 128 | H10: 70000 | I10: =G10*H10 -> 8960000
A11: 2 | B11: 2.4.4-6818.530 | C11: REPUESTOS | D11: 2.4.4. | E11: NEUMATICOS; VEHICULO: CAMIONETA, CONSTRUCCION: RADIAL, ARMADO: S/CAMARA, MEDIDA: 245/70R16 | F11: UNIDAD | G11: 6 | H11: 85100 | I11: =G11*H11 -> 510600
A12: 3 | B12: 2.4.4-6818.244 | C12: REPUESTOS | D12: 2.4.4. | E12: NEUMATICOS; VEHICULO: AUTOMOVIL, CONSTRUCCION: RADIAL, ARMADO: S/CAMARA, MEDIDA: 205/55R16 | F12: UNIDAD | G12: 2 | H12: 59000 | I12: =G12*H12 -> 118000
A13: 4 | B13: 2.4.4-6818.97 | C13: REPUESTOS | D13: 2.4.4. | E13: NEUMATICOS; VEHICULO: AUTOMOVIL, ARMADO: S/CAMARA, MEDIDA: 175/70R14, CONSTRUCCION: RADIAL | F13: UNIDAD | G13: 4 | H13: 44200 | I13: =G13*H13 -> 176800
A14: 5 | B14: 2.4.4-6818.97 | C14: REPUESTOS | D14: 2.4.4. | E14: NEUMATICOS; VEHICULO: AUTOMOVIL, ARMADO: S/CAMARA, MEDIDA: 175/70R14, CONSTRUCCION: RADIAL | F14: UNIDAD | G14: 4 | H14: 44200 | I14: =G14*H14 -> 176800
A15: 6 | B15: 2.4.4-6818.89 | C15: REPUESTOS | D15: 2.4.4. | E15: NEUMATICOS; VEHICULO: AUTOMOVIL, CONSTRUCCION: CONVENCIONAL, ARMADO: C/CAMARA, MEDIDA: 185/60R14 | F15: UNIDAD | G15: 2 | H15: 47000 | I15: =G15*H15 -> 94000
A16: 7 | B16: 2.4.4-6818.891 | C16: REPUESTOS | D16: 2.4.4. | E16: NEUMATICOS; VEHICULO: MINIBUS, CONSTRUCCION: RADIAL, ARMADO: SIN CAMARA, MEDIDA: 195/75R16 | F16: UNIDAD | G16: 2 | H16: 83900 | I16: =G16*H16 -> 167800
A17: 8 | B17: 2.4.4-6818.810 | C17: REPUESTOS | D17: 2.4.4. | E17: NEUMATICOS; VEHICULO: MINIBUS, CONSTRUCCION: RADIAL, ARMADO: S/CAMARA, MEDIDA: 225/75R16 | F17: UNIDAD | G17: 2 | H17: 75000 | I17: =G17*H17 -> 150000
A18: 9 | B18: 2.4.4-6818.989 | C18: REPUESTOS | D18: 2.4.4. | E18: NEUMATICOS; VEHICULO: CAMIONETA, CONSTRUCCION: RADIAL, ARMADO: S/CAMARA, MEDIDA: 225/70 R17 | F18: UNIDAD | G18: 70 | H18: 84000 | I18: =G18*H18 -> 5880000
A19: 10 | B19: 2.4.4-6818.1032 | C19: REPUESTOS | D19: 2.4.4. | E19: NEUMATICOS; VEHICULO: CAMION, CONSTRUCCION: RADIAL, ARMADO: S/CAMARA, MEDIDA: SEGUN PLIEGO | F19: UNIDAD | G19: 2 | H19: 145000 | I19: =G19*H19 -> 290000
A20: 11 | B20: 2.4.4-6818.412 | C20: REPUESTOS | D20: 2.4.4. | E20: NEUMATICOS; VEHICULO: CAMION, CONSTRUCCION: RADIAL, ARMADO: S/CAMARA, MEDIDA: 275/80R22.5 | F20: UNIDAD | G20: 2 | H20: 321100 | I20: =G20*H20 -> 642200
A21: 12 | B21: 2.4.4-6818.148 | C21: REPUESTOS | D21: 2.4.4 | E21: NEUMATICOS; VEHICULO: MOTO, CONSTRUCCION: RADIAL, ARMADO: SIN VALOR, MEDIDA: 120/90R18 | F21: UNIDAD | G21: 20 | H21: 17390 | I21: =G21*H21 -> 347800
... A32: 23 | B32: 2.4.4-6818.203 | C32: REPUESTOS | D32: 2.4.4. | E32: NEUMATICOS; VEHICULO: CUATRICICLO, CONSTRUCCION: RADIAL, ARMADO: S/CAMARA, MEDIDA: 25 X 10-12 | F32: UNIDAD | G32: 2 | H32: 38000 | I32: =G32*H32 -> 76000
I34: =SUM(I10:I32) -> 21997130
B35: Especificidades
B36: Item N° : 01
C37: Descripción técnica | D37: MARCA TOYOTA/VOLKSWAGEN. MODELO: HILUX/AMAROK ELEMENTO: NEUMATICO MED. 235/70/16 CANTIDAD: 80 /AMAROK- 48/HILUX
B38: Item N° : 02
C39: Descripción técnica | D39: MARCA CHEVROLET MODELO: S-10 ELEMENTO: NEUMATICOS MED. 245/70/16
B40: Item N° : 03
C41: Descripción técnica | D41: MARCA TOYOTA MODELO: COROLA ELEMENTO: NEUMATICOS MED. 205/55/16
B42: Item N° : 04
C43: Descripción técnica | D43: MARCA TOYOTA MODELO: ETIOS ELEMENTO: NEUMATICO MED. 175/70/14
B44: Item N° : 05
C45: Descripción técnica | D45: MARCA FIAT MODELO: FIORINO ELEMENTO: NEUMATICO MED. 175/70/14
B46: Item N° : 06
C47: Descripción técnica | D47: MARCA CITROEN MODELO: BERLINGO ELEMENTO: NEUMATICO MED. 185/60/14
B48: Item N° : 07
C49: Descripción técnica | D49: MARCA: FORD MODELO: TRANSIT ELEMENTO: NEUMATICO PARA COMBI MED.195/75/16
B50: Item N° : 08
C51: Descripción técnica | D51: MARCA: MERCEDEZ BENZ MODELO: SPLINTER ELEMENTO: NEUMATICO PARA MINIBUS MED.225/75/16
B52: Item N° : 09
C53: Descripción técnica | D53: MARCA TOYOTA MODELO: HILUX AÑO: 2020 ELEMENTO: NEUMATICO PARA CAMIONETA MED.225/70/17
B54: Item N° : 10
C55: Descripción técnica | D55: MARCA: VOLKSWAGEN MODELO: 13,180 ELEMENTO: NEUMATICO PARA CAMION MED. 11 R22,5
B56: Item N° : 11
C57: Descripción técnica | D57: MARCA: FORD MODELO: CARGO 1832 ELEMENTO: NEUMATICO PARA CAMION MED. 275/80/22,5
B58: Item N° : 12
C59: Descripción técnica | D59: ELEMENTO: NEUMATICO PARA MOTOCICLETA GILERA 200 CC MED. 120/90/18. CON CAMARA
B60: Item N° : 13
C61: Descripción técnica | D61: ELEMENTO: NEUMATICO PARA MOTOCICLETA HONDA TWISTER 250 CC MED. 140/70/17
B62: Item N° : 14
C63: Descripción técnica | D63: ELEMENTO: NEUMATICO PARA MOTOCICLETA HONDA HONDA XR 150 CC MED. 110/90/17
B64: Item N° : 15
C65: Descripción técnica | D65: ELEMENTO: NEUMATICO PARA MOTOCICLETA HONDA HONDA XR 150 CC MED. 90/90/19
B66: Item N° : 16
C67: Descripción técnica | D67: ELEMENTO: NEUMATICO PARA MOTOCICLETA YAMAHA XTZ 250 CC Y CORVEN TRIAX 250 CC MED. 120/80/18 CANTIDAD: 19 UNIDADES YAMAHA/ 18 UNIDADES CORVEN TRIAX
B68: Item N° : 17
C69: Descripción técnica | D69: ELEMENTO: NEUMATICO PARA MOTOCICLETA BENELLI TRK 502 CC MED. 160/60/17
B70: Item N° : 18
C71: Descripción técnica | D71: ELEMENTO: NEUMATICO PARA MOTOCICLETA BENELLI TRK 502 CC MED. 120/70/17
B72: Item N° : 19 | D72: ELEMENTO: NEUMATICO PARA MOTOCICLETA HONDA TORNADO 250 CC Y YAMAHA XTZ 250 CC MED. 90/90/21 CANTIDAD: 10 UNIDADES HONDA TORNADO 250; 10 UNIDADES YAMAHA XTZ 250
C73: Descripción técnica
B74: Item N° : 20
C75: Descripción técnica | D75: ELEMENTO: NEUMATICO PARA MOTOCICLETA HONDA FALCON MED. 130/80/17
B76: Item N° : 21
C77: Descripción técnica | D77: ELEMENTO: NEUMATICO PARA CAMION FORD 1119, 235/75/17.5
B78: Item N° : 22
C79: Descripción técnica | D79: ELEMENTO: NEUMATICO PARA MOTOCICLETA TWISTER 250 C.C. 100/80/17
B80: Item N° : 23
C81: Descripción técnica | D81: ELEMENTO: NEUMATICO PARA CUATRICICLO HONDA FOREMAN SIN CAMARA RODADO 25X10-12
B82: Plazos y lugares de entrega
C83: a) LUGAR DE ENTREGA: Departamento Logística, sito en Av. Felix Avellaneda RP N° 33 KM 2., SUMALAO - VALLE VIEJO. De 08 a 12 horas. b) FORMA DE LA ENTREGA: Libre de flete, acarreo y embalaje, como así también, de todo riesgo de pérdida o destrucción total o parcial, por causas ajenas a la Institución. c) PLAZO DE ENTREGA: Las entregas se realizarán a requerimiento de acuerdo, a las Solicitudes de Provisión que se realicen. Se estima emitir una cantidad aproximada de 2 (DOS) Solicitudes de Provisión de la cantidad solicitada, en un plazo de 2 (Dos) meses: 1° Solic.de Provisión: aprox.a los 2 (Dos) dias hábiles de la firma del instrumento contractual. 2° Solic.de Provisión: Aprox. a los 30 días de la firma del instrumento contractual. Plazo de cumplimiento de cada Solicitud de Provisión: a los 5 días hábiles de notificada la misma, según necesidades del Organismo solicitante. Forma de Pago: Se solicita Pagos parciales por cada Solicitud de Provisión emitida, una vez finalizada la entrega de las cantidades contenidas en la misma.
B84: Calidad Minima esperada
C85: Que Cumpla con lo Solicitado de Forma Integra. Los neumáticos deberan ser de fabricación 2021
B86: Mantenimiento
C87: 30 (treinta) días
B88: Garantia
C89: 12 meses cómo mínimo A partir de la fecha de entrega

Sheet PARQ. AUTOMOTOR
B1: AUTOMOVILES
B2: TIPO | C2: DOMINIO | D2: MARCA | E2: MODELO | F2: AÑO | G2: MOTOR | H2: CHASIS
A3: 1 | B3: AUTO | C3: HKX-841 | D3: CHEVROLET | E3: CORSA | F3: 2008 | G3: 7H5145376 | H3: 8AGSB19N09R102420
A4: 2 | B4: AUTO | C4: MXR-598 | D4: CHEVROLET | E4: CORSA -SPIRIT LT 1.4 | F4: 2013 | G4: T85170250 | H4: 8AGSC1950ER113477
A5: 3 | B5: AUTO | C5: MXR-597 | D5: CHEVROLET | E5: CORSA -SPIRIT LT 1.4 | F5: 2013 | G5: T85170468 | H5: 8AGSC1950ER113641
A6: 4 | B6: AUTO | C6: MXR-595 | D6: CHEVROLET | E6: CORSA -SPIRIT LT 1.4 | F6: 2013 | G6: T85170446 | H6: 8AGSC1950ER113711
A7: 5 | B7: AUTO | C7: KSV-199 | D7: FIAT | E7: SIENA | F7: 2011 | G7: 178F4055-2176328 | H7: 8AP17269HC 2241027
A8: 6 | B8: AUTO | C8: PHO-196 | D8: FIAT | E8: PALIO ATTRACTIVE 1,4 | F8: 2015 | G8: 327A0552346624 | H8: 8AP196475F4123099
A9: 7 | B9: AUTO | C9: PHO-195 | D9: FIAT | E9: PALIO ATTRACTIVE 1,4 | F9: 2015 | G9: 327A0552366431 | H9: 8AP196475F4124427
A10: 8 | B10: AUTO | C10: OAU-662 | D10: FIAT | E10: SIENA | F10: 2014 | G10: 310A20111946352 | H10: 8AP372316E6089443
A11: 9 | B11: AUTO | C11: EUE-056 | D11: VOLKSWAGEN | E11: POLO | F11: 2005 | G11: 1Y958444 | H11: 8AWZZZ9EZ5A688395
A12: 10 | B12: AUTO | C12: HKX-868 | D12: VOLKSWAGEN | E12: POLO CLASICC 1.6 | F12: 2008 | G12: UVC038611 | H12: 8AWZZZ9EZ9A002754
A13: 11 | B13: AUTO | C13: AE-097-AN | D13: RENAULT | E13: KWID 1,0 ZEN | F13: 2020 | G13: B4DA405Q063865 | H13: 93YRBB00XLJ268999
A14: 12 | B14: AUTO | C14: AB-538-JJ | D14: CHEVROLET | E14: PRISMA JOY LS | F14: 2017 | G14: GFK038284 | H14: 9BGKL69THG251124
... A24: 22 | B24: AUTO | C24: AB-322-SC | D24: TOYOTA | E24: ETIOS X 1,5 M/T 5P | F24: 2017 | G24: 2NR4073730 | H24: 9BRK29BT9H0111908
B25: CAMIONES
B26: TIPO | C26: DOMINIO | D26: MARCA | E26: MODELO | F26: AÑO | G26: MOTOR | H26: CHASIS
A27: 1 | B27: AUTOBOMBA B-10 | C27: HDT-554 | D27: FORD | E27: 4000 | F27: 2009 | G27: 30254572 | H27: 9BFLF47988B050027
A28: 2 | B28: AUTOBOMBA B-12 | C28: AD-016-LU | D28: FORD | E28: CARGO 1119-42 | F28: 2018 | G28: 36585550 | H28: 9BFWEA7B4JBS44819
A29: 3 | B29: AUTOBOMBA B-9 | C29: IFJ-295 | D29: FORD | E29: CARGO 1832 | F29: 2009 | G29: 36047899 | H29: 9BFYCAWYO9BB16113
A30: 4 | B30: CAMION JAULA | C30: FZT-783 | D30: MERCEDEZ BENZ | E30: L-1218,6L | F30: 2007 | G30: 904938U0701544 | H30: 9BM6940007B503596
A31: 5 | B31: CAMION RAMPA 9150 | C31: HVU-681 | D31: VOLKSWAGEN | F31: 2009 | G31: 36057009 | H31: 9BWAA52R39R848365
A32: 6 | B32: CAMION TERMICO 9150E | C32: HVU-682 | D32: VOLKSWAGEN | E32: 91.50 | F32: 2009 | G32: 36059297 | H32: 9BWAA52R09R850042
A33: 7 | B33: CAMION VOLCADOR | C33: HVU-683 | D33: VOLKSWAGEN | E33: 13180 | F33: 2009 | G33: G1T111162 | H33: 9BWB172S09R907813
A34: 8 | B34: AUTOBOMBA B-8 | C34: HVU-684 | D34: VOLKSWAGEN | E34: 13.180 | F34: 2009 | G34: G1T110738 | H34: 9BWB172S89R905534
B35: UTILITARIOS
B36: TIPO | C36: DOMINIO | D36: MARCA | E36: MODELO | F36: AÑO | G36: MOTOR | H36: CHASIS
A37: 1 | B37: FURGON | C37: AF-093-LT | D37: MERCEDEZ BENZ | E37: SPRINTER 311 CDI STREET FURGON 3250 | F37: 2021 | G37: 651958W0130709 | H37: 8AC907631NE208727
A38: 2 | B38: MINIBUS | C38: AD-363-UL | D38: FORD | E38: TRANSIT BUS 2.2L 460E (CAP. 16 PERS.) | F38: 2018 | G38: UHR5JTS31196 | H38: WF0DXMTTGJTS31196
A39: 3 | B39: UTILITARIO | C39: AD-016-LM | D39: FIAT | E39: FIORINO FURGONETA | F39: 2018 | G39: 327A0553238892 | H39: 9BD265524J9099595
A40: 4 | B40: UTILITARIO | C40: OPX-344 | D40: RENAULT | E40: KANGOO | F40: 2015 | G40: K4MJ730Q144802 | H40: 8A1FC1315FL498441
A41: 5 | B41: UTILITARIO | C41: OPX-343 | D41: RENAULT | E41: KANGOO | F41: 2015 | G41: K4MJ730Q153135 | H41: 8A1FC1315FL738957
A42: 6 | B42: UTILITARIO | C42: OOT-964 | D42: FIAT | E42: DUCATO MAXICARGO | F42: 2014 | G42: 7185440 | H42: 93W245G84E2120321
A43: 7 | B43: UTILITARIO | C43: FPF-665 | D43: MERCEDEZ BENZ | E43: SPRINTER | F43: 2006 | G43: 61198170043501 | H43: 8AC9036726A944356
A44: 8 | B44: UTILITARIO | C44: HKX-864 | D44: CITROEN | E44: BERLINGO | F44: 2008 | G44: 10DXBE0049749 | H44: 8BCMBWJZF9G504328
A45: 9 | B45: UTILITARIO | C45: HKX-863 | D45: CITROEN | E45: BERLINGO | F45: 2008 | G45: 10DXBE0047228 | H45: 8BCMBWJZF9G555587
A46: 10 | B46: UTILITARIO | C46: HMW-858 | D46: RENAULT | E46: MASTER DCI 120 | F46: 2008 | G46: G9UA724CO41695 | H46: 93YCDDUH59J082362
B47: CAMIONETAS
B48: TIPO | C48: DOMINIO | D48: MARCA | E48: MODELO | F48: AÑO | G48: MOTOR | H48: CHASIS
A49: 1 | B49: CAMIONETA | C49: AE-317-XK | D49: TOYOTA | E49: HILUX 4X2 D/C PACK DX 2,5 TDI | F49: 2020 | G49: 2GD-0701409 | H49: 8AJDB3CD0L1302672
A50: 2 | B50: CAMIONETA | C50: AE-317-XN | D50: TOYOTA | E50: HILUX 4X2 D/C PACK DX 2,5 TDI | F50: 2020 | G50: 2GD-0764118 | H50: 8AJDB3CD1L1302535
A51: 3 | B51: CAMIONETA | C51: AE-317-XW | D51: TOYOTA | E51: HILUX 4X2 D/C PACK DX 2,5 TDI | F51: 2020 | G51: 2GD0760807 | H51: 8AJDB3CD3L1302407
A52: 4 | B52: CAMIONETA | C52: AE-290-OZ | D52: TOYOTA | E52: HILUX 4X2 D/C PACK DX 2,5 TDI | F52: 2020 | G52: 2GD-G163823 | H52: 8AJDB3CD3L1303055
A53: 5 | B53: CAMIONETA | C53: AE-317-XD | D53: TOYOTA | E53: HILUX 4X2 D/C PACK DX 2,5 TDI | F53: 2020 | G53: 2GD-G164085 | H53: 8AJDB3CD3L1303072
A54: 6 | B54: CAMIONETA | C54: AE-317-XS | D54: TOYOTA | E54: HILUX 4X2 D/C PACK DX 2,5 TDI | F54: 2020 | G54: 2GD0764293 | H54: 8AJDB3CD4L1302531
A55: 7 | B55: CAMIONETA | C55: AE-317-XJ | D55: TOYOTA | E55: HILUX 4X2 D/C PACK DX 2,5 TDI | F55: 2020 | G55: 2GD0767416 | H55: 8AJDB3CD4L1302626
A56: 8 | B56: CAMIONETA | C56: AE-317-XM | D56: TOYOTA | E56: HILUX 4X2 D/C PACK DX 2,5 TDI | F56: 2020 | G56: 2GD0757946 | H56: 8AJDB3CD5L1302487
A57: 9 | B57: CAMIONETA | C57: AE-317-XV | D57: TOYOTA | E57: HILUX 4X2 D/C PACK DX 2,5 TDI | F57: 2020 | G57: 2GD0757781 | H57: 8AJDB3CD5L1302490
A58: 10 | B58: CAMIONETA | C58: AE-290-OX | D58: TOYOTA | E58: HILUX 4X2 D/C PACK DX 2,5 TDI | F58: 2020 | G58: 2GD-G156166 | H58: 8AJDB3CD5L1302800
A59: 11 | B59: CAMIONETA | C59: AE-317-XC | D59: TOYOTA | E59: HILUX 4X2 D/C PACK DX 2,5 TDI | F59: 2020 | G59: 2GD-G163505 | H59: 8AJDB3CD6L1303034
A60: 12 | B60: CAMIONETA | C60: AE-317-XL | D60: TOYOTA | E60: HILUX 4X2 D/C PACK DX 2,5 TDI | F60: 2020 | G60: 2GD0755592 | H60: 8AJDB3CD7L1302586
... A97: 64 | B97: CAMIONETA | C97: PIO-406 | D97: VOLKSWAGEN | E97: AMAROK 4X2 STARTLINE 2,0 | F97: 2015 | G97: CNF059329 | H97: 8AWDD42H0GA003509
B98: TIPO | C98: DOMINIO | D98: MARCA | E98: MODELO | F98: AÑO | G98: MOTOR | H98: CHASIS
A99: 22 | B99: CAMIONETA | C99: BZY-790 | D99: FORD | E99: EXPLORER XLT TODO TERRENO | F99: 1998 | G99: A57945 | H99: 1FMZU34X9WUA57945
A100: 23 | B100: CAMIONETA | C100: PIO-393 | D100: VOLKSWAGEN | E100: AMAROK 4X2 STARTLINE 2,2 | F100: 2015 | G100: CNF057844 | H100: 8ADD42H5GA003392
A101: 24 | B101: CAMIONETA | C101: JKL 258 | D101: FORD | E101: RANGER DC 4X4 | F101: 2010 | G101: L1A004476 | H101: 8AFER13P2BJ383598
A102: 25 | B102: CAMIONETA | C102: OYW-527 | D102: TOYOTA | E102: HILUX 4X2 D/C PACK DX 2,5 TDI | F102: 2015 | G102: 2KD-A786575 | H102: 8AJER32G0F4057855
A103: 26 | B103: CAMIONETA | C103: OYW-528 | D103: TOYOTA | E103: HILUX 4X2 D/C PACK DX 2,5 TDI | F103: 2015 | G103: 2KD-A786461 | H103: 8AJER32G0F4057855
A104: 27 | B104: CAMIONETA | C104: PEG-687 | D104: TOYOTA | E104: HILUX 4X2 D/C PACK DX 2,5 TDI | F104: 2015 | G104: 2KD-A839103 | H104: 8AJER32G0F4059587
A105: 28 | B105: CAMIONETA | C105: LJT-997 | D105: TOYOTA | E105: HILUX 4X2 D/C PACK DX 2,5 TDI | F105: 2012 | G105: 2KD-5647509 | H105: 8AJER32G1C4041563
A106: 29 | B106: CAMIONETA | C106: PCN-063 | D106: TOYOTA | E106: HILUX 4X2 D/C PACK DX 2,5 TDI | F106: 2015 | G106: 2KD-A824596 | H106: 8AJER32G2F4059204
A107: 30 | B107: CAMIONETA | C107: OYW-526 | D107: TOYOTA | E107: HILUX 4X2 D/C PACK DX 2,5 TDI | F107: 2015 | G107: 2KD-A789175 | H107: 8AJER32G3F4057901
A108: 31 | B108: CAMIONETA | C108: LJU-007 | D108: TOYOTA | E108: HILUX 4X2 D/C PACK DX 2,5 TDI | F108: 2012 | G108: 2KD-56522718 | H108: 8AJER32G4C4041640
A109: 32 | B109: CAMIONETA | C109: PHV-803 | D109: TOYOTA | E109: HILUX 4X2 D/C PACK DX 2,5 TDI | F109: 2015 | G109: 2KD-A865632 | H109: 8AJER32G4F4061858
A110: 33 | B110: CAMIONETA | C110: LJT-998 | D110: TOYOTA | E110: HILUX 4X2 D/C PACK DX 2,5 TDI | F110: 2012 | G110: 2KD-5640371 | H110: 8AJER32G5C4041467
... A182: 112 | B182: CAMIONETA | C182: FHM-882 | D182: CHEVROLET | E182: S-10 STD 4X2 | F182: 2005 | G182: M1T239064 | H182: 9BG138BC06C406383
A183: CUATRICICLOS
B184: TIPO | C184: DOMINIO | D184: MARCA | E184: MODELO | F184: AÑO | G184: MOTOR | H184: CHASIS
A185: 1 | B185: CUATRICICLO | C185: 046-DXP | D185: HONDA | E185: TRX 500 | F185: 2008 | G185: TE31E-8310887 | H185: 1HFTE31U084300651
A186: 2 | B186: CUATRICICLO | C186: 047-DXP | D186: HONDA | E186: TRX 500 | F186: 2008 | G186: TE31E-8310850 | H186: 1HRTE31U884300655
B187: MOTOCICLETAS
B188: TIPO | C188: DOMINIO | D188: MARCA | E188: MODELO | F188: AÑO | G188: MOTOR | H188: CHASIS
A189: 1 | B189: MOTOCICLETA | C189: 130-JGI | D189: HONDA | E189: XR125 L | F189: 2013 | G189: JC30E-6773126 | H189: 8CHJD19A6CL000775
A190: 2 | B190: MOTOCICLETA | C190: 132-JGI | D190: HONDA | E190: XR125 L | F190: 2013 | G190: JC30E-6774792 | H190: 8CHJD19A6CL001444
A191: 3 | B191: MOTOCICLETA | C191: 131-JGI | D191: HONDA | E191: XR 125 L | F191: 2013 | G191: JC30E-6775258 | H191: 8CHJD19A6CL001488
A192: 4 | B192: MOTOCICLETA | C192: 029-JHC | D192: HONDA | E192: XR125 L | F192: 2013 | G192: JC30E-6773413 | H192: 8CHJD19A6DL001074
A193: 5 | B193: MOTOCICLETA | C193: 025-JHC | D193: HONDA | E193: XR125 L | F193: 2013 | G193: JC30E-6778051 | H193: 8CHJD19A6DL001172
A194: 6 | B194: MOTOCICLETA | C194: 021-JHC | D194: HONDA | E194: XR125 L | F194: 2013 | G194: JC30E-6778252 | H194: 8CHJD19A6DL001609
A195: 7 | B195: MOTOCICLETA | C195: 028-JHC | D195: HONDA | E195: XR125 L | F195: 2013 | G195: JC30E-6775813 | H195: 8CHJD19A6DL004550
A196: 8 | B196: MOTOCICLETA | C196: 020-JHC | D196: HONDA | E196: XR125 L | F196: 2013 | G196: JC30E-6782963 | H196: 8CHJD19A6DL004920
A197: 9 | B197: MOTOCICLETA | C197: 030-JHC | D197: HONDA | E197: XR125 L | F197: 2013 | G197: JC30E-6784828 | H197: 8CHJD19A6DL005108
A198: 10 | B198: MOTOCICLETA | C198: 026-JHC | D198: HONDA | E198: XR125 L | F198: 2013 | G198: JC30E-6784831 | H198: 8CHJD19A6DL005111
A199: 11 | B199: MOTOCICLETA | C199: 027-JHC | D199: HONDA | E199: XR125 L | F199: 2013 | G199: JC30E-6784066 | H199: 8CHJD19A6DL006469
A200: 12 | B200: MOTOCICLETA | C200: 014-JHC | D200: HONDA | E200: XR125 L | F200: 2013 | G200: JC30E-6784069 | H200: 8CHJD19A6DL006471
... A581: 393 | B581: MOTOCICLETA | C581: 468-DEL | D581: TRANSALP | E581: XL-600 | F581: 1999 | G581: PDO6E4100380 | H581: ZDCPD10A0WF109358

Sheet  NotaPedido
A1: NOTA DE PEDIDO | J1: N° | K1: 32/2020
A3: JURISDICCIÓN: | D3: ='Necesidades Trimestrales'!C4 -> 90 - Ministerio de Seguridad
A4: SAF: | D4: ='Necesidades Trimestrales'!C5 -> 7- Dirección Provincial de Administración de la Policía de la Provincia de Catamarca
A5: UNIDAD EJECUTORA: | D5: Jefatura de Policía de la Provincia de Catamarca
A6: DEPENDENCIA SOLICITANTE: | D6: División Transporte- Dpto. Logistica (D-4)
A7: PERIODO UTILIZACIÓN: | D7: ='Necesidades Trimestrales'!C7 & "° Trimestre - Año " & 'Necesidades Trimestrales'!C6 -> 3° Trimestre - Año 2022
A8: OBJETO: | D8: Adquisición de CUBIERTAS destinadas a las Unidades Moviles de la Policia de Catamarca.-
A10: Ítem | B10: Codigo Item | C10: DESCRIPCIÓN | H10: Adjunta Detalle Técnico | I10: Unidad Medida | J10: Precio Unitario Estimado | K10: Cantidad Solicitada
A12: 1 | B12: ='Necesidades Trimestrales'!B10 -> 2.4.4-6818.744 | C12: ='Necesidades Trimestrales'!E10 -> NEUMATICOS; VEHICULO: CAMIONETA, CONSTRUCCION: RADIAL, ARMADO: S/CAMARA, MEDIDA: 235/70R16 | H12: SI | I12: UNIDAD | J12: ='Necesidades Trimestrales'!H10 -> 70000 | K12: ='Necesidades Trimestrales'!G10 -> 128
A13: 2 | B13: ='Necesidades Trimestrales'!B11 -> 2.4.4-6818.530 | C13: ='Necesidades Trimestrales'!E11 -> NEUMATICOS; VEHICULO: CAMIONETA, CONSTRUCCION: RADIAL, ARMADO: S/CAMARA, MEDIDA: 245/70R16 | H13: SI | I13: UNIDAD | J13: ='Necesidades Trimestrales'!H11 -> 85100 | K13: ='Necesidades Trimestrales'!G11 -> 6
A14: 3 | B14: ='Necesidades Trimestrales'!B12 -> 2.4.4-6818.244 | C14: ='Necesidades Trimestrales'!E12 -> NEUMATICOS; VEHICULO: AUTOMOVIL, CONSTRUCCION: RADIAL, ARMADO: S/CAMARA, MEDIDA: 205/55R16 | H14: SI | I14: UNIDAD | J14: ='Necesidades Trimestrales'!H12 -> 59000 | K14: ='Necesidades Trimestrales'!G12 -> 2
A15: 4 | B15: ='Necesidades Trimestrales'!B13 -> 2.4.4-6818.97 | C15: ='Necesidades Trimestrales'!E13 -> NEUMATICOS; VEHICULO: AUTOMOVIL, ARMADO: S/CAMARA, MEDIDA: 175/70R14, CONSTRUCCION: RADIAL | H15: SI | I15: UNIDAD | J15: ='Necesidades Trimestrales'!H13 -> 44200 | K15: ='Necesidades Trimestrales'!G13 -> 4
A16: 5 | B16: ='Necesidades Trimestrales'!B14 -> 2.4.4-6818.97 | C16: ='Necesidades Trimestrales'!E14 -> NEUMATICOS; VEHICULO: AUTOMOVIL, ARMADO: S/CAMARA, MEDIDA: 175/70R14, CONSTRUCCION: RADIAL | H16: SI | I16: UNIDAD | J16: ='Necesidades Trimestrales'!H14 -> 44200 | K16: ='Necesidades Trimestrales'!G14 -> 4
A17: 6 | B17: ='Necesidades Trimestrales'!#REF! -> #REF! | C17: ='Necesidades Trimestrales'!#REF! -> #REF! | H17: SI | I17: UNIDAD | J17: ='Necesidades Trimestrales'!#REF! -> #REF! | K17: ='Necesidades Trimestrales'!#REF! -> #REF!
A18: 7 | B18: ='Necesidades Trimestrales'!B15 -> 2.4.4-6818.89 | C18: ='Necesidades Trimestrales'!E15 -> NEUMATICOS; VEHICULO: AUTOMOVIL, CONSTRUCCION: CONVENCIONAL, ARMADO: C/CAMARA, MEDIDA: 185/60R14 | H18: SI | I18: UNIDAD | J18: ='Necesidades Trimestrales'!H15 -> 47000 | K18: ='Necesidades Trimestrales'!G15 -> 2
A19: 8 | B19: ='Necesidades Trimestrales'!#REF! -> #REF! | C19: ='Necesidades Trimestrales'!#REF! -> #REF! | H19: SI | I19: UNIDAD | J19: ='Necesidades Trimestrales'!#REF! -> #REF! | K19: ='Necesidades Trimestrales'!#REF! -> #REF!
A20: 9 | B20: ='Necesidades Trimestrales'!B16 -> 2.4.4-6818.891 | C20: ='Necesidades Trimestrales'!E16 -> NEUMATICOS; VEHICULO: MINIBUS, CONSTRUCCION: RADIAL, ARMADO: SIN CAMARA, MEDIDA: 195/75R16 | H20: SI | I20: UNIDAD | J20: ='Necesidades Trimestrales'!H16 -> 83900 | K20: ='Necesidades Trimestrales'!G16 -> 2
A21: 10 | B21: ='Necesidades Trimestrales'!B17 -> 2.4.4-6818.810 | C21: ='Necesidades Trimestrales'!E17 -> NEUMATICOS; VEHICULO: MINIBUS, CONSTRUCCION: RADIAL, ARMADO: S/CAMARA, MEDIDA: 225/75R16 | H21: SI | I21: UNIDAD | J21: ='Necesidades Trimestrales'!H17 -> 75000 | K21: ='Necesidades Trimestrales'!G17 -> 2
A22: 11 | B22: ='Necesidades Trimestrales'!B18 -> 2.4.4-6818.989 | C22: ='Necesidades Trimestrales'!E18 -> NEUMATICOS; VEHICULO: CAMIONETA, CONSTRUCCION: RADIAL, ARMADO: S/CAMARA, MEDIDA: 225/70 R17 | H22: SI | I22: UNIDAD | J22: ='Necesidades Trimestrales'!H18 -> 84000 | K22: ='Necesidades Trimestrales'!G18 -> 70
A23: 12 | B23: ='Necesidades Trimestrales'!#REF! -> #REF! | C23: ='Necesidades Trimestrales'!#REF! -> #REF! | H23: SI | I23: UNIDAD | J23: ='Necesidades Trimestrales'!#REF! -> #REF! | K23: ='Necesidades Trimestrales'!#REF! -> #REF!
A24: 13 | B24: ='Necesidades Trimestrales'!B19 -> 2.4.4-6818.1032 | C24: ='Necesidades Trimestrales'!E19 -> NEUMATICOS; VEHICULO: CAMION, CONSTRUCCION: RADIAL, ARMADO: S/CAMARA, MEDIDA: SEGUN PLIEGO | H24: SI | I24: UNIDAD | J24: ='Necesidades Trimestrales'!H19 -> 145000 | K24: ='Necesidades Trimestrales'!G19 -> 2
A25: 14 | B25: ='Necesidades Trimestrales'!#REF! -> #REF! | C25: ='Necesidades Trimestrales'!#REF! -> #REF! | H25: SI | I25: UNIDAD | J25: ='Necesidades Trimestrales'!#REF! -> #REF! | K25: ='Necesidades Trimestrales'!#REF! -> #REF!
A26: 15 | B26: ='Necesidades Trimestrales'!B28 -> 2.4.4-6818.631 | C26: ='Necesidades Trimestrales'!E28 -> NEUMATICOS; VEHICULO: MOTO, CONSTRUCCION: RADIAL, ARMADO: C/CAMARA, MEDIDA: 90/90-21 | H26: SI | I26: UNIDAD | J26: ='Necesidades Trimestrales'!H28 -> 137000 | K26: ='Necesidades Trimestrales'!G28 -> 20
A27: 16 | B27: ='Necesidades Trimestrales'!#REF! -> #REF! | C27: ='Necesidades Trimestrales'!#REF! -> #REF! | H27: SI | I27: UNIDAD | J27: ='Necesidades Trimestrales'!#REF! -> #REF! | K27: ='Necesidades Trimestrales'!#REF! -> #REF!
A28: 17 | B28: ='Necesidades Trimestrales'!#REF! -> #REF! | C28: ='Necesidades Trimestrales'!#REF! -> #REF! | H28: SI | I28: UNIDAD | J28: ='Necesidades Trimestrales'!#REF! -> #REF! | K28: ='Necesidades Trimestrales'!#REF! -> #REF!
A29: 18 | B29: ='Necesidades Trimestrales'!#REF! -> #REF! | C29: ='Necesidades Trimestrales'!#REF! -> #REF! | H29: SI | I29: UNIDAD | J29: ='Necesidades Trimestrales'!#REF! -> #REF! | K29: ='Necesidades Trimestrales'!#REF! -> #REF!
A30: Costo total estimado: Pesos . | D30: Trece Millones Quinientos Cuatro Mil Doscientos Cuatro con 00/100. | J30: =SUMPRODUCT(J12:J29,K12:K29) -> #REF!

Sheet Autor Gastar
A1: EJERCICIO: | D1: ='[1]Necesidades Trimestrales'!C6 -> 2021 | P1: AUTORIZACION PARA GASTAR
A4: JURISDICCIÓN: | G4: =' NotaPedido'!D3 -> 90 - Ministerio de Seguridad
A5: SAF: | G5: =' NotaPedido'!D4 -> 7- Dirección Provincial de Administración de la Policía de la Provincia de Catamarca
A6: UNIDAD EJECUTORA: | G6: =' NotaPedido'!D5 -> Jefatura de Policía de la Provincia de Catamarca
A7: DEPENDENCIA SOLICITANTE: | G7: =' NotaPedido'!D6 -> División Transporte- Dpto. Logistica (D-4)
A8: AUTORIZACIÓN:
A9: Señor Jefe de Servicio Administrativo Financiero:
A10: ="Autorizo la realización de los trámites correspondientes, a fin de proveer a este Organismo los bienes y/o servicios que se detallan en Nota de Pedido N° " & ' NotaPedido'!K1&", afectando la erogación resultante a los créditos presupuestarios aprobados a favor de esta Unidad Ejecutora, conforme al siguiente detalle:" -> Autorizo la realización de los trámites correspondientes, a fin de proveer a este Organismo los bienes y/o servicios que se detallan en Nota de Pedido N° 32/2020, afectando la erogación resultante a los créditos presupuestarios aprobados a favor de esta Unidad Ejecutora, conforme al siguiente detalle:
A12: IMPUTACIÓN PRESUPUESTARIA
A13: CÓDIGO | O13: DENOMINACIÓN DE LA PARTIDA PRESUPUESTARIA | Q13: IMPORTE
A14: PR | B14: SB | C14: PY | D14: AC | E14: OB | F14: UG | G14: FIN | H14: FUN | I14: I | J14: P | K14: P | L14: SubP | M14: M | N14: FF
A15: 16 | B15: 0 | C15: 0 | D15: 1 | E15: 0 | F15: 10 | G15: 2 | H15: 1 | I15: 2 | J15: 4 | K15: 4 | L15: 0 | M15: 1 | N15: 1.1 | O15: CUBIERTAS Y CAMARAS DE AIRE | Q15: ='Necesidades Trimestrales'!I33 -> 0
A16: TOTAL DE PESOS | Q16: =+Q15 -> 0
E17: =' NotaPedido'!D30 -> Trece Millones Quinientos Cuatro Mil Doscientos Cuatro con 00/100.
A18: JUSTIFICACIÓN:
A19: =' NotaPedido'!D8 -> Adquisición de CUBIERTAS destinadas a las Unidades Moviles de la Policia de Catamarca.-
