Workbook

Sheet Necesidades Trimestrales (2)
A1: 2021
B2: Pedido de Necesidades Trimestrales
A4: JURISDICCION: | C4: 040 - MINISTERIO DE SALUD
A5: SAF N°: | C5: 011 - DIRECCION PROVINCIAL DE ADMINISTRACION - MINISTERIO DE SALUD
A6: EJERCICIO: | C6: 2021
A7: TRIMESTRE: | C7: TERCER TRIMESTRE
A9: ID | B9: CODIGO ITEM | C9: RUBRO DE COMPRA | D9: I.P.P. | E9: DESCRIPCION | F9: UNIDAD DE MEDIDA | G9: DIR DE ADM | H9: TOTAL DIR ADM | I9: SEC PREV | J9: TOTAL SEC PREVEN | K9: DIR. LAB. CENTRAL | L9: TOTAL DE LAB CENTRAL | M9: BCO DE SANGRE | N9: TOTAL BANCO DE SANGRE | O9: ATENCION PRIMARIA | P9: TOTAL ATENCION PRI | Q9: DIR DE CANCER | R9: TOTAL DE DIR DE CANCER | S9: FARMACIA | T9: TOTAL FARMACIA | U9: ODONTOLOGIA | V9: TOTAL DE ODONTOLOG | W9: SAME | X9: TOTAL DE SAME | Y9: MALBRAN | Z9: HOSPITAL MALBRAN | AA9: maternidade e infancia | AB9: total maternidad | AC9: SEC DE ASIST EN SALUD PUB | AD9: TOTAL SEC EN ASIS EN SAL | AE9: SALUD Y MEDIO AMBIENTE | AF9: TOTAL SALUD Y MEDIO AMBIENTE | AG9: VECTORES Y ZOONOSIS | AH9: TOTAL DE VECT Y ZOON | AI9: SUMAR | AJ9: TOTAL SUMAR | AK9: CUR | AL9: TOTAL CUR | AM9: PLANIFICACION | AN9: TOTAL PLANIFICA | AO9: SALUD MENTAL | AP9: TOTAL SALUD MENTAL | AQ9: AREAS Y DPAS | AR9: TOTAL DPAS | AS9: CANTIDAD TOTAL | AT9: PRECIO UNITARIO ESTIMADO | AU9: IMPORTE TOTAL ESTIMADO | AV9: ESPECIFICACIONES TECNICAS
A10: 1 | B10: 4.3.6-6160.221 | C10: INFORMATICA | D10: 436 | E10: COMPUTADORAS; TIPO: DE ESCRITORIO, CODIGO ETAP: PC-002-00, VERSION ETAP: 23.0 | F10: UNIDAD | AM10: 123 | AN10: =+AM10*AT10 -> 12300000 | AS10: =+AM10 -> 123 | AT10: 100000 | AU10: =+AS10*AT10 -> 12300000 | AV10: Procesador Intel Core I3, 4 nucleos (4hilos), 6 Mb smartcache 4,20 Ghz, modelo 9100 0 superior. Memoria Ram de 6 Gb o superior tipo DDR4. Disco de estado solido de SSD 500Gb o superior. Fuente de poder 550 watts o superior. Placa Madre con salida de video HDMI y VGA. Sistema Operativo Gratuito (OS FREE, Libre). Kit de Teclado, Mouse y parlante.
A11: 2 | B11: 4.3.6-6169.98 | C11: INFORMATICA | D11: 436 | E11: MONITORES; TIPO: TFT/LCD/LED ESTANDAR, CODIGO ETAP: MN-005, VERSION ETAP: 21.0 | F11: UNIDAD | AM11: 123 | AN11: =+AM11*AT11 -> 2460000 | AS11: =+AM11 -> 123 | AT11: 20000 | AU11: =+AS11*AT11 -> 2460000 | AV11: Monitor 19" tecnología LED tamaño de pantalla 18.5". Resolución Maxima:1366 x 768. Relación de Aspecto: 16:9, Angulo de Visión: 170° / 160° (H/V), Colores Despegables: 16.7 Millones de Colores Contraste Dinámico: 50,000,000:1, Brillo: 250 cd/m2, Tiempo de Respuesta: 5 ms Frecuencia de Actualización: 60 Hz Entradas: VGA y HDMI.
A12: 3 | B12: 4.3.6-6160.225 | C12: INFORMATICA | D12: 436 | E12: COMPUTADORAS; TIPO: NOTEBOOK, CODIGO: ETAP PC-006, VERSION: ETAP 24.0 | F12: UNIDAD | AM12: 15 | AN12: =+AM12*AT12 -> 1875000 | AS12: =+AM12 -> 15 | AT12: 125000 | AU12: =+AS12*AT12 -> 1875000 | AV12: Procesador Intel Core I3, 4 nucleos (4hilos), 6 Mb smartcache 4,20 Ghz, modelo 9100 0 superior. Memoria Ram de 8 Gb o superior tipo DDR4. Disco de estado solido de HDD 1TB. Sistema Operativo Windows 10 Home, Tamaño de pantalla 14,1 pulgadas resolucion de pantalla 1366x768, placa de video Intel Conectividad Wi-Fi, puertos 2 usb 3.1 de primera generacion 1 usb 2.0, puerto hdmi, Bluetooth, placa de red, Camara, Teclado numerico, bateria 3 celdas.
A13: 4 | B13: 4.3.6-6191.81 | C13: INFORMATICA | D13: 436 | E13: UPS; TIPO: P/ESTACIONES DE TRABAJO, CODIGO ETAP: UPS-001, VERSION ETAP: 21.0 | F13: UNIDAD | AM13: 123 | AN13: =+AM13*AT13 -> 799500 | AS13: =+AM13 -> 123 | AT13: 6500 | AU13: =+AS13*AT13 -> 799500 | AV13: Voltaje de entrada: 110V/220V, Potencia pico: 500VA, Autonomía máxima de la batería: 18 m, Cantidad de tomas: 4, Tipo de UPS: Interactiva. Rango de estabilización de salida 10%, Tipos de alarma sonora Modo de batería,Sobrecarga,Falla, Dispositivos aptos Faxes,Módems,Computadoras, Teléfonos,Routers, Con botón de encendido/apagado Sí, Con indicador LED Sí, Nivel máximo de ruido 40 dB Potencia pico 500VA, Potencia nominal 500 VA, Voltaje de entrada 110V/220V, Voltaje de salida 220, Denominación de voltaje Monovolt Rango de voltaje de entrada 250w, Rango de voltaje de entrada CA 220; Batería: Autonomía máxima de la batería 18 m Tiempo máximo de carga 4 h.
E14: TOTAL DE EQUIPAMIENTO INFORMATICO | AS14: TOTAL | AU14: =SUM(AU10:AU13) -> 17434500
B17: Especificidades y Descripcion Tecnica
B19: Item 1: | C19: =AV10 -> Procesador Intel Core I3, 4 nucleos (4hilos), 6 Mb smartcache 4,20 Ghz, modelo 9100 0 superior. Memoria Ram de 6 Gb o superior tipo DDR4. Disco de estado solido de SSD 500Gb o superior. Fuente de poder 550 watts o superior. Placa Madre con salida de video HDMI y VGA. Sistema Operativo Gratuito (OS FREE, Libre). Kit de Teclado, Mouse y parlante.
B20: Item 2: | C20: =AV11 -> Monitor 19" tecnología LED tamaño de pantalla 18.5". Resolución Maxima:1366 x 768. Relación de Aspecto: 16:9, Angulo de Visión: 170° / 160° (H/V), Colores Despegables: 16.7 Millones de Colores Contraste Dinámico: 50,000,000:1, Brillo: 250 cd/m2, Tiempo de Respuesta: 5 ms Frecuencia de Actualización: 60 Hz Entradas: VGA y HDMI.
B21: Item 3: | C21: =AV12 -> Procesador Intel Core I3, 4 nucleos (4hilos), 6 Mb smartcache 4,20 Ghz, modelo 9100 0 superior. Memoria Ram de 8 Gb o superior tipo DDR4. Disco de estado solido de HDD 1TB. Sistema Operativo Windows 10 Home, Tamaño de pantalla 14,1 pulgadas resolucion de pantalla 1366x768, placa de video Intel Conectividad Wi-Fi, puertos 2 usb 3.1 de primera generacion 1 usb 2.0, puerto hdmi, Bluetooth, placa de red, Camara, Teclado numerico, bateria 3 celdas.
B22: Item 4: | C22: =AV13 -> Voltaje de entrada: 110V/220V, Potencia pico: 500VA, Autonomía máxima de la batería: 18 m, Cantidad de tomas: 4, Tipo de UPS: Interactiva. Rango de estabilización de salida 10%, Tipos de alarma sonora Modo de batería,Sobrecarga,Falla, Dispositivos aptos Faxes,Módems,Computadoras, Teléfonos,Routers, Con botón de encendido/apagado Sí, Con indicador LED Sí, Nivel máximo de ruido 40 dB Potencia pico 500VA, Potencia nominal 500 VA, Voltaje de entrada 110V/220V, Voltaje de salida 220, Denominación de voltaje Monovolt Rango de voltaje de entrada 250w, Rango de voltaje de entrada CA 220; Batería: Autonomía máxima de la batería 18 m Tiempo máximo de carga 4 h.
B24: Plazos de entrega: | C24: diez (10) días hábiles
B25: Lugar de entrega: | C25: MINISTERIO DE SALUD - Chacabuco N° 169
B27: Calidad Minima esperada
B29: Mantenimiento | C29: 45 días habiles, renovables por igual periodo automáticamente
B31: Garantia | C31: un (1) año

Sheet NP
A1: NOTA DE PEDIDO | J1: N° | K1: 41/2021
A3: JURISDICCIÓN: | D3: 040 - Ministerio de Salud
A4: SAF: | D4: 011 - Direccion Provincial de Administración - Ministerio de Salud
A5: UNIDAD EJECUTORA: | D5: 382 - SECRETARIA DE PLANIFICACION Y GESTION EN SALUD
A6: DEPENDENCIA SOLICITANTE: | D6: 382 - SECRETARIA DE PLANIFICACION Y GESTION EN SALUD
A7: PERIODO UTILIZACIÓN: | D7: 3° TRIMESTRE
A8: OBJETO: | D8: Adquisicion del RUBRO EQUIPAMIENTO INFORMATICO
A10: Ítem | B10: Codigo Item | C10: DESCRIPCIÓN | H10: Adjunta Detalle Técnico | I10: Unidad Medida | J10: Precio Unitario Estimado | K10: Cantidad Solicitada
A12: 1 | B12: ='Necesidades Trimestrales (2)'!B10 -> 4.3.6-6160.221 | C12: ='Necesidades Trimestrales (2)'!E10 -> COMPUTADORAS; TIPO: DE ESCRITORIO, CODIGO ETAP: PC-002-00, VERSION ETAP: 23.0 | H12: SI | I12: ='Necesidades Trimestrales (2)'!F10 -> UNIDAD | J12: ='Necesidades Trimestrales (2)'!AT10 -> 100000 | K12: ='Necesidades Trimestrales (2)'!AS10 -> 123 | M12: =+J12*K12 -> 12300000
A13: 2 | B13: ='Necesidades Trimestrales (2)'!B11 -> 4.3.6-6169.98 | C13: ='Necesidades Trimestrales (2)'!E11 -> MONITORES; TIPO: TFT/LCD/LED ESTANDAR, CODIGO ETAP: MN-005, VERSION ETAP: 21.0 | H13: SI | I13: ='Necesidades Trimestrales (2)'!F11 -> UNIDAD | J13: ='Necesidades Trimestrales (2)'!AT11 -> 20000 | K13: ='Necesidades Trimestrales (2)'!AS11 -> 123 | M13: =+J13*K13 -> 2460000
A14: 3 | B14: ='Necesidades Trimestrales (2)'!B12 -> 4.3.6-6160.225 | C14: ='Necesidades Trimestrales (2)'!E12 -> COMPUTADORAS; TIPO: NOTEBOOK, CODIGO: ETAP PC-006, VERSION: ETAP 24.0 | H14: SI | I14: ='Necesidades Trimestrales (2)'!F12 -> UNIDAD | J14: ='Necesidades Trimestrales (2)'!AT12 -> 125000 | K14: ='Necesidades Trimestrales (2)'!AS12 -> 15 | M14: =+J14*K14 -> 1875000
A15: 4 | B15: ='Necesidades Trimestrales (2)'!B13 -> 4.3.6-6191.81 | C15: ='Necesidades Trimestrales (2)'!E13 -> UPS; TIPO: P/ESTACIONES DE TRABAJO, CODIGO ETAP: UPS-001, VERSION ETAP: 21.0 | H15: SI | I15: ='Necesidades Trimestrales (2)'!F13 -> UNIDAD | J15: ='Necesidades Trimestrales (2)'!AT13 -> 6500 | K15: ='Necesidades Trimestrales (2)'!AS13 -> 123 | M15: =+J15*K15 -> 799500
A17: Costo total estimado: DIECISIETE MILLONES CUATROCIENTOS TREINTA Y CUATRO MIL QUINIENTOS con 00/100 | J17: =+M17 -> 17434500 | M17: =SUM(M12:M16) -> 17434500

Sheet APG
A1: EJERCICIO: | D1: 2021 | P1: AUTORIZACION PARA GASTAR
A4: JURISDICCIÓN: | G4: =NP!D3 -> 040 - Ministerio de Salud
A5: SAF: | G5: =NP!D4 -> 011 - Direccion Provincial de Administración - Ministerio de Salud
A6: UNIDAD EJECUTORA: | G6: =NP!D5 -> 382 - SECRETARIA DE PLANIFICACION Y GESTION EN SALUD
A7: DEPENDENCIA SOLICITANTE: | G7: =NP!D6 -> 382 - SECRETARIA DE PLANIFICACION Y GESTION EN SALUD
A8: AUTORIZACIÓN:
A9: Señor Jefe de Servicio Administrativo Financiero:
A10: Autorizo la realización de los trámites correspondientes, a fin de proveer a este Organismo los bienes que se detallan en Nota de pedido y Entrega N° 41/2021, afectando la erogación resultante a los créditos presupuestarios aprobados a favor de esta Unidad Ejecutora, conforme al siguiente detalle:
A12: IMPUTACIÓN PRESUPUESTARIA
A13: CÓDIGO | O13: DENOMINACIÓN DE LA PARTIDA PRESUPUESTARIA | Q13: IMPORTE
A14: PR | B14: SB | C14: PY | D14: AC | E14: OB | F14: UG | G14: FIN | H14: FUN | I14: I | J14: P | K14: P | L14: SubP | M14: M | N14: FF
A15: 2 | D15: 1 | F15: 4901 | G15: 1 | H15: 3 | I15: 4 | J15: 3 | K15: 6 | M15: 1 | N15: 1.1 | O15: EQUIPOS PARA COMPUTACION | Q15: =NP!M17 -> 17434500
A23: TOTAL DE PESOS: DIECISIETE MILLONES CUATROCIENTOS TREINTA Y CUATRO MIL QUINIENTOS con 00/100 | Q23: =SUM(Q15:Q22) -> 17434500
A25: JUSTIFICACIÓN:
A26: =NP!D8 -> Adquisicion del RUBRO EQUIPAMIENTO INFORMATICO
