Workbook

Sheet Necesidades Trimestrales
B2: Pedido de Necesidades Trimestrales
A4: JURISDICCION: | C4: 40 - Ministerio de Salud
A5: SAF N°: | C5: 11
A6: EJERCICIO: | C6: 2020
A7: TRIMESTRE: | C7: Cuarto Trimestre
A9: ID | B9: CODIGO ITEM | C9: RUBRO DE COMPRA | D9: I.P.P. | E9: DESCRIPCION | F9: UNIDAD DE MEDIDA | G9: CANTIDAD | H9: PRECIO UNITARIO ESTIMADO | I9: IMPORTE TOTAL ESTIMADO
A10: 1 | C10: UTILES MENORES, MEDICOS, QUIRURGICOS Y DE LABORATORIO | D10: 2.9.5 | E10: AGUJA DESCARTABLE 40/8 | F10: UNIDAD | G10: 500000 | H10: 1.98 | I10: =SUM(G10*H10) -> 990000
A11: 2 | C11: UTILES MENORES, MEDICOS, QUIRURGICOS Y DE LABORATORIO | D11: 2.9.5 | E11: AGUJA DESCARTABLE 50/8 | F11: UNIDAD | G11: 5000 | H11: 1.98 | I11: =SUM(G11*H11) -> 9900
A12: 3 | C12: UTILES MENORES, MEDICOS, QUIRURGICOS Y DE LABORATORIO | D12: 2.9.5 | E12: ALGODÓN x 500 GRS.TIPO DONCELLA | F12: UNIDAD | G12: 6000 | H12: 348 | I12: =SUM(G12*H12) -> 2088000
A13: 4 | C13: UTILES MENORES, MEDICOS, QUIRURGICOS Y DE LABORATORIO | D13: 2.9.5 | E13: APO ADHESIVO 10 X 12 TIPO TEGADERM | F13: UNIDAD | G13: 1000 | H13: 105 | I13: =SUM(G13*H13) -> 105000
A14: 5 | C14: UTILES MENORES, MEDICOS, QUIRURGICOS Y DE LABORATORIO | D14: 2.9.5 | E14: APO ADHESIVO 6 X 7 TIPO TEGADERM | F14: UNIDAD | G14: 1000 | H14: 125 | I14: =SUM(G14*H14) -> 125000
A15: 6 | C15: UTILES MENORES, MEDICOS, QUIRURGICOS Y DE LABORATORIO | D15: 2.9.5 | E15: BAJALENGUA X 100 UNIDADES | F15: CAJA | G15: 3000 | H15: 148 | I15: =SUM(G15*H15) -> 444000
A16: 7 | C16: UTILES MENORES, MEDICOS, QUIRURGICOS Y DE LABORATORIO | D16: 2.9.5 | E16: BOTAS ALTAS DESCARTABLES DE 30 GRAMOS CON TIRA EL PAR | F16: UNIDAD | G16: 100000 | H16: 6.9 | I16: =SUM(G16*H16) -> 690000
A17: 8 | C17: UTILES MENORES, MEDICOS, QUIRURGICOS Y DE LABORATORIO | D17: 2.9.5 | E17: CANULAS NASALES PARA OXIGENOTERAPIA - ADULTOS | F17: UNIDAD | G17: 1000 | H17: 19 | I17: =SUM(G17*H17) -> 19000
A18: 9 | C18: UTILES MENORES, MEDICOS, QUIRURGICOS Y DE LABORATORIO | D18: 2.9.5 | E18: CANULAS NASALES PARA OXIGENOTERAPIA - PEDIATRICOS | F18: UNIDAD | G18: 1000 | H18: 23 | I18: =SUM(G18*H18) -> 23000
A19: 10 | C19: UTILES MENORES, MEDICOS, QUIRURGICOS Y DE LABORATORIO | D19: 2.9.5 | E19: CATETER INTRAVENOSO Nº 22 TIPO HOSPIRA/BD | F19: UNIDAD | G19: 30000 | H19: 56 | I19: =SUM(G19*H19) -> 1680000
A20: 11 | C20: UTILES MENORES, MEDICOS, QUIRURGICOS Y DE LABORATORIO | D20: 2.9.5 | E20: CATETER INTRAVENOSO Nº 24 TIPO HOSPIRA/BD | F20: UNIDAD | G20: 18000 | H20: 56 | I20: =SUM(G20*H20) -> 1008000
A21: 12 | C21: UTILES MENORES, MEDICOS, QUIRURGICOS Y DE LABORATORIO | D21: 2.5.1 | E21: CLORHEXIDINA 2 % SOLUCION x 250 ml. | F21: UNIDAD | G21: 500 | H21: 623 | I21: =SUM(G21*H21) -> 311500
... A63: 54 | C63: UTILES MENORES, MEDICOS, QUIRURGICOS Y DE LABORATORIO | D63: 2.9.5 | E63: TELA ADHESIVA HIPOALERGENICA TRANSPORE 2,5 CM TIPO 3 M | F63: UNIDAD | G63: 1000 | H63: 269 | I63: =SUM(G63*H63) -> 269000
B66: Especificidades Item N° 1 al 54:
B68: Descripción técnica
C69: VER ANEXO "A"
B70: Plazos y lugares de entrega
C71: Ministerio de Salud
C72: Chacabuco N° 169
C73: Plazo de entrega 10 dias habiles
B74: Calidad Minima esperada
B76: Mantenimiento
B78: Garantia

Sheet  NotaPedido
A1: NOTA DE PEDIDO | J1: N° | K1: 59-2020
A3: JURISDICCIÓN: | D3: ='Necesidades Trimestrales'!C4 -> 40 - Ministerio de Salud
A4: SAF: | D4: ='Necesidades Trimestrales'!C5 -> 11
A5: UNIDAD EJECUTORA: | D5: DIRECCION PROVINCIAL DE FARMACIA E INSUMOS
A6: DEPENDENCIA SOLICITANTE: | D6: DIRECCION PROVINCIAL DE FARMACIA E INSUMOS
A7: PERIODO UTILIZACIÓN: | D7: ='Necesidades Trimestrales'!C7 & "° Trimestre - Año " & 'Necesidades Trimestrales'!C6 -> Cuarto Trimestre° Trimestre - Año 2020
A8: OBJETO: | D8: Adquisicion de descartables
A10: Ítem | B10: Codigo Item | C10: DESCRIPCIÓN | H10: Adjunta Detalle Técnico | I10: Unidad Medida | J10: Precio Unitario Estimado | K10: Cantidad Solicitada
A12: 1 | C12: ='Necesidades Trimestrales'!E10 -> AGUJA DESCARTABLE 40/8 | H12: SI | I12: UNIDAD | J12: 1.98 | K12: 500000
A13: 2 | C13: ='Necesidades Trimestrales'!E11 -> AGUJA DESCARTABLE 50/8 | H13: SI | I13: UNIDAD | J13: 1.98 | K13: 5000
A14: 3 | C14: ='Necesidades Trimestrales'!E12 -> ALGODÓN x 500 GRS.TIPO DONCELLA | H14: SI | I14: UNIDAD | J14: 348 | K14: 6000
A15: 4 | C15: ='Necesidades Trimestrales'!E13 -> APO ADHESIVO 10 X 12 TIPO TEGADERM | H15: SI | I15: UNIDAD | J15: 105 | K15: 1000
A16: 5 | C16: ='Necesidades Trimestrales'!E14 -> APO ADHESIVO 6 X 7 TIPO TEGADERM | H16: SI | I16: UNIDAD | J16: 125 | K16: 1000
A17: 6 | C17: ='Necesidades Trimestrales'!E15 -> BAJALENGUA X 100 UNIDADES | H17: SI | I17: CAJA | J17: 148 | K17: 3000
A18: 7 | C18: ='Necesidades Trimestrales'!E16 -> BOTAS ALTAS DESCARTABLES DE 30 GRAMOS CON TIRA EL PAR | H18: SI | I18: UNIDAD | J18: 6.9 | K18: 100000
A19: 8 | C19: ='Necesidades Trimestrales'!E17 -> CANULAS NASALES PARA OXIGENOTERAPIA - ADULTOS | H19: SI | I19: UNIDAD | J19: 19 | K19: 1000
A20: 9 | C20: ='Necesidades Trimestrales'!E18 -> CANULAS NASALES PARA OXIGENOTERAPIA - PEDIATRICOS | H20: SI | I20: UNIDAD | J20: 23 | K20: 1000
A21: 10 | C21: ='Necesidades Trimestrales'!E19 -> CATETER INTRAVENOSO Nº 22 TIPO HOSPIRA/BD | H21: SI | I21: UNIDAD | J21: 56 | K21: 30000
A22: 11 | C22: ='Necesidades Trimestrales'!E20 -> CATETER INTRAVENOSO Nº 24 TIPO HOSPIRA/BD | H22: SI | I22: UNIDAD | J22: 56 | K22: 18000
A23: 12 | C23: ='Necesidades Trimestrales'!E21 -> CLORHEXIDINA 2 % SOLUCION x 250 ml. | H23: SI | I23: UNIDAD | J23: 623 | K23: 500
... A65: 54 | C65: ='Necesidades Trimestrales'!E63 -> TELA ADHESIVA HIPOALERGENICA TRANSPORE 2,5 CM TIPO 3 M | H65: SI | I65: UNIDAD | J65: 269 | K65: 1000
A66: Costo total estimado: DIECINUEVE MILLONES NOVECIENTOS VEINTIDOS MIL DOSCIENTOS CUATRO CON 00/100.- | J66: =SUMPRODUCT(J12:J65,K12:K65) -> 19922204

Sheet Autor Gastar
A1: EJERCICIO: | D1: ='Necesidades Trimestrales'!C6 -> 2020 | P1: AUTORIZACION PARA GASTAR
A4: JURISDICCIÓN: | G4: =' NotaPedido'!D3 -> 40 - Ministerio de Salud
A5: SAF: | G5: =' NotaPedido'!D4 -> 11
A6: UNIDAD EJECUTORA: | G6: =' NotaPedido'!D5 -> DIRECCION PROVINCIAL DE FARMACIA E INSUMOS
A7: DEPENDENCIA SOLICITANTE: | G7: =' NotaPedido'!D6 -> DIRECCION PROVINCIAL DE FARMACIA E INSUMOS
A8: AUTORIZACIÓN:
A9: Señor Jefe de Servicio Administrativo Financiero:
A10: ="Autorizo la realización de los trámites correspondientes, a fin de proveer a este Organismo los bienes y/o servicios que se detallan en Nota de Pedido N° " & ' NotaPedido'!K1&", afectando la erogación resultante a los créditos presupuestarios aprobados a favor de esta Unidad Ejecutora, conforme al siguiente detalle:" -> Autorizo la realización de los trámites correspondientes, a fin de proveer a este Organismo los bienes y/o servicios que se detallan en Nota de Pedido N° 59-2020, afectando la erogación resultante a los créditos presupuestarios aprobados a favor de esta Unidad Ejecutora, conforme al siguiente detalle:
A12: IMPUTACIÓN PRESUPUESTARIA
A13: CÓDIGO | O13: DENOMINACIÓN DE LA PARTIDA PRESUPUESTARIA | Q13: IMPORTE
A14: PR | B14: SB | C14: PY | D14: AC | E14: OB | F14: UG | G14: FIN | H14: FUN | I14: I | J14: P | K14: P | L14: SubP | M14: M | N14: FF
A15: 30 | D15: 1 | F15: 4901 | G15: 3 | H15: 1 | I15: 2 | J15: 5 | K15: 1 | M15: 1 | N15: 1.1 | O15: COMPUESTOS QUIMICOS | Q15: 928100
A16: 30 | D16: 1 | F16: 4901 | G16: 3 | H16: 1 | I16: 2 | J16: 9 | K16: 5 | M16: 1 | N16: 1.1 | O16: UTILES MENORES, MEDICOS, QUIRURGICOS Y DE LABORATORIO | Q16: 18994104
A23: TOTAL DE PESOS: DIECINUEVE MILLONES NOVECIENTOS VEINTIDOS MIL DOSCIENTOS CUATRO CON 00/100.- | Q23: =SUM(Q15:Q22) -> 19922204
A25: JUSTIFICACIÓN:
A26: ADQUISICION DE INSUMOS DESCARTABLES PARA LA DIRECCION PROV. DE FARMACIA E INSUMOS.-
