Workbook
Name A: 'Necesidades Trimestrales'!$C$72

Sheet Necesidades Trimestrales
C2: Pedido de Necesidades Trimestrales
A4: JURISDICCION: | C4: 40 - Ministerio de Salud
A5: SAF N°: | C5: 28 - MATERNIDAD PROVINCIAL 25 DE MAYO
A6: EJERCICIO: | C6: Año 2021
A7: TRIMESTRE: | C7: 3° TRIMESTRE
A9: ID | B9: CODIGO DE ITEMS | C9: RUBRO DE COMPRA | D9: I.P.P | E9: DESCRIPCION | F9: UNIDAD DE MEDIDA | G9: CANTIDAD | H9: PRECIO UNITARIO ESTIMADO | I9: IMPORTE TOTAL ESTIMADO
A10: 1 | C10: QUIMICOS | D10: 2.5.1 | E10: CALIBRADOR CA 125 G2 x 10 CALIBRADORES COBAS E-411 ROCHE | F10: CAJA | G10: 1 | H10: 12963 | I10: =H10*G10 -> 12963
A11: 2 | C11: QUIMICOS | D11: 2.5.1 | E11: CALIBRADOR CEA x 10 CALIBRADORES COBAS E-411 ROCHE | F11: CAJA | G11: 1 | H11: 10863 | I11: =H11*G11 -> 10863
A12: 3 | C12: QUIMICOS | D12: 2.5.1 | E12: ELECSYS PIGF ( Placental Growth Factor) x 100 DET - ROCHE | F12: CAJA | G12: 1 | H12: 313900 | I12: =H12*G12 -> 313900
A13: 4 | C13: QUIMICOS | D13: 2.5.1 | E13: ELECSYS sFlt-1 CALSET X 10 CAL - ROCHE | F13: CAJA | G13: 1 | H13: 42010 | I13: =H13*G13 -> 42010
A14: 5 | C14: QUIMICOS | D14: 2.5.1 | E14: ELECSYS sFlt-1 x 100 DET - ROCHE | F14: CAJA | G14: 1 | H14: 313900 | I14: =H14*G14 -> 313900
A15: 6 | C15: QUIMICOS | D15: 2.5.1 | E15: ELECSYS PARP-A CALSET X 10 CAL - ROCHE | F15: CAJA | G15: 1 | H15: 38383 | I15: =H15*G15 -> 38383
A16: 7 | C16: QUIMICOS | D16: 2.5.1 | E16: 2010 ASSAY CUP- 10 CALIBRADORES | F16: CAJA | G16: 3 | H16: 25309 | I16: =H16*G16 -> 75927
A17: 8 | C17: QUIMICOS | D17: 2.5.1 | E17: 2010 ASSAY TIP- 10 CALIBRADORES | F17: CAJA | G17: 3 | H17: 19318 | I17: =H17*G17 -> 57954
A18: 9 | C18: QUIMICOS | D18: 2.5.1 | E18: AC. BORONICO 300 UG PRESENTACION : FRASCO X 50 DISCO | F18: FRASCO | G18: 1 | H18: 3100 | I18: =H18*G18 -> 3100
A19: 10 | C19: QUIMICOS | D19: 2.5.1 | E19: ACEITE DE INMERSIÓN : X 100 ML | F19: FRASCO | G19: 1 | H19: 1500 | I19: =H19*G19 -> 1500
A20: 11 | C20: QUIMICOS | D20: 2.5.1 | E20: ACIDO FUSIDICO 10 µGR DISCO PRESENTACION: FRASCO X 50 DISCO | F20: FRASCO | G20: 5 | H20: 850 | I20: =H20*G20 -> 4250
A21: 12 | C21: QUIMICOS | D21: 2.5.1 | E21: ACIDO LACTICO COBAS C-311 ROCHE X 100 DET | F21: CASSETTE | G21: 1 | H21: 6007 | I21: =H21*G21 -> 6007
... A252: 243 | C252: QUIMICOS | D252: 2.5.1 | E252: W19 CONTROL AA 3 NIVELES 3 X 3 ML (BAJO - NORMAL - ALTO ) WIENER | F252: UNIDAD | G252: 1 | H252: 7920 | I252: =H252*G252 -> 7920
C254: Especificidades Item N° 1 a 244:
C256: Descripción técnica
C258: Plazos de entrega | D258: 20 dias corridos desde la firma del documento contractual
C260: Lugar de Entrega: | D260: SERVICIO DE LABORATORIO -MATERNIDAD PROVINCIAL 25 DE MAYO - HERNANDO DE PEDRAZA 1650
D261: Horario de 07:00 a 12:00
C263: Calidad Minima esperada
C265: Mantenimiento | D265: 30 DIAS
C267: Garantia

Sheet  NotaPedido
A1: NOTA DE PEDIDO | H1: N° | I1: 105/2021
A3: JURISDICCIÓN: | D3: 40- Ministerio de Salud
A4: SAF: | D4: 28- Maternidad Provincial 25 de Mayo
A5: UNIDAD EJECUTORA: | D5: 169-Direccion Asistencial
A6: DEPENDENCIA SOLICITANTE: | D6: Servicio de Laboratorio-(Bacteriología)-(Hemoterapia)
A7: PERIODO UTILIZACIÓN: | D7: 3 ° Trimestre -Año 2021
A8: OBJETO: | D8: ADQUISICION DE COMPUESTOS QUIMICOS
A10: Ítem | B10: Codigo Item | C10: DESCRIPCIÓN | F10: Adjunta Detalle Técnico | G10: Unidad Medida | H10: Precio Unitario Estimado | I10: Cantidad Solicitada
A12: ='Necesidades Trimestrales'!A10 -> 1 | B12: 0 | C12: ='Necesidades Trimestrales'!E10 -> CALIBRADOR CA 125 G2 x 10 CALIBRADORES COBAS E-411 ROCHE | F12: NO | G12: ='Necesidades Trimestrales'!F10 -> CAJA | H12: ='Necesidades Trimestrales'!H10 -> 12963 | I12: ='Necesidades Trimestrales'!G10 -> 1
A13: ='Necesidades Trimestrales'!A11 -> 2 | B13: 0 | C13: ='Necesidades Trimestrales'!E11 -> CALIBRADOR CEA x 10 CALIBRADORES COBAS E-411 ROCHE | F13: NO | G13: ='Necesidades Trimestrales'!F11 -> CAJA | H13: ='Necesidades Trimestrales'!H11 -> 10863 | I13: ='Necesidades Trimestrales'!G11 -> 1
A14: ='Necesidades Trimestrales'!A12 -> 3 | B14: 0 | C14: ='Necesidades Trimestrales'!E12 -> ELECSYS PIGF ( Placental Growth Factor) x 100 DET - ROCHE | F14: NO | G14: ='Necesidades Trimestrales'!F12 -> CAJA | H14: ='Necesidades Trimestrales'!H12 -> 313900 | I14: ='Necesidades Trimestrales'!G12 -> 1
A15: ='Necesidades Trimestrales'!A13 -> 4 | B15: 0 | C15: ='Necesidades Trimestrales'!E13 -> ELECSYS sFlt-1 CALSET X 10 CAL - ROCHE | F15: NO | G15: ='Necesidades Trimestrales'!F13 -> CAJA | H15: ='Necesidades Trimestrales'!H13 -> 42010 | I15: ='Necesidades Trimestrales'!G13 -> 1
A16: ='Necesidades Trimestrales'!A14 -> 5 | B16: 0 | C16: ='Necesidades Trimestrales'!E14 -> ELECSYS sFlt-1 x 100 DET - ROCHE | F16: NO | G16: ='Necesidades Trimestrales'!F14 -> CAJA | H16: ='Necesidades Trimestrales'!H14 -> 313900 | I16: ='Necesidades Trimestrales'!G14 -> 1
A17: ='Necesidades Trimestrales'!A15 -> 6 | B17: 0 | C17: ='Necesidades Trimestrales'!E15 -> ELECSYS PARP-A CALSET X 10 CAL - ROCHE | F17: NO | G17: ='Necesidades Trimestrales'!F15 -> CAJA | H17: ='Necesidades Trimestrales'!H15 -> 38383 | I17: ='Necesidades Trimestrales'!G15 -> 1
A18: ='Necesidades Trimestrales'!A16 -> 7 | B18: 0 | C18: ='Necesidades Trimestrales'!E16 -> 2010 ASSAY CUP- 10 CALIBRADORES | F18: NO | G18: ='Necesidades Trimestrales'!F16 -> CAJA | H18: ='Necesidades Trimestrales'!H16 -> 25309 | I18: ='Necesidades Trimestrales'!G16 -> 3
A19: ='Necesidades Trimestrales'!A17 -> 8 | B19: 0 | C19: ='Necesidades Trimestrales'!E17 -> 2010 ASSAY TIP- 10 CALIBRADORES | F19: NO | G19: ='Necesidades Trimestrales'!F17 -> CAJA | H19: ='Necesidades Trimestrales'!H17 -> 19318 | I19: ='Necesidades Trimestrales'!G17 -> 3
A20: ='Necesidades Trimestrales'!A18 -> 9 | B20: 0 | C20: ='Necesidades Trimestrales'!E18 -> AC. BORONICO 300 UG PRESENTACION : FRASCO X 50 DISCO | F20: NO | G20: ='Necesidades Trimestrales'!F18 -> FRASCO | H20: ='Necesidades Trimestrales'!H18 -> 3100 | I20: ='Necesidades Trimestrales'!G18 -> 1
A21: ='Necesidades Trimestrales'!A19 -> 10 | B21: 0 | C21: ='Necesidades Trimestrales'!E19 -> ACEITE DE INMERSIÓN : X 100 ML | F21: NO | G21: ='Necesidades Trimestrales'!F19 -> FRASCO | H21: ='Necesidades Trimestrales'!H19 -> 1500 | I21: ='Necesidades Trimestrales'!G19 -> 1
A22: ='Necesidades Trimestrales'!A20 -> 11 | B22: 0 | C22: ='Necesidades Trimestrales'!E20 -> ACIDO FUSIDICO 10 µGR DISCO PRESENTACION: FRASCO X 50 DISCO | F22: NO | G22: ='Necesidades Trimestrales'!F20 -> FRASCO | H22: ='Necesidades Trimestrales'!H20 -> 850 | I22: ='Necesidades Trimestrales'!G20 -> 5
A23: ='Necesidades Trimestrales'!A21 -> 12 | B23: 0 | C23: ='Necesidades Trimestrales'!E21 -> ACIDO LACTICO COBAS C-311 ROCHE X 100 DET | F23: NO | G23: ='Necesidades Trimestrales'!F21 -> CASSETTE | H23: ='Necesidades Trimestrales'!H21 -> 6007 | I23: ='Necesidades Trimestrales'!G21 -> 1
... A254: ='Necesidades Trimestrales'!A252 -> 243 | B254: 0 | C254: ='Necesidades Trimestrales'!E252 -> W19 CONTROL AA 3 NIVELES 3 X 3 ML (BAJO - NORMAL - ALTO ) WIENER | F254: NO | G254: ='Necesidades Trimestrales'!F252 -> UNIDAD | H254: ='Necesidades Trimestrales'!H252 -> 7920 | I254: ='Necesidades Trimestrales'!G252 -> 1
A255: COSTO TOTAL : NUEVE MILLONES SETECIENTOS CIENCUENTA Y CUATRO MIL VEINTISIETE CON 00/100 | H255: =SUMPRODUCT(H12:H254*I12:I254) -> 9754027

Sheet Autor Gastar
A1: EJERCICIO: | D1: 2021 | P1: AUTORIZACION PARA GASTAR
A4: JURISDICCIÓN: | G4: 40- Ministerio de Salud
A5: SAF: | G5: 28- Maternidad Provincial 25 de Mayo
A6: UNIDAD EJECUTORA: | G6: Servicio de Laboratorio-(Bacteriología)-(Hemoterapia)
A7: DEPENDENCIA SOLICITANTE: | G7: Servicio de Laboratorio-(Bacteriología)-(Hemoterapia)
A8: AUTORIZACIÓN:
A9: Señor Jefe de Servicio Administrativo Financiero:
A10: Autorizo la realización de los trámites correspondientes, a fin de proveer a este Organismo los bienes y/o servicios que se detallan en Nota de Pedido N° 105/2021 , afectando la erogación resultante a los créditos presupuestarios aprobados a favor de esta Unidad Ejecutora, conforme al siguiente detalle:"
A12: IMPUTACIÓN PRESUPUESTARIA
A13: CÓDIGO | O13: DENOMINACIÓN DE LA PARTIDA PRESUPUESTARIA | Q13: IMPORTE
A14: PR | B14: SB | C14: PY | D14: AC | E14: OB | F14: UG | G14: FIN | H14: FUN | I14: I | J14: P | K14: P | L14: SubP | M14: M | N14: FF
A15: 42 | D15: 2 | F15: 4901 | G15: 3 | H15: 1 | I15: 2 | J15: 3 | K15: 4 | M15: 1 | N15: 1.1 | O15: Productos de Papel y Cartón | Q15: 85500
A16: 42 | D16: 2 | F16: 4901 | G16: 3 | H16: 1 | I16: 2 | J16: 5 | K16: 1 | M16: 1 | N16: 1.1 | O16: Compuestos Químicos | Q16: 9366599
A17: 42 | D17: 2 | F17: 4901 | G17: 3 | H17: 1 | I17: 2 | J17: 9 | K17: 3 | M17: 1 | N17: 1.1 | O17: Utiles y Materiales Electricos | Q17: 218428
A18: 42 | D18: 2 | F18: 4901 | G18: 3 | H18: 1 | I18: 2 | J18: 9 | K18: 5 | M18: 1 | N18: 1.1 | O18: Utiles Menores Médico, Quirúrgico y de Laboratorio | Q18: 83500
A19: TOTAL DE PESOS: NUEVE MILLONES SETECIENTOS CIENCUENTA Y CUATRO MIL VEINTISIETE CON 00/100 | Q19: =SUM(Q15:Q18) -> 9754027
A21: JUSTIFICACIÓN:
A22: Para la adquisición de Compuestos Químicos, para ser destinados al Servicio de Laboratorio-Sector Bacteriología y Sector Hemoterapia de la Maternidad Provincial 25 de Mayo.-
