Workbook

Sheet Nececidades Trimestrales
B2: Pedido de Necesidades Trimestrales
A4: JURISDICCION: | C4: 42-Ministerio de Salud
A5: SAF N°: | C5: 28- Maternidad Provincial 25 de Mayo
A6: EJERCICIO: | C6: 2021
A7: TRIMESTRE: | C7: 1
A9: ID | B9: CODIGO ITEM | C9: RUBRO | D9: I.P.P. | E9: DESCRIPCION | F9: UNIDAD DE MEDIDA | G9: CANTIDAD | H9: PRECIO UNITARIO ESTIMADO | I9: IMPORTE TOTAL ESTIMADO
A10: =' NotaPedido'!A12 -> 1 | B10: =' NotaPedido'!B12 -> 2.1.1-439.67 | C10: ALIMENTOS | D10: =LEFT(B10,5) -> 2.1.1 | E10: =' NotaPedido'!C12:G12 -> ACEITES COMESTIBLES; TIPO: GIRASOL, PRESENTACION: ENVASE X 900 CM3, MATERIAL ENVASE: PLASTICO 1 (PET), ELEM. TRANSPORTE: SIN, MATERIAL ELEM. TRANSPORTE : SIN, LIBRE DE GLUTEN: NO | F10: =' NotaPedido'!I12 -> ENVASE | G10: =' NotaPedido'!K12 -> 65 | H10: =' NotaPedido'!J12 -> 128 | I10: =H10*G10 -> 8320
A11: =' NotaPedido'!A13 -> 2 | B11: =' NotaPedido'!B13 -> 2.1.1-6546.34 | C11: ALIMENTOS | D11: =LEFT(B11,5) -> 2.1.1 | E11: =' NotaPedido'!C13:G13 -> VERDURAS Y HORTALIZAS; VARIEDAD: ACELGA, ESTADO: EN HOJA, PRESENTACION: ATADO, PESO: SIN VALOR | F11: =' NotaPedido'!I13 -> ATADO | G11: =' NotaPedido'!K13 -> 96 | H11: =' NotaPedido'!J13 -> 19 | I11: =H11*G11 -> 1824
A12: =' NotaPedido'!A14 -> 3 | B12: =' NotaPedido'!B14 -> 2.1.1-6546.154 | C12: ALIMENTOS | D12: =LEFT(B12,5) -> 2.1.1 | E12: =' NotaPedido'!C14:G14 -> VERDURAS Y HORTALIZAS; ESTADO: NATURAL, PESO: SIN VALOR, VARIEDAD: AJO, PRESENTACION: UNIDAD | F12: UNIDAD | G12: =' NotaPedido'!K14 -> 27 | H12: =' NotaPedido'!J14 -> 42 | I12: =H12*G12 -> 1134
A13: =' NotaPedido'!A15 -> 4 | B13: =' NotaPedido'!B15 -> 2.1.1-6539.38 | C13: ALIMENTOS | D13: =LEFT(B13,5) -> 2.1.1 | E13: =' NotaPedido'!C15:G15 -> FRUTAS; VARIEDAD: ANANA, PRESENTACION: ENVASE X 850 GR, PESO: 850 GR, ESTADO: CONSERVA | F13: =' NotaPedido'!I15 -> LATA | G13: =' NotaPedido'!K15 -> 27 | H13: =' NotaPedido'!J15 -> 295 | I13: =H13*G13 -> 7965
A14: =' NotaPedido'!A16 -> 5 | B14: =' NotaPedido'!B16 -> 2.1.1-6546.330 | C14: ALIMENTOS | D14: =LEFT(B14,5) -> 2.1.1 | E14: =' NotaPedido'!C16:G16 -> VERDURAS Y HORTALIZAS; VARIEDAD: ZAPALLO ANCO, ESTADO: NATURAL, PRESENTACION: UNIDAD, PESO: 1 Kg | F14: =' NotaPedido'!I16 -> KG | G14: =' NotaPedido'!K16 -> 400 | H14: =' NotaPedido'!J16 -> 35 | I14: =H14*G14 -> 14000
A15: =' NotaPedido'!A17 -> 6 | B15: =' NotaPedido'!B17 -> 2.1.1-6546.230 | C15: ALIMENTOS | D15: =LEFT(B15,5) -> 2.1.1 | E15: =' NotaPedido'!C17:G17 -> VERDURAS Y HORTALIZAS; VARIEDAD: APIO, ESTADO: NATURAL, PRESENTACION: ATADO, PESO: 800 GR | F15: =' NotaPedido'!I17 -> ATADO | G15: =' NotaPedido'!K17 -> 13 | H15: =' NotaPedido'!J17 -> 85 | I15: =H15*G15 -> 1105
A16: =' NotaPedido'!A18 -> 7 | B16: =' NotaPedido'!B18 -> 2.1.1-435.38 | C16: ALIMENTOS | D16: =LEFT(B16,5) -> 2.1.1 | E16: =' NotaPedido'!C18:G18 -> ARROZ; TIPO GRANO: DOBLE, TIPO: BLANCO, PROCESO: PARBOLIZADO, PRESENTACION: ENVASE X 1 Kg, MATERIAL ENVASE: CARTON, CERTIFICADO FORESTAL (GFS): SIN, ELEM. TRANSPORTE: SIN, MATERIAL ELEM. TRANSPORTE: SIN | F16: =' NotaPedido'!I18 -> ENVASE | G16: =' NotaPedido'!K18 -> 85 | H16: =' NotaPedido'!J18 -> 125 | I16: =H16*G16 -> 10625
A17: =' NotaPedido'!A19 -> 8 | B17: =' NotaPedido'!B19 -> 2.1.1-435.60 | C17: ALIMENTOS | D17: =LEFT(B17,5) -> 2.1.1 | E17: =' NotaPedido'!C19:G19 -> ARROZ; TIPO GRANO: LARGO-FINO, TIPO: BLANCO, PROCESO: SIN CASCARA, PRESENTACION: BOLSA X 1 Kg, MATERIAL ENVASE: PLASTICO, CERTIFICADO FORESTAL (GFS): SIN, ELEM. TRANSPORTE: SIN, MATERIAL ELEM. TRANSPORTE: SIN, LIBRE DE GLUTEN: SI | F17: =' NotaPedido'!I19 -> ENVASE | G17: =' NotaPedido'!K19 -> 34 | H17: =' NotaPedido'!J19 -> 73 | I17: =H17*G17 -> 2482
A18: =' NotaPedido'!A20 -> 9 | B18: =' NotaPedido'!B20 -> 2.1.1-708.43 | C18: ALIMENTOS | D18: =LEFT(B18,5) -> 2.1.1 | E18: =' NotaPedido'!C20:G20 -> CONSERVAS PESCADO Y FRUTOS MAR; TIPO: ATUN, ESTADO: AL NATURAL, PESO: 170 GR, ENVASE: LATA, ELEM. TRANSPORTE: SIN, MATERIAL ELEM. TRANSPORTE: SIN | F18: =' NotaPedido'!I20 -> LATA | G18: =' NotaPedido'!K20 -> 160 | H18: =' NotaPedido'!J20 -> 99.5 | I18: =H18*G18 -> 15920
A19: =' NotaPedido'!A21 -> 10 | B19: =' NotaPedido'!B21 -> 2.1.1-2124.6 | C19: ALIMENTOS | D19: =LEFT(B19,5) -> 2.1.1 | E19: =' NotaPedido'!C21:G21 -> AVENAS; TIPO: ARROLLADA, ESTADO: INSTANTANEA, PRESENTACION: ENVASE X 350 GR, PESO: SIN VALOR | F19: =' NotaPedido'!I21 -> ENVASE | G19: =' NotaPedido'!K21 -> 20 | H19: =' NotaPedido'!J21 -> 123.1 | I19: =H19*G19 -> 2462
A20: =' NotaPedido'!A22 -> 11 | B20: =' NotaPedido'!B22 -> 2.1.1-6547.84 | C20: ALIMENTOS | D20: =LEFT(B20,5) -> 2.1.1 | E20: =' NotaPedido'!C22:G22 -> LEGUMBRES; VARIEDAD: ARVEJAS, ESTADO: CONSERVA, PRESENTACION: LATA, PESO: 350 GR, MATERIAL ENVASE: METAL, ELEM. TRANSPORTE: SIN, MATERIAL ELEM. TRANSPORTE: SIN, LIBRE DE GLUTEN: NO | F20: =' NotaPedido'!I22 -> LATA | G20: =' NotaPedido'!K22 -> 32 | H20: =' NotaPedido'!J22 -> 85 | I20: =H20*G20 -> 2720
A21: =' NotaPedido'!A23 -> 12 | B21: =' NotaPedido'!B23 -> 2.1.1-481.38 | C21: ALIMENTOS | D21: =LEFT(B21,5) -> 2.1.1 | E21: =' NotaPedido'!C23:G23 -> AZUCARES; TIPO: "A" COMUN, ESTADO: MOLIDA, PESO: 1 Kg, MATERIAL ENVASE: PLASTICO, CERTIFICADO FORESTAL (GFS): SIN, ELEM. TRANSPORTE: SIN, MATERIAL ELEM. TRANSPORTE: SIN | F21: =' NotaPedido'!I23 -> ENVASE | G21: =' NotaPedido'!K23 -> 133 | H21: =' NotaPedido'!J23 -> 55 | I21: =H21*G21 -> 7315
A22: =' NotaPedido'!A24 -> 13 | B22: =' NotaPedido'!B24 -> 2.1.1-6539.30 | C22: ALIMENTOS | D22: =LEFT(B22,5) -> 2.1.1 | E22: =' NotaPedido'!C24:G24 -> FRUTAS; VARIEDAD: BANANA, PRESENTACION: CAJON, ESTADO: NATURAL, PESO: SIN VALOR | F22: =' NotaPedido'!I24 -> CAJON | G22: =' NotaPedido'!K24 -> 4 | H22: =' NotaPedido'!J24 -> 1350 | I22: =H22*G22 -> 5400
A23: =' NotaPedido'!A25 -> 14 | B23: =' NotaPedido'!B25 -> 2.1.1-6546.207 | C23: ALIMENTOS | D23: =LEFT(B23,5) -> 2.1.1 | E23: =' NotaPedido'!C25:G25 -> VERDURAS Y HORTALIZAS; VARIEDAD: BATATA, ESTADO: NATURAL, PRESENTACION: BOLSA, PESO: 10 Kg | F23: =' NotaPedido'!I25 -> BOLSA | G23: =' NotaPedido'!K25 -> 5 | H23: =' NotaPedido'!J25 -> 330 | I23: =H23*G23 -> 1650
A24: =' NotaPedido'!A26 -> 15 | B24: =' NotaPedido'!B26 -> 2.1.1-6546.177 | C24: ALIMENTOS | D24: =LEFT(B24,5) -> 2.1.1 | E24: =' NotaPedido'!C26:G26 -> VERDURAS Y HORTALIZAS; VARIEDAD: BERENJENA, ESTADO: NATURAL, PRESENTACION: GRANEL, PESO: SIN VALOR | F24: KG | G24: 72 | H24: 118.75 | I24: =H24*G24 -> 8550
A25: =' NotaPedido'!A27 -> 16 | B25: =' NotaPedido'!B27 -> 2.1.1-541.33 | C25: ALIMENTOS | D25: =LEFT(B25,5) -> 2.1.1 | E25: =' NotaPedido'!C27:G27 -> CARNES; ESPECIE: VACUNA, CORTE: BOLA DE LOMO, TIPO: VACUNA | F25: =' NotaPedido'!I27 -> KG | G25: =' NotaPedido'!K27 -> 100 | H25: =' NotaPedido'!J27 -> 643 | I25: =H25*G25 -> 64300
A26: =' NotaPedido'!A28 -> 17 | B26: =' NotaPedido'!B28 -> 2.1.1-2615.15 | C26: ALIMENTOS | D26: =LEFT(B26,5) -> 2.1.1 | E26: =' NotaPedido'!C28:G28 -> CACAO; TIPO: INSTANTANEO, PRESENTACION: ENVASE X 800 GR, FORMA DE PRESENTACION: POLVO, MATERIAL ENVASE: CARTON, CERTICADO FORESTAL (GFS): CON, LIBRE DE GLUTEN: SI | F26: =' NotaPedido'!I28 -> ENVASE | G26: =' NotaPedido'!K28 -> 14 | H26: =' NotaPedido'!J28 -> 115 | I26: =H26*G26 -> 1610
A27: =' NotaPedido'!A29 -> 18 | B27: =' NotaPedido'!B29 -> 2.1.1-541.137 | C27: ALIMENTOS | D27: =LEFT(B27,5) -> 2.1.1 | E27: =' NotaPedido'!C29:G29 -> CARNES; ESPECIE: PORCINA, CORTE: CARRE CONGELADO, TIPO: PORCINA | F27: =' NotaPedido'!I29 -> KG | G27: =' NotaPedido'!K29 -> 50 | H27: =' NotaPedido'!J29 -> 383.5 | I27: =H27*G27 -> 19175
A28: =' NotaPedido'!A30 -> 19 | B28: =' NotaPedido'!B30 -> 2.1.1-6546.236 | C28: ALIMENTOS | D28: =LEFT(B28,5) -> 2.1.1 | E28: =' NotaPedido'!C30:G30 -> VERDURAS Y HORTALIZAS; VARIEDAD: CEBOLLA, ESTADO: NATURAL, PRESENTACION: BOLSA, PESO: 20 Kg | F28: =' NotaPedido'!I30 -> BOLSA | G28: =' NotaPedido'!K30 -> 12 | H28: =' NotaPedido'!J30 -> 1240 | I28: =H28*G28 -> 14880
A29: =' NotaPedido'!A31 -> 20 | B29: =' NotaPedido'!B31 -> 2.1.1-6546.377 | C29: ALIMENTOS | D29: =LEFT(B29,5) -> 2.1.1 | E29: =' NotaPedido'!C31:G31 -> VERDURAS Y HORTALIZAS; VARIEDAD: CEBOLLA DE VERDEO, ESTADO: NATURAL, PRESENTACION: CAJON, PESO: 10 Kg, ELEM. TRANSPORTE: CAJON, MATERIAL ELEM. TRANSPORTE: CARTON, LIBRE DE GLUTEN: NO | F29: =' NotaPedido'!I31 -> CAJON | G29: =' NotaPedido'!K31 -> 1 | H29: =' NotaPedido'!J31 -> 450 | I29: =H29*G29 -> 450
A30: =' NotaPedido'!A32 -> 21 | B30: =' NotaPedido'!B32 -> 2.1.1-6546.269 | C30: ALIMENTOS | D30: =LEFT(B30,5) -> 2.1.1 | E30: =' NotaPedido'!C32:G32 -> VERDURAS Y HORTALIZAS; VARIEDAD: CHOCLO, ESTADO: GRANO, PRESENTACION: LATA, PESO: 350 GR | F30: =' NotaPedido'!I32 -> LATA | G30: =' NotaPedido'!K32 -> 60 | H30: =' NotaPedido'!J32 -> 80 | I30: =H30*G30 -> 4800
A31: =' NotaPedido'!A33 -> 22 | B31: =' NotaPedido'!B33 -> 2.1.1-6539.123 | C31: ALIMENTOS | D31: =LEFT(B31,5) -> 2.1.1 | E31: =' NotaPedido'!C33:G33 -> FRUTAS; VARIEDAD: CIRUELA, ESTADO: DESECADA, PRESENTACION: ENVASE X 5 Kg, PESO: 5 Kg | F31: =' NotaPedido'!I33 -> ENVASE | G31: =' NotaPedido'!K33 -> 1 | H31: =' NotaPedido'!J33 -> 2470 | I31: =H31*G31 -> 2470
A32: =' NotaPedido'!A34 -> 23 | B32: =' NotaPedido'!B34 -> 2.1.1-597.41 | C32: ALIMENTOS | D32: =LEFT(B32,5) -> 2.1.1 | E32: =' NotaPedido'!C34:G34 -> CONSERVAS DE FRUTAS; VARIEDAD: COCTEL, ENVASE: LATA, PESO: 800 GR, ELEM. TRANSPORTE: SIN, MATERIAL ELEM. TRANSPORTE: SIN, LIBRE DE GLUTEN: NO | F32: =' NotaPedido'!I34 -> LATA | G32: =' NotaPedido'!K34 -> 13 | H32: =' NotaPedido'!J34 -> 210 | I32: =H32*G32 -> 2730
A33: =' NotaPedido'!A35 -> 24 | B33: =' NotaPedido'!B35 -> 2.1.1-597.43 | C33: ALIMENTOS | D33: =LEFT(B33,5) -> 2.1.1 | E33: =' NotaPedido'!C35:G35 -> CONSERVAS DE FRUTAS; VARIEDAD: COCTEL, ENVASE: LATA, PESO: 820 GR, ELEM. TRANSPORTE: SIN, MATERIAL ELEM. TRANSPORTE: SIN, LIBRE DE GLUTEN: SI | F33: =' NotaPedido'!I35 -> LATA | G33: =' NotaPedido'!K35 -> 13 | H33: =' NotaPedido'!J35 -> 210 | I33: =H33*G33 -> 2730
A34: =' NotaPedido'!A36 -> 25 | B34: =' NotaPedido'!B36 -> 2.1.1-541.164 | C34: ALIMENTOS | D34: =LEFT(B34,5) -> 2.1.1 | E34: =' NotaPedido'!C36:G36 -> CARNES; TIPO: PORCINA, CORTE: COSTELETA | F34: =' NotaPedido'!I36 -> KG | G34: =' NotaPedido'!K36 -> 67 | H34: =' NotaPedido'!J36 -> 442 | I34: =H34*G34 -> 29614
A35: =' NotaPedido'!A37 -> 26 | B35: =' NotaPedido'!B37 -> 2.1.1-489.91 | C35: ALIMENTOS | D35: =LEFT(B35,5) -> 2.1.1 | E35: =' NotaPedido'!C37:G37 -> ESPECIAS; TIPO: COMINO, PRESENTACION: SOBRE X 25 GR | F35: =' NotaPedido'!I37 -> SOBRE | G35: =' NotaPedido'!K37 -> 8 | H35: =' NotaPedido'!J37 -> 36 | I35: =H35*G35 -> 288
A36: =' NotaPedido'!A38 -> 27 | B36: =' NotaPedido'!B38 -> 2.1.1-489.82 | C36: ALIMENTOS | D36: =LEFT(B36,5) -> 2.1.1 | E36: =' NotaPedido'!C38:G38 -> ESPECIAS; TIPO: ADOBO PARA PIZZA, PRESENTACION: SOBRE X 25 GR | F36: =' NotaPedido'!I38 -> SOBRE | G36: =' NotaPedido'!K38 -> 20 | H36: =' NotaPedido'!J38 -> 35 | I36: =H36*G36 -> 700
... A62: =' NotaPedido'!A64 -> 53 | B62: =' NotaPedido'!B64 -> 2.1.1-6547.88 | C62: ALIMENTOS | D62: =LEFT(B62,5) -> 2.1.1 | E62: =' NotaPedido'!C64:G64 -> LEGUMBRES; VARIEDAD: LENTEJA, ESTADO: SECO, PRESENTACION: BOLSA, PESO: 450 GR, MATERIAL ENVASE: PLASTICO, ELEM. TRANSPORTE: SIN, MATERIAL ELEM. TRANSPORTE: SIN, LIBRE DE GLUTEN: SI | F62: =' NotaPedido'!I64 -> ENVASE | G62: =' NotaPedido'!K64 -> 8 | H62: =' NotaPedido'!J64 -> 115 | I62: =H62*G62 -> 920
A63: =' NotaPedido'!A65 -> 54 | B63: =' NotaPedido'!B65 -> 2.1.1-6546.374 | C63: ALIMENTOS | D63: =LEFT(B63,5) -> 2.1.1 | E63: =' NotaPedido'!C65:G65 -> VERDURAS Y HORTALIZAS; VARIEDAD: LECHUGA ARREPOLLADA, ESTADO: NATURAL, PRESENTACION: A GRANEL, PESO: 300 GR CADA PLANTA, ELEM. TRANSPORTE: SIN, MATERIAL ELEM. TRANSPORTE: SIN, LIBRE DE GLUTEN: SI | F63: KG | G63: 40 | H63: 42 | I63: =H63*G63 -> 1680
A64: =' NotaPedido'!A66 -> 55 | B64: =' NotaPedido'!B66 -> 2.1.1-2116.10 | C64: ALIMENTOS | D64: =LEFT(B64,5) -> 2.1.1 | E64: =' NotaPedido'!C66:G66 -> LEVADURAS; TIPO: SECA INSTANTANEA, PRESENTACION: SOBRE, PESO: 20 GR | F64: =' NotaPedido'!I66 -> SOBRE | G64: =' NotaPedido'!K66 -> 15 | H64: =' NotaPedido'!J66 -> 35 | I64: =H64*G64 -> 525
A65: =' NotaPedido'!A67 -> 56 | B65: =' NotaPedido'!B67 -> 2.1.1-6539.84 | C65: ALIMENTOS | D65: =LEFT(B65,5) -> 2.1.1 | E65: =' NotaPedido'!C67:G67 -> FRUTAS; VARIEDAD: LIMON, ESTADO: NATURAL, PRESENTACION: CAJON X 1 Kg, PESO: 1 Kg | F65: =' NotaPedido'!I67 -> CAJON | G65: =' NotaPedido'!K67 -> 15 | H65: =' NotaPedido'!J67 -> 45 | I65: =H65*G65 -> 675
A66: =' NotaPedido'!A68 -> 57 | B66: =' NotaPedido'!B68 -> 2.1.1-6539.20 | C66: ALIMENTOS | D66: =LEFT(B66,5) -> 2.1.1 | E66: =' NotaPedido'!C68:G68 -> FRUTAS; ESTADO: NATURAL, VARIEDAD: MANZANA RED DELICIOSA, PRESENTACION: CAJON, PESO: SIN VALOR | F66: =' NotaPedido'!I68 -> CAJON | G66: =' NotaPedido'!K68 -> 8 | H66: =' NotaPedido'!J68 -> 1920 | I66: =H66*G66 -> 15360
A67: =' NotaPedido'!A69 -> 58 | B67: =' NotaPedido'!B69 -> 2.1.1-706.6 | C67: ALIMENTOS | D67: =LEFT(B67,5) -> 2.1.1 | E67: =' NotaPedido'!C69:G69 -> MATE COCIDO; ENVASE: CAJA CARTON, PRESENTACION: ENSOBRADO, SAQUITOS P/CAJA: 100 UN, PESO X SAQ.: 3 GR | F67: =' NotaPedido'!I69 -> CAJA | G67: =' NotaPedido'!K69 -> 35 | H67: =' NotaPedido'!J69 -> 108.5 | I67: =H67*G67 -> 3797.5
A68: =' NotaPedido'!A70 -> 59 | B68: =' NotaPedido'!B70 -> 2.1.1-438.83 | C68: ALIMENTOS | D68: =LEFT(B68,5) -> 2.1.1 | E68: =' NotaPedido'!C70:G70 -> ADEREZOS; TIPO: MAYONESA LIGHT, PRESENTACION: ENVASE X 475 GR, LIBRE DE GLUTEN: SIN VALOR | F68: =' NotaPedido'!I70 -> ENVASE | G68: =' NotaPedido'!K70 -> 15 | H68: =' NotaPedido'!J70 -> 60 | I68: =H68*G68 -> 900
A69: =' NotaPedido'!A71 -> 60 | B69: =' NotaPedido'!B71 -> 2.1.1-541.49 | C69: ALIMENTOS | D69: =LEFT(B69,5) -> 2.1.1 | E69: =' NotaPedido'!C71:G71 -> CARNES; ESPECIE: VACUNA, CORTE: NALGA, TIPO: VACUNA | F69: =' NotaPedido'!I71 -> KG | G69: =' NotaPedido'!K71 -> 216 | H69: =' NotaPedido'!J71 -> 500 | I69: =H69*G69 -> 108000
A70: =' NotaPedido'!A72 -> 61 | B70: =' NotaPedido'!B72 -> 2.1.1-541.20 | C70: ALIMENTOS | D70: =LEFT(B70,5) -> 2.1.1 | E70: =' NotaPedido'!C72:G72 -> CARNES; CORTE: TAPA DE NALGA, ESPECIE: VACUNA, TIPO: VACUNA | F70: =' NotaPedido'!I72 -> KG | G70: =' NotaPedido'!K72 -> 35 | H70: =' NotaPedido'!J72 -> 450 | I70: =H70*G70 -> 15750
A71: =' NotaPedido'!A73 -> 62 | B71: =' NotaPedido'!B73 -> 2.1.1-6539.8 | C71: ALIMENTOS | D71: =LEFT(B71,5) -> 2.1.1 | E71: =' NotaPedido'!C73:G73 -> FRUTAS; VARIEDAD: NARANJA ESPECIAL, ESTADO: NATURAL, PRESENTACION: CAJON, PESO: SIN VALOR | F71: =' NotaPedido'!I73 -> CAJON | G71: =' NotaPedido'!K73 -> 5 | H71: =' NotaPedido'!J73 -> 30 | I71: =H71*G71 -> 150
A72: =' NotaPedido'!A74 -> 63 | B72: =' NotaPedido'!B74 -> 2.1.1-489.181 | C72: ALIMENTOS | D72: =LEFT(B72,5) -> 2.1.1 | E72: =' NotaPedido'!C74:G74 -> ESPECIAS; TIPO: NUEZ MOSCADA, PRESENTACION: ENVASE X 25 GR, LIBRE DE GLUTEN: SI | F72: =' NotaPedido'!I74 -> ENVASE | G72: =' NotaPedido'!K74 -> 7 | H72: =' NotaPedido'!J74 -> 110 | I72: =H72*G72 -> 770
A73: =' NotaPedido'!A75 -> 64 | B73: =' NotaPedido'!B75 -> 2.1.1-489.85 | C73: ALIMENTOS | D73: =LEFT(B73,5) -> 2.1.1 | E73: =' NotaPedido'!C75:G75 -> ESPECIAS; PRESENTACION: SOBRE X 50 GR, TIPO: OREGANO | F73: =' NotaPedido'!I75 -> SOBRE | G73: =' NotaPedido'!K75 -> 20 | H73: =' NotaPedido'!J75 -> 54 | I73: =H73*G73 -> 1080
A74: =' NotaPedido'!A76 -> 65 | B74: =' NotaPedido'!B76 -> 2.1.1-6546.335 | C74: ALIMENTOS | D74: =LEFT(B74,5) -> 2.1.1 | E74: =' NotaPedido'!C76:G76 -> VERDURAS Y HORTALIZAS; VARIEDAD: PAPA BLANCA, ESTADO: NATURAL, PRESENTACION: BOLSA, PESO: 25 Kg | F74: =' NotaPedido'!I76 -> BOLSA | G74: =' NotaPedido'!K76 -> 16 | H74: =' NotaPedido'!J76 -> 640 | I74: =H74*G74 -> 10240
A75: =' NotaPedido'!A77 -> 66 | B75: =' NotaPedido'!B77 -> 2.1.1-541.29 | C75: ALIMENTOS | D75: =LEFT(B75,5) -> 2.1.1 | E75: =' NotaPedido'!C77:G77 -> CARNES; CORTE: PECETO, ESPECIE: VACUNA, TIPO: VACUNA | F75: =' NotaPedido'!I77 -> KG | G75: =' NotaPedido'!K77 -> 100 | H75: =' NotaPedido'!J77 -> 500 | I75: =H75*G75 -> 50000
... A81: =' NotaPedido'!A83 -> 72 | B81: =' NotaPedido'!B83 -> 2.1.1-6546.365 | C81: ALIMENTOS | D81: =LEFT(B81,5) -> 2.1.1 | E81: =' NotaPedido'!C83:G83 -> VERDURAS Y HORTALIZAS; VARIEDAD: MORRON ROJO, ESTADO: NATURAL, PRESENTACION: ENVASE X 10 Kg, PESO: 10 Kg, ELEM. TRANSPORTE: CAJON, MATERIAL ELEM. TRANSPORTE: MADERA, LIBRE DE GLUTEN: SI | F81: =' NotaPedido'!I83 -> CAJON | G81: =' NotaPedido'!K83 -> 8 | H81: =' NotaPedido'!J83 -> 1370 | I81: =H81*G81 -> 10960
A82: =' NotaPedido'!A84 -> 73 | B82: =' NotaPedido'!B84 -> 2.1.1-6546.95 | C82: ALIMENTOS | D82: =LEFT(B82,5) -> 2.1.1 | E82: =' NotaPedido'!C84:G84 -> VERDURAS Y HORTALIZAS; VARIEDAD: MORRON VERDE, ESTADO: NATURAL, PRESENTACION: GRANEL, PESO: SIN VALOR | F82: KG | G82: 80 | H82: 85 | I82: =H82*G82 -> 6800
A83: =' NotaPedido'!A85 -> 74 | B83: =' NotaPedido'!B85 -> 2.1.1-489.190 | C83: ALIMENTOS | D83: =LEFT(B83,5) -> 2.1.1 | E83: =' NotaPedido'!C85:G85 -> ESPECIAS; TIPO: PROVENZAL, PRESENTACION: SOBRE X 50 GR, LIBRE DE GLUTEN: SI | F83: =' NotaPedido'!I85 -> SOBRE | G83: =' NotaPedido'!K85 -> 20 | H83: =' NotaPedido'!J85 -> 50 | I83: =H83*G83 -> 1000
A84: =' NotaPedido'!A86 -> 75 | B84: =' NotaPedido'!B86 -> 2.1.1-542.236 | C84: ALIMENTOS | D84: =LEFT(B84,5) -> 2.1.1 | E84: =' NotaPedido'!C86:G86 -> QUESOS; TIPO: CREMOSO, PRESENTACION: AL PESO, ELEM. TRANSPORTE: SIN, MATERIAL ELEM. TRANSPORTE: SIN, MATERIAL ENVASE: SIN, CERTIFICADO FORESTAL (GFS): SIN, LIBRE DE GLUTEN: A DEFINIR | F84: =' NotaPedido'!I86 -> KG | G84: =' NotaPedido'!K86 -> 65 | H84: =' NotaPedido'!J86 -> 400 | I84: =H84*G84 -> 26000
A85: =' NotaPedido'!A87 -> 76 | B85: =' NotaPedido'!B87 -> 2.1.1-542.240 | C85: ALIMENTOS | D85: =LEFT(B85,5) -> 2.1.1 | E85: =' NotaPedido'!C87:G87 -> QUESOS; TIPO: SARDO, PRESENTACION: HORMA, ELEM. TRANSPORTE: SIN, MATERIAL ELEM. TRANSPORTE: SIN, MATERIAL ENVASE: SIN, CERTIFICADO FORESTAL (GFS): SIN, LIBRE DE GLUTEN: A DEFINIR | F85: =' NotaPedido'!I87 -> HORMA | G85: =' NotaPedido'!K87 -> 4 | H85: =' NotaPedido'!J87 -> 2075.04 | I85: =H85*G85 -> 8300.16
A86: =' NotaPedido'!A88 -> 77 | B86: =' NotaPedido'!B88 -> 2.1.1-542.225 | C86: ALIMENTOS | D86: =LEFT(B86,5) -> 2.1.1 | E86: =' NotaPedido'!C88:G88 -> QUESOS; TIPO: TYBO, PRESENTACION: ENVASE X 1 Kg, ELEM. TRANSPORTE: SIN, MATERIAL ELEM. TRANSPORTE: SIN, MATERIAL ENVASE: POLIESTIRENO, CERTIFICADO FORESTAL (GFS): SIN, LIBRE DE GLUTEN: SI | F86: =' NotaPedido'!I88 -> KG | G86: =' NotaPedido'!K88 -> 15 | H86: =' NotaPedido'!J88 -> 547.5 | I86: =H86*G86 -> 8212.5
A87: =' NotaPedido'!A89 -> 78 | B87: =' NotaPedido'!B89 -> 2.1.1-707.38 | C87: ALIMENTOS | D87: =LEFT(B87,5) -> 2.1.1 | E87: =' NotaPedido'!C89:G89 -> PASTAS FRESCAS; VARIEDAD: RAVIOL, RELLENO: VERDURA Y POLLO, PRESENTACION: ENVASE X 500 GR | F87: =' NotaPedido'!I89 -> ENVASE | G87: =' NotaPedido'!K89 -> 26 | H87: =' NotaPedido'!J89 -> 85 | I87: =H87*G87 -> 2210
A88: =' NotaPedido'!A90 -> 79 | B88: =' NotaPedido'!B90 -> 2.1.1-514.2 | C88: ALIMENTOS | D88: =LEFT(B88,5) -> 2.1.1 | E88: =' NotaPedido'!C90:G90 -> SAL DE MESA; CONSISTENCIA: FINA, PESO: 500 GR, TIPO: SIN VALOR, ENVASE: PAQUETE | F88: =' NotaPedido'!I90 -> PAQUETE | G88: =' NotaPedido'!K90 -> 40 | H88: =' NotaPedido'!J90 -> 50 | I88: =H88*G88 -> 2000
A89: =' NotaPedido'!A91 -> 80 | B89: =' NotaPedido'!B91 -> 2.1.1-514.15 | C89: ALIMENTOS | D89: =LEFT(B89,5) -> 2.1.1 | E89: =' NotaPedido'!C91:G91 -> SAL DE MESA; CONSISTENCIA: GRUESA, ENVASE: BOLSA, PESO: 1 Kg, TIPO: SIN VALOR | F89: =' NotaPedido'!I91 -> BOLSA | G89: =' NotaPedido'!K91 -> 8 | H89: =' NotaPedido'!J91 -> 60 | I89: =H89*G89 -> 480
A90: =' NotaPedido'!A92 -> 81 | B90: =' NotaPedido'!B92 -> 2.1.1-2610.1 | C90: ALIMENTOS | D90: =LEFT(B90,5) -> 2.1.1 | E90: =' NotaPedido'!C92:G92 -> TAPAS P/EMPANADAS; TIPO: P/HORNO, PRESENTACION: BOLSA X 12 | F90: =' NotaPedido'!I92 -> BOLSA | G90: =' NotaPedido'!K92 -> 65 | H90: =' NotaPedido'!J92 -> 55 | I90: =H90*G90 -> 3575
A91: =' NotaPedido'!A93 -> 82 | B91: =' NotaPedido'!B93 -> 2.1.1-2429.4 | C91: ALIMENTOS | D91: =LEFT(B91,5) -> 2.1.1 | E91: =' NotaPedido'!C93:G93 -> TAPAS P/TARTAS; TIPO: REDONDA, MASA: HOJALDRE, PRESENTACION: ENVASE X 400 GR | F91: =' NotaPedido'!I93 -> ENVASE | G91: =' NotaPedido'!K93 -> 40 | H91: =' NotaPedido'!J93 -> 75 | I91: =H91*G91 -> 3000
A92: =' NotaPedido'!A94 -> 83 | B92: =' NotaPedido'!B94 -> 2.1.1-511.6 | C92: ALIMENTOS | D92: =LEFT(B92,5) -> 2.1.1 | E92: =' NotaPedido'!C94:G94 -> TE; SAQUITOS 2G P/CAJA: 100, PRESENTACION: EN SAQUITOS ENSOBRADOS, PESO: SIN VALOR, TIPO: SIN VALOR | F92: =' NotaPedido'!I94 -> CAJA | G92: =' NotaPedido'!K94 -> 25 | H92: =' NotaPedido'!J94 -> 83.5 | I92: =H92*G92 -> 2087.5
A93: =' NotaPedido'!A95 -> 84 | B93: =' NotaPedido'!B95 -> 2.1.1-6546.18 | C93: ALIMENTOS | D93: =LEFT(B93,5) -> 2.1.1 | E93: =' NotaPedido'!C95:G95 -> VERDURAS Y HORTALIZAS; VARIEDAD: TOMATE REDONDO, ESTADO: NATURAL, PRESENTACION: CAJON, PESO: 10 Kg | F93: CAJON | G93: =' NotaPedido'!K95 -> 8 | H93: =' NotaPedido'!J95 -> 900 | I93: =H93*G93 -> 7200
A94: =' NotaPedido'!A96 -> 85 | B94: =' NotaPedido'!B96 -> 2.1.1-6546.5 | C94: ALIMENTOS | D94: =LEFT(B94,5) -> 2.1.1 | E94: =' NotaPedido'!C96:G96 -> VERDURAS Y HORTALIZAS; PRESENTACION: BOTELLA, VARIEDAD: TOMATE PERITA, ESTADO: TRITURADO, PESO: 970 GR | F94: =' NotaPedido'!I96 -> BOTELLA | G94: =' NotaPedido'!K96 -> 86 | H94: =' NotaPedido'!J96 -> 110 | I94: =H94*G94 -> 9460
A95: =' NotaPedido'!A97 -> 86 | B95: =' NotaPedido'!B97 -> 2.1.1-519.23 | C95: ALIMENTOS | D95: =LEFT(B95,5) -> 2.1.1 | E95: =' NotaPedido'!C97:G97 -> VINAGRES; TIPO: MANZANA, PRESENTACION: ENVASE X 1 L, MATERIAL ENVASE: PLASTICO 1 (PET) | F95: =' NotaPedido'!I97 -> ENVASE | G95: =' NotaPedido'!K97 -> 4 | H95: =' NotaPedido'!J97 -> 108 | I95: =H95*G95 -> 432
A96: =' NotaPedido'!A98 -> 87 | B96: =' NotaPedido'!B98 -> 2.1.1-454.25 | C96: ALIMENTOS | D96: =LEFT(B96,5) -> 2.1.1 | E96: =' NotaPedido'!C98:G98 -> YERBAS; PALO: CON, PESO: 1 Kg, MATERIAL ENVASE : PAPEL, CERTIFICADO FORESTAL (GFS): CON, ELEM. TRANSPORTE: SIN, MATERIAL ELEM. TRANSPORTE: SIN, LIBRE DE GLUTEN: SI | F96: =' NotaPedido'!I98 -> ENVASE | G96: =' NotaPedido'!K98 -> 4 | H96: =' NotaPedido'!J98 -> 315 | I96: =H96*G96 -> 1260
A97: =' NotaPedido'!A99 -> 88 | B97: =' NotaPedido'!B99 -> 2.1.1-456.91 | C97: ALIMENTOS | D97: =LEFT(B97,5) -> 2.1.1 | E97: =' NotaPedido'!C99:G99 -> YOGHURT; TIPO: DESCREMADO, AGREGADO: SIN, CONSISTENCIA: FIRME, SABOR: VAINILLA-FRUTILLA, PRESENTACION: POTE PLASTICO X 190 mL | F97: UNIDAD | G97: =' NotaPedido'!K99 -> 50 | H97: =' NotaPedido'!J99 -> 59.79 | I97: =H97*G97 -> 2989.5
A98: =' NotaPedido'!A100 -> 89 | B98: =' NotaPedido'!B100 -> 2.1.1-456.90 | C98: ALIMENTOS | D98: =LEFT(B98,5) -> 2.1.1 | E98: =' NotaPedido'!C100:G100 -> YOGHURT; TIPO: ENTERO, AGREGADO: SIN, CONSISTENCIA: FIRME, SABOR: VAINILLA-FRUTILLA, PRESENTACION: POTE PLASTICO X 190 mL | F98: UNIDAD | G98: =' NotaPedido'!K100 -> 50 | H98: =' NotaPedido'!J100 -> 59.75 | I98: =H98*G98 -> 2987.5
A99: =' NotaPedido'!A101 -> 90 | B99: =' NotaPedido'!B101 -> 2.1.1-6546.403 | C99: ALIMENTOS | D99: =LEFT(B99,5) -> 2.1.1 | E99: =' NotaPedido'!C101:G101 -> VERDURAS Y HORTALIZAS; VARIEDAD: ZANAHORIA, ESTADO: NATURAL, PRESENTACION: BOLSA, PESO: NO CORRESPONDE, ELEM. TRANSPORTE: SIN, MATERIAL ELEM. TRANSPORTE: SIN, LIBRE DE GLUTEN: SI, ORGANICO: NO | F99: =' NotaPedido'!I101 -> BOLSA | G99: =' NotaPedido'!K101 -> 8 | H99: =' NotaPedido'!J101 -> 640 | I99: =H99*G99 -> 5120
A100: =' NotaPedido'!A102 -> 91 | B100: =' NotaPedido'!B102 -> 2.1.1-6546.151 | C100: ALIMENTOS | D100: =LEFT(B100,5) -> 2.1.1 | E100: =' NotaPedido'!C102:G102 -> VERDURAS Y HORTALIZAS; VARIEDAD: ZAPALLITO REDONDO, ESTADO: NATURAL, PRESENTACION: CAJON, PESO: SIN VALOR | F100: =' NotaPedido'!I102 -> CAJON | G100: =' NotaPedido'!K102 -> 5 | H100: =' NotaPedido'!J102 -> 650 | I100: =H100*G100 -> 3250
A101: =' NotaPedido'!A103 -> 92 | B101: =' NotaPedido'!B103 -> 2.1.1-6546.298 | C101: ALIMENTOS | D101: =LEFT(B101,5) -> 2.1.1 | E101: =' NotaPedido'!C103:G103 -> VERDURAS Y HORTALIZAS; VARIEDAD: ZUCHINI, ESTADO: NATURAL, PRESENTACION: CAJON, PESO: 18 Kg | F101: =' NotaPedido'!I103 -> CAJON | G101: =' NotaPedido'!K103 -> 4 | H101: =' NotaPedido'!J103 -> 990 | I101: =H101*G101 -> 3960
A102: =' NotaPedido'!A104 -> 93 | B102: =' NotaPedido'!B104 -> 2.1.1-6546.159 | C102: ALIMENTOS | D102: =LEFT(B102,5) -> 2.1.1 | E102: =' NotaPedido'!C104:G104 -> VERDURAS Y HORTALIZAS; VARIEDAD: ZAPALLO CALABAZA, ESTADO: NATURAL, PRESENTACION: BOLSA, PESO: 20 Kg | F102: =' NotaPedido'!I104 -> BOLSA | G102: =' NotaPedido'!K104 -> 4 | H102: =' NotaPedido'!J104 -> 760 | I102: =H102*G102 -> 3040
A103: =' NotaPedido'!A105 -> 94 | B103: =' NotaPedido'!B105 -> 2.1.1-6546.162 | C103: ALIMENTOS | D103: =LEFT(B103,5) -> 2.1.1 | E103: =' NotaPedido'!C105:G105 -> VERDURAS Y HORTALIZAS; VARIEDAD: ZAPALLO CRIOLLO, ESTADO: NATURAL, PRESENTACION: UNIDAD, PESO: SIN VALOR | F103: KG | G103: =' NotaPedido'!K105 -> 5 | H103: =' NotaPedido'!J105 -> 35 | I103: =H103*G103 -> 175
A104: =' NotaPedido'!A106 -> 95 | B104: =' NotaPedido'!B106 -> 2.1.1-438.30 | C104: ALIMENTOS | D104: =LEFT(B104,5) -> 2.1.1 | E104: =' NotaPedido'!C106:G106 -> ADEREZOS; TIPO: MOSTAZA, ENVASE: POMO, CONTENIDO: 300 GR, PRESENTACION: ENVASE X 300 GR | F104: UNIDAD | G104: =' NotaPedido'!K106 -> 13 | H104: =' NotaPedido'!J106 -> 138.33 | I104: =H104*G104 -> 1798.29
A105: =' NotaPedido'!A107 -> 96 | B105: =' NotaPedido'!B107 -> 2.1.1-438.79 | C105: ALIMENTOS | D105: =LEFT(B105,5) -> 2.1.1 | E105: =' NotaPedido'!C107:G107 -> ADEREZOS; TIPO: SALSA DE SOJA, PRESENTACION: ENVASE X 1 L, LIBRE DE GLUTEN: SIN VALOR | F105: =' NotaPedido'!I107 -> ENVASE | G105: =' NotaPedido'!K107 -> 2 | H105: =' NotaPedido'!J107 -> 315 | I105: =H105*G105 -> 630
A106: =' NotaPedido'!A108 -> 97 | B106: =' NotaPedido'!B108 -> 2.1.1-489.183 | C106: ALIMENTOS | D106: =LEFT(B106,5) -> 2.1.1 | E106: =' NotaPedido'!C108:G108 -> ESPECIAS; TIPO: PIMIENTA NEGRA, PRESENTACION: ENVASE X 25 GR, LIBRE DE GLUTEN: SI | F106: =' NotaPedido'!I108 -> ENVASE | G106: =' NotaPedido'!K108 -> 5 | H106: =' NotaPedido'!J108 -> 36 | I106: =H106*G106 -> 180
A107: =' NotaPedido'!A109 -> 98 | B107: =' NotaPedido'!B109 -> 2.1.1-6547.31 | C107: ALIMENTOS | D107: =LEFT(B107,5) -> 2.1.1 | E107: =' NotaPedido'!C109:G109 -> LEGUMBRES; VARIEDAD: POROTO ALUBIA, ESTADO: NATURAL, PRESENTACION: BOLSA PLASTICA, PESO: 500 GR | F107: =' NotaPedido'!I109 -> BOLSA | G107: =' NotaPedido'!K109 -> 4 | H107: =' NotaPedido'!J109 -> 95.5 | I107: =H107*G107 -> 382
A108: =' NotaPedido'!A110 -> 99 | B108: =' NotaPedido'!B110 -> 2.1.1-2616.9 | C108: ALIMENTOS | D108: =LEFT(B108,5) -> 2.1.1 | E108: =' NotaPedido'!C110:G110 -> MAIZ; TIPO: BLANCO PISADO, PRESENTACION: ENVASE X 500 GR, FORMA DE PRESENTACION: SIN VALOR | F108: =' NotaPedido'!I110 -> ENVASE | G108: =' NotaPedido'!K110 -> 4 | H108: =' NotaPedido'!J110 -> 80 | I108: =H108*G108 -> 320
A109: =' NotaPedido'!A111 -> 100 | B109: =' NotaPedido'!B111 -> 2.1.1-482.63 | C109: ALIMENTOS | D109: =LEFT(B109,5) -> 2.1.1 | E109: =' NotaPedido'!C111:G111 -> HARINAS; TIPO: MAIZ, PRESENTACION: ENVASE X 750 GR, MATERIAL ENVASE: PAPEL, CERTICADO FORESTAL (GFS): SIN, ELEM. TRANSPORTE: SIN, MATERIAL ELEM. TRANSPORTE: SIN | F109: =' NotaPedido'!I111 -> ENVASE | G109: =' NotaPedido'!K111 -> 3 | H109: =' NotaPedido'!J111 -> 50.02 | I109: =H109*G109 -> 150.06
A110: =' NotaPedido'!A112 -> 101 | B110: =' NotaPedido'!B112 -> 2.1.1-5917.8 | C110: ALIMENTOS | D110: =LEFT(B110,5) -> 2.1.1 | E110: =' NotaPedido'!C112:G112 -> CEREALES; TIPO: TRIGO BURGOL, PRESENTACION: ENVASE X 1 Kg | F110: =' NotaPedido'!I112 -> ENVASE | G110: =' NotaPedido'!K112 -> 35 | H110: =' NotaPedido'!J112 -> 95 | I110: =H110*G110 -> 3325
A111: =' NotaPedido'!A113 -> 102 | B111: =' NotaPedido'!B113 -> 2.1.1-4975.2 | C111: ALIMENTOS | D111: =LEFT(B111,5) -> 2.1.1 | E111: =' NotaPedido'!C113:G113 -> RICOTA; ENVASE: PAQUETE, PESO: 1 Kg, SABOR: SIN | F111: =' NotaPedido'!I113 -> PAQUETE | G111: =' NotaPedido'!K113 -> 20 | H111: =' NotaPedido'!J113 -> 326 | I111: =H111*G111 -> 6520
B113: PLAZO DE ENTRAGA: DIEZ (10) DIAS HABILES
A114: ,
B115: Especificidades Item N° 2 :
B117: Descripción técnica
C118: PESO MINIMO DEL ATADO 300 GR.
B119: Plazos y lugares de entrega
C120: MATERNIDAD PROVINCIAL 25 DE MAYO-SERVICIO DE NUTRICION-HERNANDO DE PEDRAZA 1.650
B122: Calidad Minima esperada
B124: Mantenimiento
B126: Garantia
B131: Especificidades Item N° 13 :
B133: Descripción técnica
C134: PESO MINIMO O APROXIMADO DEL CAJON 20 KG
B135: Plazos y lugares de entrega
C136: MATERNIDAD PROVINCIAL 25 DE MAYO-SERVICIO DE NUTRICION-HERNANDO DE PEDRAZA 1.650
B138: Calidad Minima esperada
B140: Mantenimiento
B142: Garantia
B147: Especificidades Item N° 57 :
B149: Descripción técnica
C150: PESO MINIMO O APROXIMADO DEL CAJON 20 KG
B151: Plazos y lugares de entrega
...

Sheet  NotaPedido
A1: NOTA DE PEDIDO | J1: N° | K1: 304/2020
A3: JURISDICCIÓN: | D3: 42-Miniterio de salud
A4: SAF: | D4: 28-Maternidad Provincial 25 de Mayo
A5: UNIDAD EJECUTORA: | D5: 169-Dirección Asistencial
A6: DEPENDENCIA SOLICITANTE: | D6: Servicio de Nutrición y Dietoterapia
A7: PERIODO UTILIZACIÓN: | D7: 2 Meses
A8: OBJETO: | D8: ALIMENTOS PARA PERSONAS
A10: Ítem | B10: Codigo Item | C10: DESCRIPCIÓN | H10: Adjunta Detalle Técnico | I10: Unidad Medida | J10: Precio Unitario Estimado | K10: Cantidad Solicitada
A12: 1 | B12: ='[1]Necesidades Trimestrales'!B10 -> 2.1.1-439.67 | C12: ACEITES COMESTIBLES; TIPO: GIRASOL, PRESENTACION: ENVASE X 900 CM3, MATERIAL ENVASE: PLASTICO 1 (PET), ELEM. TRANSPORTE: SIN, MATERIAL ELEM. TRANSPORTE : SIN, LIBRE DE GLUTEN: NO | D12: ACEITES COMESTIBLES; TIPO: GIRASOL, PRESENTACION: ENVASE X 900 CM3, MATERIAL ENVASE: PLASTICO 1 (PET), ELEM. TRANSPORTE: SIN, MATERIAL ELEM. TRANSPORTE : SIN, LIBRE DE GLUTEN: NO | E12: ACEITES COMESTIBLES; TIPO: GIRASOL, PRESENTACION: ENVASE X 900 CM3, MATERIAL ENVASE: PLASTICO 1 (PET), ELEM. TRANSPORTE: SIN, MATERIAL ELEM. TRANSPORTE : SIN, LIBRE DE GLUTEN: NO | F12: ACEITES COMESTIBLES; TIPO: GIRASOL, PRESENTACION: ENVASE X 900 CM3, MATERIAL ENVASE: PLASTICO 1 (PET), ELEM. TRANSPORTE: SIN, MATERIAL ELEM. TRANSPORTE : SIN, LIBRE DE GLUTEN: NO | G12: ACEITES COMESTIBLES; TIPO: GIRASOL, PRESENTACION: ENVASE X 900 CM3, MATERIAL ENVASE: PLASTICO 1 (PET), ELEM. TRANSPORTE: SIN, MATERIAL ELEM. TRANSPORTE : SIN, LIBRE DE GLUTEN: NO | H12: NO | I12: ENVASE | J12: 128 | K12: 65
A13: 2 | B13: ='[1]Necesidades Trimestrales'!B11 -> 2.1.1-6546.34 | C13: VERDURAS Y HORTALIZAS; VARIEDAD: ACELGA, ESTADO: EN HOJA, PRESENTACION: ATADO, PESO: SIN VALOR | D13: VERDURAS Y HORTALIZAS; VARIEDAD: ACELGA, ESTADO: EN HOJA, PRESENTACION: ATADO, PESO: SIN VALOR | E13: VERDURAS Y HORTALIZAS; VARIEDAD: ACELGA, ESTADO: EN HOJA, PRESENTACION: ATADO, PESO: SIN VALOR | F13: VERDURAS Y HORTALIZAS; VARIEDAD: ACELGA, ESTADO: EN HOJA, PRESENTACION: ATADO, PESO: SIN VALOR | G13: VERDURAS Y HORTALIZAS; VARIEDAD: ACELGA, ESTADO: EN HOJA, PRESENTACION: ATADO, PESO: SIN VALOR | H13: NO | I13: ATADO | J13: 19 | K13: 96
A14: 3 | B14: ='[1]Necesidades Trimestrales'!B12 -> 2.1.1-6546.154 | C14: VERDURAS Y HORTALIZAS; ESTADO: NATURAL, PESO: SIN VALOR, VARIEDAD: AJO, PRESENTACION: UNIDAD | D14: VERDURAS Y HORTALIZAS; ESTADO: NATURAL, PESO: SIN VALOR, VARIEDAD: AJO, PRESENTACION: UNIDAD | E14: VERDURAS Y HORTALIZAS; ESTADO: NATURAL, PESO: SIN VALOR, VARIEDAD: AJO, PRESENTACION: UNIDAD | F14: VERDURAS Y HORTALIZAS; ESTADO: NATURAL, PESO: SIN VALOR, VARIEDAD: AJO, PRESENTACION: UNIDAD | G14: VERDURAS Y HORTALIZAS; ESTADO: NATURAL, PESO: SIN VALOR, VARIEDAD: AJO, PRESENTACION: UNIDAD | H14: NO | I14: UNIDAD | J14: 42 | K14: 27
A15: 4 | B15: ='[1]Necesidades Trimestrales'!B13 -> 2.1.1-6539.38 | C15: FRUTAS; VARIEDAD: ANANA, PRESENTACION: ENVASE X 850 GR, PESO: 850 GR, ESTADO: CONSERVA | D15: FRUTAS; VARIEDAD: ANANA, PRESENTACION: ENVASE X 850 GR, PESO: 850 GR, ESTADO: CONSERVA | E15: FRUTAS; VARIEDAD: ANANA, PRESENTACION: ENVASE X 850 GR, PESO: 850 GR, ESTADO: CONSERVA | F15: FRUTAS; VARIEDAD: ANANA, PRESENTACION: ENVASE X 850 GR, PESO: 850 GR, ESTADO: CONSERVA | G15: FRUTAS; VARIEDAD: ANANA, PRESENTACION: ENVASE X 850 GR, PESO: 850 GR, ESTADO: CONSERVA | H15: NO | I15: LATA | J15: 295 | K15: 27
A16: 5 | B16: ='[1]Necesidades Trimestrales'!B14 -> 2.1.1-6546.330 | C16: VERDURAS Y HORTALIZAS; VARIEDAD: ZAPALLO ANCO, ESTADO: NATURAL, PRESENTACION: UNIDAD, PESO: 1 Kg | D16: VERDURAS Y HORTALIZAS; VARIEDAD: ZAPALLO ANCO, ESTADO: NATURAL, PRESENTACION: UNIDAD, PESO: 1 Kg | E16: VERDURAS Y HORTALIZAS; VARIEDAD: ZAPALLO ANCO, ESTADO: NATURAL, PRESENTACION: UNIDAD, PESO: 1 Kg | F16: VERDURAS Y HORTALIZAS; VARIEDAD: ZAPALLO ANCO, ESTADO: NATURAL, PRESENTACION: UNIDAD, PESO: 1 Kg | G16: VERDURAS Y HORTALIZAS; VARIEDAD: ZAPALLO ANCO, ESTADO: NATURAL, PRESENTACION: UNIDAD, PESO: 1 Kg | H16: NO | I16: KG | J16: 35 | K16: 400
A17: 6 | B17: ='[1]Necesidades Trimestrales'!B15 -> 2.1.1-6546.230 | C17: VERDURAS Y HORTALIZAS; VARIEDAD: APIO, ESTADO: NATURAL, PRESENTACION: ATADO, PESO: 800 GR | D17: VERDURAS Y HORTALIZAS; VARIEDAD: APIO, ESTADO: NATURAL, PRESENTACION: ATADO, PESO: 800 GR | E17: VERDURAS Y HORTALIZAS; VARIEDAD: APIO, ESTADO: NATURAL, PRESENTACION: ATADO, PESO: 800 GR | F17: VERDURAS Y HORTALIZAS; VARIEDAD: APIO, ESTADO: NATURAL, PRESENTACION: ATADO, PESO: 800 GR | G17: VERDURAS Y HORTALIZAS; VARIEDAD: APIO, ESTADO: NATURAL, PRESENTACION: ATADO, PESO: 800 GR | H17: NO | I17: ATADO | J17: 85 | K17: 13
A18: 7 | B18: ='[1]Necesidades Trimestrales'!B16 -> 2.1.1-435.38 | C18: ARROZ; TIPO GRANO: DOBLE, TIPO: BLANCO, PROCESO: PARBOLIZADO, PRESENTACION: ENVASE X 1 Kg, MATERIAL ENVASE: CARTON, CERTIFICADO FORESTAL (GFS): SIN, ELEM. TRANSPORTE: SIN, MATERIAL ELEM. TRANSPORTE: SIN | D18: ARROZ; TIPO GRANO: DOBLE, TIPO: BLANCO, PROCESO: PARBOLIZADO, PRESENTACION: ENVASE X 1 Kg, MATERIAL ENVASE: CARTON, CERTIFICADO FORESTAL (GFS): SIN, ELEM. TRANSPORTE: SIN, MATERIAL ELEM. TRANSPORTE: SIN | E18: ARROZ; TIPO GRANO: DOBLE, TIPO: BLANCO, PROCESO: PARBOLIZADO, PRESENTACION: ENVASE X 1 Kg, MATERIAL ENVASE: CARTON, CERTIFICADO FORESTAL (GFS): SIN, ELEM. TRANSPORTE: SIN, MATERIAL ELEM. TRANSPORTE: SIN | F18: ARROZ; TIPO GRANO: DOBLE, TIPO: BLANCO, PROCESO: PARBOLIZADO, PRESENTACION: ENVASE X 1 Kg, MATERIAL ENVASE: CARTON, CERTIFICADO FORESTAL (GFS): SIN, ELEM. TRANSPORTE: SIN, MATERIAL ELEM. TRANSPORTE: SIN | G18: ARROZ; TIPO GRANO: DOBLE, TIPO: BLANCO, PROCESO: PARBOLIZADO, PRESENTACION: ENVASE X 1 Kg, MATERIAL ENVASE: CARTON, CERTIFICADO FORESTAL (GFS): SIN, ELEM. TRANSPORTE: SIN, MATERIAL ELEM. TRANSPORTE: SIN | H18: NO | I18: ENVASE | J18: 125 | K18: 85
A19: 8 | B19: ='[1]Necesidades Trimestrales'!B17 -> 2.1.1-435.60 | C19: ARROZ; TIPO GRANO: LARGO-FINO, TIPO: BLANCO, PROCESO: SIN CASCARA, PRESENTACION: BOLSA X 1 Kg, MATERIAL ENVASE: PLASTICO, CERTIFICADO FORESTAL (GFS): SIN, ELEM. TRANSPORTE: SIN, MATERIAL ELEM. TRANSPORTE: SIN, LIBRE DE GLUTEN: SI | D19: ARROZ; TIPO GRANO: LARGO-FINO, TIPO: BLANCO, PROCESO: SIN CASCARA, PRESENTACION: BOLSA X 1 Kg, MATERIAL ENVASE: PLASTICO, CERTIFICADO FORESTAL (GFS): SIN, ELEM. TRANSPORTE: SIN, MATERIAL ELEM. TRANSPORTE: SIN, LIBRE DE GLUTEN: SI | E19: ARROZ; TIPO GRANO: LARGO-FINO, TIPO: BLANCO, PROCESO: SIN CASCARA, PRESENTACION: BOLSA X 1 Kg, MATERIAL ENVASE: PLASTICO, CERTIFICADO FORESTAL (GFS): SIN, ELEM. TRANSPORTE: SIN, MATERIAL ELEM. TRANSPORTE: SIN, LIBRE DE GLUTEN: SI | F19: ARROZ; TIPO GRANO: LARGO-FINO, TIPO: BLANCO, PROCESO: SIN CASCARA, PRESENTACION: BOLSA X 1 Kg, MATERIAL ENVASE: PLASTICO, CERTIFICADO FORESTAL (GFS): SIN, ELEM. TRANSPORTE: SIN, MATERIAL ELEM. TRANSPORTE: SIN, LIBRE DE GLUTEN: SI | G19: ARROZ; TIPO GRANO: LARGO-FINO, TIPO: BLANCO, PROCESO: SIN CASCARA, PRESENTACION: BOLSA X 1 Kg, MATERIAL ENVASE: PLASTICO, CERTIFICADO FORESTAL (GFS): SIN, ELEM. TRANSPORTE: SIN, MATERIAL ELEM. TRANSPORTE: SIN, LIBRE DE GLUTEN: SI | H19: NO | I19: ENVASE | J19: 73 | K19: 34
A20: 9 | B20: ='[1]Necesidades Trimestrales'!B18 -> 2.1.1-708.43 | C20: CONSERVAS PESCADO Y FRUTOS MAR; TIPO: ATUN, ESTADO: AL NATURAL, PESO: 170 GR, ENVASE: LATA, ELEM. TRANSPORTE: SIN, MATERIAL ELEM. TRANSPORTE: SIN | D20: CONSERVAS PESCADO Y FRUTOS MAR; TIPO: ATUN, ESTADO: AL NATURAL, PESO: 170 GR, ENVASE: LATA, ELEM. TRANSPORTE: SIN, MATERIAL ELEM. TRANSPORTE: SIN | E20: CONSERVAS PESCADO Y FRUTOS MAR; TIPO: ATUN, ESTADO: AL NATURAL, PESO: 170 GR, ENVASE: LATA, ELEM. TRANSPORTE: SIN, MATERIAL ELEM. TRANSPORTE: SIN | F20: CONSERVAS PESCADO Y FRUTOS MAR; TIPO: ATUN, ESTADO: AL NATURAL, PESO: 170 GR, ENVASE: LATA, ELEM. TRANSPORTE: SIN, MATERIAL ELEM. TRANSPORTE: SIN | G20: CONSERVAS PESCADO Y FRUTOS MAR; TIPO: ATUN, ESTADO: AL NATURAL, PESO: 170 GR, ENVASE: LATA, ELEM. TRANSPORTE: SIN, MATERIAL ELEM. TRANSPORTE: SIN | H20: NO | I20: LATA | J20: 99.5 | K20: 160
A21: 10 | B21: ='[1]Necesidades Trimestrales'!B19 -> 2.1.1-2124.6 | C21: AVENAS; TIPO: ARROLLADA, ESTADO: INSTANTANEA, PRESENTACION: ENVASE X 350 GR, PESO: SIN VALOR | D21: AVENAS; TIPO: ARROLLADA, ESTADO: INSTANTANEA, PRESENTACION: ENVASE X 350 GR, PESO: SIN VALOR | E21: AVENAS; TIPO: ARROLLADA, ESTADO: INSTANTANEA, PRESENTACION: ENVASE X 350 GR, PESO: SIN VALOR | F21: AVENAS; TIPO: ARROLLADA, ESTADO: INSTANTANEA, PRESENTACION: ENVASE X 350 GR, PESO: SIN VALOR | G21: AVENAS; TIPO: ARROLLADA, ESTADO: INSTANTANEA, PRESENTACION: ENVASE X 350 GR, PESO: SIN VALOR | H21: NO | I21: ENVASE | J21: 123.1 | K21: 20
A22: 11 | B22: ='[1]Necesidades Trimestrales'!B20 -> 2.1.1-6547.84 | C22: LEGUMBRES; VARIEDAD: ARVEJAS, ESTADO: CONSERVA, PRESENTACION: LATA, PESO: 350 GR, MATERIAL ENVASE: METAL, ELEM. TRANSPORTE: SIN, MATERIAL ELEM. TRANSPORTE: SIN, LIBRE DE GLUTEN: NO | D22: LEGUMBRES; VARIEDAD: ARVEJAS, ESTADO: CONSERVA, PRESENTACION: LATA, PESO: 350 GR, MATERIAL ENVASE: METAL, ELEM. TRANSPORTE: SIN, MATERIAL ELEM. TRANSPORTE: SIN, LIBRE DE GLUTEN: NO | E22: LEGUMBRES; VARIEDAD: ARVEJAS, ESTADO: CONSERVA, PRESENTACION: LATA, PESO: 350 GR, MATERIAL ENVASE: METAL, ELEM. TRANSPORTE: SIN, MATERIAL ELEM. TRANSPORTE: SIN, LIBRE DE GLUTEN: NO | F22: LEGUMBRES; VARIEDAD: ARVEJAS, ESTADO: CONSERVA, PRESENTACION: LATA, PESO: 350 GR, MATERIAL ENVASE: METAL, ELEM. TRANSPORTE: SIN, MATERIAL ELEM. TRANSPORTE: SIN, LIBRE DE GLUTEN: NO | G22: LEGUMBRES; VARIEDAD: ARVEJAS, ESTADO: CONSERVA, PRESENTACION: LATA, PESO: 350 GR, MATERIAL ENVASE: METAL, ELEM. TRANSPORTE: SIN, MATERIAL ELEM. TRANSPORTE: SIN, LIBRE DE GLUTEN: NO | H22: NO | I22: LATA | J22: 85 | K22: 32
A23: 12 | B23: ='[1]Necesidades Trimestrales'!B21 -> 2.1.1-481.38 | C23: AZUCARES; TIPO: "A" COMUN, ESTADO: MOLIDA, PESO: 1 Kg, MATERIAL ENVASE: PLASTICO, CERTIFICADO FORESTAL (GFS): SIN, ELEM. TRANSPORTE: SIN, MATERIAL ELEM. TRANSPORTE: SIN | D23: AZUCARES; TIPO: "A" COMUN, ESTADO: MOLIDA, PESO: 1 Kg, MATERIAL ENVASE: PLASTICO, CERTIFICADO FORESTAL (GFS): SIN, ELEM. TRANSPORTE: SIN, MATERIAL ELEM. TRANSPORTE: SIN | E23: AZUCARES; TIPO: "A" COMUN, ESTADO: MOLIDA, PESO: 1 Kg, MATERIAL ENVASE: PLASTICO, CERTIFICADO FORESTAL (GFS): SIN, ELEM. TRANSPORTE: SIN, MATERIAL ELEM. TRANSPORTE: SIN | F23: AZUCARES; TIPO: "A" COMUN, ESTADO: MOLIDA, PESO: 1 Kg, MATERIAL ENVASE: PLASTICO, CERTIFICADO FORESTAL (GFS): SIN, ELEM. TRANSPORTE: SIN, MATERIAL ELEM. TRANSPORTE: SIN | G23: AZUCARES; TIPO: "A" COMUN, ESTADO: MOLIDA, PESO: 1 Kg, MATERIAL ENVASE: PLASTICO, CERTIFICADO FORESTAL (GFS): SIN, ELEM. TRANSPORTE: SIN, MATERIAL ELEM. TRANSPORTE: SIN | H23: NO | I23: ENVASE | J23: 55 | K23: 133
... A54: 43 | B54: ='[1]Necesidades Trimestrales'!B52 -> 2.1.1-705.91 | C54: LECHE; ESTADO: POLVO, TIPO: LACTANTE, PROCESO: PASTEURIZADA, AGREGADO: HIDROL. EXT. PROTEINA DE SUERO, PRESENTACION: ENVASE X 400 GR, MATERIAL ENVASE: METAL, ELEM. TRANSPORTE: SIN, MATERIAL ELEM. TRANSPORTE: SIN, CERTIFICADO FORESTAL (GFS): SIN, LIBRE DE GLUTEN: NO | D54: LECHE; ESTADO: POLVO, TIPO: LACTANTE, PROCESO: PASTEURIZADA, AGREGADO: HIDROL. EXT. PROTEINA DE SUERO, PRESENTACION: ENVASE X 400 GR, MATERIAL ENVASE: METAL, ELEM. TRANSPORTE: SIN, MATERIAL ELEM. TRANSPORTE: SIN, CERTIFICADO FORESTAL (GFS): SIN, LIBRE DE GLUTEN: NO | E54: LECHE; ESTADO: POLVO, TIPO: LACTANTE, PROCESO: PASTEURIZADA, AGREGADO: HIDROL. EXT. PROTEINA DE SUERO, PRESENTACION: ENVASE X 400 GR, MATERIAL ENVASE: METAL, ELEM. TRANSPORTE: SIN, MATERIAL ELEM. TRANSPORTE: SIN, CERTIFICADO FORESTAL (GFS): SIN, LIBRE DE GLUTEN: NO | F54: LECHE; ESTADO: POLVO, TIPO: LACTANTE, PROCESO: PASTEURIZADA, AGREGADO: HIDROL. EXT. PROTEINA DE SUERO, PRESENTACION: ENVASE X 400 GR, MATERIAL ENVASE: METAL, ELEM. TRANSPORTE: SIN, MATERIAL ELEM. TRANSPORTE: SIN, CERTIFICADO FORESTAL (GFS): SIN, LIBRE DE GLUTEN: NO | G54: LECHE; ESTADO: POLVO, TIPO: LACTANTE, PROCESO: PASTEURIZADA, AGREGADO: HIDROL. EXT. PROTEINA DE SUERO, PRESENTACION: ENVASE X 400 GR, MATERIAL ENVASE: METAL, ELEM. TRANSPORTE: SIN, MATERIAL ELEM. TRANSPORTE: SIN, CERTIFICADO FORESTAL (GFS): SIN, LIBRE DE GLUTEN: NO | H54: NO | I54: ENVASE | J54: 2837.7 | K54: 3
A55: 44 | B55: ='[1]Necesidades Trimestrales'!B54 -> 2.1.1-788.222 | C55: GALLETITAS; VARIEDAD: SALADA TOSTADA, RELLENO: SIN, PRESENTACION: ENVASE X 140 GR, ELEM. TRANSPORTE: SIN, MATERIAL ELEM. TRANSPORTE: SIN, LIBRE DE GLUTEN: SI | D55: GALLETITAS; VARIEDAD: SALADA TOSTADA, RELLENO: SIN, PRESENTACION: ENVASE X 140 GR, ELEM. TRANSPORTE: SIN, MATERIAL ELEM. TRANSPORTE: SIN, LIBRE DE GLUTEN: SI | E55: GALLETITAS; VARIEDAD: SALADA TOSTADA, RELLENO: SIN, PRESENTACION: ENVASE X 140 GR, ELEM. TRANSPORTE: SIN, MATERIAL ELEM. TRANSPORTE: SIN, LIBRE DE GLUTEN: SI | F55: GALLETITAS; VARIEDAD: SALADA TOSTADA, RELLENO: SIN, PRESENTACION: ENVASE X 140 GR, ELEM. TRANSPORTE: SIN, MATERIAL ELEM. TRANSPORTE: SIN, LIBRE DE GLUTEN: SI | G55: GALLETITAS; VARIEDAD: SALADA TOSTADA, RELLENO: SIN, PRESENTACION: ENVASE X 140 GR, ELEM. TRANSPORTE: SIN, MATERIAL ELEM. TRANSPORTE: SIN, LIBRE DE GLUTEN: SI | H55: NO | I55: ENVASE | J55: 1280 | K55: 1
A56: 45 | B56: ='[1]Necesidades Trimestrales'!B55 -> 2.1.1-510.3 | C56: GELATINAS; TIPO: BAJAS CALORIAS, ENVASE: CAJA DE CARTON, PESO: 30 GR, SABOR: CEREZA | D56: GELATINAS; TIPO: BAJAS CALORIAS, ENVASE: CAJA DE CARTON, PESO: 30 GR, SABOR: CEREZA | E56: GELATINAS; TIPO: BAJAS CALORIAS, ENVASE: CAJA DE CARTON, PESO: 30 GR, SABOR: CEREZA | F56: GELATINAS; TIPO: BAJAS CALORIAS, ENVASE: CAJA DE CARTON, PESO: 30 GR, SABOR: CEREZA | G56: GELATINAS; TIPO: BAJAS CALORIAS, ENVASE: CAJA DE CARTON, PESO: 30 GR, SABOR: CEREZA | H56: NO | I56: CAJA | J56: 58.8 | K56: 100
A57: 46 | B57: ='[1]Necesidades Trimestrales'!B56 -> 2.1.1-510.65 | C57: GELATINAS; TIPO: COMUN, PESO: 50 GR, SABOR: DURAZNO, ENVASE: CAJA DE CARTON, LIBRE DE GLUTEN: NO | D57: GELATINAS; TIPO: COMUN, PESO: 50 GR, SABOR: DURAZNO, ENVASE: CAJA DE CARTON, LIBRE DE GLUTEN: NO | E57: GELATINAS; TIPO: COMUN, PESO: 50 GR, SABOR: DURAZNO, ENVASE: CAJA DE CARTON, LIBRE DE GLUTEN: NO | F57: GELATINAS; TIPO: COMUN, PESO: 50 GR, SABOR: DURAZNO, ENVASE: CAJA DE CARTON, LIBRE DE GLUTEN: NO | G57: GELATINAS; TIPO: COMUN, PESO: 50 GR, SABOR: DURAZNO, ENVASE: CAJA DE CARTON, LIBRE DE GLUTEN: NO | H57: NO | I57: CAJA | J57: 51.75 | K57: 100
A58: 47 | B58: ='[1]Necesidades Trimestrales'!B57 -> 2.1.1-482.77 | C58: HARINAS; TIPO: DE TRIGO 0000, PRESENTACION: ENVASE X 1 Kg, MATERIAL ENVASE: PAPEL, CERTICADO FORESTAL (GFS): SIN, ELEM. TRANSPORTE: SIN, MATERIAL ELEM. TRANSPORTE: SIN, LIBRE DE GLUTEN: NO | D58: HARINAS; TIPO: DE TRIGO 0000, PRESENTACION: ENVASE X 1 Kg, MATERIAL ENVASE: PAPEL, CERTICADO FORESTAL (GFS): SIN, ELEM. TRANSPORTE: SIN, MATERIAL ELEM. TRANSPORTE: SIN, LIBRE DE GLUTEN: NO | E58: HARINAS; TIPO: DE TRIGO 0000, PRESENTACION: ENVASE X 1 Kg, MATERIAL ENVASE: PAPEL, CERTICADO FORESTAL (GFS): SIN, ELEM. TRANSPORTE: SIN, MATERIAL ELEM. TRANSPORTE: SIN, LIBRE DE GLUTEN: NO | F58: HARINAS; TIPO: DE TRIGO 0000, PRESENTACION: ENVASE X 1 Kg, MATERIAL ENVASE: PAPEL, CERTICADO FORESTAL (GFS): SIN, ELEM. TRANSPORTE: SIN, MATERIAL ELEM. TRANSPORTE: SIN, LIBRE DE GLUTEN: NO | G58: HARINAS; TIPO: DE TRIGO 0000, PRESENTACION: ENVASE X 1 Kg, MATERIAL ENVASE: PAPEL, CERTICADO FORESTAL (GFS): SIN, ELEM. TRANSPORTE: SIN, MATERIAL ELEM. TRANSPORTE: SIN, LIBRE DE GLUTEN: NO | H58: NO | I58: ENVASE | J58: 55.5 | K58: 100
A59: 48 | B59: ='[1]Necesidades Trimestrales'!B58 -> 2.1.1-483.33 | C59: HUEVO DE GALLINA; TAMAÑO: MEDIANOS, COLOR: BLANCOS, PRESENTACION: 30 | D59: HUEVO DE GALLINA; TAMAÑO: MEDIANOS, COLOR: BLANCOS, PRESENTACION: 30 | E59: HUEVO DE GALLINA; TAMAÑO: MEDIANOS, COLOR: BLANCOS, PRESENTACION: 30 | F59: HUEVO DE GALLINA; TAMAÑO: MEDIANOS, COLOR: BLANCOS, PRESENTACION: 30 | G59: HUEVO DE GALLINA; TAMAÑO: MEDIANOS, COLOR: BLANCOS, PRESENTACION: 30 | H59: NO | I59: CARTON | J59: 275 | K59: 60
A60: 49 | B60: ='[1]Necesidades Trimestrales'!B59 -> 2.1.1-969.96 | C60: FIAMBRES; TIPO: JAMON COCIDO, PRESENTACION: AL VACIO | D60: FIAMBRES; TIPO: JAMON COCIDO, PRESENTACION: AL VACIO | E60: FIAMBRES; TIPO: JAMON COCIDO, PRESENTACION: AL VACIO | F60: FIAMBRES; TIPO: JAMON COCIDO, PRESENTACION: AL VACIO | G60: FIAMBRES; TIPO: JAMON COCIDO, PRESENTACION: AL VACIO | H60: NO | I60: KG | J60: 640 | K60: 13
A61: 50 | B61: ='[1]Necesidades Trimestrales'!B60 -> 2.1.1-705.95 | C61: LECHE; ESTADO: POLVO, TIPO: DESCREMADA, PROCESO: PASTEURIZADA, AGREGADO: VITAMINAS A Y D, PRESENTACION: ENVASE X 400 GR, MATERIAL ENVASE: CARTON, ELEM. TRANSPORTE: SIN, MATERIAL ELEM. TRANSPORTE: SIN, CERTIFICADO FORESTAL (GFS): SIN, LIBRE DE GLUTEN: NO | D61: LECHE; ESTADO: POLVO, TIPO: DESCREMADA, PROCESO: PASTEURIZADA, AGREGADO: VITAMINAS A Y D, PRESENTACION: ENVASE X 400 GR, MATERIAL ENVASE: CARTON, ELEM. TRANSPORTE: SIN, MATERIAL ELEM. TRANSPORTE: SIN, CERTIFICADO FORESTAL (GFS): SIN, LIBRE DE GLUTEN: NO | E61: LECHE; ESTADO: POLVO, TIPO: DESCREMADA, PROCESO: PASTEURIZADA, AGREGADO: VITAMINAS A Y D, PRESENTACION: ENVASE X 400 GR, MATERIAL ENVASE: CARTON, ELEM. TRANSPORTE: SIN, MATERIAL ELEM. TRANSPORTE: SIN, CERTIFICADO FORESTAL (GFS): SIN, LIBRE DE GLUTEN: NO | F61: LECHE; ESTADO: POLVO, TIPO: DESCREMADA, PROCESO: PASTEURIZADA, AGREGADO: VITAMINAS A Y D, PRESENTACION: ENVASE X 400 GR, MATERIAL ENVASE: CARTON, ELEM. TRANSPORTE: SIN, MATERIAL ELEM. TRANSPORTE: SIN, CERTIFICADO FORESTAL (GFS): SIN, LIBRE DE GLUTEN: NO | G61: LECHE; ESTADO: POLVO, TIPO: DESCREMADA, PROCESO: PASTEURIZADA, AGREGADO: VITAMINAS A Y D, PRESENTACION: ENVASE X 400 GR, MATERIAL ENVASE: CARTON, ELEM. TRANSPORTE: SIN, MATERIAL ELEM. TRANSPORTE: SIN, CERTIFICADO FORESTAL (GFS): SIN, LIBRE DE GLUTEN: NO | H61: NO | I61: ENVASE | J61: 327.57 | K61: 20
A62: 51 | B62: ='[1]Necesidades Trimestrales'!B61 -> 2.1.1-705.105 | C62: LECHE; ESTADO: LIQUIDO, TIPO: DESCREMADA, PROCESO: PASTEURIZADA, AGREGADO: VITAMINAS Y MINERALES, PRESENTACION: ENVASE X 1 L, MATERIAL ENVASE: CARTON, ELEM. TRANSPORTE: SIN, MATERIAL ELEM. TRANSPORTE: SIN, CERTIFICADO FORESTAL (GFS): SIN, LIBRE DE GLUTEN: SI | D62: LECHE; ESTADO: LIQUIDO, TIPO: DESCREMADA, PROCESO: PASTEURIZADA, AGREGADO: VITAMINAS Y MINERALES, PRESENTACION: ENVASE X 1 L, MATERIAL ENVASE: CARTON, ELEM. TRANSPORTE: SIN, MATERIAL ELEM. TRANSPORTE: SIN, CERTIFICADO FORESTAL (GFS): SIN, LIBRE DE GLUTEN: SI | E62: LECHE; ESTADO: LIQUIDO, TIPO: DESCREMADA, PROCESO: PASTEURIZADA, AGREGADO: VITAMINAS Y MINERALES, PRESENTACION: ENVASE X 1 L, MATERIAL ENVASE: CARTON, ELEM. TRANSPORTE: SIN, MATERIAL ELEM. TRANSPORTE: SIN, CERTIFICADO FORESTAL (GFS): SIN, LIBRE DE GLUTEN: SI | F62: LECHE; ESTADO: LIQUIDO, TIPO: DESCREMADA, PROCESO: PASTEURIZADA, AGREGADO: VITAMINAS Y MINERALES, PRESENTACION: ENVASE X 1 L, MATERIAL ENVASE: CARTON, ELEM. TRANSPORTE: SIN, MATERIAL ELEM. TRANSPORTE: SIN, CERTIFICADO FORESTAL (GFS): SIN, LIBRE DE GLUTEN: SI | G62: LECHE; ESTADO: LIQUIDO, TIPO: DESCREMADA, PROCESO: PASTEURIZADA, AGREGADO: VITAMINAS Y MINERALES, PRESENTACION: ENVASE X 1 L, MATERIAL ENVASE: CARTON, ELEM. TRANSPORTE: SIN, MATERIAL ELEM. TRANSPORTE: SIN, CERTIFICADO FORESTAL (GFS): SIN, LIBRE DE GLUTEN: SI | H62: NO | I62: ENVASE | J62: 100 | K62: 160
A63: 52 | B63: ='[1]Necesidades Trimestrales'!B62 -> 2.1.1-705.106 | C63: LECHE; ESTADO: LIQUIDO, TIPO: ENTERA, PROCESO: LARGA VIDA, AGREGADO: VITAMINAS A Y D, PRESENTACION: ENVASE X 1 L, MATERIAL ENVASE: PLASTICO, ELEM. TRANSPORTE: SIN, MATERIAL ELEM. TRANSPORTE: SIN, CERTIFICADO FORESTAL (GFS): SIN, LIBRE DE GLUTEN: SI | D63: LECHE; ESTADO: LIQUIDO, TIPO: ENTERA, PROCESO: LARGA VIDA, AGREGADO: VITAMINAS A Y D, PRESENTACION: ENVASE X 1 L, MATERIAL ENVASE: PLASTICO, ELEM. TRANSPORTE: SIN, MATERIAL ELEM. TRANSPORTE: SIN, CERTIFICADO FORESTAL (GFS): SIN, LIBRE DE GLUTEN: SI | E63: LECHE; ESTADO: LIQUIDO, TIPO: ENTERA, PROCESO: LARGA VIDA, AGREGADO: VITAMINAS A Y D, PRESENTACION: ENVASE X 1 L, MATERIAL ENVASE: PLASTICO, ELEM. TRANSPORTE: SIN, MATERIAL ELEM. TRANSPORTE: SIN, CERTIFICADO FORESTAL (GFS): SIN, LIBRE DE GLUTEN: SI | F63: LECHE; ESTADO: LIQUIDO, TIPO: ENTERA, PROCESO: LARGA VIDA, AGREGADO: VITAMINAS A Y D, PRESENTACION: ENVASE X 1 L, MATERIAL ENVASE: PLASTICO, ELEM. TRANSPORTE: SIN, MATERIAL ELEM. TRANSPORTE: SIN, CERTIFICADO FORESTAL (GFS): SIN, LIBRE DE GLUTEN: SI | G63: LECHE; ESTADO: LIQUIDO, TIPO: ENTERA, PROCESO: LARGA VIDA, AGREGADO: VITAMINAS A Y D, PRESENTACION: ENVASE X 1 L, MATERIAL ENVASE: PLASTICO, ELEM. TRANSPORTE: SIN, MATERIAL ELEM. TRANSPORTE: SIN, CERTIFICADO FORESTAL (GFS): SIN, LIBRE DE GLUTEN: SI | H63: NO | I63: ENVASE | J63: 100 | K63: 160
A64: 53 | B64: ='[1]Necesidades Trimestrales'!B63 -> 2.1.1-6547.88 | C64: LEGUMBRES; VARIEDAD: LENTEJA, ESTADO: SECO, PRESENTACION: BOLSA, PESO: 450 GR, MATERIAL ENVASE: PLASTICO, ELEM. TRANSPORTE: SIN, MATERIAL ELEM. TRANSPORTE: SIN, LIBRE DE GLUTEN: SI | D64: LEGUMBRES; VARIEDAD: LENTEJA, ESTADO: SECO, PRESENTACION: BOLSA, PESO: 450 GR, MATERIAL ENVASE: PLASTICO, ELEM. TRANSPORTE: SIN, MATERIAL ELEM. TRANSPORTE: SIN, LIBRE DE GLUTEN: SI | E64: LEGUMBRES; VARIEDAD: LENTEJA, ESTADO: SECO, PRESENTACION: BOLSA, PESO: 450 GR, MATERIAL ENVASE: PLASTICO, ELEM. TRANSPORTE: SIN, MATERIAL ELEM. TRANSPORTE: SIN, LIBRE DE GLUTEN: SI | F64: LEGUMBRES; VARIEDAD: LENTEJA, ESTADO: SECO, PRESENTACION: BOLSA, PESO: 450 GR, MATERIAL ENVASE: PLASTICO, ELEM. TRANSPORTE: SIN, MATERIAL ELEM. TRANSPORTE: SIN, LIBRE DE GLUTEN: SI | G64: LEGUMBRES; VARIEDAD: LENTEJA, ESTADO: SECO, PRESENTACION: BOLSA, PESO: 450 GR, MATERIAL ENVASE: PLASTICO, ELEM. TRANSPORTE: SIN, MATERIAL ELEM. TRANSPORTE: SIN, LIBRE DE GLUTEN: SI | H64: NO | I64: ENVASE | J64: 115 | K64: 8
A65: 54 | B65: ='[1]Necesidades Trimestrales'!B64 -> 2.1.1-6546.374 | C65: VERDURAS Y HORTALIZAS; VARIEDAD: LECHUGA ARREPOLLADA, ESTADO: NATURAL, PRESENTACION: A GRANEL, PESO: 300 GR CADA PLANTA, ELEM. TRANSPORTE: SIN, MATERIAL ELEM. TRANSPORTE: SIN, LIBRE DE GLUTEN: SI | D65: VERDURAS Y HORTALIZAS; VARIEDAD: LECHUGA ARREPOLLADA, ESTADO: NATURAL, PRESENTACION: A GRANEL, PESO: 300 GR CADA PLANTA, ELEM. TRANSPORTE: SIN, MATERIAL ELEM. TRANSPORTE: SIN, LIBRE DE GLUTEN: SI | E65: VERDURAS Y HORTALIZAS; VARIEDAD: LECHUGA ARREPOLLADA, ESTADO: NATURAL, PRESENTACION: A GRANEL, PESO: 300 GR CADA PLANTA, ELEM. TRANSPORTE: SIN, MATERIAL ELEM. TRANSPORTE: SIN, LIBRE DE GLUTEN: SI | F65: VERDURAS Y HORTALIZAS; VARIEDAD: LECHUGA ARREPOLLADA, ESTADO: NATURAL, PRESENTACION: A GRANEL, PESO: 300 GR CADA PLANTA, ELEM. TRANSPORTE: SIN, MATERIAL ELEM. TRANSPORTE: SIN, LIBRE DE GLUTEN: SI | G65: VERDURAS Y HORTALIZAS; VARIEDAD: LECHUGA ARREPOLLADA, ESTADO: NATURAL, PRESENTACION: A GRANEL, PESO: 300 GR CADA PLANTA, ELEM. TRANSPORTE: SIN, MATERIAL ELEM. TRANSPORTE: SIN, LIBRE DE GLUTEN: SI | H65: NO | I65: KG | J65: 42 | K65: 40
A66: 55 | B66: ='[1]Necesidades Trimestrales'!B65 -> 2.1.1-2116.10 | C66: LEVADURAS; TIPO: SECA INSTANTANEA, PRESENTACION: SOBRE, PESO: 20 GR | D66: LEVADURAS; TIPO: SECA INSTANTANEA, PRESENTACION: SOBRE, PESO: 20 GR | E66: LEVADURAS; TIPO: SECA INSTANTANEA, PRESENTACION: SOBRE, PESO: 20 GR | F66: LEVADURAS; TIPO: SECA INSTANTANEA, PRESENTACION: SOBRE, PESO: 20 GR | G66: LEVADURAS; TIPO: SECA INSTANTANEA, PRESENTACION: SOBRE, PESO: 20 GR | H66: NO | I66: SOBRE | J66: 35 | K66: 15
... A75: 64 | B75: ='[1]Necesidades Trimestrales'!B74 -> 2.1.1-489.85 | C75: ESPECIAS; PRESENTACION: SOBRE X 50 GR, TIPO: OREGANO | D75: ESPECIAS; PRESENTACION: SOBRE X 50 GR, TIPO: OREGANO | E75: ESPECIAS; PRESENTACION: SOBRE X 50 GR, TIPO: OREGANO | F75: ESPECIAS; PRESENTACION: SOBRE X 50 GR, TIPO: OREGANO | G75: ESPECIAS; PRESENTACION: SOBRE X 50 GR, TIPO: OREGANO | H75: NO | I75: SOBRE | J75: 54 | K75: 20
A76: 65 | B76: ='[1]Necesidades Trimestrales'!B77 -> 2.1.1-6546.335 | C76: VERDURAS Y HORTALIZAS; VARIEDAD: PAPA BLANCA, ESTADO: NATURAL, PRESENTACION: BOLSA, PESO: 25 Kg | D76: VERDURAS Y HORTALIZAS; VARIEDAD: PAPA BLANCA, ESTADO: NATURAL, PRESENTACION: BOLSA, PESO: 25 Kg | E76: VERDURAS Y HORTALIZAS; VARIEDAD: PAPA BLANCA, ESTADO: NATURAL, PRESENTACION: BOLSA, PESO: 25 Kg | F76: VERDURAS Y HORTALIZAS; VARIEDAD: PAPA BLANCA, ESTADO: NATURAL, PRESENTACION: BOLSA, PESO: 25 Kg | G76: VERDURAS Y HORTALIZAS; VARIEDAD: PAPA BLANCA, ESTADO: NATURAL, PRESENTACION: BOLSA, PESO: 25 Kg | H76: NO | I76: BOLSA | J76: =32*20 -> 640 | K76: 16
A77: 66 | B77: ='[1]Necesidades Trimestrales'!B78 -> 2.1.1-541.29 | C77: CARNES; CORTE: PECETO, ESPECIE: VACUNA, TIPO: VACUNA | D77: CARNES; CORTE: PECETO, ESPECIE: VACUNA, TIPO: VACUNA | E77: CARNES; CORTE: PECETO, ESPECIE: VACUNA, TIPO: VACUNA | F77: CARNES; CORTE: PECETO, ESPECIE: VACUNA, TIPO: VACUNA | G77: CARNES; CORTE: PECETO, ESPECIE: VACUNA, TIPO: VACUNA | H77: NO | I77: KG | J77: 500 | K77: 100
A78: 67 | B78: ='[1]Necesidades Trimestrales'!B79 -> 2.1.1-621.20 | C78: AVES; TIPO: POLLO, PRESENTACION: CAJA X 22 Kg, EVISCERADO: SI, ELEM. TRANSPORTE: SIN, MATERIAL ELEM. TRANSPORTE: SIN, LIBRE DE GLUTEN: SIN VALOR | D78: AVES; TIPO: POLLO, PRESENTACION: CAJA X 22 Kg, EVISCERADO: SI, ELEM. TRANSPORTE: SIN, MATERIAL ELEM. TRANSPORTE: SIN, LIBRE DE GLUTEN: SIN VALOR | E78: AVES; TIPO: POLLO, PRESENTACION: CAJA X 22 Kg, EVISCERADO: SI, ELEM. TRANSPORTE: SIN, MATERIAL ELEM. TRANSPORTE: SIN, LIBRE DE GLUTEN: SIN VALOR | F78: AVES; TIPO: POLLO, PRESENTACION: CAJA X 22 Kg, EVISCERADO: SI, ELEM. TRANSPORTE: SIN, MATERIAL ELEM. TRANSPORTE: SIN, LIBRE DE GLUTEN: SIN VALOR | G78: AVES; TIPO: POLLO, PRESENTACION: CAJA X 22 Kg, EVISCERADO: SI, ELEM. TRANSPORTE: SIN, MATERIAL ELEM. TRANSPORTE: SIN, LIBRE DE GLUTEN: SIN VALOR | H78: NO | I78: CAJA | J78: 2420 | K78: 30
A79: 68 | B79: ='[1]Necesidades Trimestrales'!B80 -> 2.1.1-6539.32 | C79: FRUTAS; VARIEDAD: PERA AMARILLA, ESTADO: NATURAL, PRESENTACION: CAJON, PESO: SIN VALOR | D79: FRUTAS; VARIEDAD: PERA AMARILLA, ESTADO: NATURAL, PRESENTACION: CAJON, PESO: SIN VALOR | E79: FRUTAS; VARIEDAD: PERA AMARILLA, ESTADO: NATURAL, PRESENTACION: CAJON, PESO: SIN VALOR | F79: FRUTAS; VARIEDAD: PERA AMARILLA, ESTADO: NATURAL, PRESENTACION: CAJON, PESO: SIN VALOR | G79: FRUTAS; VARIEDAD: PERA AMARILLA, ESTADO: NATURAL, PRESENTACION: CAJON, PESO: SIN VALOR | H79: NO | I79: CAJON | J79: 1650 | K79: 9
A80: 69 | B80: ='[1]Necesidades Trimestrales'!B81 -> 2.1.1-6546.133 | C80: VERDURAS Y HORTALIZAS; VARIEDAD: PEREJIL, ESTADO: NATURAL, PRESENTACION: ATADO, PESO: 1 Kg | D80: VERDURAS Y HORTALIZAS; VARIEDAD: PEREJIL, ESTADO: NATURAL, PRESENTACION: ATADO, PESO: 1 Kg | E80: VERDURAS Y HORTALIZAS; VARIEDAD: PEREJIL, ESTADO: NATURAL, PRESENTACION: ATADO, PESO: 1 Kg | F80: VERDURAS Y HORTALIZAS; VARIEDAD: PEREJIL, ESTADO: NATURAL, PRESENTACION: ATADO, PESO: 1 Kg | G80: VERDURAS Y HORTALIZAS; VARIEDAD: PEREJIL, ESTADO: NATURAL, PRESENTACION: ATADO, PESO: 1 Kg | H80: NO | I80: ATADO | J80: 40 | K80: 16
A81: 70 | B81: ='[1]Necesidades Trimestrales'!B82 -> 2.1.1-489.97 | C81: ESPECIAS; TIPO: PIMENTON DULCE, PRESENTACION: PAQUETE X 50 GR | D81: ESPECIAS; TIPO: PIMENTON DULCE, PRESENTACION: PAQUETE X 50 GR | E81: ESPECIAS; TIPO: PIMENTON DULCE, PRESENTACION: PAQUETE X 50 GR | F81: ESPECIAS; TIPO: PIMENTON DULCE, PRESENTACION: PAQUETE X 50 GR | G81: ESPECIAS; TIPO: PIMENTON DULCE, PRESENTACION: PAQUETE X 50 GR | H81: NO | I81: PAQUETE | J81: 29 | K81: 20
A82: 71 | B82: ='[1]Necesidades Trimestrales'!B83 -> 2.1.1-489.162 | C82: ESPECIAS; TIPO: PIMIENTA NEGRA MOLIDA, PRESENTACION: ENVASE X 25 GR | D82: ESPECIAS; TIPO: PIMIENTA NEGRA MOLIDA, PRESENTACION: ENVASE X 25 GR | E82: ESPECIAS; TIPO: PIMIENTA NEGRA MOLIDA, PRESENTACION: ENVASE X 25 GR | F82: ESPECIAS; TIPO: PIMIENTA NEGRA MOLIDA, PRESENTACION: ENVASE X 25 GR | G82: ESPECIAS; TIPO: PIMIENTA NEGRA MOLIDA, PRESENTACION: ENVASE X 25 GR | H82: NO | I82: ENVASE | J82: 36 | K82: 5
A83: 72 | B83: ='[1]Necesidades Trimestrales'!B84 -> 2.1.1-6546.365 | C83: VERDURAS Y HORTALIZAS; VARIEDAD: MORRON ROJO, ESTADO: NATURAL, PRESENTACION: ENVASE X 10 Kg, PESO: 10 Kg, ELEM. TRANSPORTE: CAJON, MATERIAL ELEM. TRANSPORTE: MADERA, LIBRE DE GLUTEN: SI | D83: VERDURAS Y HORTALIZAS; VARIEDAD: MORRON ROJO, ESTADO: NATURAL, PRESENTACION: ENVASE X 10 Kg, PESO: 10 Kg, ELEM. TRANSPORTE: CAJON, MATERIAL ELEM. TRANSPORTE: MADERA, LIBRE DE GLUTEN: SI | E83: VERDURAS Y HORTALIZAS; VARIEDAD: MORRON ROJO, ESTADO: NATURAL, PRESENTACION: ENVASE X 10 Kg, PESO: 10 Kg, ELEM. TRANSPORTE: CAJON, MATERIAL ELEM. TRANSPORTE: MADERA, LIBRE DE GLUTEN: SI | F83: VERDURAS Y HORTALIZAS; VARIEDAD: MORRON ROJO, ESTADO: NATURAL, PRESENTACION: ENVASE X 10 Kg, PESO: 10 Kg, ELEM. TRANSPORTE: CAJON, MATERIAL ELEM. TRANSPORTE: MADERA, LIBRE DE GLUTEN: SI | G83: VERDURAS Y HORTALIZAS; VARIEDAD: MORRON ROJO, ESTADO: NATURAL, PRESENTACION: ENVASE X 10 Kg, PESO: 10 Kg, ELEM. TRANSPORTE: CAJON, MATERIAL ELEM. TRANSPORTE: MADERA, LIBRE DE GLUTEN: SI | H83: NO | I83: CAJON | J83: 1370 | K83: 8
A84: 73 | B84: ='[1]Necesidades Trimestrales'!B85 -> 2.1.1-6546.95 | C84: VERDURAS Y HORTALIZAS; VARIEDAD: MORRON VERDE, ESTADO: NATURAL, PRESENTACION: GRANEL, PESO: SIN VALOR | D84: VERDURAS Y HORTALIZAS; VARIEDAD: MORRON VERDE, ESTADO: NATURAL, PRESENTACION: GRANEL, PESO: SIN VALOR | E84: VERDURAS Y HORTALIZAS; VARIEDAD: MORRON VERDE, ESTADO: NATURAL, PRESENTACION: GRANEL, PESO: SIN VALOR | F84: VERDURAS Y HORTALIZAS; VARIEDAD: MORRON VERDE, ESTADO: NATURAL, PRESENTACION: GRANEL, PESO: SIN VALOR | G84: VERDURAS Y HORTALIZAS; VARIEDAD: MORRON VERDE, ESTADO: NATURAL, PRESENTACION: GRANEL, PESO: SIN VALOR | H84: NO | I84: KG | J84: 85 | K84: 80
A85: 74 | B85: ='[1]Necesidades Trimestrales'!B86 -> 2.1.1-489.190 | C85: ESPECIAS; TIPO: PROVENZAL, PRESENTACION: SOBRE X 50 GR, LIBRE DE GLUTEN: SI | D85: ESPECIAS; TIPO: PROVENZAL, PRESENTACION: SOBRE X 50 GR, LIBRE DE GLUTEN: SI | E85: ESPECIAS; TIPO: PROVENZAL, PRESENTACION: SOBRE X 50 GR, LIBRE DE GLUTEN: SI | F85: ESPECIAS; TIPO: PROVENZAL, PRESENTACION: SOBRE X 50 GR, LIBRE DE GLUTEN: SI | G85: ESPECIAS; TIPO: PROVENZAL, PRESENTACION: SOBRE X 50 GR, LIBRE DE GLUTEN: SI | H85: NO | I85: SOBRE | J85: 50 | K85: 20
A86: 75 | B86: ='[1]Necesidades Trimestrales'!B87 -> 2.1.1-542.236 | C86: QUESOS; TIPO: CREMOSO, PRESENTACION: AL PESO, ELEM. TRANSPORTE: SIN, MATERIAL ELEM. TRANSPORTE: SIN, MATERIAL ENVASE: SIN, CERTIFICADO FORESTAL (GFS): SIN, LIBRE DE GLUTEN: A DEFINIR | D86: QUESOS; TIPO: CREMOSO, PRESENTACION: AL PESO, ELEM. TRANSPORTE: SIN, MATERIAL ELEM. TRANSPORTE: SIN, MATERIAL ENVASE: SIN, CERTIFICADO FORESTAL (GFS): SIN, LIBRE DE GLUTEN: A DEFINIR | E86: QUESOS; TIPO: CREMOSO, PRESENTACION: AL PESO, ELEM. TRANSPORTE: SIN, MATERIAL ELEM. TRANSPORTE: SIN, MATERIAL ENVASE: SIN, CERTIFICADO FORESTAL (GFS): SIN, LIBRE DE GLUTEN: A DEFINIR | F86: QUESOS; TIPO: CREMOSO, PRESENTACION: AL PESO, ELEM. TRANSPORTE: SIN, MATERIAL ELEM. TRANSPORTE: SIN, MATERIAL ENVASE: SIN, CERTIFICADO FORESTAL (GFS): SIN, LIBRE DE GLUTEN: A DEFINIR | G86: QUESOS; TIPO: CREMOSO, PRESENTACION: AL PESO, ELEM. TRANSPORTE: SIN, MATERIAL ELEM. TRANSPORTE: SIN, MATERIAL ENVASE: SIN, CERTIFICADO FORESTAL (GFS): SIN, LIBRE DE GLUTEN: A DEFINIR | H86: NO | I86: KG | J86: 400 | K86: 65
A87: 76 | B87: ='[1]Necesidades Trimestrales'!B88 -> 2.1.1-542.240 | C87: QUESOS; TIPO: SARDO, PRESENTACION: HORMA, ELEM. TRANSPORTE: SIN, MATERIAL ELEM. TRANSPORTE: SIN, MATERIAL ENVASE: SIN, CERTIFICADO FORESTAL (GFS): SIN, LIBRE DE GLUTEN: A DEFINIR | D87: QUESOS; TIPO: SARDO, PRESENTACION: HORMA, ELEM. TRANSPORTE: SIN, MATERIAL ELEM. TRANSPORTE: SIN, MATERIAL ENVASE: SIN, CERTIFICADO FORESTAL (GFS): SIN, LIBRE DE GLUTEN: A DEFINIR | E87: QUESOS; TIPO: SARDO, PRESENTACION: HORMA, ELEM. TRANSPORTE: SIN, MATERIAL ELEM. TRANSPORTE: SIN, MATERIAL ENVASE: SIN, CERTIFICADO FORESTAL (GFS): SIN, LIBRE DE GLUTEN: A DEFINIR | F87: QUESOS; TIPO: SARDO, PRESENTACION: HORMA, ELEM. TRANSPORTE: SIN, MATERIAL ELEM. TRANSPORTE: SIN, MATERIAL ENVASE: SIN, CERTIFICADO FORESTAL (GFS): SIN, LIBRE DE GLUTEN: A DEFINIR | G87: QUESOS; TIPO: SARDO, PRESENTACION: HORMA, ELEM. TRANSPORTE: SIN, MATERIAL ELEM. TRANSPORTE: SIN, MATERIAL ENVASE: SIN, CERTIFICADO FORESTAL (GFS): SIN, LIBRE DE GLUTEN: A DEFINIR | H87: NO | I87: HORMA | J87: =518.76*4 -> 2075.04 | K87: 4
A88: 77 | B88: ='[1]Necesidades Trimestrales'!B89 -> 2.1.1-542.225 | C88: QUESOS; TIPO: TYBO, PRESENTACION: ENVASE X 1 Kg, ELEM. TRANSPORTE: SIN, MATERIAL ELEM. TRANSPORTE: SIN, MATERIAL ENVASE: POLIESTIRENO, CERTIFICADO FORESTAL (GFS): SIN, LIBRE DE GLUTEN: SI | D88: QUESOS; TIPO: TYBO, PRESENTACION: ENVASE X 1 Kg, ELEM. TRANSPORTE: SIN, MATERIAL ELEM. TRANSPORTE: SIN, MATERIAL ENVASE: POLIESTIRENO, CERTIFICADO FORESTAL (GFS): SIN, LIBRE DE GLUTEN: SI | E88: QUESOS; TIPO: TYBO, PRESENTACION: ENVASE X 1 Kg, ELEM. TRANSPORTE: SIN, MATERIAL ELEM. TRANSPORTE: SIN, MATERIAL ENVASE: POLIESTIRENO, CERTIFICADO FORESTAL (GFS): SIN, LIBRE DE GLUTEN: SI | F88: QUESOS; TIPO: TYBO, PRESENTACION: ENVASE X 1 Kg, ELEM. TRANSPORTE: SIN, MATERIAL ELEM. TRANSPORTE: SIN, MATERIAL ENVASE: POLIESTIRENO, CERTIFICADO FORESTAL (GFS): SIN, LIBRE DE GLUTEN: SI | G88: QUESOS; TIPO: TYBO, PRESENTACION: ENVASE X 1 Kg, ELEM. TRANSPORTE: SIN, MATERIAL ELEM. TRANSPORTE: SIN, MATERIAL ENVASE: POLIESTIRENO, CERTIFICADO FORESTAL (GFS): SIN, LIBRE DE GLUTEN: SI | H88: NO | I88: KG | J88: 547.5 | K88: 15
A89: 78 | B89: ='[1]Necesidades Trimestrales'!B90 -> 2.1.1-707.38 | C89: PASTAS FRESCAS; VARIEDAD: RAVIOL, RELLENO: VERDURA Y POLLO, PRESENTACION: ENVASE X 500 GR | D89: PASTAS FRESCAS; VARIEDAD: RAVIOL, RELLENO: VERDURA Y POLLO, PRESENTACION: ENVASE X 500 GR | E89: PASTAS FRESCAS; VARIEDAD: RAVIOL, RELLENO: VERDURA Y POLLO, PRESENTACION: ENVASE X 500 GR | F89: PASTAS FRESCAS; VARIEDAD: RAVIOL, RELLENO: VERDURA Y POLLO, PRESENTACION: ENVASE X 500 GR | G89: PASTAS FRESCAS; VARIEDAD: RAVIOL, RELLENO: VERDURA Y POLLO, PRESENTACION: ENVASE X 500 GR | H89: NO | I89: ENVASE | J89: 85 | K89: 26
A90: 79 | B90: ='[1]Necesidades Trimestrales'!B91 -> 2.1.1-514.2 | C90: SAL DE MESA; CONSISTENCIA: FINA, PESO: 500 GR, TIPO: SIN VALOR, ENVASE: PAQUETE | D90: SAL DE MESA; CONSISTENCIA: FINA, PESO: 500 GR, TIPO: SIN VALOR, ENVASE: PAQUETE | E90: SAL DE MESA; CONSISTENCIA: FINA, PESO: 500 GR, TIPO: SIN VALOR, ENVASE: PAQUETE | F90: SAL DE MESA; CONSISTENCIA: FINA, PESO: 500 GR, TIPO: SIN VALOR, ENVASE: PAQUETE | G90: SAL DE MESA; CONSISTENCIA: FINA, PESO: 500 GR, TIPO: SIN VALOR, ENVASE: PAQUETE | H90: NO | I90: PAQUETE | J90: 50 | K90: 40
A91: 80 | B91: ='[1]Necesidades Trimestrales'!B92 -> 2.1.1-514.15 | C91: SAL DE MESA; CONSISTENCIA: GRUESA, ENVASE: BOLSA, PESO: 1 Kg, TIPO: SIN VALOR | D91: SAL DE MESA; CONSISTENCIA: GRUESA, ENVASE: BOLSA, PESO: 1 Kg, TIPO: SIN VALOR | E91: SAL DE MESA; CONSISTENCIA: GRUESA, ENVASE: BOLSA, PESO: 1 Kg, TIPO: SIN VALOR | F91: SAL DE MESA; CONSISTENCIA: GRUESA, ENVASE: BOLSA, PESO: 1 Kg, TIPO: SIN VALOR | G91: SAL DE MESA; CONSISTENCIA: GRUESA, ENVASE: BOLSA, PESO: 1 Kg, TIPO: SIN VALOR | H91: NO | I91: BOLSA | J91: 60 | K91: 8
A92: 81 | B92: ='[1]Necesidades Trimestrales'!B93 -> 2.1.1-2610.1 | C92: TAPAS P/EMPANADAS; TIPO: P/HORNO, PRESENTACION: BOLSA X 12 | D92: TAPAS P/EMPANADAS; TIPO: P/HORNO, PRESENTACION: BOLSA X 12 | E92: TAPAS P/EMPANADAS; TIPO: P/HORNO, PRESENTACION: BOLSA X 12 | F92: TAPAS P/EMPANADAS; TIPO: P/HORNO, PRESENTACION: BOLSA X 12 | G92: TAPAS P/EMPANADAS; TIPO: P/HORNO, PRESENTACION: BOLSA X 12 | H92: NO | I92: BOLSA | J92: 55 | K92: 65
A93: 82 | B93: ='[1]Necesidades Trimestrales'!B94 -> 2.1.1-2429.4 | C93: TAPAS P/TARTAS; TIPO: REDONDA, MASA: HOJALDRE, PRESENTACION: ENVASE X 400 GR | D93: TAPAS P/TARTAS; TIPO: REDONDA, MASA: HOJALDRE, PRESENTACION: ENVASE X 400 GR | E93: TAPAS P/TARTAS; TIPO: REDONDA, MASA: HOJALDRE, PRESENTACION: ENVASE X 400 GR | F93: TAPAS P/TARTAS; TIPO: REDONDA, MASA: HOJALDRE, PRESENTACION: ENVASE X 400 GR | G93: TAPAS P/TARTAS; TIPO: REDONDA, MASA: HOJALDRE, PRESENTACION: ENVASE X 400 GR | H93: NO | I93: ENVASE | J93: 75 | K93: 40
A94: 83 | B94: ='[1]Necesidades Trimestrales'!B95 -> 2.1.1-511.6 | C94: TE; SAQUITOS 2G P/CAJA: 100, PRESENTACION: EN SAQUITOS ENSOBRADOS, PESO: SIN VALOR, TIPO: SIN VALOR | D94: TE; SAQUITOS 2G P/CAJA: 100, PRESENTACION: EN SAQUITOS ENSOBRADOS, PESO: SIN VALOR, TIPO: SIN VALOR | E94: TE; SAQUITOS 2G P/CAJA: 100, PRESENTACION: EN SAQUITOS ENSOBRADOS, PESO: SIN VALOR, TIPO: SIN VALOR | F94: TE; SAQUITOS 2G P/CAJA: 100, PRESENTACION: EN SAQUITOS ENSOBRADOS, PESO: SIN VALOR, TIPO: SIN VALOR | G94: TE; SAQUITOS 2G P/CAJA: 100, PRESENTACION: EN SAQUITOS ENSOBRADOS, PESO: SIN VALOR, TIPO: SIN VALOR | H94: NO | I94: CAJA | J94: 83.5 | K94: 25
A95: 84 | B95: ='[1]Necesidades Trimestrales'!B96 -> 2.1.1-6546.18 | C95: VERDURAS Y HORTALIZAS; VARIEDAD: TOMATE REDONDO, ESTADO: NATURAL, PRESENTACION: CAJON, PESO: 10 Kg | D95: VERDURAS Y HORTALIZAS; VARIEDAD: TOMATE REDONDO, ESTADO: NATURAL, PRESENTACION: CAJON, PESO: 10 Kg | E95: VERDURAS Y HORTALIZAS; VARIEDAD: TOMATE REDONDO, ESTADO: NATURAL, PRESENTACION: CAJON, PESO: 10 Kg | F95: VERDURAS Y HORTALIZAS; VARIEDAD: TOMATE REDONDO, ESTADO: NATURAL, PRESENTACION: CAJON, PESO: 10 Kg | G95: VERDURAS Y HORTALIZAS; VARIEDAD: TOMATE REDONDO, ESTADO: NATURAL, PRESENTACION: CAJON, PESO: 10 Kg | H95: NO | I95: KG | J95: 900 | K95: 8
A96: 85 | B96: ='[1]Necesidades Trimestrales'!B97 -> 2.1.1-6546.5 | C96: VERDURAS Y HORTALIZAS; PRESENTACION: BOTELLA, VARIEDAD: TOMATE PERITA, ESTADO: TRITURADO, PESO: 970 GR | D96: VERDURAS Y HORTALIZAS; PRESENTACION: BOTELLA, VARIEDAD: TOMATE PERITA, ESTADO: TRITURADO, PESO: 970 GR | E96: VERDURAS Y HORTALIZAS; PRESENTACION: BOTELLA, VARIEDAD: TOMATE PERITA, ESTADO: TRITURADO, PESO: 970 GR | F96: VERDURAS Y HORTALIZAS; PRESENTACION: BOTELLA, VARIEDAD: TOMATE PERITA, ESTADO: TRITURADO, PESO: 970 GR | G96: VERDURAS Y HORTALIZAS; PRESENTACION: BOTELLA, VARIEDAD: TOMATE PERITA, ESTADO: TRITURADO, PESO: 970 GR | H96: NO | I96: BOTELLA | J96: 110 | K96: 86
A97: 86 | B97: ='[1]Necesidades Trimestrales'!B98 -> 2.1.1-519.23 | C97: VINAGRES; TIPO: MANZANA, PRESENTACION: ENVASE X 1 L, MATERIAL ENVASE: PLASTICO 1 (PET) | D97: VINAGRES; TIPO: MANZANA, PRESENTACION: ENVASE X 1 L, MATERIAL ENVASE: PLASTICO 1 (PET) | E97: VINAGRES; TIPO: MANZANA, PRESENTACION: ENVASE X 1 L, MATERIAL ENVASE: PLASTICO 1 (PET) | F97: VINAGRES; TIPO: MANZANA, PRESENTACION: ENVASE X 1 L, MATERIAL ENVASE: PLASTICO 1 (PET) | G97: VINAGRES; TIPO: MANZANA, PRESENTACION: ENVASE X 1 L, MATERIAL ENVASE: PLASTICO 1 (PET) | H97: NO | I97: ENVASE | J97: 108 | K97: 4
A98: 87 | B98: ='[1]Necesidades Trimestrales'!B99 -> 2.1.1-454.25 | C98: YERBAS; PALO: CON, PESO: 1 Kg, MATERIAL ENVASE : PAPEL, CERTIFICADO FORESTAL (GFS): CON, ELEM. TRANSPORTE: SIN, MATERIAL ELEM. TRANSPORTE: SIN, LIBRE DE GLUTEN: SI | D98: YERBAS; PALO: CON, PESO: 1 Kg, MATERIAL ENVASE : PAPEL, CERTIFICADO FORESTAL (GFS): CON, ELEM. TRANSPORTE: SIN, MATERIAL ELEM. TRANSPORTE: SIN, LIBRE DE GLUTEN: SI | E98: YERBAS; PALO: CON, PESO: 1 Kg, MATERIAL ENVASE : PAPEL, CERTIFICADO FORESTAL (GFS): CON, ELEM. TRANSPORTE: SIN, MATERIAL ELEM. TRANSPORTE: SIN, LIBRE DE GLUTEN: SI | F98: YERBAS; PALO: CON, PESO: 1 Kg, MATERIAL ENVASE : PAPEL, CERTIFICADO FORESTAL (GFS): CON, ELEM. TRANSPORTE: SIN, MATERIAL ELEM. TRANSPORTE: SIN, LIBRE DE GLUTEN: SI | G98: YERBAS; PALO: CON, PESO: 1 Kg, MATERIAL ENVASE : PAPEL, CERTIFICADO FORESTAL (GFS): CON, ELEM. TRANSPORTE: SIN, MATERIAL ELEM. TRANSPORTE: SIN, LIBRE DE GLUTEN: SI | H98: NO | I98: ENVASE | J98: 315 | K98: 4
A99: 88 | B99: ='[1]Necesidades Trimestrales'!B100 -> 2.1.1-456.91 | C99: YOGHURT; TIPO: DESCREMADO, AGREGADO: SIN, CONSISTENCIA: FIRME, SABOR: VAINILLA-FRUTILLA, PRESENTACION: POTE PLASTICO X 190 mL | D99: YOGHURT; TIPO: DESCREMADO, AGREGADO: SIN, CONSISTENCIA: FIRME, SABOR: VAINILLA-FRUTILLA, PRESENTACION: POTE PLASTICO X 190 mL | E99: YOGHURT; TIPO: DESCREMADO, AGREGADO: SIN, CONSISTENCIA: FIRME, SABOR: VAINILLA-FRUTILLA, PRESENTACION: POTE PLASTICO X 190 mL | F99: YOGHURT; TIPO: DESCREMADO, AGREGADO: SIN, CONSISTENCIA: FIRME, SABOR: VAINILLA-FRUTILLA, PRESENTACION: POTE PLASTICO X 190 mL | G99: YOGHURT; TIPO: DESCREMADO, AGREGADO: SIN, CONSISTENCIA: FIRME, SABOR: VAINILLA-FRUTILLA, PRESENTACION: POTE PLASTICO X 190 mL | H99: NO | I99: UNIDAD | J99: 59.79 | K99: 50
... A113: 102 | B113: ='[1]Necesidades Trimestrales'!B114 -> 2.1.1-4975.2 | C113: RICOTA; ENVASE: PAQUETE, PESO: 1 Kg, SABOR: SIN | D113: RICOTA; ENVASE: PAQUETE, PESO: 1 Kg, SABOR: SIN | E113: RICOTA; ENVASE: PAQUETE, PESO: 1 Kg, SABOR: SIN | F113: RICOTA; ENVASE: PAQUETE, PESO: 1 Kg, SABOR: SIN | G113: RICOTA; ENVASE: PAQUETE, PESO: 1 Kg, SABOR: SIN | H113: NO | I113: PAQUETE | J113: 326 | K113: 20
A114: Costo total estimado: Un millon cuatrocientos treinta y siete mil seiscientos con 57/100 | J114: =SUMPRODUCT(J12:J113*K12:K113) -> 1437600.6
A115: ,

Sheet Autor Gastar
A1: EJERCICIO: | P1: AUTORIZACION PARA GASTAR
A4: JURISDICCIÓN: | G4: 42-Miniterio de salud
A5: SAF: | G5: 28-Maternidad Provincial 25 de Mayo
A6: UNIDAD EJECUTORA: | G6: 169-Direccion Asistencial
A7: DEPENDENCIA SOLICITANTE: | G7: Servicio de Nutricion y Dietoterapia
A8: AUTORIZACIÓN:
A9: Señor Director de Administración o Titular del Servicio Administrativo Financiero:
A10: Autorizo la realización de los trámites correspondientes, a fin de proveer a este Organismo los bienes, servicios que se detallan en Nota de Pedido N°304/2020 , afectando la erogación resultante a los créditos presupuestarios aprobados a favor de esta Unidad Ejecutora, conforme al siguiente detalle:
A12: IMPUTACIÓN PRESUPUESTARIA
A13: CÓDIGO | O13: DENOMINACIÓN DE LA PARTIDA PRESUPUESTARIA | Q13: IMPORTE
A14: PR | B14: SB | C14: PY | D14: AC | E14: OB | F14: UG | G14: FIN | H14: FUN | I14: I | J14: P | K14: P | L14: SubP | M14: M | N14: FF
A15: 42 | D15: 2 | F15: 4901 | G15: 3 | H15: 1 | I15: 2 | J15: 1 | K15: 1 | M15: 1 | N15: 1.1 | O15: Alimentos para personas | Q15: 1437600.6
A24: TOTAL DE PESOS: Un millon cuatrocientos treinta y siete mil seiscientos con 57/100 centavos. | Q24: =SUM(Q15:Q23) -> 1437600.6
A26: JUSTIFICACIÓN:
A27: Adquisicion de Alimentos para pacientes internados, destinados al servicio de nutricion de Maternidad Provincial "25 de Mayo"
