Workbook

Sheet Necesidades Trimestrales
B2: Pedido de Necesidades Trimestrales
A4: JURISDICCION: | C4: 90 - Ministerio de Seguridad
A5: SAF N°: | C5: 7 - Direccion de Administración de la Policia de la Provincia de Catamarca
A6: EJERCICIO: | C6: 2020
A7: TRIMESTRE: | C7: 4
A9: ID | B9: CODIGO ITEM | C9: RUBRO DE COMPRA | D9: I.P.P. | E9: DESCRIPCION | F9: UNIDAD DE MEDIDA | G9: CANTIDAD | H9: PRECIO UNITARIO ESTIMADO | I9: IMPORTE TOTAL ESTIMADO
A10: 1 | B10: 4.4.0-9562.6 | C10: EQUIPO MILITAR Y DE SEGURIDAD | D10: 4.4.0 | E10: AMETRALLADORA; TIPO: SUBFUSIL MP5-SD6, CALIBRE: 9 X 19 mm, VELOCIDAD: 700 1/min, ALCANCE MAXIMO EFECTIVO: 100 M, LONGITUD: 815 mm | F10: UNIDAD | G10: 10 | H10: 724089.64 | I10: =+H10*G10 -> 7240896.4
A11: 2 | B11: 4.4.0-2939.12 | C11: EQUIPO MILITAR Y DE SEGURIDAD | D11: 4.4.0 | E11: PISTOLAS; CALIBRE: 9 MM X 19 NATO, TIPO: DOBLE Y SIMPLE ACCION | F11: UNIDAD | G11: 30 | H11: 111400 | I11: =+H11*G11 -> 3342000
I12: =SUM(I10:I11) -> 10582896
B13: Especificidades de todos los Items.
B15: ITEM 1: Descripción técnica
C16: El bien a proveer deberá contar con las siguientes ESPECIFICACIONES TÉCNICAS: Pistola Ametralladora Sig. MPX-SD calibre 9X19 mm Ultima generacion; Sistema de Perno y Piston totalmente cerrado y giratorio; Selector ambidiestro para disparo en Automatico y Semiautomatico; Sistema de Piston de carrera corta de gas; Sistema de Aparatos de punteria abatible trasera y delantera que se adjunta al sistema de riel integrado en la parte superior del arma a la cual tambien se puede adaptar una mira tipo pro-point (de apuntado rapido) con punto iluminado y una linterna tactica propia del kit del arma.-
B17: ITEM 2: Descripción técnica
C18: El bien a proveer deberá contar con las siguientes ESPECIFICACIONES TÉCNICAS: Pistola CZ Modelo p07, Mecanismo de disparo Omega, de funcionamiento semiautomático Calibre 9 milímetros. Acción: Simple y doble. Longitud del cañon: 95 mm. Largo Total: 185 mm., Altura 130 mm; Ancho 37 mm; Armazon Polimeero Reforzado; Grip; Polimero (con 3 lomos) Caño: Martelado en frio; Palanca Decocker: Ambidiestra e intercambiable; Seguros: automático de percutor y Seguro Manial Ambidiestro. Capacidad no menor a 17 cartuchos. La registración en la ANMAC a cuenta del proveedor.
B20: Plazos y lugares de entrega
C21: a) LUGAR DE ENTREGA: En la División Armamento y Municiones - Policía de Catamarca– sito en Chacabuco 809 San Fernando del Valle de Catamarca. Horario: 08 a 12 horas b) FORMA DE LA ENTREGA: Libre de flete, acarreo y embalaje, como así también, de todo riesgo de pérdida o destrucción total o parcial, por causas ajenas a la Institución. c) PLAZO DE ENTREGA: El Oferente deberá establecer plazo de entrega de los elementos cotizados, debiendo ser expresado en días hábiles; que no podrá ser superior a quince (15) días hábiles, contados a partir de la recepción de la comunicación prevista en el Artículo 80° de del Reglamento Pracial N° 2 de la ley 4938.
B23: Calidad Minima esperada
C24: Que Cumpla con lo Solicitado de Forma Integra. -
B25: Mantenimiento
B27: Garantia

Sheet  NotaPedido
A1: NOTA DE PEDIDO | J1: N° | K1: 105/2020
A3: JURISDICCIÓN: | D3: ='Necesidades Trimestrales'!C4 -> 90 - Ministerio de Seguridad
A4: SAF: | D4: ='Necesidades Trimestrales'!C5 -> 7 - Direccion de Administración de la Policia de la Provincia de Catamarca
A5: UNIDAD EJECUTORA: | D5: Policía de la Provincia de Catamarca
A6: DEPENDENCIA SOLICITANTE: | D6: Direción de Operaciones Especiales KUNTUR.-
A7: PERIODO UTILIZACIÓN: | D7: 4° trimestre- Año 2020.-
A8: OBJETO: | D8: Adquisición de armamento destinados la Dirección de Operaciones Especiales KUNTUR de la Policia de la Provincia de Catamarca.-
A10: Ítem | B10: Codigo Item | C10: DESCRIPCIÓN | H10: Adjunta Detalle Técnico | I10: Unidad Medida | J10: Precio Unitario Estimado | K10: Cantidad Solicitada
A12: 1 | B12: =+'Necesidades Trimestrales'!B10 -> 4.4.0-9562.6 | C12: =+'Necesidades Trimestrales'!E10 -> AMETRALLADORA; TIPO: SUBFUSIL MP5-SD6, CALIBRE: 9 X 19 mm, VELOCIDAD: 700 1/min, ALCANCE MAXIMO EFECTIVO: 100 M, LONGITUD: 815 mm | H12: SI | I12: UNIDAD | J12: ='Necesidades Trimestrales'!H10 -> 724089.64 | K12: ='Necesidades Trimestrales'!G10 -> 10 | O12: =K12*J12 -> 7240896.4
A13: 2 | B13: =+'Necesidades Trimestrales'!B11 -> 4.4.0-2939.12 | C13: =+'Necesidades Trimestrales'!E11 -> PISTOLAS; CALIBRE: 9 MM X 19 NATO, TIPO: DOBLE Y SIMPLE ACCION | H13: SI | I13: UNIDAD | J13: ='Necesidades Trimestrales'!H11 -> 111400 | K13: ='Necesidades Trimestrales'!G11 -> 30 | O13: =K13*J13 -> 3342000
A14: Costo total estimado: Diez Millones Quinientos Ochenta y Dos Mil Ochocientos Noventa y Seis Pesos con 40/100 | J14: =SUM(O12:O13) -> 10582896

Sheet Autor Gastar
A1: EJERCICIO: | D1: ='Necesidades Trimestrales'!C6 -> 2020 | P1: AUTORIZACION PARA GASTAR
A4: JURISDICCIÓN: | G4: =' NotaPedido'!D3 -> 90 - Ministerio de Seguridad
A5: SAF: | G5: =' NotaPedido'!D4 -> 7 - Direccion de Administración de la Policia de la Provincia de Catamarca
A6: UNIDAD EJECUTORA: | G6: =' NotaPedido'!D5 -> Policía de la Provincia de Catamarca
A7: DEPENDENCIA SOLICITANTE: | G7: =' NotaPedido'!D6 -> Direción de Operaciones Especiales KUNTUR.-
A8: AUTORIZACIÓN:
A9: Señor Jefe de Servicio Administrativo Financiero:
A10: ="Autorizo la realización de los trámites correspondientes, a fin de proveer a este Organismo los bienes y/o servicios que se detallan en Nota de Pedido N° " & ' NotaPedido'!K1&", afectando la erogación resultante a los créditos presupuestarios aprobados a favor de esta Unidad Ejecutora, conforme al siguiente detalle:" -> Autorizo la realización de los trámites correspondientes, a fin de proveer a este Organismo los bienes y/o servicios que se detallan en Nota de Pedido N° 105/2020, afectando la erogación resultante a los créditos presupuestarios aprobados a favor de esta Unidad Ejecutora, conforme al siguiente detalle:
A12: IMPUTACIÓN PRESUPUESTARIA
A13: CÓDIGO | O13: DENOMINACIÓN DE LA PARTIDA PRESUPUESTARIA | Q13: IMPORTE
A14: PR | B14: SB | C14: PY | D14: AC | E14: OB | F14: UG | G14: FIN | H14: FUN | I14: I | J14: P | K14: P | L14: SubP | M14: M | N14: FF
A15: 16 | B15: 0 | C15: 0 | D15: 1 | E15: 0 | F15: 10 | G15: 2 | H15: 210 | I15: 4 | J15: 4 | K15: 0 | L15: 0 | M15: 1 | N15: 1.1 | O15: EQUIPO MILITAR Y DE SEGURIDAD | Q15: ='Necesidades Trimestrales'!I12 -> 10582896
A16: TOTAL DE PESOS: Diez Millones Quinientos Ochenta y Dos Mil Ochocientos Noventa y Seis Pesos con 40/100 | Q16: =SUM(Q15:Q15) -> 10582896
A18: JUSTIFICACIÓN:
A19: Adquisición de Aramamento destinadas a la Dirección de Operaciones Especiales KUNTUR de la Policia de la Provincia de Catamarca.-
