Workbook

Sheet NECESIDADES
A1: 2022
B2: Pedido de Necesidades Trimestrales
A4: JURISDICCION: | C4: 040 - MINISTERIO DE SALUD
A5: SAF N°: | C5: 011 - DIRECCION PROVINCIAL DE ADMINISTRACION - MS
A6: EJERCICIO: | C6: 2022
A7: TRIMESTRE: | C7: 3
A9: ID | B9: CODIGO ITEM | C9: RUBRO DE COMPRA | D9: I.P.P. | E9: DESCRIPCION | F9: UNIDAD DE MEDIDA | G9: CANTIDAD | H9: PRECIO UNITARIO ESTIMADO | I9: IMPORTE TOTAL ESTIMADO
A10: 1 | B10: 4.8.1-8125.44 | C10: INFORMATICA | D10: 4.8.1 | E10: SOFTWARES; TIPO: GESTION Y ADMINISTRACION | F10: MODULO | G10: 1 | H10: 8000000 | I10: =+G10*H10 -> 8000000
A11: 2 | B11: 4.8.1-8125.44 | C11: INFORMATICA | D11: 4.8.1 | E11: SOFTWARES; TIPO: GESTION Y ADMINISTRACION | F11: MODULO | G11: 1 | H11: 7000000 | I11: =+G11*H11 -> 7000000
A12: 3 | B12: 4.8.1-8125.44 | C12: INFORMATICA | D12: 4.8.1 | E12: SOFTWARES; TIPO: GESTION Y ADMINISTRACION | F12: MODULO | G12: 1 | H12: 7000000 | I12: =+G12*H12 -> 7000000
A13: 4 | B13: 4.8.1-8125.44 | C13: INFORMATICA | D13: 4.8.1 | E13: SOFTWARES; TIPO: GESTION Y ADMINISTRACION | F13: MODULO | G13: 1 | H13: 7000000 | I13: =+G13*H13 -> 7000000
A14: 5 | B14: 4.8.1-8125.44 | C14: INFORMATICA | D14: 4.8.1 | E14: SOFTWARES; TIPO: GESTION Y ADMINISTRACION | F14: MODULO | G14: 1 | H14: 7000000 | I14: =+G14*H14 -> 7000000
A15: 6 | B15: 4.8.1-8125.44 | C15: INFORMATICA | D15: 4.8.1 | E15: SOFTWARES; TIPO: GESTION Y ADMINISTRACION | F15: MODULO | G15: 1 | H15: 8000000 | I15: =+G15*H15 -> 8000000
A16: 7 | B16: 4.8.1-8125.44 | C16: INFORMATICA | D16: 4.8.1 | E16: SOFTWARES; TIPO: GESTION Y ADMINISTRACION | F16: MODULO | G16: 1 | H16: 8000000 | I16: =+G16*H16 -> 8000000
A17: 8 | B17: 4.8.1-8125.44 | C17: INFORMATICA | D17: 4.8.1 | E17: SOFTWARES; TIPO: GESTION Y ADMINISTRACION | F17: MODULO | G17: 1 | H17: 7800000 | I17: =+G17*H17 -> 7800000
A18: TOTAL RUBRO INFORMATICA | I18: =SUM(I10:I17) -> 59800000
C20: DETALLE TECNICO Y ESPECIFICACIONES | D20: VER ANEXO I
C22: Plazos de entrega | D22: veinte (20) dias habiles
C24: Lugar de Entrega: | D24: SECRETARIA DE PLANIFICACION Y GESTION EN SALUD - CHACABUCO N° 169 - en el horario de 8:00hs a 12:00hs de lunes a viernes
C26: Calidad Minima esperada
C28: Mantenimiento | D28: cuarenta y cinco (45) días

Sheet  NotaPedido
A1: NOTA DE PEDIDO | J1: N° | K1: 06/2022
A3: JURISDICCIÓN: | D3: =NECESIDADES!C4 -> 040 - MINISTERIO DE SALUD
A4: SAF: | D4: =NECESIDADES!C5 -> 011 - DIRECCION PROVINCIAL DE ADMINISTRACION - MS
A5: UNIDAD EJECUTORA: | D5: MINISTERIO DE SALUD
A6: DEPENDENCIA SOLICITANTE: | D6: SECRETARIA DE PLANIFICACION Y GESTION EN SALUD
A7: PERIODO UTILIZACIÓN: | D7: 3° TRIMESTRE 2022
A8: OBJETO: | D8: ADQUISICION DE 2° ETAPA DE MODULO SOFTWARE DE HISTORIA CLINICA ELECTRONICA
A10: Ítem | B10: Codigo Item | C10: DESCRIPCIÓN | H10: Adjunta Detalle Técnico | I10: Unidad Medida | J10: Precio Unitario Estimado | K10: Cantidad Solicitada
A12: 1 | B12: =NECESIDADES!B10 -> 4.8.1-8125.44 | C12: =NECESIDADES!E10 -> SOFTWARES; TIPO: GESTION Y ADMINISTRACION | H12: SI | I12: =NECESIDADES!F10 -> MODULO | J12: =NECESIDADES!H10 -> 8000000 | K12: =NECESIDADES!G10 -> 1
A13: 2 | B13: =NECESIDADES!B11 -> 4.8.1-8125.44 | C13: =NECESIDADES!E11 -> SOFTWARES; TIPO: GESTION Y ADMINISTRACION | H13: SI | I13: =NECESIDADES!F11 -> MODULO | J13: =NECESIDADES!H11 -> 7000000 | K13: =NECESIDADES!G11 -> 1
A14: 3 | B14: =NECESIDADES!B12 -> 4.8.1-8125.44 | C14: =NECESIDADES!E12 -> SOFTWARES; TIPO: GESTION Y ADMINISTRACION | H14: SI | I14: =NECESIDADES!F12 -> MODULO | J14: =NECESIDADES!H12 -> 7000000 | K14: =NECESIDADES!G12 -> 1
A15: 4 | B15: =NECESIDADES!B13 -> 4.8.1-8125.44 | C15: =NECESIDADES!E13 -> SOFTWARES; TIPO: GESTION Y ADMINISTRACION | H15: SI | I15: =NECESIDADES!F13 -> MODULO | J15: =NECESIDADES!H13 -> 7000000 | K15: =NECESIDADES!G13 -> 1
A16: 5 | B16: =NECESIDADES!B14 -> 4.8.1-8125.44 | C16: =NECESIDADES!E14 -> SOFTWARES; TIPO: GESTION Y ADMINISTRACION | H16: SI | I16: =NECESIDADES!F14 -> MODULO | J16: =NECESIDADES!H14 -> 7000000 | K16: =NECESIDADES!G14 -> 1
A17: 6 | B17: =NECESIDADES!B15 -> 4.8.1-8125.44 | C17: =NECESIDADES!E15 -> SOFTWARES; TIPO: GESTION Y ADMINISTRACION | H17: SI | I17: =NECESIDADES!F15 -> MODULO | J17: =NECESIDADES!H15 -> 8000000 | K17: =NECESIDADES!G15 -> 1
A18: 7 | B18: =NECESIDADES!B16 -> 4.8.1-8125.44 | C18: =NECESIDADES!E16 -> SOFTWARES; TIPO: GESTION Y ADMINISTRACION | H18: SI | I18: =NECESIDADES!F16 -> MODULO | J18: =NECESIDADES!H16 -> 8000000 | K18: =NECESIDADES!G16 -> 1
A19: 8 | B19: =NECESIDADES!B17 -> 4.8.1-8125.44 | C19: =NECESIDADES!E17 -> SOFTWARES; TIPO: GESTION Y ADMINISTRACION | H19: SI | I19: =NECESIDADES!F17 -> MODULO | J19: =NECESIDADES!H17 -> 7800000 | K19: =NECESIDADES!G17 -> 1
A21: Costo total estimado: PESOS CINCUENTA Y NUEVE MILLONES OCHOCIENTOS MIL CON 00/100.- | J21: =SUMPRODUCT(J12:J19,K12:K19) -> 59800000

Sheet Autor Gastar
A1: EJERCICIO: | D1: 2022 | P1: AUTORIZACION PARA GASTAR
A4: JURISDICCIÓN: | G4: =' NotaPedido'!D3 -> 040 - MINISTERIO DE SALUD
A5: SAF: | G5: =' NotaPedido'!D4 -> 011 - DIRECCION PROVINCIAL DE ADMINISTRACION - MS
A6: UNIDAD EJECUTORA: | G6: =' NotaPedido'!D5 -> MINISTERIO DE SALUD
A7: DEPENDENCIA SOLICITANTE: | G7: =' NotaPedido'!D6 -> SECRETARIA DE PLANIFICACION Y GESTION EN SALUD
A8: AUTORIZACIÓN:
A9: Señor Director de Administración o Titular del Servicio Administrativo Financiero:
A10: Autorizo la realización de los trámites correspondientes, a fin de proveer a este Organismo los bienes, servicios o ejecución de obras públicas que se detallan en Nota de Pedido N° 06/2022, afectando la erogación resultante a los créditos presupuestarios aprobados a favor de esta Unidad Ejecutora, conforme al siguiente detalle:
A12: IMPUTACIÓN PRESUPUESTARIA
A13: CÓDIGO | O13: DENOMINACIÓN DE LA PARTIDA PRESUPUESTARIA | Q13: IMPORTE
A14: PR | B14: SB | C14: PY | D14: AC | E14: OB | F14: UG | G14: FIN | H14: FUN | I14: I | J14: P | K14: P | L14: SubP | M14: M | N14: FF
A15: 1 | B15: - | C15: - | D15: 1 | E15: - | F15: 4901 | G15: 3 | H15: 1 | I15: 4 | J15: 8 | K15: 1 | L15: - | M15: 1 | N15: 1.1 | O15: PROGRAMAS DE COMPUTACION | Q15: =' NotaPedido'!J21 -> 59800000
A38: TOTAL DE PESOS: CINCUENTA Y NUEVE MILLONES OCHOCIENTOS MIL CON 00/100.- | Q38: =SUM(Q15:Q37) -> 59800000
A40: JUSTIFICACIÓN:
A41: =' NotaPedido'!D8 -> ADQUISICION DE 2° ETAPA DE MODULO SOFTWARE DE HISTORIA CLINICA ELECTRONICA
