Workbook

Sheet Necesidades trimestrales
C1: Pedido de Necesidades Trimestrales
A4: JURISDICCION: | C4: 040 - Ministerio de Salud
A5: SAF N°: | C5: 024 - Hospital Interzonal de Niños
A6: EJERCICIO: | C6: 2021
A7: TRIMESTRE: | C7: 2
A9: ID | B9: Codigo Item | C9: RUBRO DE COMPRA | D9: I.P.P. | E9: DESCRIPCION | F9: UNIDAD DE MEDIDA | G9: CANTIDAD | H9: PRECIO UNITARIO ESTIMADO | I9: IMPORTE TOTAL ESTIMADO
A10: 1 | B10: 2.2.9.2298.2 | C10: INDUMENT TEXTIL Y CONFECCIONES | D10: 2.2.9 | E10: ELASTICO; PRESENTACION: ROLLO X 25 M, ANCHO: 2,5 Cm | F10: Unidad | G10: 2 | H10: 700 | I10: =+H10*G10 -> 1400
A11: 2 | B11: 2.2.1-1053.37 | C11: INDUMENT TEXTIL Y CONFECCIONES | D11: 2.2.1 | E11: HILO DE ALGODON; PRESENTACION: CONO, USO: P/COSER, LARGO: 4000 M, TONALIDAD: BLANCO, NUMERO: 16 | F11: Unidad | G11: 5 | H11: 267 | I11: =+H11*G11 -> 1335
A12: 3 | B12: 2.2.1-1052.55 | C12: INDUMENT TEXTIL Y CONFECCIONES | D12: 2.2.1 | E12: HILO DE POLIESTER; PRESENTACION: CONO, USO: P/COSER, NUMERO: SIN VALOR, LARGO: 1000 M, TONALIDAD: VERDE OLIVA | F12: Unidad | G12: 26 | H12: 250 | I12: =+H12*G12 -> 6500
A13: 4 | B13: 2.2.1-2617.19 | C13: INDUMENT TEXTIL Y CONFECCIONES | D13: 2.2.1 | E13: TELA DE ALGODON; ANCHO: 1,5 M, LARGO ROLLO: X METRO, LARGO: X METRO | F13: Rollo | G13: 3 | H13: 31500 | I13: =+H13*G13 -> 94500
A14: 5 | B14: 2.2.1-2617.31 | C14: INDUMENT TEXTIL Y CONFECCIONES | D14: 2.2.1 | E14: TELA DE ALGODON; ANCHO: 1,60 M, LARGO: POR METRO | F14: Metro | G14: 150 | H14: 570 | I14: =+H14*G14 -> 85500
A15: 6 | B15: 2.2.1-9956.61 | C15: INDUMENT TEXTIL Y CONFECCIONES | D15: 2.2.1 | E15: TELAS TEXTILES; TIPO: ALGODON POLIESTER, ANCHO: 1,50 M, LARGO: 50 M | F15: Rollo | G15: 4 | H15: 11400 | I15: =+H15*G15 -> 45600
A17: Plazos y lugares de entrega
A18: Lugar de Entrega: SERVICIO DE ECONOMATO -HOSPITAL INT. DE NIÑOS – AV. VIRGEN DEL VALLE N° 1050-CATAMARCA DE 8:00 A 12:00HS., DEBIENDO CORRER LOS GASTOS DE FLETES, ACARREO, CARGA, DESCARGA Y SEGURO A CARGO DEL ADJUDICATARIO.
A20: Plazo de entrega: Dentro de los 10 días corridos de notificada la Orden de Compra. A los fines de garantizar la atencion y el funcionamiento integro de los servicios de Salud que surgen originadas principalmente en las Urgencias, en el rol de Servicio Esencial por la situacion de Pandemia Covid-19.
A21: Mantenimiento de Oferta: 45 dias habiles
A24: Especificidades Item N° 1:
A26: Descripción técnica | B26: Elastico Ancho de Algodón
A29: Especificidades Item N° 4:
A31: Descripción técnica | B31: TELA NIDO DE ABEJA, DE GRAMOS CHICOS - COLOR BLANCO - ROLLOS DE 1,50 METROS DE ANCHO X 50 METROS DE LARGO
A33: Especificidades Item N° 5:
A35: Descripción técnica | B35: Tela Algodón color Verde Cirugia
A37: Especificidades Item N° 6:
A39: Descripción técnica | B39: TELA PARA SABANAS COLOR BLANCO COMPOSICIÓN 75% POLIESTER - 25% ALGODÓN - DE 1,50 METROS DE ANCHO

Sheet Nota de Pedido
A1: NOTA DE PEDIDO | J1: N° | K1: 47/2021
A3: JURISDICCIÓN: | D3: 040- Ministerio de Slud
A4: SAF: | D4: 024- Hospital Interzonal de Niños
A5: UNIDAD EJECUTORA: | D5: 024 - Hospital Interzonal de Niños
A6: DEPENDENCIA SOLICITANTE: | D6: Servicio de Economato
A7: PERIODO UTILIZACIÓN: | D7: 2 do Trimestre
A8: OBJETO: | D8: Telas e Hilos
A10: Ítem | B10: Codigo Item | C10: DESCRIPCIÓN | H10: Adjunta Detalle Técnico | I10: Unidad Medida | J10: Precio Unitario Estimado | K10: Cantidad Solicitada
A12: 1 | B12: ='Necesidades trimestrales'!B10 -> 2.2.9.2298.2 | C12: ='Necesidades trimestrales'!E10 -> ELASTICO; PRESENTACION: ROLLO X 25 M, ANCHO: 2,5 Cm | H12: NO | I12: Unidad | J12: ='Necesidades trimestrales'!H10 -> 700 | K12: ='Necesidades trimestrales'!G10 -> 2 | L12: =+K12*J12 -> 1400
A13: 2 | B13: ='Necesidades trimestrales'!B11 -> 2.2.1-1053.37 | C13: ='Necesidades trimestrales'!E11 -> HILO DE ALGODON; PRESENTACION: CONO, USO: P/COSER, LARGO: 4000 M, TONALIDAD: BLANCO, NUMERO: 16 | H13: NO | I13: Unidad | J13: ='Necesidades trimestrales'!H11 -> 267 | K13: ='Necesidades trimestrales'!G11 -> 5 | L13: =+K13*J13 -> 1335
A14: 3 | B14: ='Necesidades trimestrales'!B12 -> 2.2.1-1052.55 | C14: ='Necesidades trimestrales'!E12 -> HILO DE POLIESTER; PRESENTACION: CONO, USO: P/COSER, NUMERO: SIN VALOR, LARGO: 1000 M, TONALIDAD: VERDE OLIVA | H14: NO | I14: Unidad | J14: ='Necesidades trimestrales'!H12 -> 250 | K14: =+'Necesidades trimestrales'!G12 -> 26 | L14: =+K14*J14 -> 6500
A15: 4 | B15: ='Necesidades trimestrales'!B13 -> 2.2.1-2617.19 | C15: ='Necesidades trimestrales'!E13 -> TELA DE ALGODON; ANCHO: 1,5 M, LARGO ROLLO: X METRO, LARGO: X METRO | H15: NO | I15: =+'Necesidades trimestrales'!F13 -> Rollo | J15: ='Necesidades trimestrales'!H13 -> 31500 | K15: ='Necesidades trimestrales'!G13 -> 3 | L15: =+K15*J15 -> 94500
A16: 5 | B16: ='Necesidades trimestrales'!B14 -> 2.2.1-2617.31 | C16: ='Necesidades trimestrales'!E14 -> TELA DE ALGODON; ANCHO: 1,60 M, LARGO: POR METRO | H16: NO | I16: Metro | J16: ='Necesidades trimestrales'!H14 -> 570 | K16: ='Necesidades trimestrales'!G14 -> 150 | L16: =+K16*J16 -> 85500
A17: 6 | B17: ='Necesidades trimestrales'!B15 -> 2.2.1-9956.61 | C17: ='Necesidades trimestrales'!E15 -> TELAS TEXTILES; TIPO: ALGODON POLIESTER, ANCHO: 1,50 M, LARGO: 50 M | H17: NO | I17: Rollo | J17: ='Necesidades trimestrales'!H15 -> 11400 | K17: ='Necesidades trimestrales'!G15 -> 4 | L17: =+K17*J17 -> 45600
A18: COSTO TOTAL ESTIMADO : DOSCIENTOS TREINTA Y CUATRO MIL OCHOCIENTOS TREINTA Y CINCO CON 00/100 : | J18: =SUMPRODUCT(J12:J17,K12:K17) -> 234835 | L18: =SUM(L12:L17) -> 234835

Sheet APG
A1: EJERCICIO: | D1: 2021 | P1: AUTORIZACION PARA GASTAR
A4: JURISDICCIÓN: | G4: 040- Ministerio de Salud
A5: SAF: | G5: 024- Hospital Interzonal de Niños
A6: UNIDAD EJECUTORA: | G6: 024- Hospital Interzonal de Niños
A7: DEPENDENCIA SOLICITANTE: | G7: Servicio de Economato
A8: AUTORIZACIÓN:
A9: Señor Jefe de Servicio Administrativo Financiero:
A10: Autorizo la realización de los trámites correspondientes, a fin de proveer a este Organismo los bienes y/o servicios que se detallan en Nota de Pedido N° 47/2021, afectando la erogación resultante a los créditos presupuestarios aprobados a favor de esta Unidad Ejecutora, conforme al siguiente detalle:
A12: IMPUTACIÓN PRESUPUESTARIA
A13: CÓDIGO | O13: DENOMINACIÓN DE LA PARTIDA PRESUPUESTARIA | Q13: IMPORTE
A14: PR | B14: SB | C14: PY | D14: AC | E14: OB | F14: UG | G14: FIN | H14: FUN | I14: I | J14: P | K14: P | L14: SubP | M14: M | N14: FF
A15: 36 | D15: 1 | F15: 4901 | G15: 3 | H15: 310 | I15: 2 | J15: 2 | K15: 1 | M15: 1 | N15: 1.1 | O15: INDUMENT TEXTIL Y CONFECCIONES | Q15: 233435
A16: 36 | D16: 1 | F16: 4901 | G16: 3 | H16: 310 | I16: 2 | J16: 2 | K16: 9 | M16: 1 | N16: 1.1 | O16: INDUMENT TEXTIL Y CONFECCIONES | Q16: 1400
A19: TOTAL DE PESOS: DOSCIENTOS TREINTA Y CUATRO MIL OCHOCIENTOS TREINTA Y CINCO CON 00/100. | Q19: =SUM(Q15:Q18) -> 234835
A21: JUSTIFICACIÓN:
A22: Para la adquisición de TELAS E HILOS destinados al servico de Economato del Hospital Interzonal de Niños Eva Peron, para el normal funcionamiento del organismo.
