Workbook

Sheet Necesidades Trimestrales
B2: Pedido de Necesidades Trimestrales
A4: JURISDICCION: | C4: 90 - Ministerio de Seguridad
A5: SAF N°: | C5: 7 - Direccion Provincial de Administracion de la Policia de Catamarca
A6: EJERCICIO: | C6: 2020
A7: TRIMESTRE: | C7: 4
A9: ID | B9: CODIGO ITEM | C9: RUBRO DE COMPRA | D9: I.P.P. | E9: DESCRIPCION | F9: UNIDAD DE MEDIDA | G9: CANTIDAD | H9: PRECIO UNITARIO ESTIMADO | I9: IMPORTE TOTAL ESTIMADO
A10: 1 | B10: 2.5.6-797.24 | C10: COMBUSTIBLES Y LUBRICANTES | D10: =LEFT(B10,5) -> 2.5.6 | E10: NAFTA SUPER; TIPO: PREMIUN, OCTANO: 97, PRESENTACION: POR LITRO, DESTINO: DPTO. S.F.V. DE CATAMARCA, COMERCIALIZACION: SIN VALOR | F10: LITROS EN VALES | G10: =SUM(H31+H33) -> 64573 | H10: 64.76 | I10: =G10*H10 -> 4181747.5
A11: 2 | B11: 2.5.6-793.31 | C11: COMBUSTIBLES Y LUBRICANTES | D11: =LEFT(B11,5) -> 2.5.6 | E11: GAS OIL; PRESENTACION: POR LITRO, USO: MOTORES DIESEL, COMERCIALIZACION: GRADO 3, DESTINO: DPTO. S.F.V. DE CATAMARCA | F11: LITROS EN VALES | G11: =SUM(H32+H34) -> 127160 | H11: 59.85 | I11: =G11*H11 -> 7610526 | K11: =I10+I11 -> 11792273
A12: 3 | B12: 2.5.6-797.29 | C12: COMBUSTIBLES Y LUBRICANTES | D12: =LEFT(B12,5) -> 2.5.6 | E12: NAFTA SUPER; TIPO: PREMIUN, OCTANO: 97, PRESENTACION: POR LITRO, DESTINO: DPTO. ANDALGALA, COMERCIALIZACION: SIN VALOR | F12: LITROS EN VALES | G12: =H36 -> 1998 | H12: 64.76 | I12: =G12*H12 -> 129390.48
A13: 4 | B13: 2.5.6-793.45 | C13: COMBUSTIBLES Y LUBRICANTES | D13: =LEFT(B13,5) -> 2.5.6 | E13: GAS OIL; PRESENTACION: POR LITRO, USO: MOTORES DIESEL, COMERCIALIZACION: GRADO 3, DESTINO: DPTO. ANDALGALA | F13: LITROS EN VALES | G13: =H37 -> 4520 | H13: 59.85 | I13: =G13*H13 -> 270522
A14: 5 | B14: 2.5.6-797.32 | C14: COMBUSTIBLES Y LUBRICANTES | D14: =LEFT(B14,5) -> 2.5.6 | E14: NAFTA SUPER; TIPO: PREMIUN, OCTANO: 97, PRESENTACION: POR LITRO, DESTINO: DPTO. STA. MARIA, COMERCIALIZACION: SIN VALOR | F14: LITROS EN VALES | G14: =H38 -> 2730 | H14: 64.76 | I14: =G14*H14 -> 176794.8
A15: 6 | B15: 2.5.6-793.38 | C15: COMBUSTIBLES Y LUBRICANTES | D15: =LEFT(B15,5) -> 2.5.6 | E15: GAS OIL; PRESENTACION: POR LITRO, USO: MOTORES DIESEL, COMERCIALIZACION: GRADO 3, DESTINO: DPTO. STA. MARIA | F15: LITROS EN VALES | G15: =H39 -> 7070 | H15: 59.85 | I15: =G15*H15 -> 423139.5
A16: 7 | B16: 2.5.6-797.26 | C16: COMBUSTIBLES Y LUBRICANTES | D16: =LEFT(B16,5) -> 2.5.6 | E16: NAFTA SUPER; TIPO: PREMIUN, OCTANO: 97, PRESENTACION: POR LITRO, DESTINO: DPTO. POMAN, COMERCIALIZACION: SIN VALOR | F16: LITROS EN VALES | G16: =H40 -> 6978 | H16: 64.76 | I16: =G16*H16 -> 451895.28
A17: 8 | B17: 2.5.6-793.33 | C17: COMBUSTIBLES Y LUBRICANTES | D17: =LEFT(B17,5) -> 2.5.6 | E17: GAS OIL; PRESENTACION: POR LITRO, USO: MOTORES DIESEL, COMERCIALIZACION: GRADO 3, DESTINO: DPTO. POMAN | F17: LITROS EN VALES | G17: =H41 -> 12498 | H17: 59.85 | I17: =G17*H17 -> 748005.3
A18: 9 | B18: 2.5.6-7104.19 | C18: COMBUSTIBLES Y LUBRICANTES | D18: =LEFT(B18,5) -> 2.5.6 | E18: ACEITES LUBRICANTES; DENOMINACION: SAE 15 W 40, USO: AUTOMOTOR, PRESENTACION: TAMBOR X 205 L, NORMA: SAE 15 W 40 | F18: UNIDAD | G18: 9 | H18: 120000 | I18: =G18*H18 -> 1080000
A19: 10 | B19: 2.5.6-7104.503 | C19: COMBUSTIBLES Y LUBRICANTES | D19: =LEFT(B19,5) -> 2.5.6 | E19: ACEITES LUBRICANTES; USO: AUTOMOTOR, PRESENTACION: ENVASE X 20 L, NORMA: 5W-30, COMERCIALIZACION: POR UNIDAD | F19: UNIDAD | G19: 57 | H19: 13800 | I19: =G19*H19 -> 786600
A20: 11 | B20: 2.5.6-7104.31 | C20: COMBUSTIBLES Y LUBRICANTES | D20: =LEFT(B20,5) -> 2.5.6 | E20: ACEITES LUBRICANTES; DENOMINACION: SAE 20 W 50, USO: AUTOMOTOR, PRESENTACION: TAMBOR X 205 L, NORMA: SAE 20 W 50 | F20: UNIDAD | G20: 1 | H20: 42500 | I20: =G20*H20 -> 42500
I21: =SUM(I10:I20) -> 15901121
B23: Especificidades:
B25: Descripción técnica
C26: NAFTA SUPER; TIPO: SUPER, OCTANO: 97, PRESENTACION: X LITRO, DESTINO: SIN VALOR - GAS OIL; PRESENTACION: POR LITRO, USO: MOTORES DIESEL, COMERCIALIZACION: GRADO 3 Caracteristicas: Aceite Sintético 15W40 con normas ACEA A3/B3, A3/B4. API SN, S, SL, SJ. Para Camioneta Tambor x 205 lts. Caracteristicas: Aceite Semi sintético 5W30 con normas ACEA A3/B3, A3/B4. API SN, S, SL, SJ. Para Camionetas . Envase x 20 lts Caracteristicas: Aceite Semi sintético 20W50 con normas API SL/SJ, SH, SG, JASO MA para motos Tambor x 205 lts
B27: Plazos y lugares de entrega
C28: Plazo de entrega tres 3 días hábiles. Periodo de utilización tres meses. ENTREGA en VALES, según pliego, en la DIRECCIÓN DE ADMINISTRACIÓN sito en Chacabuco N* 809 , San Fernando del Valle de Catamarca, en horario de 8 a 12 horas. El COMBUSTIBLE en la boca de expendio de las cabeceras departamentales. LOS LUBRICANTES , en Dpto. Logística, sito en Av. Felix Avellaneda Km2 RP N 33, Sumalao Valle Viejo, Actividad 1 – U.R. I (Dpto. CAPITAL) COMBUSTIBLE ( $ 8.800.000) 50.343 litros Nafta Súper.- 92.560 litros Gasoil Grado 3.- Actividad 1 – U.R. I (CAPITAL) LUBRICANTES ( $ 2.000.000) Actividad 7 – INTERIOR PROVINCIAL (Dpto. VALLE VIEJO- Dpto. FME- Dpto.AMBATO - Dpto. PACLIN) COMBUSTIBLE ( $ 3.000.000) 14.230 litros Nafta Súper.- 34.600 litros Gasoil Grado 3.- Actividad 11 – U.R. 4 (Dpto. Andalgala) ($ 400.000) 1.998 litros Nafta Súper.- 4.520 litros Gasoil Grado 3.- Actividad 14 – Jefatura de Zona “D” (Dpto. Santa María) ($ 600.000) 2.730 litros Nafta Súper.- 7.070 litros Gasoil Grado 3.- Actividad 15 – Jefatura de Zona “F” (Dpto. Poman) ($ 1.200.000) 6.978 litros Nafta Súper.- 12.498 litros Gasoil Grado 3.-
G31: interior | H31: 14230 | I31: =H31*H10 -> 921534.8 | K31: =SUM(I31:I32) -> 2992344.8
H32: 34600 | I32: =H32*H11 -> 2070810
G33: capital | H33: 50343 | I33: =H33*H10 -> 3260212.7 | K33: =SUM(I33:I34) -> 8799928.7 | N33: =8800000/H10 -> 135886.35 | P33: =N33*70/100 -> 95120.445 | Q33: =P33*H11 -> 5692958.6 | R33: =SUM(Q33:Q34) -> 8132798
H34: 92560 | I34: =H34*H11 -> 5539716 | P34: =N33-P33 -> 40765.905 | Q34: =P34*H11 -> 2439839.4
G36: ANDALGALA | H36: 1998 | I36: =H36*H10 -> 129390.48 | K36: =SUM(I36:I37) -> 399912.48
H37: 4520 | I37: =H37*H11 -> 270522
G38: SANTA MARIA | H38: 2730 | I38: =H38*H10 -> 176794.8 | K38: =SUM(I38:I39) -> 599934.3
H39: 7070 | I39: =H39*H11 -> 423139.5
G40: POMAN | H40: 6978 | I40: =H40*H10 -> 451895.28 | K40: =SUM(I40:I41) -> 1199900.6
H41: 12498 | I41: =H41*H11 -> 748005.3
B42: Calidad Minima esperada
C43: Que Cumpla con lo Solicitado de Forma Integra.
B44: Mantenimiento
C45: 30 (treinta) días
B46: Garantia

Sheet  NotaPedido
A1: NOTA DE PEDIDO | J1: N° | K1: 91/2020
A3: JURISDICCIÓN: | D3: Ministerio de Seguridad
A4: SAF: | D4: 7 - Policía de la Provincia de Catamarca
A5: UNIDAD EJECUTORA: | D5: Secretaría de Compras y Abastecimiento
A6: DEPENDENCIA SOLICITANTE: | D6: Policía de la Provincia de Catamarca
A7: PERIODO UTILIZACIÓN: | D7: ='Necesidades Trimestrales'!C7 & "° Trimestre - Año " & 'Necesidades Trimestrales'!C6 -> 4° Trimestre - Año 2020
A8: OBJETO: | D8: Adquisición de Combustibles destinados a Moviles de la Policia de la Provincia de Catamarca
A11: Ítem | B11: Codigo Item | C11: DESCRIPCIÓN | H11: Adjunta Detalle Técnico | I11: Unidad Medida | J11: Precio Unitario Estimado | K11: Cantidad Solicitada
A13: 1 | B13: =+'Necesidades Trimestrales'!B10 -> 2.5.6-797.24 | C13: =+'Necesidades Trimestrales'!E10 -> NAFTA SUPER; TIPO: PREMIUN, OCTANO: 97, PRESENTACION: POR LITRO, DESTINO: DPTO. S.F.V. DE CATAMARCA, COMERCIALIZACION: SIN VALOR | H13: SI | I13: =+'Necesidades Trimestrales'!F10 -> LITROS EN VALES | J13: =+'Necesidades Trimestrales'!H10 -> 64.76 | K13: =+'Necesidades Trimestrales'!G10 -> 64573
A14: 2 | B14: =+'Necesidades Trimestrales'!B11 -> 2.5.6-793.31 | C14: =+'Necesidades Trimestrales'!E11 -> GAS OIL; PRESENTACION: POR LITRO, USO: MOTORES DIESEL, COMERCIALIZACION: GRADO 3, DESTINO: DPTO. S.F.V. DE CATAMARCA | H14: SI | I14: =+'Necesidades Trimestrales'!F11 -> LITROS EN VALES | J14: =+'Necesidades Trimestrales'!H11 -> 59.85 | K14: =+'Necesidades Trimestrales'!G11 -> 127160
A15: 3 | B15: =+'Necesidades Trimestrales'!B12 -> 2.5.6-797.29 | C15: =+'Necesidades Trimestrales'!E12 -> NAFTA SUPER; TIPO: PREMIUN, OCTANO: 97, PRESENTACION: POR LITRO, DESTINO: DPTO. ANDALGALA, COMERCIALIZACION: SIN VALOR | H15: SI | I15: =+'Necesidades Trimestrales'!F12 -> LITROS EN VALES | J15: =+'Necesidades Trimestrales'!H12 -> 64.76 | K15: =+'Necesidades Trimestrales'!G12 -> 1998
A16: 4 | B16: =+'Necesidades Trimestrales'!B13 -> 2.5.6-793.45 | C16: =+'Necesidades Trimestrales'!E13 -> GAS OIL; PRESENTACION: POR LITRO, USO: MOTORES DIESEL, COMERCIALIZACION: GRADO 3, DESTINO: DPTO. ANDALGALA | H16: SI | I16: =+'Necesidades Trimestrales'!F13 -> LITROS EN VALES | J16: =+'Necesidades Trimestrales'!H13 -> 59.85 | K16: =+'Necesidades Trimestrales'!G13 -> 4520
A17: 5 | B17: =+'Necesidades Trimestrales'!B14 -> 2.5.6-797.32 | C17: =+'Necesidades Trimestrales'!E14 -> NAFTA SUPER; TIPO: PREMIUN, OCTANO: 97, PRESENTACION: POR LITRO, DESTINO: DPTO. STA. MARIA, COMERCIALIZACION: SIN VALOR | H17: SI | I17: =+'Necesidades Trimestrales'!F14 -> LITROS EN VALES | J17: =+'Necesidades Trimestrales'!H14 -> 64.76 | K17: =+'Necesidades Trimestrales'!G14 -> 2730
A18: 6 | B18: =+'Necesidades Trimestrales'!B15 -> 2.5.6-793.38 | C18: =+'Necesidades Trimestrales'!E15 -> GAS OIL; PRESENTACION: POR LITRO, USO: MOTORES DIESEL, COMERCIALIZACION: GRADO 3, DESTINO: DPTO. STA. MARIA | H18: SI | I18: =+'Necesidades Trimestrales'!F15 -> LITROS EN VALES | J18: =+'Necesidades Trimestrales'!H15 -> 59.85 | K18: =+'Necesidades Trimestrales'!G15 -> 7070
A19: 7 | B19: =+'Necesidades Trimestrales'!B16 -> 2.5.6-797.26 | C19: =+'Necesidades Trimestrales'!E16 -> NAFTA SUPER; TIPO: PREMIUN, OCTANO: 97, PRESENTACION: POR LITRO, DESTINO: DPTO. POMAN, COMERCIALIZACION: SIN VALOR | H19: SI | I19: =+'Necesidades Trimestrales'!F16 -> LITROS EN VALES | J19: =+'Necesidades Trimestrales'!H16 -> 64.76 | K19: =+'Necesidades Trimestrales'!G16 -> 6978
A20: 8 | B20: =+'Necesidades Trimestrales'!B17 -> 2.5.6-793.33 | C20: =+'Necesidades Trimestrales'!E17 -> GAS OIL; PRESENTACION: POR LITRO, USO: MOTORES DIESEL, COMERCIALIZACION: GRADO 3, DESTINO: DPTO. POMAN | H20: SI | I20: =+'Necesidades Trimestrales'!F17 -> LITROS EN VALES | J20: =+'Necesidades Trimestrales'!H17 -> 59.85 | K20: =+'Necesidades Trimestrales'!G17 -> 12498
A21: 9 | B21: =+'Necesidades Trimestrales'!B18 -> 2.5.6-7104.19 | C21: =+'Necesidades Trimestrales'!E18 -> ACEITES LUBRICANTES; DENOMINACION: SAE 15 W 40, USO: AUTOMOTOR, PRESENTACION: TAMBOR X 205 L, NORMA: SAE 15 W 40 | H21: SI | I21: =+'Necesidades Trimestrales'!F18 -> UNIDAD | J21: =+'Necesidades Trimestrales'!H18 -> 120000 | K21: =+'Necesidades Trimestrales'!G18 -> 9
A22: 10 | B22: =+'Necesidades Trimestrales'!B19 -> 2.5.6-7104.503 | C22: =+'Necesidades Trimestrales'!E19 -> ACEITES LUBRICANTES; USO: AUTOMOTOR, PRESENTACION: ENVASE X 20 L, NORMA: 5W-30, COMERCIALIZACION: POR UNIDAD | H22: SI | I22: =+'Necesidades Trimestrales'!F19 -> UNIDAD | J22: =+'Necesidades Trimestrales'!H19 -> 13800 | K22: =+'Necesidades Trimestrales'!G19 -> 57
A23: 11 | B23: =+'Necesidades Trimestrales'!B20 -> 2.5.6-7104.31 | C23: =+'Necesidades Trimestrales'!E20 -> ACEITES LUBRICANTES; DENOMINACION: SAE 20 W 50, USO: AUTOMOTOR, PRESENTACION: TAMBOR X 205 L, NORMA: SAE 20 W 50 | H23: SI | I23: =+'Necesidades Trimestrales'!F20 -> UNIDAD | J23: =+'Necesidades Trimestrales'!H20 -> 42500 | K23: =+'Necesidades Trimestrales'!G20 -> 1
A24: Costo total estimado: Quince Millones, Novecientos Dos mil Docientos Veinte Pesos con 84/100 | J24: ='Necesidades Trimestrales'!I21 -> 15901121

Sheet Autor Gastar
A1: EJERCICIO: | D1: ='Necesidades Trimestrales'!C6 -> 2020 | P1: AUTORIZACION PARA GASTAR
A4: JURISDICCIÓN: | G4: =' NotaPedido'!D3 -> Ministerio de Seguridad
A5: SAF: | G5: =' NotaPedido'!D4 -> 7 - Policía de la Provincia de Catamarca
A6: UNIDAD EJECUTORA: | G6: =' NotaPedido'!D5 -> Secretaría de Compras y Abastecimiento
A7: DEPENDENCIA SOLICITANTE: | G7: =' NotaPedido'!D6 -> Policía de la Provincia de Catamarca
A8: AUTORIZACIÓN:
A9: Señor Jefe de Servicio Administrativo Financiero:
A10: ="Autorizo la realización de los trámites correspondientes, a fin de proveer a este Organismo los bienes y/o servicios que se detallan en Nota de Pedido N° " & ' NotaPedido'!K1&", afectando la erogación resultante a los créditos presupuestarios aprobados a favor de esta Unidad Ejecutora, conforme al siguiente detalle:" -> Autorizo la realización de los trámites correspondientes, a fin de proveer a este Organismo los bienes y/o servicios que se detallan en Nota de Pedido N° 91/2020, afectando la erogación resultante a los créditos presupuestarios aprobados a favor de esta Unidad Ejecutora, conforme al siguiente detalle:
A12: IMPUTACIÓN PRESUPUESTARIA
A13: CÓDIGO | O13: DENOMINACIÓN DE LA PARTIDA PRESUPUESTARIA | Q13: IMPORTE
A14: PR | B14: SB | C14: PY | D14: AC | E14: OB | F14: UG | G14: FIN | H14: FUN | I14: I | J14: P | K14: P | L14: SubP | M14: M | N14: FF
A15: 16 | B15: 0 | C15: 0 | D15: 1 | E15: 0 | F15: 10 | G15: 2 | H15: 210 | I15: 2 | J15: 5 | K15: 6 | L15: 0 | M15: 1 | N15: 1.1. | O15: Combustibles y Lubricantes | Q15: =('Necesidades Trimestrales'!K33+'Necesidades Trimestrales'!I18+'Necesidades Trimestrales'!I19+'Necesidades Trimestrales'!I20) -> 10709029
A16: 16 | B16: 0 | C16: 0 | D16: 7 | E16: 0 | F16: 10 | G16: 2 | H16: 210 | I16: 2 | J16: 5 | K16: 6 | L16: 0 | M16: 1 | N16: 1.1. | O16: Combustibles y Lubricantes | Q16: ='Necesidades Trimestrales'!K31 -> 2992344.8
A17: 16 | B17: 0 | C17: 0 | D17: 11 | E17: 0 | F17: 2101 | G17: 2 | H17: 210 | I17: 2 | J17: 5 | K17: 6 | L17: 0 | M17: 1 | N17: 1.1. | O17: Combustibles y Lubricantes | Q17: ='Necesidades Trimestrales'!K36 -> 399912.48
A18: 16 | B18: 0 | C18: 0 | D18: 14 | E18: 0 | F18: 9101 | G18: 2 | H18: 210 | I18: 2 | J18: 5 | K18: 6 | L18: 0 | M18: 1 | N18: 1.1. | O18: Combustibles y Lubricantes | Q18: ='Necesidades Trimestrales'!K38 -> 599934.3
A19: 16 | B19: 0 | C19: 0 | D19: 15 | E19: 0 | F19: 8401 | G19: 2 | H19: 210 | I19: 2 | J19: 5 | K19: 6 | L19: 0 | M19: 1 | N19: 1.1. | O19: Combustibles y Lubricantes | Q19: ='Necesidades Trimestrales'!K40 -> 1199900.6
A20: TOTAL DE PESOS: Quince Millones, Novecientos Dos mil Docientos Veinte con 84/100 | Q20: =SUM(Q15:Q19) -> 15901121
A22: JUSTIFICACIÓN:
A23: Para la adquisición de combustibles y lubricantes destinados a las Unidades Móviles de la Policía de Catamarca.
