Workbook

Sheet Necesidades Trimestrales
B2: Pedido de Necesidades Trimestrales
A4: JURISDICCION: | C4: 90 - Ministerio de Seguridad
A5: SAF N°: | C5: 7 - Direccion de Administracion de la Policia de la Provincia de Catamarca
A6: EJERCICIO: | C6: 2021
A7: TRIMESTRE: | C7: 1
A9: ID | B9: CODIGO ITEM | C9: RUBRO DE COMPRA | D9: I.P.P. | E9: DESCRIPCION | F9: UNIDAD DE MEDIDA | G9: CANTIDAD | H9: PRECIO UNITARIO ESTIMADO | I9: IMPORTE TOTAL ESTIMADO
A10: 1 | B10: 2.9.1-6951.30 | C10: ELEMENTOS DE LIMPIEZA | D10: 2.9.1 | E10: LIMPIADORES; TIPO: LAVANDINA, PRESENTACION: ENVASE X 5 L | F10: UNIDAD | G10: 2500 | H10: 210 | I10: =H10*G10 -> 525000
A11: 2 | B11: 2.9.1-6951.306 | C11: ELEMENTOS DE LIMPIEZA | D11: 2.9.1 | E11: LIMPIADORES; TIPO: DETERGENTE, PRESENTACION: ENVASE X 900 mL, BIODEGRADABLE: SI | F11: UNIDAD | G11: 1700 | H11: 298 | I11: =H11*G11 -> 506600
A12: 3 | B12: 2.9.1-6952.31 | C12: ELEMENTOS DE LIMPIEZA | D12: 2.9.1 | E12: CEPILLOS; TIPO: ESCOBILLON, MATERIAL: CERDA | F12: UNIDAD | G12: 600 | H12: 179 | I12: =H12*G12 -> 107400
A13: 4 | B13: 2.9.1-713.8 | C13: ELEMENTOS DE LIMPIEZA | D13: 2.9.1 | E13: TRAPOS DE PISO; DIMENSION: 40 X 50 Cm, COLOR: SIN VALOR | F13: UNIDAD | G13: 900 | H13: 69 | I13: =H13*G13 -> 62100
A14: 5 | B14: 2.9.1-678.7 | C14: ELEMENTOS DE LIMPIEZA | D14: 2.9.1 | E14: TRAPOS REJILLA; DIMENSION: 40 X 50 Cm, COLOR: SIN VALOR, MATERIAL: ALGODON | F14: UNIDAD | G14: 900 | H14: 69 | I14: =H14*G14 -> 62100
A15: 6 | B15: 2.9.1-714.2 | C15: ELEMENTOS DE LIMPIEZA | D15: 2.9.1 | E15: FRANELAS; DIMENSION: 50 X 50 Cm | F15: UNIDAD | G15: 900 | H15: 69 | I15: =H15*G15 -> 62100
A16: 7 | B16: 2.9.1-646.16 | C16: ELEMENTOS DE LIMPIEZA | D16: 2.9.1 | E16: BOLSAS DE RESIDUOS; COLOR: OBSCURO, ESPESOR: 30 Mn, DIMENSION: 45 X 60 Cm, PRESENTACION: SIN VALOR | F16: UNIDAD | G16: 1800 | H16: 48 | I16: =H16*G16 -> 86400
A17: 8 | B17: 2.9.1-544.73 | C17: ELEMENTOS DE LIMPIEZA | D17: 2.9.1 | E17: DESODORANTES DE AMBIENTE; FORMATO: AEROSOL, FRAGANCIA: LAVANDA, PRESENTACION: ENVASE X 360 CM3, LIBRE DE CFC: SI | F17: UNIDAD | G17: 900 | H17: 149 | I17: =H17*G17 -> 134100
A18: 9 | B18: 2.9.1-6950.30 | C18: ELEMENTOS DE LIMPIEZA | D18: 2.9.1 | E18: LUSTRADORES; TIPO: LUSTRAMUEBLES, PRESENTACION: AEROSOL X 360 CM3 | F18: UNIDAD | G18: 800 | H18: 195 | I18: =H18*G18 -> 156000
A19: 10 | B19: 2.9.1-683.5 | C19: ELEMENTOS DE LIMPIEZA | D19: 2.9.1 | E19: SECADORES DE GOMA; LARGO: 40 Cm, COLOR: NEGRO | F19: UNIDAD | G19: 600 | H19: 78 | I19: =H19*G19 -> 46800
A20: 11 | B20: 2.9.1-564.22 | C20: ELEMENTOS DE LIMPIEZA | D20: 2.9.1 | E20: BALDES DE PLASTICO; CAPACIDAD: 11 L | F20: UNIDAD | G20: 300 | H20: 169 | I20: =H20*G20 -> 50700
A21: 12 | B21: 2.9.1-6961.6 | C21: ELEMENTOS DE LIMPIEZA | D21: 2.9.1 | E21: ELEM. P/LIMPIEZA SANITARIOS; TIPO: PASTILLA DESODORANTE, PRESENTACION: UNIDAD | F21: UNIDAD | G21: 350 | H21: 114 | I21: =H21*G21 -> 39900
A22: 13 | B22: 2.9.1-6956.78 | C22: ELEMENTOS DE LIMPIEZA | D22: 2.9.1 | E22: ARTICULOS DE TOCADOR; TIPO: JABON LIQUIDO, PRESENTACION: ENVASE X 295 mL | F22: UNIDAD | G22: 400 | H22: 397 | I22: =H22*G22 -> 158800
I23: =SUM(I10:I22) -> 1998000 | J23: =SUM(I10:I22) -> 1998000
B24: Especificidades de todos los Items.
B26: Plazos y lugares de entrega
C27: a) LUGAR DE ENTREGA: Departamento Logística, sito en Av. Felix Avellaneda RP N° 33 KM 2., SUMALAO - VALLE VIEJO. De 08 a 12 horas. b) FORMA DE LA ENTREGA: Libre de flete, acarreo y embalaje, como así también, de todo riesgo de pérdida o destrucción total o parcial, por causas ajenas a la Institución. c) PLAZO DE ENTREGA: El Oferente deberá establecer plazo de entrega de los elementos cotizados, debiendo ser expresado en días hábiles; que no podrá ser superior a cinco (5) días hábiles, contados a partir de la recepción de la comunicación prevista en el Reglamento Parcial N° 2 de la ley 4938.
B28: Calidad Minima esperada
C29: Que Cumpla con lo Solicitado de Forma Integra. Presentar Muestras, La recepción de las muestras se realizará en el Departamento Logística (D-4) de la Policía de Catamarca, hasta momentos antes de la apertura, sito en Av. Felix Avellaneda, RP Nº 33, Km 2, Sumalao - Valle Viejo. Provincia de Catamarca. c.3) Debidamente rotuladas por ítems e identificando claramente el oferente cotizante. No se aceptaran muestras distintas a lo cotizado.
B30: Mantenimiento
C31: 30 dias
B32: Garantia
C33: *

Sheet  NotaPedido
A1: NOTA DE PEDIDO | J1: N° | K1: 10/2021
A3: JURISDICCIÓN: | D3: ='Necesidades Trimestrales'!C4 -> 90 - Ministerio de Seguridad
A4: SAF: | D4: ='Necesidades Trimestrales'!C5 -> 7 - Direccion de Administracion de la Policia de la Provincia de Catamarca
A5: UNIDAD EJECUTORA: | D5: Policía de la Provincia de Catamarca
A6: DEPENDENCIA SOLICITANTE: | D6: División Intendencia - Departamento Logística (D-4)
A7: PERIODO UTILIZACIÓN: | D7: ='Necesidades Trimestrales'!C7 & "° Trimestre - Año " &'Necesidades Trimestrales'!C6 -> 1° Trimestre - Año 2021
A8: OBJETO: | D8: Adquisición de elementos de limpieza destinados a dependencias policiales.
A10: Ítem | B10: Codigo Item | C10: DESCRIPCIÓN | H10: Adjunta Detalle Técnico | I10: Unidad Medida | J10: Precio Unitario Estimado | K10: Cantidad Solicitada
A12: ='Necesidades Trimestrales'!A10 -> 1 | B12: ='Necesidades Trimestrales'!B10 -> 2.9.1-6951.30 | C12: ='Necesidades Trimestrales'!E10 -> LIMPIADORES; TIPO: LAVANDINA, PRESENTACION: ENVASE X 5 L | H12: NO | I12: UNIDAD | J12: ='Necesidades Trimestrales'!H10 -> 210 | K12: ='Necesidades Trimestrales'!G10 -> 2500
A13: ='Necesidades Trimestrales'!A11 -> 2 | B13: ='Necesidades Trimestrales'!B11 -> 2.9.1-6951.306 | C13: ='Necesidades Trimestrales'!E11 -> LIMPIADORES; TIPO: DETERGENTE, PRESENTACION: ENVASE X 900 mL, BIODEGRADABLE: SI | H13: NO | I13: UNIDAD | J13: ='Necesidades Trimestrales'!H11 -> 298 | K13: ='Necesidades Trimestrales'!G11 -> 1700
A14: ='Necesidades Trimestrales'!A12 -> 3 | B14: ='Necesidades Trimestrales'!B12 -> 2.9.1-6952.31 | C14: ='Necesidades Trimestrales'!E12 -> CEPILLOS; TIPO: ESCOBILLON, MATERIAL: CERDA | H14: NO | I14: UNIDAD | J14: ='Necesidades Trimestrales'!H12 -> 179 | K14: ='Necesidades Trimestrales'!G12 -> 600
A15: ='Necesidades Trimestrales'!A13 -> 4 | B15: ='Necesidades Trimestrales'!B13 -> 2.9.1-713.8 | C15: ='Necesidades Trimestrales'!E13 -> TRAPOS DE PISO; DIMENSION: 40 X 50 Cm, COLOR: SIN VALOR | H15: NO | I15: UNIDAD | J15: ='Necesidades Trimestrales'!H13 -> 69 | K15: ='Necesidades Trimestrales'!G13 -> 900
A16: ='Necesidades Trimestrales'!A14 -> 5 | B16: ='Necesidades Trimestrales'!B14 -> 2.9.1-678.7 | C16: ='Necesidades Trimestrales'!E14 -> TRAPOS REJILLA; DIMENSION: 40 X 50 Cm, COLOR: SIN VALOR, MATERIAL: ALGODON | H16: NO | I16: UNIDAD | J16: ='Necesidades Trimestrales'!H14 -> 69 | K16: ='Necesidades Trimestrales'!G14 -> 900
A17: ='Necesidades Trimestrales'!A15 -> 6 | B17: ='Necesidades Trimestrales'!B15 -> 2.9.1-714.2 | C17: ='Necesidades Trimestrales'!E15 -> FRANELAS; DIMENSION: 50 X 50 Cm | H17: NO | I17: UNIDAD | J17: ='Necesidades Trimestrales'!H15 -> 69 | K17: ='Necesidades Trimestrales'!G15 -> 900
A18: ='Necesidades Trimestrales'!A16 -> 7 | B18: ='Necesidades Trimestrales'!B16 -> 2.9.1-646.16 | C18: ='Necesidades Trimestrales'!E16 -> BOLSAS DE RESIDUOS; COLOR: OBSCURO, ESPESOR: 30 Mn, DIMENSION: 45 X 60 Cm, PRESENTACION: SIN VALOR | H18: NO | I18: UNIDAD | J18: ='Necesidades Trimestrales'!H16 -> 48 | K18: ='Necesidades Trimestrales'!G16 -> 1800
A19: ='Necesidades Trimestrales'!A17 -> 8 | B19: ='Necesidades Trimestrales'!B17 -> 2.9.1-544.73 | C19: ='Necesidades Trimestrales'!E17 -> DESODORANTES DE AMBIENTE; FORMATO: AEROSOL, FRAGANCIA: LAVANDA, PRESENTACION: ENVASE X 360 CM3, LIBRE DE CFC: SI | H19: NO | I19: UNIDAD | J19: ='Necesidades Trimestrales'!H17 -> 149 | K19: ='Necesidades Trimestrales'!G17 -> 900
A20: ='Necesidades Trimestrales'!A18 -> 9 | B20: ='Necesidades Trimestrales'!B18 -> 2.9.1-6950.30 | C20: ='Necesidades Trimestrales'!E18 -> LUSTRADORES; TIPO: LUSTRAMUEBLES, PRESENTACION: AEROSOL X 360 CM3 | H20: NO | I20: UNIDAD | J20: ='Necesidades Trimestrales'!H18 -> 195 | K20: ='Necesidades Trimestrales'!G18 -> 800
A21: ='Necesidades Trimestrales'!A19 -> 10 | B21: ='Necesidades Trimestrales'!B19 -> 2.9.1-683.5 | C21: ='Necesidades Trimestrales'!E19 -> SECADORES DE GOMA; LARGO: 40 Cm, COLOR: NEGRO | H21: NO | I21: UNIDAD | J21: ='Necesidades Trimestrales'!H19 -> 78 | K21: ='Necesidades Trimestrales'!G19 -> 600
A22: ='Necesidades Trimestrales'!A20 -> 11 | B22: ='Necesidades Trimestrales'!B20 -> 2.9.1-564.22 | C22: ='Necesidades Trimestrales'!E20 -> BALDES DE PLASTICO; CAPACIDAD: 11 L | H22: NO | I22: UNIDAD | J22: ='Necesidades Trimestrales'!H20 -> 169 | K22: ='Necesidades Trimestrales'!G20 -> 300
A23: ='Necesidades Trimestrales'!A21 -> 12 | B23: ='Necesidades Trimestrales'!B21 -> 2.9.1-6961.6 | C23: ='Necesidades Trimestrales'!E21 -> ELEM. P/LIMPIEZA SANITARIOS; TIPO: PASTILLA DESODORANTE, PRESENTACION: UNIDAD | H23: NO | I23: UNIDAD | J23: ='Necesidades Trimestrales'!H21 -> 114 | K23: ='Necesidades Trimestrales'!G21 -> 350
A24: ='Necesidades Trimestrales'!A22 -> 13 | B24: ='Necesidades Trimestrales'!B22 -> 2.9.1-6956.78 | C24: ='Necesidades Trimestrales'!E22 -> ARTICULOS DE TOCADOR; TIPO: JABON LIQUIDO, PRESENTACION: ENVASE X 295 mL | H24: NO | I24: UNIDAD | J24: ='Necesidades Trimestrales'!H22 -> 397 | K24: ='Necesidades Trimestrales'!G22 -> 400
A25: Costo total estimado: PESOS UN MILLON NOVECIENTOS NOVENTA Y OCHO MIL CON 00/100.- | J25: =SUMPRODUCT(J12:J24,K12:K24) -> 1998000

Sheet Autor Gastar
A1: EJERCICIO: | D1: ='Necesidades Trimestrales'!C6 -> 2021 | P1: AUTORIZACION PARA GASTAR
A4: JURISDICCIÓN: | G4: =' NotaPedido'!D3 -> 90 - Ministerio de Seguridad
A5: SAF: | G5: =' NotaPedido'!D4 -> 7 - Direccion de Administracion de la Policia de la Provincia de Catamarca
A6: UNIDAD EJECUTORA: | G6: =' NotaPedido'!D5 -> Policía de la Provincia de Catamarca
A7: DEPENDENCIA SOLICITANTE: | G7: =' NotaPedido'!D6 -> División Intendencia - Departamento Logística (D-4)
A8: AUTORIZACIÓN:
A9: Señor Jefe de Servicio Administrativo Financiero:
A10: ="Autorizo la realización de los trámites correspondientes, a fin de proveer a este Organismo los bienes y/o servicios que se detallan en Nota de Pedido N° " & ' NotaPedido'!K1&", afectando la erogación resultante a los créditos presupuestarios aprobados a favor de esta Unidad Ejecutora, conforme al siguiente detalle:" -> Autorizo la realización de los trámites correspondientes, a fin de proveer a este Organismo los bienes y/o servicios que se detallan en Nota de Pedido N° 10/2021, afectando la erogación resultante a los créditos presupuestarios aprobados a favor de esta Unidad Ejecutora, conforme al siguiente detalle:
A12: IMPUTACIÓN PRESUPUESTARIA
A13: CÓDIGO | O13: DENOMINACIÓN DE LA PARTIDA PRESUPUESTARIA | Q13: IMPORTE
A14: PR | B14: SB | C14: PY | D14: AC | E14: OB | F14: UG | G14: FIN | H14: FUN | I14: I | J14: P | K14: P | L14: SubP | M14: M | N14: FF
A15: 16 | B15: 0 | C15: 0 | D15: 1 | E15: 0 | F15: 10 | G15: 2 | H15: 1 | I15: 2 | J15: 9 | K15: 1 | L15: 0 | M15: 1 | N15: 1.1 | O15: ELEMENTOS DE LIMPIEZA | Q15: =SUM('Necesidades Trimestrales'!I10:I22) -> 1998000
A16: TOTAL DE PESOS: UN MILLON NOVECIENTOS NOVENTA Y OCHO MIL CON 00/100.- | Q16: =SUM(Q15:Q15) -> 1998000
A18: JUSTIFICACIÓN: | G18: Adquisición de elementos de limpieza destinados a dependencias policiales.-
