Workbook

Sheet Necesidades Trimestrales
B2: Pedido de Necesidades Trimestrales
A4: JURISDICCION: | C4: 040 - Ministerio de Salud
A5: SAF N°: | C5: 11/ 23/ 24 o 28- "…......."
A6: EJERCICIO: | C6: 2022
A7: TRIMESTRE: | C7: 2
A9: ID | B9: CODIGO ITEM | C9: RUBRO DE COMPRA | D9: I.P.P. | E9: DESCRIPCION | F9: UNIDAD DE MEDIDA | G9: CANTIDAD | H9: PRECIO UNITARIO ESTIMADO | I9: IMPORTE TOTAL ESTIMADO
A10: 1 | B10: 2.5.2-1829.24 | C10: PROD. MEDICO/FARMACEUTICOS/LAB | D10: 252 | E10: ANTIVIRALES; TIPO: MONODROGA, DROGA GENERICA: ACICLOVIR, FORMA FARMACEUTICA: COMPRIMIDO, PRESENTACION: 200 mGr | F10: COMPRIMIDO | G10: 1 | H10: 28.9 | I10: =+G10*H10 -> 28.9
A11: 2 | B11: 2.5.2-1829.35 | C11: PROD. MEDICO/FARMACEUTICOS/LAB | D11: 252 | E11: ANTIVIRALES; TIPO: MONODROGA, DROGA GENERICA: ACICLOVIR, FORMA FARMACEUTICA: COMPRIMIDO, PRESENTACION: 400 mGr | F11: COMPRIMIDO | G11: 1 | H11: 37.5 | I11: =+G11*H11 -> 37.5
A12: 3 | B12: 2.5.2-1821.235 | C12: PROD. MEDICO/FARMACEUTICOS/LAB | D12: 252 | E12: ANTIBIOTICOS P/PERSONAS; TIPO: MONODROGA, DROGA GENERICA: ACICLOVIR 500 MG, FORMA FARMACEUTICA: FRASCO AMPOLLA, PRESENTACION: 500 mGr | F12: AMPOLLA | G12: 1 | H12: 350 | I12: =+G12*H12 -> 350
A13: 4 | B13: 2.5.2-1829.48 | C13: PROD. MEDICO/FARMACEUTICOS/LAB | D13: 252 | E13: ANTIVIRALES; TIPO: MONODROGA, DROGA GENERICA: ACICLOVIR 80 MG/ ML, FORMA FARMACEUTICA: SUSPENSION, PRESENTACION: ENVASE X 200 ML | F13: FRASCO | G13: 1 | H13: 980 | I13: =+G13*H13 -> 980
A14: 5 | B14: 2.5.2-1724.16 | C14: PROD. MEDICO/FARMACEUTICOS/LAB | D14: 252 | E14: ANALGESICOS; TIPO: MONODROGA, DROGA GENERICA: ACIDO ACETILSALICILICO, PRESENTACION: 100 mGr, FORMA FARMACEUTICA: COMPRIMIDO | F14: COMPRIMIDO | G14: 1 | H14: 1.88 | I14: =+G14*H14 -> 1.88
A15: 6 | B15: 2.5.2-1724.3 | C15: PROD. MEDICO/FARMACEUTICOS/LAB | D15: 252 | E15: ANALGESICOS ; PRESENTACION: 500 mGr, TIPO: MONODROGA, DROGA GENERICA: ACIDO ACETILSALICILICO, FORMA FARMACEUTICA: COMPRIMIDO | F15: COMPRIMIDO | G15: 1 | H15: 2.58 | I15: =+G15*H15 -> 2.58
A16: 7 | B16: 2.5.2-1864.6 | C16: PROD. MEDICO/FARMACEUTICOS/LAB | D16: 252 | E16: HIPOURICEMIANTES; TIPO: MONODROGA, DROGA GENERICA: ALOPURINOL 300 mGr, FORMA FARMACEUTICA: COMPRIMIDO, PRESENTACION: UNIDAD | F16: COMPRIMIDO | G16: 1 | H16: 41.3 | I16: =+G16*H16 -> 41.3
A17: 8 | B17: 2.5.2-1821.1 | C17: PROD. MEDICO/FARMACEUTICOS/LAB | D17: 252 | E17: ANTIBIOTICOS P/PERSONAS; TIPO: MONODROGA, DROGA GENERICA: AMIKACINA, PRESENTACION: 500 mGr, FORMA FARMACEUTICA: AMPOLLA | F17: AMPOLLA | G17: 1 | H17: 87.95 | I17: =+G17*H17 -> 87.95
A18: 9 | B18: 2.5.2-1821.524 | C18: PROD. MEDICO/FARMACEUTICOS/LAB | D18: 252 | E18: ANTIBIOTICOS P/PERSONAS; TIPO: ASOCIACION, DROGA GENERICA: AMOXICILINA + AC.CLAVULANICO 400 MG / 57 MG, FORMA FARMACEUTICA: SUSPENSION, PRESENTACION: ENVASE X 70 ML | F18: FRASCO | G18: 1 | H18: 410 | I18: =+G18*H18 -> 410
A19: 10 | B19: 2.5.2-1821.440 | C19: PROD. MEDICO/FARMACEUTICOS/LAB | D19: 252 | E19: ANTIBIOTICOS P/PERSONAS; TIPO: ASOCIACION, DROGA GENERICA: AMOXICIL. 875 MG+CLAVUL.125 MG mGr, FORMA FARMACEUTICA: COMPRIMIDO, PRESENTACION: UNIDAD | F19: COMPRIMIDO | G19: 1 | H19: 38 | I19: =+G19*H19 -> 38
A20: 11 | B20: 2.5.2-1821.9 | C20: PROD. MEDICO/FARMACEUTICOS/LAB | D20: 252 | E20: ANTIBIOTICOS P/PERSONAS; TIPO: MONODROGA, DROGA GENERICA: AMOXICILINA, PRESENTACION: 500 mGr, FORMA FARMACEUTICA: COMPRIMIDOS | F20: COMPRIMIDO | G20: 1 | H20: 15 | I20: =+G20*H20 -> 15
A21: 12 | B21: 2.5.2-1821.399 | C21: PROD. MEDICO/FARMACEUTICOS/LAB | D21: 252 | E21: ANTIBIOTICOS P/PERSONAS; TIPO: MONODROGA, DROGA GENERICA: AMOXICILINA 500 mGr, FORMA FARMACEUTICA: SUSPENSION, PRESENTACION: ENVASE X 90 mL | F21: FRASCO | G21: 1 | H21: 320 | I21: =+G21*H21 -> 320
A22: 13 | B22: 2.5.2-1821.389 | C22: PROD. MEDICO/FARMACEUTICOS/LAB | D22: 252 | E22: ANTIBIOTICOS P/PERSONAS; TIPO: ASOCIACION, DROGA GENERICA: AMPICILINA + SULBACTAN, FORMA FARMACEUTICA: FRASCO AMPOLLA, PRESENTACION: ENVASE X 1,5 GR | F22: AMPOLLA | G22: 1 | H22: 145 | I22: =+G22*H22 -> 145 | J22: STOCK FCIA CENTRAL
A23: 14 | B23: 2.5.2-1821.8 | C23: PROD. MEDICO/FARMACEUTICOS/LAB | D23: 252 | E23: ANTIBIOTICOS P/PERSONAS; TIPO: MONODROGA, DROGA GENERICA: AMPICILINA, FORMA FARMACEUTICA: AMPOLLA, PRESENTACION: 1 GR | F23: AMPOLLA | G23: 1 | H23: 99 | I23: =+G23*H23 -> 99
A24: 15 | B24: 2.5.2-1821.5 | C24: PROD. MEDICO/FARMACEUTICOS/LAB | D24: 252 | E24: ANTIBIOTICOS P/PERSONAS; TIPO: MONODROGA, DROGA GENERICA: AMPICILINA, FORMA FARMACEUTICA: COMPRIMIDOS, PRESENTACION: 500 mGr | F24: COMPRIMIDO | G24: 1 | H24: 22 | I24: =+G24*H24 -> 22
A25: 16 | B25: 2.5.2-1823.113 | C25: PROD. MEDICO/FARMACEUTICOS/LAB | D25: 252 | E25: ANTIMICOTICOS; DROGA GENERICA: ANFOTERICINA B LIPOSOMAL, FORMA FARMACEUTICA: AMPOLLA, PRESENTACION: 50 MGR, TIPO: MONODROGA | F25: AMPOLLA | G25: 1 | H25: 29500 | I25: =+G25*H25 -> 29500
A26: 17 | B26: 2.5.2-1823.1 | C26: PROD. MEDICO/FARMACEUTICOS/LAB | D26: 252 | E26: ANTIMICOTICOS; DROGA GENERICA: ANFOTERICINA B, FORMA FARMACEUTICA: AMPOLLA, PRESENTACION: 50 mGr, TIPO: MONODROGA | F26: AMPOLLA | G26: 1 | H26: 795 | I26: =+G26*H26 -> 795 | J26: STOCK FCIA CENTRAL
A27: 18 | B27: 2.5.2-1821.502 | C27: PROD. MEDICO/FARMACEUTICOS/LAB | D27: 252 | E27: ANTIBIOTICOS P/PERSONAS; TIPO: MONODROGA, DROGA GENERICA: AZITROMICINA 200 mGr, FORMA FARMACEUTICA: SUSPENSION, PRESENTACION: ENVASE X 15 Ml | F27: FRASCO | G27: 1 | H27: 562.5 | I27: =+G27*H27 -> 562.5
A28: 19 | B28: 2.5.2-2199.16 | C28: PROD. MEDICO/FARMACEUTICOS/LAB | D28: 252 | E28: BLOQUEANTES NEUROMUSCULARES; DROGA GENERICA: ATRACURIO, FORMA FARMACEUTICA: AMPOLLA, PRESENTACION: 50 mGr, TIPO: MONODROGA | F28: AMPOLLA | G28: 1 | H28: 259 | I28: =+G28*H28 -> 259 | J28: ENVIA NACION NO PEDIR 2022
A29: 20 | B29: 2.5.2-1821.94 | C29: PROD. MEDICO/FARMACEUTICOS/LAB | D29: 252 | E29: ANTIBIOTICOS P/PERSONAS; TIPO: MONODROGA, DROGA GENERICA: AZITROMICINA, FORMA FARMACEUTICA: COMPRIMIDO, PRESENTACION: 500 mGr | F29: COMPRIMIDO | G29: 1 | H29: 37.45 | I29: =+G29*H29 -> 37.45
A30: 21 | B30: 2.5.2-1837.19 | C30: PROD. MEDICO/FARMACEUTICOS/LAB | D30: 252 | E30: HIPOTENSORES; TIPO: MONODROGA, DROGA GENERICA: BACLOFENO, FORMA FARMACEUTICA: COMPRIMIDO, PRESENTACION: 10 mGr | F30: COMPRIMIDO | G30: 1 | H30: 16 | I30: =+G30*H30 -> 16
A31: 22 | B31: 2.5.2-1726.523 | C31: PROD. MEDICO/FARMACEUTICOS/LAB | D31: 252 | E31: SOLUCIONES P/MEDICINA; TIPO: SULFATO DE BARIO, PRESENTACION: ENVASE SUSPENSION X 225 ML | F31: FRASCO | G31: 1 | H31: 9664.28 | I31: =+G31*H31 -> 9664.28
A32: 23 | B32: 2.5.2-1726.524 | C32: PROD. MEDICO/FARMACEUTICOS/LAB | D32: 252 | E32: SOLUCIONES P/MEDICINA; TIPO: SULFATO DE BARIO, PRESENTACION: ENVASE SUSPENSION PARA ENEMA X 500 ML | F32: FRASCO | G32: 1 | H32: 16740 | I32: =+G32*H32 -> 16740
A33: 24 | B33: 2.5.2-1726.525 | C33: PROD. MEDICO/FARMACEUTICOS/LAB | D33: 252 | E33: SOLUCIONES P/MEDICINA; TIPO: SULFATO DE BARIO, PRESENTACION: ENVASE SUSPENSION ORAL X 300 ML | F33: FRASCO | G33: 1 | H33: 10347.39 | I33: =+G33*H33 -> 10347.39
A34: 25 | B34: 2.5.2-1883.139 | C34: PROD. MEDICO/FARMACEUTICOS/LAB | D34: 252 | E34: ANESTESICOS LOCALES; TIPO: ASOCIACION, DROGA GENERICA: BUPIVACAINA 0,5 % C/EPINEFRINA, FORMA FARMACEUTICA: FRASCO AMPOLLA, PRESENTACION: ENVASE X 20 mL | F34: FRASCO | G34: 1 | H34: 3100 | I34: =+G34*H34 -> 3100
A35: 26 | B35: 2.5.2-1883.24 | C35: PROD. MEDICO/FARMACEUTICOS/LAB | D35: 252 | E35: ANESTESICOS LOCALES; TIPO: MONODROGA, DROGA GENERICA: BUPIVACAINA 0,5 %, FORMA FARMACEUTICA: FRASCO, PRESENTACION: 20 mL | F35: FRASCO | G35: 1 | H35: 350 | I35: =+G35*H35 -> 350
A36: 27 | B36: 2.5.2-1883.188 | C36: PROD. MEDICO/FARMACEUTICOS/LAB | D36: 252 | E36: ANESTESICOS LOCALES; TIPO: MONODROGA, DROGA GENERICA: BUPIVACAINA 0,5% HIPERBARICA, FORMA FARMACEUTICA: AMPOLLA, PRESENTACION: 4 ML CON AGUJA 27 G X 3 1/2 CON INTRODUCTOR | F36: AMPOLLA | G36: 1 | H36: 1420 | I36: =+G36*H36 -> 1420
A37: 28 | B37: 2.5.2-1821.321 | C37: PROD. MEDICO/FARMACEUTICOS/LAB | D37: 252 | E37: ANTIBIOTICOS P/PERSONAS; TIPO: MONODROGA, DROGA GENERICA: CEFALEXINA 500 mGr, FORMA FARMACEUTICA: COMPRIMIDO, PRESENTACION: 1 UN | F37: COMPRIMIDO | G37: 1 | H37: 15.3 | I37: =+G37*H37 -> 15.3
A38: 29 | B38: 2.5.2-1821.337 | C38: PROD. MEDICO/FARMACEUTICOS/LAB | D38: 252 | E38: ANTIBIOTICOS P/PERSONAS; TIPO: MONODROGA, DROGA GENERICA: CEFALEXINA 500MG, FORMA FARMACEUTICA: SUSPENSION, PRESENTACION: ENVASE X 90 mL | F38: FRASCO | G38: 1 | H38: 298 | I38: =+G38*H38 -> 298
A39: 30 | B39: 2.5.2-1821.405 | C39: PROD. MEDICO/FARMACEUTICOS/LAB | D39: 252 | E39: ANTIBIOTICOS P/PERSONAS; TIPO: MONODROGA, DROGA GENERICA: CEFALOTINA SODICA, FORMA FARMACEUTICA: FRASCO AMPOLLA, PRESENTACION: 1 GR | F39: AMPOLLA | G39: 1 | H39: 145 | I39: =+G39*H39 -> 145
A40: 31 | B40: 2.5.2-1821.62 | C40: PROD. MEDICO/FARMACEUTICOS/LAB | D40: 252 | E40: ANTIBIOTICOS P/PERSONAS; TIPO: MONODROGA, DROGA GENERICA: CEFAZOLINA, FORMA FARMACEUTICA: AMPOLLA, PRESENTACION: 1 GR | F40: AMPOLLA | G40: 1 | H40: 148 | I40: =+G40*H40 -> 148
... A50: 41 | B50: 2.5.2-1821.43 | C50: PROD. MEDICO/FARMACEUTICOS/LAB | D50: 252 | E50: ANTIBIOTICOS P/PERSONAS; TIPO: MONODROGA, DROGA GENERICA: CLINDAMICINA, FORMA FARMACEUTICA: AMPOLLA, PRESENTACION: 600 mGr | F50: AMPOLLA | G50: 1 | H50: 85 | I50: =+G50*H50 -> 85
A51: 42 | B51: 2.5.2-1821.234 | C51: PROD. MEDICO/FARMACEUTICOS/LAB | D51: 252 | E51: ANTIBIOTICOS P/PERSONAS; TIPO: MONODROGA, DROGA GENERICA: COLISTINA 100 MG, FORMA FARMACEUTICA: FRASCO AMPOLLA, PRESENTACION: 100 mGr | F51: AMPOLLA | G51: 1 | H51: 451 | I51: =+G51*H51 -> 451 | J51: STOCK FCIA CENTRAL
A52: 43 | B52: 2.5.2-1726.526 | C52: PROD. MEDICO/FARMACEUTICOS/LAB | D52: 252 | E52: SOLUCIONES P/MEDICINA; TIPO: CONTRASTE RADIOLOGICO NO IONICO, PRESENTACION: ENVASE X 50 ML | F52: FRASCO | G52: 1 | H52: 1850 | I52: =+G52*H52 -> 1850
A53: 44 | B53: 2.5.2-1821.525 | C53: PROD. MEDICO/FARMACEUTICOS/LAB | D53: 252 | E53: ANTIBIOTICOS P/PERSONAS; TIPO: MONODROGA, DROGA GENERICA: COTRIMOXAZOL, FORMA FARMACEUTICA: AMPOLLA, PRESENTACION: 80 MG/ 400 MG | F53: AMPOLLA | G53: 1 | H53: 135 | I53: =+G53*H53 -> 135 | J53: STOCK FCIA CENTRAL
A54: 45 | B54: 2.5.2-1821.526 | C54: PROD. MEDICO/FARMACEUTICOS/LAB | D54: 252 | E54: ANTIBIOTICOS P/PERSONAS; TIPO: MONODROGA, DROGA GENERICA: COTRIMOXAZOL, FORMA FARMACEUTICA: COMPRIMIDO, PRESENTACION: 160 MG/ 800 MG | F54: COMPRIMIDO | G54: 1 | H54: 15.8 | I54: =+G54*H54 -> 15.8
A55: 46 | B55: 2.5.2-1821.527 | C55: PROD. MEDICO/FARMACEUTICOS/LAB | D55: 252 | E55: ANTIBIOTICOS P/PERSONAS; TIPO: MONODROGA, DROGA GENERICA: COTRIMOXAZOL, FORMA FARMACEUTICA: SUSPENSIÓN X 60 ML, PRESENTACION: 40MG/200 MG | F55: FRASCO | G55: 1 | H55: 365 | I55: =+G55*H55 -> 365
A56: 47 | B56: 2.5.2-1724.241 | C56: PROD. MEDICO/FARMACEUTICOS/LAB | D56: 252 | E56: ANALGESICOS; TIPO: MONODROGA, DROGA GENERICA: DANTROLENO SODICO, FORMA FARMACEUTICA: AMPOLLAS, PRESENTACION: 20 MG/60 ML KIT X 12 FRASCOS | F56: KIT | G56: 1 | H56: 311000 | I56: =+G56*H56 -> 311000
A57: 48 | B57: 2.5.2-1724.149 | C57: PROD. MEDICO/FARMACEUTICOS/LAB | D57: 252 | E57: ANALGÉSICOS ; TIPO: MONODROGA, DROGA GENÉRICA: DEXMEDETOMIDINA 200 MG, FORMA FARMACEÚTICA: AMPOLLA, PRESENTACIÓN: ENVASE X 2 ML | F57: AMPOLLA | G57: 1 | H57: 490 | I57: =+G57*H57 -> 490 | J57: STOCK FCIA CENTRAL
A58: 49 | B58: 2.5.2-1726.528 | C58: PROD. MEDICO/FARMACEUTICOS/LAB | D58: 252 | E58: SOLUCIONES P/MEDICINA; TIPO: DIATRIZOATO DE SODIO 25 GR; PRESENTACION: FRASCO X 50 ML | F58: FRASCO | G58: 1 | H58: 1502 | I58: =+G58*H58 -> 1502
A59: 50 | B59: 2.5.2-1726.512 | C59: PROD. MEDICO/FARMACEUTICOS/LAB | D59: 252 | E59: SOLUCIONES P/MEDICINA; TIPO: DIATRIZOATO DE MEGLUMINA + DIATRIZOATO DE SODIO; PRESENTACION: FRASCO x 120 ml | F59: AMPOLLA | G59: 1 | H59: 2570 | I59: =+G59*H59 -> 2570
A60: 51 | B60: 2.5.2-1724.140 | C60: PROD. MEDICO/FARMACEUTICOS/LAB | D60: 252 | E60: ANALGESICOS; TIPO: MONODROGA, DROGA GENERICA: DICLOFENAC X 75 MG, FORMA FARMACEUTICA: COMPRIMIDO, PRESENTACION: UNIDAD | F60: COMPRIMIDO | G60: 1 | H60: 3.05 | I60: =+G60*H60 -> 3.05
A61: 52 | B61: 2.5.2-1724.117 | C61: PROD. MEDICO/FARMACEUTICOS/LAB | D61: 252 | E61: ANALGESICOS; TIPO: ASOCIACION, DROGA GENERICA: DICLOFENAC SODICO, FORMA FARMACEUTICA: AMPOLLA, PRESENTACION: 3 Ml | F61: AMPOLLA | G61: 1 | H61: 35.9 | I61: =+G61*H61 -> 35.9
A62: 53 | B62: 2.5.2-1725.153 | C62: PROD. MEDICO/FARMACEUTICOS/LAB | D62: 252 | E62: ANTIINFLAMATORIOS NO ESTEROIDE; TIPO: MONODROGA, DROGA GENERICA: DICLOFENAC POTASICO 500MG/100ML, FORMA FARMACEUTICA: JARABE, PRESENTACION: 120 ML | F62: FRASCO | G62: 1 | H62: 275 | I62: =+G62*H62 -> 275
A63: 54 | B63: 2.5.2-1724.208 | C63: PROD. MEDICO/FARMACEUTICOS/LAB | D63: 252 | E63: ANALGESICOS; TIPO: MONODROGA, DROGA GENERICA: DIPIRONA SODICA 1 GR, FORMA FARMACEUTICA: AMPOLLA, PRESENTACION: 2 mL | F63: AMPOLLA | G63: 1 | H63: 38.5 | I63: =+G63*H63 -> 38.5
A64: 55 | B64: 2.5.2-1724.74 | C64: PROD. MEDICO/FARMACEUTICOS/LAB | D64: 252 | E64: ANALGESICOS; TIPO: MONODROGA, DROGA GENERICA: DIPIRONA, FORMA FARMACEUTICA: JARABE, PRESENTACION: FRASCO X 120 mL | F64: FRASCO | G64: 1 | H64: 698 | I64: =+G64*H64 -> 698
A65: 56 | B65: 2.5.2-1821.458 | C65: PROD. MEDICO/FARMACEUTICOS/LAB | D65: 252 | E65: ANTIBIOTICOS P/PERSONAS; TIPO: MONODROGA, DROGA GENERICA: DOXICICLINA 100 mGr, FORMA FARMACEUTICA: COMPRIMIDO, PRESENTACION: UNIDAD | F65: COMPRIMIDO | G65: 1 | H65: 62.17 | I65: =+G65*H65 -> 62.17
A66: 57 | B66: 2.5.2-1726.527 | C66: PROD. MEDICO/FARMACEUTICOS/LAB | D66: 252 | E66: SOLUCIONES P/MEDICINA; TIPO: EMULSIÓN LIPÌDICA PARA PERFUSIÓN, DROGA FOSFOLÍPIDO, PRESENTACIÓN: INTRAVENOSA AL 20%, ENVASE POR 500 ML | F66: ENVASE | G66: 1 | H66: 5300 | I66: =+G66*H66 -> 5300
A67: 58 | B67: 2.5.2-1883.159 | C67: PROD. MEDICO/FARMACEUTICOS/LAB | D67: 252 | E67: ANESTÉSICOS LOCALES; TIPO: MONODROGA, DROGA GENÉRICA: FENTANILO 250 MCG, FORMA FARMACEÚTICA: AMPOLLA, PRESENTACIÓN: UNIDAD | F67: AMPOLLA | G67: 1 | H67: 130 | I67: =+G67*H67 -> 130 | J67: STOCK FCIA CENTRAL
A68: 59 | B68: 2.5.2-1821.238 | C68: PROD. MEDICO/FARMACEUTICOS/LAB | D68: 252 | E68: ANTIBIOTICOS P/PERSONAS; TIPO: MONODROGA, DROGA GENERICA: FLUCONAZOL 100 MG, FORMA FARMACEUTICA: COMPRIMIDO, PRESENTACION: 100 mGr | F68: COMPRIMIDO | G68: 1 | H68: 36 | I68: =+G68*H68 -> 36
A69: 60 | B69: 2.5.2-1821.442 | C69: PROD. MEDICO/FARMACEUTICOS/LAB | D69: 252 | E69: ANTIBIOTICOS P/PERSONAS; TIPO: MONODROGA, DROGA GENERICA: FLUCONAZOL 200 MG, FORMA FARMACEUTICA: SOLUCION INYECTABLE, PRESENTACION: ENVASE X 100 mL | F69: ENVASE | G69: 1 | H69: 750 | I69: =+G69*H69 -> 750
A70: 61 | B70: 2.5.2-1823.114 | C70: PROD. MEDICO/FARMACEUTICOS/LAB | D70: 252 | E70: ANTIMICOTICOS; DROGA GENERICA: FLUCONAZOL, FORMA FARMACEUTICA: SUSPENSION X 35 ML, PRESENTACION: 50 MGR/5ML, TIPO: MONODROGA | F70: FRASCO | G70: 1 | H70: 2360 | I70: =+G70*H70 -> 2360
A71: 62 | B71: 2.5.2-1821.491 | C71: PROD. MEDICO/FARMACEUTICOS/LAB | D71: 252 | E71: ANTIBIOTICOS P/PERSONAS; TIPO: MONODROGA, DROGA GENERICA: FOSFOMICINA, FORMA FARMACEUTICA: AMPOLLA, PRESENTACION: ENVASE X 1 GR | F71: AMPOLLA | G71: 1 | H71: 580 | I71: =+G71*H71 -> 580
A72: 63 | B72: 2.5.2-1726.490 | C72: PROD. MEDICO/FARMACEUTICOS/LAB | D72: 252 | E72: SOLUCIONES P/MEDICINA; PRESENTACION: ENVASE X 15 mL, TIPO: CONTRASTE P/RESONANCIA | F72: FRASCO | G72: 1 | H72: 2100 | I72: =+G72*H72 -> 2100
A73: 64 | B73: 2.5.2-1905.96 | C73: PROD. MEDICO/FARMACEUTICOS/LAB | D73: 252 | E73: VACUNAS; TIPO: G.GLOBULINA+TOXOIDE ANTITETÁNICO, PRESENTACIÓN: ENVASE X 250 UI | F73: AMPOLLA | G73: 1 | H73: 4597.98 | I73: =+G73*H73 -> 4597.98
A74: 65 | B74: 2.5.2-1905.67 | C74: PROD. MEDICO/FARMACEUTICOS/LAB | D74: 252 | E74: VACUNAS; TIPO: G.GLOBULINA+TOXOIDE ANTITETÁNICO, PRESENTACIÓN: ENVASE X 500 UI | F74: AMPOLLA | G74: 1 | H74: 8899.39 | I74: =+G74*H74 -> 8899.39
A75: 66 | B75: 2.5.2-1821.4 | C75: PROD. MEDICO/FARMACEUTICOS/LAB | D75: 252 | E75: ANTIBIOTICOS P/PERSONAS; DROGA GENERICA: GENTAMICINA, FORMA FARMACEUTICA: AMPOLLA, PRESENTACION: 80 mGr, TIPO: MONODROGA | F75: AMPOLLA | G75: 1 | H75: 42 | I75: =+G75*H75 -> 42
A76: 67 | B76: 2.5.2-1724.163 | C76: PROD. MEDICO/FARMACEUTICOS/LAB | D76: 252 | E76: ANALGESICOS; TIPO: MONODROGA, DROGA GENERICA: IBUPROFENO 2%, FORMA FARMACEUTICA: SUSPENSION, PRESENTACION: ENVASE X 90 mL | F76: FRASCO | G76: 1 | H76: 110 | I76: =+G76*H76 -> 110
A77: 68 | B77: 2.5.2-1724.107 | C77: PROD. MEDICO/FARMACEUTICOS/LAB | D77: 252 | E77: ANALGESICOS ; TIPO: MONODROGA, DROGA GENERICA: IBUPROFENO 400, FORMA FARMACEUTICA: AMPOLLA, PRESENTACION: 3 mL | F77: AMPOLLA | G77: 1 | H77: 45 | I77: =+G77*H77 -> 45
A78: 69 | B78: 2.5.2-1725.68 | C78: PROD. MEDICO/FARMACEUTICOS/LAB | D78: 252 | E78: ANTIINFLAMATORIOS NO ESTEROIDE; TIPO: MONODROGA, DROGA GENERICA: IBUPROFENO, FORMA FARMACEUTICA: COMPRIMIDO, PRESENTACION: 400 mGr | F78: COMPRIMIDO | G78: 1 | H78: 4.8 | I78: =+G78*H78 -> 4.8
A79: 70 | B79: 2.5.2-1821.459 | C79: PROD. MEDICO/FARMACEUTICOS/LAB | D79: 252 | E79: ANTIBIOTICOS P/PERSONAS; TIPO: MONODROGA, DROGA GENERICA: IMIPENEM + CILASTATINA, FORMA FARMACEUTICA: FRASCO AMPOLLA, PRESENTACION: ENVASE X 500 mGr | F79: AMPOLLA | G79: 1 | H79: 632 | I79: =+G79*H79 -> 632 | J79: STOCK FCIA CENTRAL
A80: 71 | B80: 2.5.2-1725.154 | C80: PROD. MEDICO/FARMACEUTICOS/LAB | D80: 252 | E80: ANTIINFLAMATORIOS NO ESTEROIDE; TIPO: MONODROGA, DROGA GENERICA: INDOMETACINA 100 MG, FORMA FARMACEUTICA: SUPOSITORIO, PRESENTACION: CAJA X 10 UNIDADES | F80: CAJA | G80: 1 | H80: 3058.9 | I80: =+G80*H80 -> 3058.9
A81: 72 | B81: 2.5.2-5275.16 | C81: PROD. MEDICO/FARMACEUTICOS/LAB | D81: 252 | E81: ANTI GAMMA TOTAL; TIPO: INMUNOGLOBULINA HUMAN ANTI-RH, PRESENTACION: JERINGA PRELLENA 250-330MCG/ML | F81: UNIDAD | G81: 1 | H81: 8375 | I81: =+G81*H81 -> 8375
A82: 73 | B82: 2.5.2-1859.29 | C82: PROD. MEDICO/FARMACEUTICOS/LAB | D82: 252 | E82: INMUNOMODULADORES; TIPO: MONODROGA, DROGA GENERICA: INMUNOGLOBULINA G HUMANA, FORMA FARMACEUTICA: VIAL, PRESENTACION: 10 GR | F82: ENVASE | G82: 1 | H82: 125640 | I82: =+G82*H82 -> 125640
A83: 74 | B83: 2.5.2-1859.30 | C83: PROD. MEDICO/FARMACEUTICOS/LAB | D83: 252 | E83: INMUNOMODULADORES; TIPO: MONODROGA, DROGA GENERICA: INMUNOGLOBULINA G HUMANA, FORMA FARMACEUTICA: VIAL, PRESENTACION: 2,5 GR | F83: ENVASE | G83: 1 | H83: 31000 | I83: =+G83*H83 -> 31000
A84: 75 | B84: 2.5.2-1859.28 | C84: PROD. MEDICO/FARMACEUTICOS/LAB | D84: 252 | E84: INMUNOMODULADORES; TIPO: MONODROGA, DROGA GENERICA: INMUNOGLOBULINA G HUMANA, FORMA FARMACEUTICA: VIAL, PRESENTACION: 5 GR | F84: ENVASE | G84: 1 | H84: 59000 | I84: =+G84*H84 -> 59000
A85: 76 | B85: 2.5.2-1859.24 | C85: PROD. MEDICO/FARMACEUTICOS/LAB | D85: 252 | E85: INMUNOMODULADORES; TIPO: MONODROGA, DROGA GENERICA: GAMMAGLOBULINA, FORMA FARMACEUTICA: AMPOLLA, PRESENTACION: 6 GR | F85: ENVASE | G85: 1 | H85: 69000 | I85: =+G85*H85 -> 69000
A86: 77 | B86: 2.5.2-1823.84 | C86: PROD. MEDICO/FARMACEUTICOS/LAB | D86: 252 | E86: ANTIMICOTICOS; TIPO: MONODROGA, DROGA GENERICA: ITRACONAZOL, FORMA FARMACEUTICA: COMPRIMIDO, PRESENTACION: 100 mGr | F86: COMPRIMIDO | G86: 1 | H86: 110 | I86: =+G86*H86 -> 110
A87: 78 | B87: 2.5.2-2455.20 | C87: PROD. MEDICO/FARMACEUTICOS/LAB | D87: 252 | E87: ANESTESICOS GENERALES; DROGA GENERICA: KETAMINA 50 MG/ML, FORMA FARMACEUTICA: FRASCO AMPOLLA, PRESENTACION: 10 mL, TIPO: MONODROGA | F87: AMPOLLA | G87: 1 | H87: 2300 | I87: =+G87*H87 -> 2300
A88: 79 | B88: 2.5.2-1725.49 | C88: PROD. MEDICO/FARMACEUTICOS/LAB | D88: 252 | E88: ANTIINFLAMATORIOS NO ESTEROIDE; DROGA GENERICA: KETOROLAC, FORMA FARMACEUTICA: COMPRIMIDO, PRESENTACION: 10 mGr, TIPO: MONODROGA | F88: COMPRIMIDO | G88: 1 | H88: 4.95 | I88: =+G88*H88 -> 4.95
A89: 80 | B89: 2.5.2-1724.23 | C89: PROD. MEDICO/FARMACEUTICOS/LAB | D89: 252 | E89: ANALGESICOS; TIPO: MONODROGA, DROGA GENERICA: KETOROLAC, FORMA FARMACEUTICA: AMPOLLA, PRESENTACION: 30 mGr | F89: AMPOLLA | G89: 1 | H89: 59 | I89: =+G89*H89 -> 59
A90: 81 | B90: 2.5.2-1821.71 | C90: PROD. MEDICO/FARMACEUTICOS/LAB | D90: 252 | E90: ANTIBIOTICOS P/PERSONAS; TIPO: MONODROGA, DROGA GENERICA: LEVOFLOXACINA, PRESENTACION: 500 mGr, FORMA FARMACEUTICA: COMPRIMIDO | F90: COMPRIMIDO | G90: 1 | H90: 18 | I90: =+G90*H90 -> 18
A91: 82 | B91: 2.5.2-1883.186 | C91: PROD. MEDICO/FARMACEUTICOS/LAB | D91: 252 | E91: ANESTESICOS LOCALES; TIPO: MONODROGA, DROGA GENERICA: LIDOCAINA 2%S/EPINEFRINA, FORMA FARMACEUTICA: AMPOLLA, PRESENTACION: 5 mL | F91: AMPOLLA | G91: 1 | H91: 33 | I91: =+G91*H91 -> 33
... A104: 95 | B104: 2.5.2-1821.400 | C104: PROD. MEDICO/FARMACEUTICOS/LAB | D104: 252 | E104: ANTIBIOTICOS P/PERSONAS; TIPO: MONODROGA, DROGA GENERICA: METRONIDAZOL 500 mGr, FORMA FARMACEUTICA: SACHET X 100 mL, PRESENTACION: UNIDAD | F104: ENVASE | G104: 1 | H104: 138 | I104: =+G104*H104 -> 138
A105: 96 | B105: 2.5.2-1870.15 | C105: PROD. MEDICO/FARMACEUTICOS/LAB | D105: 252 | E105: HIPNOTICOS; TIPO: MONODROGA, DROGA GENERICA: MIDAZOLAM 15 mGr, FORMA FARMACEUTICA: AMPOLLA, PRESENTACION: ENVASE X 3 mL | F105: AMPOLLA | G105: 1 | I105: =+G105*H105 -> 0 | J105: ENVIA NACION NO PEDIR 2022
A106: 97 | B106: 2.5.2-1821.115 | C106: PROD. MEDICO/FARMACEUTICOS/LAB | D106: 252 | E106: ANTIBIOTICOS P/PERSONAS; TIPO: MONODROGA, DROGA GENERICA: MINOCICLINA, FORMA FARMACEUTICA: COMPRIMIDO, PRESENTACION: 100 mGr | F106: COMPRIMIDO | G106: 1 | H106: 82 | I106: =+G106*H106 -> 82 | J106: STOCK FCIA CENTRAL
A107: 98 | B107: 2.5.2-1724.98 | C107: PROD. MEDICO/FARMACEUTICOS/LAB | D107: 252 | E107: ANALGESICOS; TIPO: MONODROGA, DROGA GENERICA: MORFINA CLORIDRATO 1%, FORMA FARMACEUTICA: AMPOLLA, PRESENTACION: 1 mL | F107: AMPOLLA | G107: 1 | H107: 66 | I107: =+G107*H107 -> 66
A108: 99 | B108: 2.5.2-1724.206 | C108: PROD. MEDICO/FARMACEUTICOS/LAB | D108: 252 | E108: ANALGESICOS; TIPO: MONODROGA, DROGA GENERICA: NALBUFINA 10 mGr, FORMA FARMACEUTICA: AMPOLLA, PRESENTACION: ENVASE X 1 mL | F108: AMPOLLA | G108: 1 | H108: 72 | I108: =+G108*H108 -> 72
A109: 100 | B109: 2.5.2-1725.35 | C109: PROD. MEDICO/FARMACEUTICOS/LAB | D109: 252 | E109: ANTIINFLAMATORIOS NO ESTEROIDE; TIPO: MONODROGA, DROGA GENERICA: NAPROXENO, FORMA FARMACEUTICA: COMPRIMIDO, PRESENTACION: 500 mGr | F109: COMPRIMIDO | G109: 1 | H109: 16.8 | I109: =+G109*H109 -> 16.8
A110: 101 | B110: 2.5.2-1821.123 | C110: PROD. MEDICO/FARMACEUTICOS/LAB | D110: 252 | E110: ANTIBIOTICOS P/PERSONAS; TIPO: MONODROGA, DROGA GENERICA: ORNIDAZOL, PRESENTACION: 1 GR, FORMA FARMACEUTICA: AMPOLLA | F110: AMPOLLA | G110: 1 | H110: 1720 | I110: =+G110*H110 -> 1720
A111: 102 | B111: 2.5.2-1883.165 | C111: PROD. MEDICO/FARMACEUTICOS/LAB | D111: 252 | E111: ANESTESICOS LOCALES; TIPO: MONODROGA, DROGA GENERICA: PANCURONIO BROMURO 4 mGr, FORMA FARMACEUTICA: AMPOLLA, PRESENTACION: ENVASE X 2 mL | F111: AMPOLLA | G111: 1 | I111: =+G111*H111 -> 0 | J111: ENVIA NACION NO PEDIR 2022
A112: 103 | B112: 2.5.2-1724.243 | C112: PROD. MEDICO/FARMACEUTICOS/LAB | D112: 252 | E112: ANALGESICOS; TIPO: MONODROGA, DROGA GENERICA: PARACETAMOL 1 GR, FORMA FARMACEUTICA: COMPRIMIDO, PRESENTACION: UNIDAD | F112: COMPRIMIDO | G112: 1 | H112: 9.8 | I112: =+G112*H112 -> 9.8
A113: 104 | B113: 2.5.2-1724.230 | C113: PROD. MEDICO/FARMACEUTICOS/LAB | D113: 252 | E113: ANALGESICOS ; PRESENTACION: 100 mL, FORMA FARMACEUTICA: AMPOLLA, DROGA GENERICA: PARACETAMOL 1000 mGr, TIPO: MONODROGA mGr | F113: AMPOLLA | G113: 1 | H113: 980 | I113: =+G113*H113 -> 980
A114: 105 | B114: 2.5.2-1724.244 | C114: PROD. MEDICO/FARMACEUTICOS/LAB | D114: 252 | E114: ANALGESICOS; TIPO: MONODROGA, DROGA GENERICA: PARACETAMOL 2%, 100MG/5ML, FORMA FARMACEÚTICA: JARABE, PRESENTACION: 120 ML | F114: FRASCO | G114: 1 | H114: 165 | I114: =+G114*H114 -> 165
A115: 106 | B115: 2.5.2-1724.245 | C115: PROD. MEDICO/FARMACEUTICOS/LAB | D115: 252 | E115: ANALGÉSICOS ; TIPO: MONODROGA, DROGA GENÉRICA: PARACETAMOL 500 MGR, FORMA FARMACEÚTICA: COMPRIMIDO, PRESENTACIÓN: X UNIDAD | F115: COMPRIMIDO | G115: 1 | H115: 5.3 | I115: =+G115*H115 -> 5.3
A116: 107 | B116: 2.5.2-1724.29 | C116: PROD. MEDICO/FARMACEUTICOS/LAB | D116: 252 | E116: ANALGESICOS; TIPO: MONODROGA, DROGA GENERICA: PARACETAMOL, FORMA FARMACEUTICA: GOTAS, PRESENTACION: 20 mL | F116: GOTERO | G116: 1 | H116: 85 | I116: =+G116*H116 -> 85
A117: 108 | B117: 2.5.2-1821.54 | C117: PROD. MEDICO/FARMACEUTICOS/LAB | D117: 252 | E117: ANTIBIOTICOS P/PERSONAS; TIPO: MONODROGA, DROGA GENERICA: PENICILINA G. BENZATINICA, FORMA FARMACEUTICA: AMPOLLA, PRESENTACION: 1.200.000 UI | F117: AMPOLLA | G117: 1 | H117: 152 | I117: =+G117*H117 -> 152
A118: 109 | B118: 2.5.2-1821.220 | C118: PROD. MEDICO/FARMACEUTICOS/LAB | D118: 252 | E118: ANTIBIOTICOS P/PERSONAS; TIPO: MONODROGA, DROGA GENERICA: PENICILINA G. BENZATINICA, FORMA FARMACEUTICA: FRASCO AMPOLLA, PRESENTACION: 2.400.000 UI | F118: AMPOLLA | G118: 1 | H118: 178 | I118: =+G118*H118 -> 178
A119: 110 | B119: 2.5.2-1821.260 | C119: PROD. MEDICO/FARMACEUTICOS/LAB | D119: 252 | E119: ANTIBIOTICOS P/PERSONAS; TIPO: MONODROGA, DROGA GENERICA: PENICILINA G. SODICA, FORMA FARMACEUTICA: FRASCO AMPOLLA, PRESENTACION: 1.000.000 UI | F119: AMPOLLA | G119: 1 | H119: 144 | I119: =+G119*H119 -> 144
A120: 111 | B120: 2.5.2-1821.13 | C120: PROD. MEDICO/FARMACEUTICOS/LAB | D120: 252 | E120: ANTIBIOTICOS P/PERSONAS; TIPO: MONODROGA, DROGA GENERICA: PENICILINA G. SODICA, FORMA FARMACEUTICA: AMPOLLA, PRESENTACION: 3.000.000 UI | F120: AMPOLLA | G120: 1 | H120: 145 | I120: =+G120*H120 -> 145
A121: 112 | B121: 2.5.2-3097.9 | C121: PROD. MEDICO/FARMACEUTICOS/LAB | D121: 252 | E121: PEDICULICIDAS; DROGA GENERICA: PERMETRINA, FORMA FARMACEUTICA: EMULSION, PRESENTACION: 100 mL | F121: ENVASE | G121: 1 | H121: 958 | I121: =+G121*H121 -> 958
A122: 113 | B122: 2.5.2-3097.1 | C122: PROD. MEDICO/FARMACEUTICOS/LAB | D122: 252 | E122: PEDICULICIDAS; DROGA GENERICA: PERMETRINA 1%, FORMA FARMACEUTICA: SOLUCION, PRESENTACION: FRASCO X 100 mL | F122: ENVASE | G122: 1 | H122: 345 | I122: =+G122*H122 -> 345
A123: 114 | B123: 2.5.2-1821.77 | C123: PROD. MEDICO/FARMACEUTICOS/LAB | D123: 252 | E123: ANTIBIOTICOS P/PERSONAS; TIPO: ASOCIACION, DROGA GENERICA: PIPERACILINA+TAZOBACTAN, FORMA FARMACEUTICA: AMPOLLA, PRESENTACION: 4,5 GR | F123: AMPOLLA | G123: 1 | H123: 398 | I123: =+G123*H123 -> 398 | J123: STOCK FCIA CENTRAL
A124: 115 | B124: 2.5.2-3603.18 | C124: PROD. MEDICO/FARMACEUTICOS/LAB | D124: 252 | E124: EVACUANTES INTESTINALES; TIPO: ASOCIACION, DROGA GENERICA: POLIETILENGLICOL 3350, FORMA FARMACEÚTICA: SOBRES, PRESENTACION: SOBRES X 30 | F124: CAJA | G124: 1 | H124: 1762.5 | I124: =+G124*H124 -> 1762.5
...

Sheet  NotaPedido
A1: NOTA DE PEDIDO | J1: N° | K1: xxx/2022
A3: JURISDICCIÓN: | D3: ='Necesidades Trimestrales'!C4 -> 040 - Ministerio de Salud
A4: SAF: | D4: ='Necesidades Trimestrales'!C5 -> 11/ 23/ 24 o 28- "…......."
A5: UNIDAD EJECUTORA: | D5: XXXX
A6: DEPENDENCIA SOLICITANTE: | D6: XXXX
A7: PERIODO UTILIZACIÓN: | D7: Semestral
A8: OBJETO: | D8: Adquisición de TERAPIA ANTIINFECCIOSA SISTEMICA/SUEROS INMUNES E INMUNOGLOBULINAS Y MEDIOS DE CONTRASTES /ANALGESICOS ANTINFLAMATORIOS /MIORRELAJANTES/ANESTESICOS/ANALGESICOS OPIACIOS
A10: Ítem | B10: Codigo Item | C10: DESCRIPCIÓN | H10: Adjunta Detalle Técnico | I10: Unidad Medida | J10: Precio Unitario Estimado | K10: Cantidad Solicitada
A12: 1 | B12: =+'Necesidades Trimestrales'!B10 -> 2.5.2-1829.24 | C12: =+'Necesidades Trimestrales'!E10 -> ANTIVIRALES; TIPO: MONODROGA, DROGA GENERICA: ACICLOVIR, FORMA FARMACEUTICA: COMPRIMIDO, PRESENTACION: 200 mGr | H12: NO | I12: =+'Necesidades Trimestrales'!F10 -> COMPRIMIDO | J12: =+'Necesidades Trimestrales'!H10 -> 28.9 | K12: 1
A13: 2 | B13: =+'Necesidades Trimestrales'!B11 -> 2.5.2-1829.35 | C13: =+'Necesidades Trimestrales'!E11 -> ANTIVIRALES; TIPO: MONODROGA, DROGA GENERICA: ACICLOVIR, FORMA FARMACEUTICA: COMPRIMIDO, PRESENTACION: 400 mGr | H13: NO | I13: =+'Necesidades Trimestrales'!F11 -> COMPRIMIDO | J13: =+'Necesidades Trimestrales'!H11 -> 37.5 | K13: 1
A14: 3 | B14: =+'Necesidades Trimestrales'!B12 -> 2.5.2-1821.235 | C14: =+'Necesidades Trimestrales'!E12 -> ANTIBIOTICOS P/PERSONAS; TIPO: MONODROGA, DROGA GENERICA: ACICLOVIR 500 MG, FORMA FARMACEUTICA: FRASCO AMPOLLA, PRESENTACION: 500 mGr | H14: NO | I14: =+'Necesidades Trimestrales'!F12 -> AMPOLLA | J14: =+'Necesidades Trimestrales'!H12 -> 350 | K14: 1
A15: 4 | B15: =+'Necesidades Trimestrales'!B13 -> 2.5.2-1829.48 | C15: =+'Necesidades Trimestrales'!E13 -> ANTIVIRALES; TIPO: MONODROGA, DROGA GENERICA: ACICLOVIR 80 MG/ ML, FORMA FARMACEUTICA: SUSPENSION, PRESENTACION: ENVASE X 200 ML | H15: NO | I15: =+'Necesidades Trimestrales'!F13 -> FRASCO | J15: =+'Necesidades Trimestrales'!H13 -> 980 | K15: 1
A16: 5 | B16: =+'Necesidades Trimestrales'!B14 -> 2.5.2-1724.16 | C16: =+'Necesidades Trimestrales'!E14 -> ANALGESICOS; TIPO: MONODROGA, DROGA GENERICA: ACIDO ACETILSALICILICO, PRESENTACION: 100 mGr, FORMA FARMACEUTICA: COMPRIMIDO | H16: NO | I16: =+'Necesidades Trimestrales'!F14 -> COMPRIMIDO | J16: =+'Necesidades Trimestrales'!H14 -> 1.88 | K16: 1
A17: 6 | B17: =+'Necesidades Trimestrales'!B15 -> 2.5.2-1724.3 | C17: =+'Necesidades Trimestrales'!E15 -> ANALGESICOS ; PRESENTACION: 500 mGr, TIPO: MONODROGA, DROGA GENERICA: ACIDO ACETILSALICILICO, FORMA FARMACEUTICA: COMPRIMIDO | H17: NO | I17: =+'Necesidades Trimestrales'!F15 -> COMPRIMIDO | J17: =+'Necesidades Trimestrales'!H15 -> 2.58 | K17: 1
A18: 7 | B18: =+'Necesidades Trimestrales'!B16 -> 2.5.2-1864.6 | C18: =+'Necesidades Trimestrales'!E16 -> HIPOURICEMIANTES; TIPO: MONODROGA, DROGA GENERICA: ALOPURINOL 300 mGr, FORMA FARMACEUTICA: COMPRIMIDO, PRESENTACION: UNIDAD | H18: NO | I18: =+'Necesidades Trimestrales'!F16 -> COMPRIMIDO | J18: =+'Necesidades Trimestrales'!H16 -> 41.3 | K18: 1
A19: 8 | B19: =+'Necesidades Trimestrales'!B17 -> 2.5.2-1821.1 | C19: =+'Necesidades Trimestrales'!E17 -> ANTIBIOTICOS P/PERSONAS; TIPO: MONODROGA, DROGA GENERICA: AMIKACINA, PRESENTACION: 500 mGr, FORMA FARMACEUTICA: AMPOLLA | H19: NO | I19: =+'Necesidades Trimestrales'!F17 -> AMPOLLA | J19: =+'Necesidades Trimestrales'!H17 -> 87.95 | K19: 1
A20: 9 | B20: =+'Necesidades Trimestrales'!B18 -> 2.5.2-1821.524 | C20: =+'Necesidades Trimestrales'!E18 -> ANTIBIOTICOS P/PERSONAS; TIPO: ASOCIACION, DROGA GENERICA: AMOXICILINA + AC.CLAVULANICO 400 MG / 57 MG, FORMA FARMACEUTICA: SUSPENSION, PRESENTACION: ENVASE X 70 ML | H20: NO | I20: =+'Necesidades Trimestrales'!F18 -> FRASCO | J20: =+'Necesidades Trimestrales'!H18 -> 410 | K20: 1
A21: 10 | B21: =+'Necesidades Trimestrales'!B19 -> 2.5.2-1821.440 | C21: =+'Necesidades Trimestrales'!E19 -> ANTIBIOTICOS P/PERSONAS; TIPO: ASOCIACION, DROGA GENERICA: AMOXICIL. 875 MG+CLAVUL.125 MG mGr, FORMA FARMACEUTICA: COMPRIMIDO, PRESENTACION: UNIDAD | H21: NO | I21: =+'Necesidades Trimestrales'!F19 -> COMPRIMIDO | J21: =+'Necesidades Trimestrales'!H19 -> 38 | K21: 1
A22: 11 | B22: =+'Necesidades Trimestrales'!B20 -> 2.5.2-1821.9 | C22: =+'Necesidades Trimestrales'!E20 -> ANTIBIOTICOS P/PERSONAS; TIPO: MONODROGA, DROGA GENERICA: AMOXICILINA, PRESENTACION: 500 mGr, FORMA FARMACEUTICA: COMPRIMIDOS | H22: NO | I22: =+'Necesidades Trimestrales'!F20 -> COMPRIMIDO | J22: =+'Necesidades Trimestrales'!H20 -> 15 | K22: 1
A23: 12 | B23: =+'Necesidades Trimestrales'!B21 -> 2.5.2-1821.399 | C23: =+'Necesidades Trimestrales'!E21 -> ANTIBIOTICOS P/PERSONAS; TIPO: MONODROGA, DROGA GENERICA: AMOXICILINA 500 mGr, FORMA FARMACEUTICA: SUSPENSION, PRESENTACION: ENVASE X 90 mL | H23: NO | I23: =+'Necesidades Trimestrales'!F21 -> FRASCO | J23: =+'Necesidades Trimestrales'!H21 -> 320 | K23: 1
... A142: 131 | B142: =+'Necesidades Trimestrales'!B140 -> 2.5.2-2199.13 | C142: =+'Necesidades Trimestrales'!E140 -> BLOQUEANTES NEUROMUSCULARES; DROGA GENERICA: BROMURO DE VECURONIO, FORMA FARMACEUTICA: AMPOLLA X 10 mGr, PRESENTACION: UNIDAD, TIPO: MONODROGA | H142: NO | I142: =+'Necesidades Trimestrales'!F140 -> AMPOLLA | J142: =+'Necesidades Trimestrales'!H140 -> 864 | K142: 1
A143: Costo total estimado: xxxxxxxxxxxxxxxxxxxx con 00/100. | J143: =SUMPRODUCT(J12:J142,K12:K142) -> 765344.06

Sheet Autor Gastar
A1: EJERCICIO: | D1: ='Necesidades Trimestrales'!C6 -> 2022 | P1: AUTORIZACION PARA GASTAR
A4: JURISDICCIÓN: | G4: =' NotaPedido'!D3 -> 040 - Ministerio de Salud
A5: SAF: | G5: =' NotaPedido'!D4 -> 11/ 23/ 24 o 28- "…......."
A6: UNIDAD EJECUTORA: | G6: =' NotaPedido'!D5 -> XXXX
A7: DEPENDENCIA SOLICITANTE: | G7: =' NotaPedido'!D6 -> XXXX
A8: AUTORIZACIÓN:
A9: Señor Jefe de Servicio Administrativo Financiero:
A10: ="Autorizo la realización de los trámites correspondientes, a fin de proveer a este Organismo los bienes y/o servicios que se detallan en Nota de Pedido N° " & ' NotaPedido'!K1&", afectando la erogación resultante a los créditos presupuestarios aprobados a favor de esta Unidad Ejecutora, conforme al siguiente detalle:" -> Autorizo la realización de los trámites correspondientes, a fin de proveer a este Organismo los bienes y/o servicios que se detallan en Nota de Pedido N° xxx/2022, afectando la erogación resultante a los créditos presupuestarios aprobados a favor de esta Unidad Ejecutora, conforme al siguiente detalle:
A12: IMPUTACIÓN PRESUPUESTARIA
A13: CÓDIGO | O13: DENOMINACIÓN DE LA PARTIDA PRESUPUESTARIA | Q13: IMPORTE
A14: PR | B14: SB | C14: PY | D14: AC | E14: OB | F14: UG | G14: FIN | H14: FUN | I14: I | J14: P | K14: P | L14: SubP | M14: M | N14: FF
F15: 4901 | G15: 3 | H15: 310 | I15: 2 | J15: 5 | K15: 2 | M15: 1 | N15: 1.1 | O15: Productos Farmacéuticos y Medicinales
A23: TOTAL DE PESOS: xxxxxxxxxxxxxxx con 00/100. | Q23: =SUM(Q15:Q22) -> 0
A25: JUSTIFICACIÓN:
A26: Para la adquisición de .... … destinados al servico de …... del Hospital …...............
