Workbook

Sheet Necesidades Trimestrales
B2: Pedido de Necesidades Trimestrales
A4: JURISDICCION: | C4: 040 - Ministerio de Salud
A5: SAF N°: | C5: 024 - Hospital Interzonal de Niños
A6: EJERCICIO: | C6: 2022
A7: TRIMESTRE: | C7: 1
A9: ID | B9: CODIGO ITEM | C9: RUBRO DE COMPRA | D9: I.P.P. | E9: DESCRIPCION | F9: UNIDAD DE MEDIDA | G9: CANTIDAD | H9: PRECIO UNITARIO ESTIMADO | I9: IMPORTE TOTAL ESTIMADO
A10: 1 | C10: QUIMICOS | D10: 251 | E10: 2010 ASSAY CUP | F10: CAJA | G10: 6 | H10: 33494 | I10: =G10*H10 -> 200964
A11: 2 | C11: QUIMICOS | D11: 251 | E11: 2010 ASSAY TIP | F11: CAJA | G11: 6 | H11: 24885 | I11: =G11*H11 -> 149310
A12: 3 | C12: QUIMICOS | D12: 251 | E12: ACEITE DE INMERSIÓN : X 100 ML | F12: FRASCO | G12: 2 | H12: 792.55 | I12: =G12*H12 -> 1585.1
A13: 4 | C13: QUIMICOS | D13: 251 | E13: ACID WASH SOLUTION 2 X 1800 ML P/COBAS C311 | F13: CAJA | G13: 1 | H13: 41462 | I13: =G13*H13 -> 41462
A14: 5 | C14: QUIMICOS | D14: 251 | E14: ÁDICO ÚRICO ROCHE C311 | F14: CASSETTE | G14: 1 | H14: 6698 | I14: =G14*H14 -> 6698
A15: 6 | C15: QUIMICOS | D15: 251 | E15: AGAR BASE COLUMBIA, ESTADO: SOLIDO, PRESENTACION: ENVASE X 500 GR | F15: FRASCO | G15: 1 | H15: 8828 | I15: =G15*H15 -> 8828
A16: 7 | C16: QUIMICOS | D16: 251 | E16: AGAR BILIS ESCULINA, ESTADO: SOLIDO, PRESENTACION: ENVASE X 100 GR | F16: FRASCO | G16: 1 | H16: 12047 | I16: =G16*H16 -> 12047
A17: 8 | C17: QUIMICOS | D17: 251 | E17: AGAR C.L.D.E: X 500 GR | F17: FRASCO | G17: 3 | H17: 8022.3 | I17: =G17*H17 -> 24066.9
A18: 9 | C18: QUIMICOS | D18: 251 | E18: AGAR CITRATO DE SIMMONS, ESTADO: SOLIDO, PRESENTACION: ENVASE X 100 GR | F18: FRASCO | G18: 1 | H18: 3515 | I18: =G18*H18 -> 3515
A19: 10 | C19: QUIMICOS | D19: 251 | E19: AGAR CROMOGENICO P/CANDIDA, ESTADO: SOLIDO, PRESENTACION: ENVASE X 47,7 GR | F19: FRASCO | G19: 1 | H19: 47896 | I19: =G19*H19 -> 47896
A20: 11 | C20: QUIMICOS | D20: 251 | E20: AGAR HIERRO TRIPLE AZUCAR, ESTADO: SOLIDO, PRESENTACION: ENVASE X 100 GR | F20: FRASCO | G20: 1 | H20: 2644 | I20: =G20*H20 -> 2644
A21: 12 | C21: QUIMICOS | D21: 251 | E21: AGAR LEVINE: X 500 GR | F21: FRASCO | G21: 1 | H21: 8085.22 | I21: =G21*H21 -> 8085.22
... A240: 231 | C240: QUIMICOS | D240: 251 | E240: UREA COBAS C-311 ROCHE X 500 DET | F240: CASSETTE | G240: 8 | H240: 7544 | I240: =G240*H240 -> 60352
B242: Plazos y lugares de entrega
B243: Lugar de Entrega: SERVICIO DE LABORATORIO -HOSPITAL INT. DE NIÑOS – AV. VIRGEN DEL VALLE N° 1050-CATAMARCA DE 8:00 A 12:00HS., DEBIENDO CORRER LOS GASTOS DE FLETES, ACARREO, CARGA, DESCARGA Y SEGURO A CARGO DEL ADJUDICATARIO.
B245: Plazo de entrega: Dentro de los 10 días habiles de notificada la Orden de Compra
B246: Mantenimiento de Oferta: 45 dias habiles

Sheet  NotaPedido
A1: NOTA DE PEDIDO | J1: N° | K1: 013/2022
A3: JURISDICCIÓN: | D3: ='Necesidades Trimestrales'!C4 -> 040 - Ministerio de Salud
A4: SAF: | D4: ='Necesidades Trimestrales'!C5 -> 024 - Hospital Interzonal de Niños
A5: UNIDAD EJECUTORA: | D5: 024 - Hospital Interzonal de Niños
A6: DEPENDENCIA SOLICITANTE: | D6: Servicio de Laboratorio
A7: PERIODO UTILIZACIÓN: | D7: ='Necesidades Trimestrales'!C7 & "° Trimestre - Año " & 'Necesidades Trimestrales'!C6 -> 1° Trimestre - Año 2022
A8: OBJETO: | D8: Reactivos
A10: Ítem | B10: Codigo Item | C10: DESCRIPCIÓN | H10: Adjunta Detalle Técnico | I10: Unidad Medida | J10: Precio Unitario Estimado | K10: Cantidad Solicitada
A12: 1 | C12: ='Necesidades Trimestrales'!E10 -> 2010 ASSAY CUP | H12: NO | I12: ='Necesidades Trimestrales'!F10 -> CAJA | J12: ='Necesidades Trimestrales'!H10 -> 33494 | K12: ='Necesidades Trimestrales'!G10 -> 6
A13: 2 | C13: ='Necesidades Trimestrales'!E11 -> 2010 ASSAY TIP | H13: NO | I13: ='Necesidades Trimestrales'!F11 -> CAJA | J13: ='Necesidades Trimestrales'!H11 -> 24885 | K13: ='Necesidades Trimestrales'!G11 -> 6
A14: 3 | C14: ='Necesidades Trimestrales'!E12 -> ACEITE DE INMERSIÓN : X 100 ML | H14: NO | I14: ='Necesidades Trimestrales'!F12 -> FRASCO | J14: ='Necesidades Trimestrales'!H12 -> 792.55 | K14: ='Necesidades Trimestrales'!G12 -> 2
A15: 4 | C15: ='Necesidades Trimestrales'!E13 -> ACID WASH SOLUTION 2 X 1800 ML P/COBAS C311 | H15: NO | I15: ='Necesidades Trimestrales'!F13 -> CAJA | J15: ='Necesidades Trimestrales'!H13 -> 41462 | K15: ='Necesidades Trimestrales'!G13 -> 1
A16: 5 | C16: ='Necesidades Trimestrales'!E14 -> ÁDICO ÚRICO ROCHE C311 | H16: NO | I16: ='Necesidades Trimestrales'!F14 -> CASSETTE | J16: ='Necesidades Trimestrales'!H14 -> 6698 | K16: ='Necesidades Trimestrales'!G14 -> 1
A17: 6 | C17: ='Necesidades Trimestrales'!E15 -> AGAR BASE COLUMBIA, ESTADO: SOLIDO, PRESENTACION: ENVASE X 500 GR | H17: NO | I17: ='Necesidades Trimestrales'!F15 -> FRASCO | J17: ='Necesidades Trimestrales'!H15 -> 8828 | K17: ='Necesidades Trimestrales'!G15 -> 1
A18: 7 | C18: ='Necesidades Trimestrales'!E16 -> AGAR BILIS ESCULINA, ESTADO: SOLIDO, PRESENTACION: ENVASE X 100 GR | H18: NO | I18: ='Necesidades Trimestrales'!F16 -> FRASCO | J18: ='Necesidades Trimestrales'!H16 -> 12047 | K18: ='Necesidades Trimestrales'!G16 -> 1
A19: 8 | C19: ='Necesidades Trimestrales'!E17 -> AGAR C.L.D.E: X 500 GR | H19: NO | I19: ='Necesidades Trimestrales'!F17 -> FRASCO | J19: ='Necesidades Trimestrales'!H17 -> 8022.3 | K19: ='Necesidades Trimestrales'!G17 -> 3
A20: 9 | C20: ='Necesidades Trimestrales'!E18 -> AGAR CITRATO DE SIMMONS, ESTADO: SOLIDO, PRESENTACION: ENVASE X 100 GR | H20: NO | I20: ='Necesidades Trimestrales'!F18 -> FRASCO | J20: ='Necesidades Trimestrales'!H18 -> 3515 | K20: ='Necesidades Trimestrales'!G18 -> 1
A21: 10 | C21: ='Necesidades Trimestrales'!E19 -> AGAR CROMOGENICO P/CANDIDA, ESTADO: SOLIDO, PRESENTACION: ENVASE X 47,7 GR | H21: NO | I21: ='Necesidades Trimestrales'!F19 -> FRASCO | J21: ='Necesidades Trimestrales'!H19 -> 47896 | K21: ='Necesidades Trimestrales'!G19 -> 1
A22: 11 | C22: ='Necesidades Trimestrales'!E20 -> AGAR HIERRO TRIPLE AZUCAR, ESTADO: SOLIDO, PRESENTACION: ENVASE X 100 GR | H22: NO | I22: ='Necesidades Trimestrales'!F20 -> FRASCO | J22: ='Necesidades Trimestrales'!H20 -> 2644 | K22: ='Necesidades Trimestrales'!G20 -> 1
A23: 12 | C23: ='Necesidades Trimestrales'!E21 -> AGAR LEVINE: X 500 GR | H23: NO | I23: ='Necesidades Trimestrales'!F21 -> FRASCO | J23: ='Necesidades Trimestrales'!H21 -> 8085.22 | K23: ='Necesidades Trimestrales'!G21 -> 1
... A242: 231 | C242: ='Necesidades Trimestrales'!E240 -> UREA COBAS C-311 ROCHE X 500 DET | H242: NO | I242: ='Necesidades Trimestrales'!F240 -> CASSETTE | J242: ='Necesidades Trimestrales'!H240 -> 7544 | K242: ='Necesidades Trimestrales'!G240 -> 8
A243: Costo total estimado: Diez Millones Quinientos Cincuenta y Siete Mil Cuatrocientos Setenta y Siete Con 04/100. | J243: =SUMPRODUCT(J12:J242,K12:K242) -> 10557467

Sheet Autor Gastar
A1: EJERCICIO: | D1: ='Necesidades Trimestrales'!C6 -> 2022 | P1: AUTORIZACION PARA GASTAR
A4: JURISDICCIÓN: | G4: =' NotaPedido'!D3 -> 040 - Ministerio de Salud
A5: SAF: | G5: =' NotaPedido'!D4 -> 024 - Hospital Interzonal de Niños
A6: UNIDAD EJECUTORA: | G6: =' NotaPedido'!D5 -> 024 - Hospital Interzonal de Niños
A7: DEPENDENCIA SOLICITANTE: | G7: Servicio de Laboratorio
A8: AUTORIZACIÓN:
A9: Señor Jefe de Servicio Administrativo Financiero:
A10: ="Autorizo la realización de los trámites correspondientes, a fin de proveer a este Organismo los bienes y/o servicios que se detallan en Nota de Pedido N° " & ' NotaPedido'!K1&", afectando la erogación resultante a los créditos presupuestarios aprobados a favor de esta Unidad Ejecutora, conforme al siguiente detalle:" -> Autorizo la realización de los trámites correspondientes, a fin de proveer a este Organismo los bienes y/o servicios que se detallan en Nota de Pedido N° 013/2022, afectando la erogación resultante a los créditos presupuestarios aprobados a favor de esta Unidad Ejecutora, conforme al siguiente detalle:
A12: IMPUTACIÓN PRESUPUESTARIA
A13: CÓDIGO | O13: DENOMINACIÓN DE LA PARTIDA PRESUPUESTARIA | Q13: IMPORTE
A14: PR | B14: SB | C14: PY | D14: AC | E14: OB | F14: UG | G14: FIN | H14: FUN | I14: I | J14: P | K14: P | L14: SubP | M14: M | N14: FF
A15: 36 | D15: 1 | F15: 4901 | G15: 3 | H15: 310 | I15: 2 | J15: 5 | K15: 1 | M15: 1 | N15: 1.1 | O15: COMPUESTOS QUIMICOS | Q15: 10557467
A21: TOTAL DE PESOS: DIEZ MILLONES QUINIENTOS CINCUENTA Y SIETE MIL CUATROCIENTOS SESENTA Y SIETE CON 04/100. | Q21: =SUM(Q15:Q20) -> 10557467
A23: JUSTIFICACIÓN:
A24: Para la adquisición de Reactivos destinados al Servicio de Laboratorio del Hospital Interzonal de Niños Eva Peron, para el normal funcionamiento del organismo.
