Workbook

Sheet Necesidades Trimestrales
B2: Pedido de Necesidades Trimestrales
A4: JURISDICCION: | C4: 40 - Ministerio de Salud
A5: SAF N°: | C5: 24 - HOSPITAL DE NIÑOS
A6: EJERCICIO: | C6: 2020
A7: TRIMESTRE: | C7: 4
A9: ID | B9: CODIGO ITEM | C9: RUBRO DE COMPRA | D9: I.P.P. | E9: DESCRIPCION | F9: UNIDAD DE MEDIDA | G9: CANTIDAD | H9: PRECIO UNITARIO ESTIMADO | I9: IMPORTE TOTAL ESTIMADO
A10: 1 | C10: PROD. MEDICO/FARMACEUTICOS/LAB | D10: 295 | E10: Ansas estériles descartables de 20 ul x 10 u | F10: UNIDAD | G10: 50 | H10: 7950 | I10: =+G10*H10 -> 397500
A11: 2 | C11: PROD. MEDICO/FARMACEUTICOS/LAB | D11: 251 | E11: CHAGAS ELISA RECOMBINANTE 4.0 TIPO WIENER | F11: CAJA | G11: 5 | H11: 7650 | I11: =+G11*H11 -> 38250
A12: 3 | C12: PROD. MEDICO/FARMACEUTICOS/LAB | D12: 251 | E12: CHAGAS HAI TIPO POLYCHACO | F12: CAJA | G12: 5 | H12: 7943 | I12: =+G12*H12 -> 39715
A13: 4 | C13: PROD. MEDICO/FARMACEUTICOS/LAB | D13: 251 | E13: CLCA 0,025M X 10ML HEMOMEDICA | F13: FRASCO | G13: 5 | H13: 3875.5 | I13: =+G13*H13 -> 19377.5
A14: 5 | C14: PROD. MEDICO/FARMACEUTICOS/LAB | D14: 295 | E14: CUBETAS COATRON SERIE X 500 U –TECO | F14: CAJA | G14: 3 | H14: 8289 | I14: =+G14*H14 -> 24867
A15: 6 | C15: PROD. MEDICO/FARMACEUTICOS/LAB | D15: 251 | E15: Fosfato de Potasio monobásico x 250 grs tipo Cicarelli | F15: FRASCO | G15: 1 | H15: 2367 | I15: =+G15*H15 -> 2367
A16: 7 | C16: PROD. MEDICO/FARMACEUTICOS/LAB | D16: 251 | E16: Glucocurve 75 grs. X 10 sobres Tipo SDA | F16: CAJA | G16: 10 | H16: 490 | I16: =+G16*H16 -> 4900
A17: 8 | C17: PROD. MEDICO/FARMACEUTICOS/LAB | D17: 251 | E17: Impronta FTA ( bolsa de 5 improntas x 7 pocillos) -Tipo Biocientifica o alternativa | F17: UNIDAD | G17: 10 | H17: 12445 | I17: =+G17*H17 -> 124450
A18: 9 | C18: PROD. MEDICO/FARMACEUTICOS/LAB | D18: 251 | E18: Improntas DNA ”Crithidia Luciliae” (x 7 pocillos) –Tipo ”BIOCIENTIFICA” o Alternativa | F18: UNIDAD | G18: 6 | H18: 1653 | I18: =+G18*H18 -> 9918
A19: 10 | C19: PROD. MEDICO/FARMACEUTICOS/LAB | D19: 251 | E19: Improntas Esófago de Mono (X 8 áreas) -Tipo Biocientifica o alternativa | F19: UNIDAD | G19: 12 | H19: 3382 | I19: =+G19*H19 -> 40584
A20: 11 | C20: PROD. MEDICO/FARMACEUTICOS/LAB | D20: 295 | E20: Lápiz demográfico Rojo – tipo Mitsubishi o alternativa | F20: UNIDAD | G20: 2 | H20: 313 | I20: =+G20*H20 -> 626
A21: 12 | C21: PROD. MEDICO/FARMACEUTICOS/LAB | D21: 251 | E21: TIRAS REACTIVAS P/ ORINA- TIPO WIENNER | F21: CAJA | G21: 15 | H21: 998 | I21: =+G21*H21 -> 14970
... A24: 15 | C24: PROD. MEDICO/FARMACEUTICOS/LAB | D24: 251 | E24: TROMBOPLASTINA 10X4ML HEMOMEDICA O SOLUPLASTIN | F24: CAJA | G24: 3 | H24: 3350 | I24: =+G24*H24 -> 10050
B29: Plazos y lugares de entrega
C30: 10 dias - Servicio de Laboratorio Hospital Interzonal de Niños Eva Perón
B32: Calidad Minima esperada
B34: Mantenimiento
C35: 45 dias habiles
B36: Garantia

Sheet  NotaPedido
A1: NOTA DE PEDIDO | J1: N° | K1: 541/2020
A3: JURISDICCIÓN: | D3: 40 - Ministerio de Salud
A4: SAF: | D4: ='Necesidades Trimestrales'!C5 -> 24 - HOSPITAL DE NIÑOS
A5: UNIDAD EJECUTORA: | D5: ='Necesidades Trimestrales'!C6 -> 2020
A6: DEPENDENCIA SOLICITANTE: | D6: SERVICIO DE LABORATORIO - HOSPITAL INTERZONAL DE NIÑOS EVA PERON
A7: PERIODO UTILIZACIÓN: | D7: ='Necesidades Trimestrales'!C7 & "° Trimestre - Año " & 'Necesidades Trimestrales'!C6 -> 4° Trimestre - Año 2020
A8: OBJETO: | D8: Adquisicion de Descartables y Reactivos
A10: Ítem | B10: Codigo Item | C10: DESCRIPCIÓN | H10: Adjunta Detalle Técnico | I10: Unidad Medida | J10: Precio Unitario Estimado | K10: Cantidad Solicitada
A12: 1 | C12: =+'Necesidades Trimestrales'!E10 -> Ansas estériles descartables de 20 ul x 10 u | D12: AGAR MUELLER HINTON X 500 GR. T/BRITANIA | E12: AGAR MUELLER HINTON X 500 GR. T/BRITANIA | F12: AGAR MUELLER HINTON X 500 GR. T/BRITANIA | G12: AGAR MUELLER HINTON X 500 GR. T/BRITANIA | H12: NO | I12: =+'Necesidades Trimestrales'!F10 -> UNIDAD | J12: =+'Necesidades Trimestrales'!H10 -> 7950 | K12: =+'Necesidades Trimestrales'!G10 -> 50
A13: 2 | C13: =+'Necesidades Trimestrales'!E11 -> CHAGAS ELISA RECOMBINANTE 4.0 TIPO WIENER | D13: CHAGAS ELISA RECOMBINANTE 4.0 TIPO WIENER | E13: CHAGAS ELISA RECOMBINANTE 4.0 TIPO WIENER | F13: CHAGAS ELISA RECOMBINANTE 4.0 TIPO WIENER | G13: CHAGAS ELISA RECOMBINANTE 4.0 TIPO WIENER | H13: NO | I13: =+'Necesidades Trimestrales'!F11 -> CAJA | J13: =+'Necesidades Trimestrales'!H11 -> 7650 | K13: =+'Necesidades Trimestrales'!G11 -> 5
A14: 3 | C14: =+'Necesidades Trimestrales'!E12 -> CHAGAS HAI TIPO POLYCHACO | D14: CHAGAS ELISA RECOMBINANTE 4.0 TIPO WIENER | E14: CHAGAS ELISA RECOMBINANTE 4.0 TIPO WIENER | F14: CHAGAS ELISA RECOMBINANTE 4.0 TIPO WIENER | G14: CHAGAS ELISA RECOMBINANTE 4.0 TIPO WIENER | H14: NO | I14: =+'Necesidades Trimestrales'!F12 -> CAJA | J14: =+'Necesidades Trimestrales'!H12 -> 7943 | K14: =+'Necesidades Trimestrales'!G12 -> 5
A15: 4 | C15: =+'Necesidades Trimestrales'!E13 -> CLCA 0,025M X 10ML HEMOMEDICA | D15: CHAGAS ELISA RECOMBINANTE 4.0 TIPO WIENER | E15: CHAGAS ELISA RECOMBINANTE 4.0 TIPO WIENER | F15: CHAGAS ELISA RECOMBINANTE 4.0 TIPO WIENER | G15: CHAGAS ELISA RECOMBINANTE 4.0 TIPO WIENER | H15: NO | I15: =+'Necesidades Trimestrales'!F13 -> FRASCO | J15: =+'Necesidades Trimestrales'!H13 -> 3875.5 | K15: =+'Necesidades Trimestrales'!G13 -> 5
A16: 5 | C16: =+'Necesidades Trimestrales'!E14 -> CUBETAS COATRON SERIE X 500 U –TECO | D16: CHAGAS ELISA RECOMBINANTE 4.0 TIPO WIENER | E16: CHAGAS ELISA RECOMBINANTE 4.0 TIPO WIENER | F16: CHAGAS ELISA RECOMBINANTE 4.0 TIPO WIENER | G16: CHAGAS ELISA RECOMBINANTE 4.0 TIPO WIENER | H16: NO | I16: =+'Necesidades Trimestrales'!F14 -> CAJA | J16: =+'Necesidades Trimestrales'!H14 -> 8289 | K16: =+'Necesidades Trimestrales'!G14 -> 3
A17: 6 | C17: =+'Necesidades Trimestrales'!E15 -> Fosfato de Potasio monobásico x 250 grs tipo Cicarelli | D17: CHAGAS ELISA RECOMBINANTE 4.0 TIPO WIENER | E17: CHAGAS ELISA RECOMBINANTE 4.0 TIPO WIENER | F17: CHAGAS ELISA RECOMBINANTE 4.0 TIPO WIENER | G17: CHAGAS ELISA RECOMBINANTE 4.0 TIPO WIENER | H17: NO | I17: =+'Necesidades Trimestrales'!F15 -> FRASCO | J17: =+'Necesidades Trimestrales'!H15 -> 2367 | K17: =+'Necesidades Trimestrales'!G15 -> 1
A18: 7 | C18: =+'Necesidades Trimestrales'!E16 -> Glucocurve 75 grs. X 10 sobres Tipo SDA | D18: CHAGAS ELISA RECOMBINANTE 4.0 TIPO WIENER | E18: CHAGAS ELISA RECOMBINANTE 4.0 TIPO WIENER | F18: CHAGAS ELISA RECOMBINANTE 4.0 TIPO WIENER | G18: CHAGAS ELISA RECOMBINANTE 4.0 TIPO WIENER | H18: NO | I18: =+'Necesidades Trimestrales'!F16 -> CAJA | J18: =+'Necesidades Trimestrales'!H16 -> 490 | K18: =+'Necesidades Trimestrales'!G16 -> 10
A19: 8 | C19: =+'Necesidades Trimestrales'!E17 -> Impronta FTA ( bolsa de 5 improntas x 7 pocillos) -Tipo Biocientifica o alternativa | D19: CHAGAS ELISA RECOMBINANTE 4.0 TIPO WIENER | E19: CHAGAS ELISA RECOMBINANTE 4.0 TIPO WIENER | F19: CHAGAS ELISA RECOMBINANTE 4.0 TIPO WIENER | G19: CHAGAS ELISA RECOMBINANTE 4.0 TIPO WIENER | H19: NO | I19: =+'Necesidades Trimestrales'!F17 -> UNIDAD | J19: =+'Necesidades Trimestrales'!H17 -> 12445 | K19: =+'Necesidades Trimestrales'!G17 -> 10
A20: 9 | C20: =+'Necesidades Trimestrales'!E18 -> Improntas DNA ”Crithidia Luciliae” (x 7 pocillos) –Tipo ”BIOCIENTIFICA” o Alternativa | D20: CHAGAS ELISA RECOMBINANTE 4.0 TIPO WIENER | E20: CHAGAS ELISA RECOMBINANTE 4.0 TIPO WIENER | F20: CHAGAS ELISA RECOMBINANTE 4.0 TIPO WIENER | G20: CHAGAS ELISA RECOMBINANTE 4.0 TIPO WIENER | H20: NO | I20: =+'Necesidades Trimestrales'!F18 -> UNIDAD | J20: =+'Necesidades Trimestrales'!H18 -> 1653 | K20: =+'Necesidades Trimestrales'!G18 -> 6
A21: 10 | C21: =+'Necesidades Trimestrales'!E19 -> Improntas Esófago de Mono (X 8 áreas) -Tipo Biocientifica o alternativa | D21: CHAGAS ELISA RECOMBINANTE 4.0 TIPO WIENER | E21: CHAGAS ELISA RECOMBINANTE 4.0 TIPO WIENER | F21: CHAGAS ELISA RECOMBINANTE 4.0 TIPO WIENER | G21: CHAGAS ELISA RECOMBINANTE 4.0 TIPO WIENER | H21: NO | I21: =+'Necesidades Trimestrales'!F19 -> UNIDAD | J21: =+'Necesidades Trimestrales'!H19 -> 3382 | K21: =+'Necesidades Trimestrales'!G19 -> 12
A22: 11 | C22: =+'Necesidades Trimestrales'!E20 -> Lápiz demográfico Rojo – tipo Mitsubishi o alternativa | D22: CHAGAS ELISA RECOMBINANTE 4.0 TIPO WIENER | E22: CHAGAS ELISA RECOMBINANTE 4.0 TIPO WIENER | F22: CHAGAS ELISA RECOMBINANTE 4.0 TIPO WIENER | G22: CHAGAS ELISA RECOMBINANTE 4.0 TIPO WIENER | H22: NO | I22: =+'Necesidades Trimestrales'!F20 -> UNIDAD | J22: =+'Necesidades Trimestrales'!H20 -> 313 | K22: =+'Necesidades Trimestrales'!G20 -> 2
A23: 12 | C23: =+'Necesidades Trimestrales'!E21 -> TIRAS REACTIVAS P/ ORINA- TIPO WIENNER | D23: CHAGAS ELISA RECOMBINANTE 4.0 TIPO WIENER | E23: CHAGAS ELISA RECOMBINANTE 4.0 TIPO WIENER | F23: CHAGAS ELISA RECOMBINANTE 4.0 TIPO WIENER | G23: CHAGAS ELISA RECOMBINANTE 4.0 TIPO WIENER | H23: NO | I23: =+'Necesidades Trimestrales'!F21 -> CAJA | J23: =+'Necesidades Trimestrales'!H21 -> 998 | K23: =+'Necesidades Trimestrales'!G21 -> 15
... A26: 15 | C26: =+'Necesidades Trimestrales'!E24 -> TROMBOPLASTINA 10X4ML HEMOMEDICA O SOLUPLASTIN | D26: CHAGAS ELISA RECOMBINANTE 4.0 TIPO WIENER | E26: CHAGAS ELISA RECOMBINANTE 4.0 TIPO WIENER | F26: CHAGAS ELISA RECOMBINANTE 4.0 TIPO WIENER | G26: CHAGAS ELISA RECOMBINANTE 4.0 TIPO WIENER | H26: NO | I26: =+'Necesidades Trimestrales'!F24 -> CAJA | J26: =+'Necesidades Trimestrales'!H24 -> 3350 | K26: =+'Necesidades Trimestrales'!G24 -> 3
A27: Costo total estimado: | J27: =SUMPRODUCT(J12:J26,K12:K26) -> 932046.5

Sheet Autor Gastar
A1: EJERCICIO: | D1: ='Necesidades Trimestrales'!C6 -> 2020 | P1: AUTORIZACION PARA GASTAR
A4: JURISDICCIÓN: | G4: =' NotaPedido'!D3 -> 40 - Ministerio de Salud
A5: SAF: | G5: =' NotaPedido'!D4 -> 24 - HOSPITAL DE NIÑOS
A6: UNIDAD EJECUTORA: | G6: =' NotaPedido'!D5 -> 2020
A7: DEPENDENCIA SOLICITANTE: | G7: =' NotaPedido'!D6 -> SERVICIO DE LABORATORIO - HOSPITAL INTERZONAL DE NIÑOS EVA PERON
A8: AUTORIZACIÓN:
A9: Señor Jefe de Servicio Administrativo Financiero:
A10: ="Autorizo la realización de los trámites correspondientes, a fin de proveer a este Organismo los bienes y/o servicios que se detallan en Nota de Pedido N° " & ' NotaPedido'!K1&", afectando la erogación resultante a los créditos presupuestarios aprobados a favor de esta Unidad Ejecutora, conforme al siguiente detalle:" -> Autorizo la realización de los trámites correspondientes, a fin de proveer a este Organismo los bienes y/o servicios que se detallan en Nota de Pedido N° 541/2020, afectando la erogación resultante a los créditos presupuestarios aprobados a favor de esta Unidad Ejecutora, conforme al siguiente detalle:
A12: IMPUTACIÓN PRESUPUESTARIA
A13: CÓDIGO | O13: DENOMINACIÓN DE LA PARTIDA PRESUPUESTARIA | Q13: IMPORTE
A14: PR | B14: SB | C14: PY | D14: AC | E14: OB | F14: UG | G14: FIN | H14: FUN | I14: I | J14: P | K14: P | L14: SubP | M14: M | N14: FF
A15: 36 | D15: 1 | F15: 4901 | G15: 3 | H15: 310 | I15: 2 | J15: 5 | K15: 1 | N15: 1.1 | O15: COMPUESTOS QUIMICOS | Q15: 509053.5
A16: 36 | D16: 1 | F16: 4901 | G16: 3 | H16: 310 | I16: 2 | J16: 9 | K16: 5 | N16: 1.1 | O16: UT. MENORES MEDICOS, QUIRUR. Y DE LAB. | Q16: 422993
A20: TOTAL DE PESOS:NOVECIENTOS TREINTA Y DOS MIL CUARENTA Y SEIS CON 50/100.- | Q20: =SUM(Q15:Q19) -> 932046.5
A22: JUSTIFICACIÓN:
A23: Para la adquisición de Descartbles y reactivos, para ser destinados a Servicio de Laboratorio Hospital de Niños Eva Perón.
