Workbook

Sheet NECESIDADES TRIMESTRALES
A1: 2021
A2: Pedido de Necesidades Trimestrales
A4: JURISDICCION: | C4: 040 - MINISTERIO DE SALUD
A5: SAF N°: | C5: 011 - DIRECCION PROVINCIAL DE ADMINISTRACION DEL MINISTERIO DE SALUD
A6: EJERCICIO: | C6: 2021
A7: PERIODO DE UTILIZACION: | C7: TERCER TRIMESTRE
A9: ID | B9: CODIGO ITEM | C9: RUBRO DE COMPA | D9: I.P.P. | E9: DESCRIPCION | F9: UNIDAD DE MEDIDA | G9: CANTIDAD SOLICITADA | H9: PRECIO UNITARIO | I9: PRECIO TOTAL | J9: DETALLE TECNICO | L9: 295 | M9: 252 | N9: 265 | O9: 259
A10: 1 | C10: PROD. MEDICO/FARMACEUTICOS/LAB | D10: 2.5.2 | E10: ACIDO GRABADOR ODONTOLOG.; ESTADO: GEL, PRESENTACION: JERINGA X 12 GR | F10: UNIDAD | G10: 150 | H10: 885 | I10: =(H10*G10) -> 132750 | M10: =+I10 -> 132750
A11: 2 | C11: PROD. MEDICO/FARMACEUTICOS/LAB | D11: 2.5.2 | E11: ADHESIVOS P/ODONTOLOGIA; TIPO: ADHESIVO+PRIMER, USO: ODONTOLOGICO, PRESENTACION: FRASCO X 4,5 mm | F11: UNIDAD | G11: 35 | H11: 1490 | I11: =(H11*G11) -> 52150 | M11: =+I11 -> 52150
A12: 3 | C12: PROD. MEDICO/FARMACEUTICOS/LAB | D12: 2.9.5 | E12: AGUJAS QUIRURGICAS; TIPO: ODONTOLOGICA, ESPECIFICACION: CORTA DE 21 mm, PRESENTACION: ENVASE X 100 UN | F12: CAJA | G12: 1500 | H12: 930 | I12: =(H12*G12) -> 1395000 | L12: =+I12 -> 1395000
A13: 4 | C13: PROD. MEDICO/FARMACEUTICOS/LAB | D13: 2.9.5 | E13: ALAMBRE DE ACERO D. 0,7 MM, DESCARTABLE: SI, PRESENTACION: ROLLO X 500 GR | F13: UNIDAD | G13: 2 | H13: 7450 | I13: =(H13*G13) -> 14900 | L13: =+I13 -> 14900
A14: 5 | C14: PROD. MEDICO/FARMACEUTICOS/LAB | D14: 2.9.5 | E14: ALAMBRE DE ACERO D. 0,8 MM; DESCARTABLE: SI, PRESENTACION: ROLLO X 100 GR | F14: UNIDAD | G14: 2 | H14: 880 | I14: =(H14*G14) -> 1760 | L14: =+I14 -> 1760
A15: 6 | C15: PROD. MEDICO/FARMACEUTICOS/LAB | D15: 2.9.5 | E15: ALAMBRE DE ACERO D. 0,9 MM, DESCARTABLE: SI, PRESENTACION: ROLLO X 500 GR | F15: UNIDAD | G15: 2 | H15: 7450 | I15: =(H15*G15) -> 14900 | L15: =+I15 -> 14900
A16: 7 | C16: PROD. MEDICO/FARMACEUTICOS/LAB | D16: 2.9.5 | E16: ALAMBRE DE ACERO D.1 MM, DESCARTABLE: SI, PRESENTACION: ROLLO X 50 GR | F16: UNIDAD | G16: 1 | H16: 880 | I16: =(H16*G16) -> 880 | L16: =+I16 -> 880
A17: 8 | C17: PROD. MEDICO/FARMACEUTICOS/LAB | D17: 2.9.5 | E17: ALGODONES; TIPO: ROLLO P/ODONTOLOGIA, PRESENTACION: ENVASE X 500 UN | F17: BOLSA | G17: 500 | H17: 655 | I17: =(H17*G17) -> 327500 | L17: =+I17 -> 327500
A18: 9 | C18: PROD. MEDICO/FARMACEUTICOS/LAB | D18: 2.9.5 | E18: ALICATE UNIVERSAL, DESCARTABLE: NO, PRESENTACION: UNIDAD | F18: UNIDAD | G18: 20 | H18: 1450 | I18: =(H18*G18) -> 29000 | L18: =+I18 -> 29000
A19: 10 | C19: PROD. MEDICO/FARMACEUTICOS/LAB | D19: 2.5.2 | E19: ANESTESICOS LOCALES; TIPO: ANESTESIA ODONTOLOGICA, DROGA GENERICA: CLORHIDRATO DE CARTICAINA 4%, FORMA FARMACEUTICA: ANESTUBOS, PRESENTACION: ENVASE X 50 ANESTUBOS | F19: CAJA | G19: 2000 | H19: 3360 | I19: =(H19*G19) -> 6720000 | M19: =+I19 -> 6720000
A20: 11 | C20: PROD. MEDICO/FARMACEUTICOS/LAB | D20: 2.5.2 | E20: ANTISEPTICOS LOCALES P/PERSONA; TIPO: ANTISEPTICO, DROGA GENERICA: EUGENOL, FORMA FARMACEUTICA: LIQUIDO, PRESENTACION: FRASCO X 10 mL | F20: UNIDAD | G20: 100 | H20: 300 | I20: =(H20*G20) -> 30000 | M20: =+I20 -> 30000
A21: 12 | C21: PROD. MEDICO/FARMACEUTICOS/LAB | D21: 2.5.2 | E21: ANTISEPTICOS LOCALES P/PERSONA; TIPO: MONODROGA, DROGA GENERICA: EDTAC, FORMA FARMACEUTICA: SOLUCION, PRESENTACION: FRASCO X 20 mL | F21: UNIDAD | G21: 30 | H21: 270 | I21: =(H21*G21) -> 8100 | M21: =+I21 -> 8100
A22: 13 | C22: PROD. MEDICO/FARMACEUTICOS/LAB | D22: 2.5.2 | E22: ANTISEPTICOS LOCALES P/PERSONA; TIPO: MONODROGA, DROGA GENERICA: IODOFORMO, FORMA FARMACEUTICA: POLVO, PRESENTACION: FRASCO X 20 GR | F22: UNIDAD | G22: 30 | H22: 1190 | I22: =(H22*G22) -> 35700 | M22: =+I22 -> 35700
A23: 14 | C23: PROD. MEDICO/FARMACEUTICOS/LAB | D23: 2.9.5 | E23: ATACADOR P/CONOS GUTA-PERCHA, PRESENTACION: UNIDAD, DESCARTABLE: NO | F23: UNIDAD | G23: 30 | H23: 299 | I23: =(H23*G23) -> 8970 | L23: =+I23 -> 8970
A24: 15 | C24: PROD. MEDICO/FARMACEUTICOS/LAB | D24: 2.9.5 | E24: BANDEJA METALICA PARA EL INSTRUMENTAL, DESCARTABLE: NO, PRESENTACION: UNIDAD | F24: UNIDAD | G24: 150 | H24: 420 | I24: =(H24*G24) -> 63000 | L24: =+I24 -> 63000
A25: 16 | C25: PROD. MEDICO/FARMACEUTICOS/LAB | D25: 2.9.5 | E25: BARBIJOS; TIPO: COPA N95 SIN VALVULA, MATERIAL: NO TEJIDO, CANTIDAD DE CAPAS: DOS, DESCARTABLE: SI, PRESENTACION: UNIDAD | F25: UNIDAD | G25: 300 | H25: 150 | I25: =(H25*G25) -> 45000 | L25: =+I25 -> 45000
A26: 17 | C26: PROD. MEDICO/FARMACEUTICOS/LAB | D26: 2.9.5 | E26: BARRA ALTO BRILLO P/PULIR, DESCARTABLE: NO, PRESENTACION: UNIDAD | F26: UNIDAD | G26: 30 | H26: 299 | I26: =(H26*G26) -> 8970 | L26: =+I26 -> 8970
A27: 18 | C27: PROD. MEDICO/FARMACEUTICOS/LAB | D27: 2.9.5 | E27: BROCHITA P/ LIMPIEZA, DESCARTABLE: SI, PRESENTACION: UNIDAD | F27: UNIDAD | G27: 50 | H27: 62.24 | I27: =(H27*G27) -> 3112 | L27: =+I27 -> 3112
A28: 19 | C28: PROD. MEDICO/FARMACEUTICOS/LAB | D28: 2.9.5 | E28: CADENAS P/BABEROS; MATERIAL : 147 dBV/mPa , USO: ODONTOLOGIA, MATERIAL: METAL | F28: UNIDAD | G28: 200 | H28: 199 | I28: =(H28*G28) -> 39800 | L28: =+I28 -> 39800
A29: 20 | C29: PROD. MEDICO/FARMACEUTICOS/LAB | D29: 2.5.2 | E29: CEMENTOS QUIRURGICOS; TIPO: FOSFATO DE ZINC, USO: ODONTOLOGIA, PRESENTACION: AVIO 35 GRS/ML | F29: CAJA | G29: 50 | H29: 1300 | I29: =(H29*G29) -> 65000 | M29: =+I29 -> 65000
A30: 21 | C30: PROD. MEDICO/FARMACEUTICOS/LAB | D30: 2.5.2 | E30: CEMENTOS QUIRURGICOS; TIPO: GROSSMAN, USO: ODONTOLOGIA, PRESENTACION: ENVASE X 20 GR | F30: CAJA | G30: 50 | H30: 440 | I30: =(H30*G30) -> 22000 | M30: =+I30 -> 22000
A31: 22 | C31: PROD. MEDICO/FARMACEUTICOS/LAB | D31: 2.5.2 | E31: CEMENTOS QUIRURGICOS; TIPO: HIDROXIDO DE CALCIO FRAGUABLE, USO: ODONTOLOGIA, PRESENTACION: AVIO 13 GRS/11 GRS | F31: CAJA | G31: 30 | H31: 1492.5 | I31: =(H31*G31) -> 44775 | M31: =+I31 -> 44775
A32: 23 | C32: PROD. MEDICO/FARMACEUTICOS/LAB | D32: 2.5.2 | E32: CEMENTOS QUIRURGICOS; TIPO: OXIDO DE ZINC Y EUGENOL REFORZ, USO: ODONTOLOGICO, PRESENTACION: AVIO 38 GRS/15 ML | F32: CAJA | G32: 50 | H32: 1850 | I32: =(H32*G32) -> 92500 | M32: =+I32 -> 92500
A33: 24 | C33: PROD. MEDICO/FARMACEUTICOS/LAB | D33: 2.9.5 | E33: CEPILLO LIMPIAFRESA, DESCARTABLE: NO, PRESENTACION: UNIDAD | F33: UNIDAD | G33: 20 | H33: 250 | I33: =(H33*G33) -> 5000 | L33: =+I33 -> 5000
A34: 25 | C34: PROD. MEDICO/FARMACEUTICOS/LAB | D34: 2.5.9 | E34: CERAS ROSAS P/ODONTOLOGIA; MATERIAL: UTILITY EN LAMINA, USO: ODONTOLOGICO, PRESENTACION: ENVASE X 1 Kg | F34: CAJA | G34: 5 | H34: 2450 | I34: =(H34*G34) -> 12250 | O34: 12250
A35: 26 | C35: PROD. MEDICO/FARMACEUTICOS/LAB | D35: 2.5.2 | E35: COMPOSITE TIPO ULTRAFILL; COLOR: A2, POLIMERIZACION: FOTOPOLIMERIZACION, TAMAÑO PARTICULA: HIBRIDO, FORMA DE PRESENTACION: JERINGA, PRESENTACION: ENVASE X 4 GR | F35: UNIDAD | G35: 250 | H35: 1290 | I35: =(H35*G35) -> 322500 | M35: =+I35 -> 322500
A36: 27 | C36: PROD. MEDICO/FARMACEUTICOS/LAB | D36: 2.5.2 | E36: COMPOSITE TIPO ULTRAFILL; COLOR: A3, POLIMERIZACION: FOTOPOLIMERIZACION, TAMAÑO PARTICULA: HIBRIDO, FORMA DE PRESENTACION: JERINGA, PRESENTACION: ENVASE X 4 GR | F36: UNIDAD | G36: 250 | H36: 1290 | I36: =(H36*G36) -> 322500 | M36: =+I36 -> 322500
A37: 28 | C37: PROD. MEDICO/FARMACEUTICOS/LAB | D37: 2.5.2 | E37: COMPOSITE TIPO ULTRAFILL; COLOR: A3,5, POLIMERIZACION: FOTOPOLIMERIZACION, TAMAÑO PARTICULA: HIBRIDO, FORMA DE PRESENTACION: JERINGA, PRESENTACION: ENVASE X 4 GR | F37: UNIDAD | G37: 100 | H37: 1290 | I37: =(H37*G37) -> 129000 | M37: =+I37 -> 129000
A38: 29 | C38: PROD. MEDICO/FARMACEUTICOS/LAB | D38: 2.9.5 | E38: COMPRESA P/PLATINA AZUL, DESCARTABLE: SI, PRESENTACION: CAJA X 500 UN | F38: CAJA | G38: 30 | H38: 2925 | I38: =(H38*G38) -> 87750 | L38: =+I38 -> 87750
A39: 30 | C39: PROD. MEDICO/FARMACEUTICOS/LAB | D39: 2.9.5 | E39: CONO DE FIELTRO Nº 4, DESCARTABLE: SI, PRESENTACION: UNIDAD | F39: UNIDAD | G39: 10 | H39: 550 | I39: =(H39*G39) -> 5500 | L39: =+I39 -> 5500
A40: 31 | C40: PROD. MEDICO/FARMACEUTICOS/LAB | D40: 2.9.5 | E40: CONO GUTAPERCHA 1ªSERIE, DESCARTABLE: SI, PRESENTACION: CAJA X 100 | F40: CAJA | G40: 30 | H40: 730 | I40: =(H40*G40) -> 21900 | L40: =+I40 -> 21900
A41: 32 | C41: PROD. MEDICO/FARMACEUTICOS/LAB | D41: 2.9.5 | E41: CONO GUTAPERCHA 2ªSERIE, DESCARTABLE: SI, PRESENTACION: CAJA X 100 | F41: CAJA | G41: 30 | H41: 730 | I41: =(H41*G41) -> 21900 | L41: =+I41 -> 21900
A42: 33 | C42: PROD. MEDICO/FARMACEUTICOS/LAB | D42: 2.9.5 | E42: CUCHARITAS DE BLACK DOBLES, DESCARTABLE: NO, PRESENTACION: UNIDAD | F42: UNIDAD | G42: 15 | H42: 298.5 | I42: =(H42*G42) -> 4477.5 | L42: =+I42 -> 4477.5
A43: 34 | C43: PROD. MEDICO/FARMACEUTICOS/LAB | D43: 2.9.5 | E43: CURETA DE GRACEY, DESCARTABLE: NO, PRESENTACION: UNIDAD | F43: UNIDAD | G43: 50 | H43: 1750 | I43: =(H43*G43) -> 87500 | L43: =+I43 -> 87500
A44: 35 | C44: PROD. MEDICO/FARMACEUTICOS/LAB | D44: 2.9.5 | E44: DISCO P/ PULIR, DESCARTABLE: NO, PRESENTACION: UNIDAD | F44: UNIDAD | G44: 50 | H44: 200 | I44: =(H44*G44) -> 10000 | L44: =+I44 -> 10000
A45: 36 | C45: PROD. MEDICO/FARMACEUTICOS/LAB | D45: 2.9.5 | E45: DISCO P/PULIR COMPOSITE, DESCARTABLE: NO, PRESENTACION: ENVASE X 50 UN | F45: CAJA | G45: 20 | H45: 9950 | I45: =(H45*G45) -> 199000 | L45: =+I45 -> 199000
A46: 37 | C46: PROD. MEDICO/FARMACEUTICOS/LAB | D46: 2.9.5 | E46: ESPACIADOR P/CONOS GUTA-PERCHA, DESCARTABLE: NO, PRESENTACION: CAJA X 6 | F46: CAJA | G46: 50 | H46: 1390 | I46: =(H46*G46) -> 69500 | L46: =+I46 -> 69500
A47: 38 | C47: PROD. MEDICO/FARMACEUTICOS/LAB | D47: 2.9.5 | E47: ESPATULA P/CEMENTO DOBLE, DESCARTABLE: NO, PRESENTACION: UNIDAD | F47: UNIDAD | G47: 150 | H47: 299 | I47: =(H47*G47) -> 44850 | L47: =+I47 -> 44850
A48: 39 | C48: PROD. MEDICO/FARMACEUTICOS/LAB | D48: 2.9.5 | E48: ESPATULA PARA GUTTA, DESCARTABLE: NO, PRESENTACION: UNIDAD | F48: UNIDAD | G48: 50 | H48: 299 | I48: =(H48*G48) -> 14950 | L48: =+I48 -> 14950
A49: 40 | C49: PROD. MEDICO/FARMACEUTICOS/LAB | D49: 2.9.5 | E49: ESPEJOS BUCALES; PRESENTACION: ENVASE X 12 UN | F49: CAJA | G49: 500 | H49: 1600 | I49: =(H49*G49) -> 800000 | L49: =+I49 -> 800000
... A51: 42 | C51: PROD. MEDICO/FARMACEUTICOS/LAB | D51: 2.9.5 | E51: EXPLORADOR CURVO P/EXAMEN BUCA; DESCARTABLE: NO, PRESENTACION: UNIDAD | F51: UNIDAD | G51: 100 | H51: 202.5 | I51: =(H51*G51) -> 20250 | L51: =+I51 -> 20250
A52: 43 | C52: PROD. MEDICO/FARMACEUTICOS/LAB | D52: 2.5.9 | E52: FIJADORES P/RADIOLOGIA; SENSIBILIDAD: AL VERDE, PROCESO: MANUAL, PROCESO DE UTILIZACION: MANUAL, PRESENTACION: BOTELLA, CAPACIDAD: 480 mL | F52: BOTELLA | G52: 120 | H52: 540 | I52: =(H52*G52) -> 64800 | O52: =+I52 -> 64800
A53: 44 | C53: PROD. MEDICO/FARMACEUTICOS/LAB | D53: 2.9.5 | E53: FRESAS P/ODONTOLOGIA; MATERIAL: ACERO INOXIDABLE, Nº: 6991, LARGO: CHICA, TIPO: TRONCOCONICA, NUMERO: 6991 | F53: UNIDAD | G53: 20 | H53: 234.48 | I53: =(H53*G53) -> 4689.6 | L53: =+I53 -> 4689.6
A54: 45 | C54: PROD. MEDICO/FARMACEUTICOS/LAB | D54: 2.9.5 | E54: FRESAS P/ODONTOLOGIA; MATERIAL: ACERO INOXIDABLE, Nº: 701L, LARGO: MEDIANA, TIPO: TRONCOCONICA, NUMERO: 701L | F54: UNIDAD | G54: 20 | H54: 234.48 | I54: =(H54*G54) -> 4689.6 | L54: =+I54 -> 4689.6
A55: 46 | C55: PROD. MEDICO/FARMACEUTICOS/LAB | D55: 2.9.5 | E55: FRESAS P/ODONTOLOGIA; MATERIAL: ACERO INOXIDABLE, Nº: 703, LARGO: GRANDE, TIPO: TRONCOCONICA, NUMERO: 703 | F55: UNIDAD | G55: 20 | H55: 450 | I55: =(H55*G55) -> 9000 | L55: =+I55 -> 9000
A56: 47 | C56: PROD. MEDICO/FARMACEUTICOS/LAB | D56: 2.9.5 | E56: FRESAS P/ODONTOLOGIA; MATERIAL: ACERO INOXIDABLE, NUMERO: 1, LARGO: 32 mm, TIPO: GATES | F56: UNIDAD | G56: 20 | H56: 373.2 | I56: =(H56*G56) -> 7464 | L56: =+I56 -> 7464
A57: 48 | C57: PROD. MEDICO/FARMACEUTICOS/LAB | D57: 2.9.5 | E57: FRESAS P/ODONTOLOGIA; MATERIAL: ACERO INOXIDABLE, NUMERO: 1, LARGO: 32 mm, TIPO: PEESO | F57: UNIDAD | G57: 20 | H57: 373.2 | I57: =(H57*G57) -> 7464 | L57: =+I57 -> 7464
A58: 49 | C58: PROD. MEDICO/FARMACEUTICOS/LAB | D58: 2.9.5 | E58: FRESAS P/ODONTOLOGIA; MATERIAL: ACERO INOXIDABLE, NUMERO: 2, LARGO: 32 mm, TIPO: GATES | F58: UNIDAD | G58: 20 | H58: 373.2 | I58: =(H58*G58) -> 7464 | L58: =+I58 -> 7464
A59: 50 | C59: PROD. MEDICO/FARMACEUTICOS/LAB | D59: 2.9.5 | E59: FRESAS P/ODONTOLOGIA; MATERIAL: ACERO INOXIDABLE, NUMERO: 2, LARGO: 32 mm, TIPO: PEESO | F59: UNIDAD | G59: 20 | H59: 373.2 | I59: =(H59*G59) -> 7464 | L59: =+I59 -> 7464
A60: 51 | C60: PROD. MEDICO/FARMACEUTICOS/LAB | D60: 2.9.5 | E60: FRESAS P/ODONTOLOGIA; MATERIAL: ACERO INOXIDABLE, NUMERO: 3, LARGO: 32 mm, TIPO: GATES | F60: UNIDAD | G60: 20 | H60: 373.2 | I60: =(H60*G60) -> 7464 | L60: =+I60 -> 7464
A61: 52 | C61: PROD. MEDICO/FARMACEUTICOS/LAB | D61: 2.9.5 | E61: FRESAS P/ODONTOLOGIA; MATERIAL: ACERO INOXIDABLE, NUMERO: 3, LARGO: 32 mm, TIPO: PEESO | F61: UNIDAD | G61: 20 | H61: 373.2 | I61: =(H61*G61) -> 7464 | L61: =+I61 -> 7464
A62: 53 | C62: PROD. MEDICO/FARMACEUTICOS/LAB | D62: 2.9.5 | E62: FRESAS P/ODONTOLOGIA; MATERIAL: ACERO INOXIDABLE, NUMERO: 4, LARGO: 22 mm, TIPO: CIRUGIA P/EXTRACCIONES | F62: UNIDAD | G62: 20 | H62: 425.85 | I62: =(H62*G62) -> 8517 | L62: =+I62 -> 8517
A63: 54 | C63: PROD. MEDICO/FARMACEUTICOS/LAB | D63: 2.9.5 | E63: FRESAS P/ODONTOLOGIA; MATERIAL: ACERO INOXIDABLE, NUMERO: 4, LARGO: 32 mm, TIPO: GATES | F63: UNIDAD | G63: 20 | H63: 373.2 | I63: =(H63*G63) -> 7464 | L63: =+I63 -> 7464
A64: 55 | C64: PROD. MEDICO/FARMACEUTICOS/LAB | D64: 2.9.5 | E64: FRESAS P/ODONTOLOGIA; MATERIAL: ACERO INOXIDABLE, NUMERO: 6, LARGO: 25 mm, TIPO: CIRUGIA FG MD | F64: UNIDAD | G64: 20 | H64: 425.85 | I64: =(H64*G64) -> 8517 | L64: =+I64 -> 8517
... A101: 92 | C101: PROD. MEDICO/FARMACEUTICOS/LAB | D101: 2.9.5 | E101: HOJA DE SIERRA PLANA; DESCARTABLE: SI, PRESENTACION: UNIDAD | F101: UNIDAD | G101: 20 | H101: 290 | I101: =(H101*G101) -> 5800 | L101: =+I101 -> 5800
A102: 93 | C102: PROD. MEDICO/FARMACEUTICOS/LAB | D102: 2.5.2 | E102: IONOMEROS VITREOS; USO: AUTOCURADO, ESTADO: POLVO - LIQUIDO, FORMA DE PRESENTACION: POLVO - LIQUIDO, PRESENTACION: AVIO 10 GRS/ 10 ML | F102: CAJA | G102: 50 | H102: 2500 | I102: =(H102*G102) -> 125000 | M102: =+I102 -> 125000
A103: 94 | C103: PROD. MEDICO/FARMACEUTICOS/LAB | D103: 2.5.2 | E103: IONOMEROS VITREOS; USO: FOTOCURADO, FORMA DE PRESENTACION: POLVO - LIQUIDO, PRESENTACION: AVIO 5 GRS/ 3 ML | F103: CAJA | G103: 50 | H103: 5317 | I103: =(H103*G103) -> 265850 | M103: =+I103 -> 265850
A104: 95 | C104: PROD. MEDICO/FARMACEUTICOS/LAB | D104: 2.9.5 | E104: JERINGAS DESCARTABLES CON AGUJA; CAPACIDAD: 20 CM3, USO: ODONTOLOGIA, PRESENTACION: ENVASE X 50 UNIDADES | F104: CAJA | G104: 400 | H104: 1064.64 | I104: =(H104*G104) -> 425856 | L104: =+I104 -> 425856
A105: 96 | C105: PROD. MEDICO/FARMACEUTICOS/LAB | D105: 2.9.5 | E105: JERINGAS TIPO CARPULE, DESCARTABLE: NO, PRESENTACION: UNIDAD | F105: UNIDAD | G105: 300 | H105: 1545 | I105: =(H105*G105) -> 463500 | L105: =+I105 -> 463500
A106: 97 | C106: PROD. MEDICO/FARMACEUTICOS/LAB | D106: 2.9.5 | E106: JERINGAS TRIPLES METALICAS, DESCARTABLE: NO, PRESENTACION: UNIDAD | F106: UNIDAD | G106: 10 | H106: 3968.28 | I106: =(H106*G106) -> 39682.8 | L106: =+I106 -> 39682.8
A107: 98 | C107: PROD. MEDICO/FARMACEUTICOS/LAB | D107: 2.9.5 | E107: JUEGO DE FORCEPS ADULTO P/MICROCIRUGIAS; USO: ODONTOLOGIA, TIPO: EXTRACCION, MATERIAL: ACERO QUIRURGICO, PRESENTACION: ESTUCHE X 10 UNIDADES | F107: ESTUCHE | G107: 10 | H107: 14513.7 | I107: =(H107*G107) -> 145137 | L107: =+I107 -> 145137
A108: 99 | C108: PROD. MEDICO/FARMACEUTICOS/LAB | D108: 2.9.5 | E108: LIMAS P/ODONTOLOGIA; MATERIAL: ACERO FLEXIBLE, NUMERO: 15 AL 40, LARGO: 31 mm, TIPO: LISA, PRESENTACION: ENVASE X 6 UNIDADES | F108: BLISTER | G108: 22 | H108: 1150 | I108: =(H108*G108) -> 25300 | L108: =+I108 -> 25300
A109: 100 | C109: PROD. MEDICO/FARMACEUTICOS/LAB | D109: 2.9.5 | E109: LIMAS P/ODONTOLOGIA; MATERIAL: ACERO INOXIDABLE, NUMERO: 010, LARGO: 25 mm, TIPO: K, PRESENTACION: ENVASE X 6 UNIDADES | F109: BLISTER | G109: 35 | H109: 1150 | I109: =(H109*G109) -> 40250 | L109: =+I109 -> 40250
A110: 101 | C110: PROD. MEDICO/FARMACEUTICOS/LAB | D110: 2.9.5 | E110: LIMAS P/ODONTOLOGIA; MATERIAL: ACERO INOXIDABLE, NUMERO: 015, LARGO: 25 mm, TIPO: K, PRESENTACION: ENVASE X 6 UNIDADES | F110: BLISTER | G110: 35 | H110: 1150 | I110: =(H110*G110) -> 40250 | L110: =+I110 -> 40250
A111: 102 | C111: PROD. MEDICO/FARMACEUTICOS/LAB | D111: 2.9.5 | E111: LIMAS P/ODONTOLOGIA; MATERIAL: ACERO INOXIDABLE, NUMERO: 020, LARGO: 25 mm, TIPO: K, PRESENTACION: ENVASE X 6 UNIDADES | F111: BLISTER | G111: 35 | H111: 1150 | I111: =(H111*G111) -> 40250 | L111: =+I111 -> 40250
A112: 103 | C112: PROD. MEDICO/FARMACEUTICOS/LAB | D112: 2.9.5 | E112: LIMAS P/ODONTOLOGIA; MATERIAL: ACERO INOXIDABLE, NUMERO: 025, LARGO: 25 mm, TIPO: K, PRESENTACION: ENVASE X 6 UNIDADES | F112: BLISTER | G112: 35 | H112: 1150 | I112: =(H112*G112) -> 40250 | L112: =+I112 -> 40250
A113: 104 | C113: PROD. MEDICO/FARMACEUTICOS/LAB | D113: 2.9.5 | E113: LIMAS P/ODONTOLOGIA; MATERIAL: ACERO INOXIDABLE, NUMERO: 030, LARGO: 25 mm, TIPO: K, PRESENTACION: ENVASE X 6 UNIDADES | F113: BLISTER | G113: 35 | H113: 1150 | I113: =(H113*G113) -> 40250 | L113: =+I113 -> 40250
A114: 105 | C114: PROD. MEDICO/FARMACEUTICOS/LAB | D114: 2.9.5 | E114: LIMAS P/ODONTOLOGIA; MATERIAL: ACERO INOXIDABLE, NUMERO: 035, LARGO: 25 mm, TIPO: K, PRESENTACION: ENVASE X 6 UNIDADES | F114: BLISTER | G114: 35 | H114: 1150 | I114: =(H114*G114) -> 40250 | L114: =+I114 -> 40250
A115: 106 | C115: PROD. MEDICO/FARMACEUTICOS/LAB | D115: 2.9.5 | E115: LIMAS P/ODONTOLOGIA; MATERIAL: ACERO INOXIDABLE, NUMERO: 040, LARGO: 25 mm, TIPO: K, PRESENTACION: ENVASE X 6 UNIDADES | F115: BLISTER | G115: 35 | H115: 1150 | I115: =(H115*G115) -> 40250 | L115: =+I115 -> 40250
... A147: 138 | C147: PROD. MEDICO/FARMACEUTICOS/LAB | D147: 2.9.5 | E147: PLACA BASE SUPERIOR, PRESENTACION: ENVASE X 100 | F147: CAJA | G147: 5 | H147: 5040 | I147: =(H147*G147) -> 25200 | L147: =+I147 -> 25200
A148: 139 | C148: PROD. MEDICO/FARMACEUTICOS/LAB | D148: 2.5.9 | E148: PLACAS RADIOGRAFICAS; SENSIBILIDAD: AL VERDE, DIMENSION: P/ODONTOLOGIA, PRESENTACION: ENVASE X 150 UNIDADES | F148: CAJA | G148: 40 | H148: 6680 | I148: =(H148*G148) -> 267200 | O148: =+I148 -> 267200
A149: 140 | C149: PROD. MEDICO/FARMACEUTICOS/LAB | D149: 2.9.5 | E149: PORTA ALGODÓN, DESCARTABLE: NO, PRESENTACION: UNIDAD | F149: UNIDAD | G149: 30 | H149: 1040 | I149: =(H149*G149) -> 31200 | L149: =+I149 -> 31200
A150: 141 | C150: PROD. MEDICO/FARMACEUTICOS/LAB | D150: 2.5.9 | E150: REVELADORES P/RADIOLOGIA; SENSIBILIDAD: AL VERDE, PROCESO: MANUAL, PROCESO DE UTILIZACION: MANUAL, PRESENTACION: BOTELLA, CAPACIDAD: 480 Ml | F150: BOTELLA | G150: 120 | H150: 570 | I150: =(H150*G150) -> 68400 | O150: =+I150 -> 68400
A151: 142 | C151: PROD. MEDICO/FARMACEUTICOS/LAB | D151: 2.9.5 | E151: SACABANDAS P/MOLARES; DESCARTABLE: NO, PRESENTACION: UNIDAD | F151: UNIDAD | G151: 10 | H151: 2900 | I151: =(H151*G151) -> 29000 | L151: =+I151 -> 29000
A152: 143 | C152: PROD. MEDICO/FARMACEUTICOS/LAB | D152: 2.9.5 | E152: SEPARADOR DE YESO ROSA, DESCARTABLE: SI, PRESENTACION: ENVASE X 1 L | F152: UNIDAD | G152: 10 | H152: 950 | I152: =(H152*G152) -> 9500 | L152: =+I152 -> 9500
A153: 144 | C153: PROD. MEDICO/FARMACEUTICOS/LAB | D153: 2.9.5 | E153: SEPARADORES DE CIRUGIA, DESCARTABLE: NO, PRESENTACION: UNIDAD | F153: UNIDAD | G153: 10 | H153: 650 | I153: =(H153*G153) -> 6500 | L153: =+I153 -> 6500
A154: 145 | C154: PROD. MEDICO/FARMACEUTICOS/LAB | D154: 2.9.5 | E154: TIJERAS P/MEDICINA; TIPO: SPENCER, MEDIDA: 11 Cm, USO: SUTURA | F154: UNIDAD | G154: 5 | H154: 899 | I154: =(H154*G154) -> 4495 | L154: =+I154 -> 4495
A155: 146 | C155: PROD. MEDICO/FARMACEUTICOS/LAB | D155: 2.9.5 | E155: TIRA P/PULIR COMPOSITE, DESCARTABLE: NO, PRESENTACION: ENVASE X 100 UN | F155: CAJA | G155: 30 | H155: 990 | I155: =(H155*G155) -> 29700 | L155: =+I155 -> 29700
A156: 147 | C156: PROD. MEDICO/FARMACEUTICOS/LAB | D156: 2.9.5 | E156: TOALLITAS P/ODONTOLOGIA; TIPO: DESCONTAMINANTE DE SUPERFICIE, PRESENTACION: ENVASE X 170 UN | F156: TUBO | G156: 100 | H156: 540 | I156: =(H156*G156) -> 54000 | L156: =+I156 -> 54000
A157: 148 | C157: PROD. MEDICO/FARMACEUTICOS/LAB | D157: 2.5.2 | E157: TOPICOS ODONTOLOGICOS; DROGA GENERICA: FLUORURO DIAMIN. PLATA CARIOST, ESTADO: SOLUCION, PRESENTACION: ENVASE X 5 Ml | F157: UNIDAD | G157: 150 | H157: 1790 | I157: =(H157*G157) -> 268500 | M157: =+I157 -> 268500
A158: 149 | C158: PROD. MEDICO/FARMACEUTICOS/LAB | D158: 2.5.2 | E158: TOPICOS ODONTOLOGICOS; DROGA GENERICA: FORMOCRESOL, ESTADO: LIQUIDO, PRESENTACION: FRASCO X 20 mL | F158: UNIDAD | G158: 30 | H158: 360 | I158: =(H158*G158) -> 10800 | M158: =+I158 -> 10800
A159: 150 | C159: PROD. MEDICO/FARMACEUTICOS/LAB | D159: 2.9.5 | E159: TURBINA DE ALTA PRECISION, DESCARTABLE: NO, PRESENTACION: UNIDAD | F159: UNIDAD | G159: 20 | H159: 10900 | I159: =(H159*G159) -> 218000 | L159: =+I159 -> 218000
A160: 151 | C160: PROD. MEDICO/FARMACEUTICOS/LAB | D160: 2.9.5 | E160: VASOS, DESCARTABLE: SI, PRESENTACION: CAJA X 3500 UN | F160: CAJA | G160: 10 | H160: 13080 | I160: =(H160*G160) -> 130800 | L160: =+I160 -> 130800
A161: 152 | C161: MATERIALES DE CONSTRUCCION | D161: 2.6.5 | E161: YESO EN POLVO; USO: ODONTOLOGICO, TIPO: PIEDRA, PRESENTACION: BOLSA, PESO: 25 Kg | F161: BOLSA | G161: 25 | H161: 3970 | I161: =(H161*G161) -> 99250 | N161: =+I161 -> 99250
A162: 153 | C162: MATERIALES DE CONSTRUCCION | D162: 2.6.5 | E162: YESO EN POLVO; USO: ODONTOLOGICO, TIPO: TALLER, PRESENTACION: BOLSA, PESO: 25 Kg | F162: BOLSA | G162: 25 | H162: 3690 | I162: =(H162*G162) -> 92250 | N162: =+I162 -> 92250
E163: TOTAL RUBRO ODONTOLOGIA | I163: =SUM(I10:I162) -> 15910005 | L163: =SUM(L10:L162) -> 6658729.8 | M163: =SUM(M10:M162) -> 8647125 | N163: =SUM(N10:N162) -> 191500 | O163: =SUM(O10:O162) -> 412650 | P163: =SUM(L163:O163) -> 15910005
B165: Especificidades: | C165: ANEXO 1-Para oferentes de la Provincia de Catamarca deberán presentar Habilitación Provincial para comercializar el producto que cotizan. 2-Para el resto de oferentes deberán presentar Certificado de Inscripción de ANMAT vigente al momento de la oferta, el mismo deberá ser correspondiente al objeto de la contratación y de encontrarse vencido adjuntar la solicitud de renovación. 3-No se aceptarán ofertas de productos no registrados y autorizada su venta por ANMAT. Se deberá especificar en cada ítem de la propuesta, marca y número de certificado otorgado por dicho ente regulador. 4-Los productos deberán tener un vencimiento posterior a doce (12) meses a partir de la fecha de su recepción.
B167: Descripcion Tecnica:
B169: Plazos de entrega: | C169: veinte (20) dias corridos
B171: Lugar de Entrega: | C171: DIR. PROV. DE ODONTOLOGIA - CHACABUCO N° 169 - en el horario de 8:00hs a 12:00hs de lunes a viernes
B173: Calidad Minima esperada:
B175: Mantenimiento: | C175: cuarenta y cinco (45) días

Sheet NOTA DE PEDIDO
A1: NOTA DE PEDIDO | J1: N° | K1: 15/2021
A3: JURISDICCIÓN: | D3: 040 - Ministerio de Salud
A4: SAF: | D4: 011 - Direccion Provincial de Administración - Ministerio de Salud
A5: UNIDAD EJECUTORA: | D5: 470 - DIRECCION PROVINCIAL DE ODONTOLOGIA
A6: DEPENDENCIA SOLICITANTE: | D6: 470 - DIRECCION PROVINCIAL DE ODONTOLOGIA
A7: PERIODO UTILIZACIÓN: | D7: 3° TRIMESTRE
A8: OBJETO: | D8: Adquisicion del RUBRO INSUMOS DE ODONTOLOGIA
A10: Ítem | B10: Codigo Item | C10: DESCRIPCIÓN | H10: Adjunta Detalle Técnico | I10: Unidad Medida | J10: Precio Unitario Estimado | K10: Cantidad Solicitada
A12: 1 | C12: ='NECESIDADES TRIMESTRALES'!E10 -> ACIDO GRABADOR ODONTOLOG.; ESTADO: GEL, PRESENTACION: JERINGA X 12 GR | H12: NO | I12: ='NECESIDADES TRIMESTRALES'!F10 -> UNIDAD | J12: ='NECESIDADES TRIMESTRALES'!H10 -> 885 | K12: ='NECESIDADES TRIMESTRALES'!G10 -> 150 | L12: =+J12*K12 -> 132750 | M12: =+J12*K12 -> 132750
A13: 2 | C13: ='NECESIDADES TRIMESTRALES'!E11 -> ADHESIVOS P/ODONTOLOGIA; TIPO: ADHESIVO+PRIMER, USO: ODONTOLOGICO, PRESENTACION: FRASCO X 4,5 mm | H13: NO | I13: ='NECESIDADES TRIMESTRALES'!F11 -> UNIDAD | J13: ='NECESIDADES TRIMESTRALES'!H11 -> 1490 | K13: ='NECESIDADES TRIMESTRALES'!G11 -> 35 | L13: =+J13*K13 -> 52150 | M13: =+J13*K13 -> 52150
A14: 3 | C14: ='NECESIDADES TRIMESTRALES'!E12 -> AGUJAS QUIRURGICAS; TIPO: ODONTOLOGICA, ESPECIFICACION: CORTA DE 21 mm, PRESENTACION: ENVASE X 100 UN | H14: NO | I14: ='NECESIDADES TRIMESTRALES'!F12 -> CAJA | J14: ='NECESIDADES TRIMESTRALES'!H12 -> 930 | K14: ='NECESIDADES TRIMESTRALES'!G12 -> 1500 | L14: =+J14*K14 -> 1395000 | M14: =+J14*K14 -> 1395000
A15: 4 | C15: ='NECESIDADES TRIMESTRALES'!E13 -> ALAMBRE DE ACERO D. 0,7 MM, DESCARTABLE: SI, PRESENTACION: ROLLO X 500 GR | H15: NO | I15: ='NECESIDADES TRIMESTRALES'!F13 -> UNIDAD | J15: ='NECESIDADES TRIMESTRALES'!H13 -> 7450 | K15: ='NECESIDADES TRIMESTRALES'!G13 -> 2 | L15: =+J15*K15 -> 14900 | M15: =+J15*K15 -> 14900
A16: 5 | C16: ='NECESIDADES TRIMESTRALES'!E14 -> ALAMBRE DE ACERO D. 0,8 MM; DESCARTABLE: SI, PRESENTACION: ROLLO X 100 GR | H16: NO | I16: ='NECESIDADES TRIMESTRALES'!F14 -> UNIDAD | J16: ='NECESIDADES TRIMESTRALES'!H14 -> 880 | K16: ='NECESIDADES TRIMESTRALES'!G14 -> 2 | L16: =+J16*K16 -> 1760 | M16: =+J16*K16 -> 1760
A17: 6 | C17: ='NECESIDADES TRIMESTRALES'!E15 -> ALAMBRE DE ACERO D. 0,9 MM, DESCARTABLE: SI, PRESENTACION: ROLLO X 500 GR | H17: NO | I17: ='NECESIDADES TRIMESTRALES'!F15 -> UNIDAD | J17: ='NECESIDADES TRIMESTRALES'!H15 -> 7450 | K17: ='NECESIDADES TRIMESTRALES'!G15 -> 2 | L17: =+J17*K17 -> 14900 | M17: =+J17*K17 -> 14900
A18: 7 | C18: ='NECESIDADES TRIMESTRALES'!E16 -> ALAMBRE DE ACERO D.1 MM, DESCARTABLE: SI, PRESENTACION: ROLLO X 50 GR | H18: NO | I18: ='NECESIDADES TRIMESTRALES'!F16 -> UNIDAD | J18: ='NECESIDADES TRIMESTRALES'!H16 -> 880 | K18: ='NECESIDADES TRIMESTRALES'!G16 -> 1 | L18: =+J18*K18 -> 880 | M18: =+J18*K18 -> 880
A19: 8 | C19: ='NECESIDADES TRIMESTRALES'!E17 -> ALGODONES; TIPO: ROLLO P/ODONTOLOGIA, PRESENTACION: ENVASE X 500 UN | H19: NO | I19: ='NECESIDADES TRIMESTRALES'!F17 -> BOLSA | J19: ='NECESIDADES TRIMESTRALES'!H17 -> 655 | K19: ='NECESIDADES TRIMESTRALES'!G17 -> 500 | L19: =+J19*K19 -> 327500 | M19: =+J19*K19 -> 327500
A20: 9 | C20: ='NECESIDADES TRIMESTRALES'!E18 -> ALICATE UNIVERSAL, DESCARTABLE: NO, PRESENTACION: UNIDAD | H20: NO | I20: ='NECESIDADES TRIMESTRALES'!F18 -> UNIDAD | J20: ='NECESIDADES TRIMESTRALES'!H18 -> 1450 | K20: ='NECESIDADES TRIMESTRALES'!G18 -> 20 | L20: =+J20*K20 -> 29000 | M20: =+J20*K20 -> 29000
A21: 10 | C21: ='NECESIDADES TRIMESTRALES'!E19 -> ANESTESICOS LOCALES; TIPO: ANESTESIA ODONTOLOGICA, DROGA GENERICA: CLORHIDRATO DE CARTICAINA 4%, FORMA FARMACEUTICA: ANESTUBOS, PRESENTACION: ENVASE X 50 ANESTUBOS | H21: NO | I21: ='NECESIDADES TRIMESTRALES'!F19 -> CAJA | J21: ='NECESIDADES TRIMESTRALES'!H19 -> 3360 | K21: ='NECESIDADES TRIMESTRALES'!G19 -> 2000 | L21: =+J21*K21 -> 6720000 | M21: =+J21*K21 -> 6720000
A22: 11 | C22: ='NECESIDADES TRIMESTRALES'!E20 -> ANTISEPTICOS LOCALES P/PERSONA; TIPO: ANTISEPTICO, DROGA GENERICA: EUGENOL, FORMA FARMACEUTICA: LIQUIDO, PRESENTACION: FRASCO X 10 mL | H22: NO | I22: ='NECESIDADES TRIMESTRALES'!F20 -> UNIDAD | J22: ='NECESIDADES TRIMESTRALES'!H20 -> 300 | K22: ='NECESIDADES TRIMESTRALES'!G20 -> 100 | L22: =+J22*K22 -> 30000 | M22: =+J22*K22 -> 30000
A23: 12 | C23: ='NECESIDADES TRIMESTRALES'!E21 -> ANTISEPTICOS LOCALES P/PERSONA; TIPO: MONODROGA, DROGA GENERICA: EDTAC, FORMA FARMACEUTICA: SOLUCION, PRESENTACION: FRASCO X 20 mL | H23: NO | I23: ='NECESIDADES TRIMESTRALES'!F21 -> UNIDAD | J23: ='NECESIDADES TRIMESTRALES'!H21 -> 270 | K23: ='NECESIDADES TRIMESTRALES'!G21 -> 30 | L23: =+J23*K23 -> 8100 | M23: =+J23*K23 -> 8100
... A43: 32 | C43: ='NECESIDADES TRIMESTRALES'!E41 -> CONO GUTAPERCHA 2ªSERIE, DESCARTABLE: SI, PRESENTACION: CAJA X 100 | H43: NO | I43: ='NECESIDADES TRIMESTRALES'!F41 -> CAJA | J43: ='NECESIDADES TRIMESTRALES'!H41 -> 730 | K43: ='NECESIDADES TRIMESTRALES'!G41 -> 30 | L43: =+J43*K43 -> 21900 | M43: =+J43*K43 -> 21900
A44: 33 | C44: ='NECESIDADES TRIMESTRALES'!E42 -> CUCHARITAS DE BLACK DOBLES, DESCARTABLE: NO, PRESENTACION: UNIDAD | H44: NO | I44: ='NECESIDADES TRIMESTRALES'!F42 -> UNIDAD | J44: ='NECESIDADES TRIMESTRALES'!H42 -> 298.5 | K44: ='NECESIDADES TRIMESTRALES'!G42 -> 15 | L44: =+J44*K44 -> 4477.5
A45: 34 | C45: ='NECESIDADES TRIMESTRALES'!E43 -> CURETA DE GRACEY, DESCARTABLE: NO, PRESENTACION: UNIDAD | H45: NO | I45: ='NECESIDADES TRIMESTRALES'!F43 -> UNIDAD | J45: ='NECESIDADES TRIMESTRALES'!H43 -> 1750 | K45: ='NECESIDADES TRIMESTRALES'!G43 -> 50 | L45: =+J45*K45 -> 87500
A46: 35 | C46: ='NECESIDADES TRIMESTRALES'!E44 -> DISCO P/ PULIR, DESCARTABLE: NO, PRESENTACION: UNIDAD | H46: NO | I46: ='NECESIDADES TRIMESTRALES'!F44 -> UNIDAD | J46: ='NECESIDADES TRIMESTRALES'!H44 -> 200 | K46: ='NECESIDADES TRIMESTRALES'!G44 -> 50 | L46: =+J46*K46 -> 10000
A47: 36 | C47: ='NECESIDADES TRIMESTRALES'!E45 -> DISCO P/PULIR COMPOSITE, DESCARTABLE: NO, PRESENTACION: ENVASE X 50 UN | H47: NO | I47: ='NECESIDADES TRIMESTRALES'!F45 -> CAJA | J47: ='NECESIDADES TRIMESTRALES'!H45 -> 9950 | K47: ='NECESIDADES TRIMESTRALES'!G45 -> 20 | L47: =+J47*K47 -> 199000
A48: 37 | C48: ='NECESIDADES TRIMESTRALES'!E46 -> ESPACIADOR P/CONOS GUTA-PERCHA, DESCARTABLE: NO, PRESENTACION: CAJA X 6 | H48: NO | I48: ='NECESIDADES TRIMESTRALES'!F46 -> CAJA | J48: ='NECESIDADES TRIMESTRALES'!H46 -> 1390 | K48: ='NECESIDADES TRIMESTRALES'!G46 -> 50 | L48: =+J48*K48 -> 69500
A49: 38 | C49: ='NECESIDADES TRIMESTRALES'!E47 -> ESPATULA P/CEMENTO DOBLE, DESCARTABLE: NO, PRESENTACION: UNIDAD | H49: NO | I49: ='NECESIDADES TRIMESTRALES'!F47 -> UNIDAD | J49: ='NECESIDADES TRIMESTRALES'!H47 -> 299 | K49: ='NECESIDADES TRIMESTRALES'!G47 -> 150 | L49: =+J49*K49 -> 44850
A50: 39 | C50: ='NECESIDADES TRIMESTRALES'!E48 -> ESPATULA PARA GUTTA, DESCARTABLE: NO, PRESENTACION: UNIDAD | H50: NO | I50: ='NECESIDADES TRIMESTRALES'!F48 -> UNIDAD | J50: ='NECESIDADES TRIMESTRALES'!H48 -> 299 | K50: ='NECESIDADES TRIMESTRALES'!G48 -> 50 | L50: =+J50*K50 -> 14950
A51: 40 | C51: ='NECESIDADES TRIMESTRALES'!E49 -> ESPEJOS BUCALES; PRESENTACION: ENVASE X 12 UN | H51: NO | I51: ='NECESIDADES TRIMESTRALES'!F49 -> CAJA | J51: ='NECESIDADES TRIMESTRALES'!H49 -> 1600 | K51: ='NECESIDADES TRIMESTRALES'!G49 -> 500 | L51: =+J51*K51 -> 800000
A52: 41 | C52: ='NECESIDADES TRIMESTRALES'!E50 -> ESPONJAS; MATERIAL: POLIESTER, USO: ODONTOLOGICO, ADITAMENTO: CON, FORMA: REDONDA, LARGO X ANCHO X ESP: DIAMETRO 4 Cm, PRESENTACION: UNIDAD | H52: NO | I52: ='NECESIDADES TRIMESTRALES'!F50 -> UNIDAD | J52: ='NECESIDADES TRIMESTRALES'!H50 -> 26 | K52: ='NECESIDADES TRIMESTRALES'!G50 -> 50 | L52: =+J52*K52 -> 1300
A53: 42 | C53: ='NECESIDADES TRIMESTRALES'!E51 -> EXPLORADOR CURVO P/EXAMEN BUCA; DESCARTABLE: NO, PRESENTACION: UNIDAD | H53: NO | I53: ='NECESIDADES TRIMESTRALES'!F51 -> UNIDAD | J53: ='NECESIDADES TRIMESTRALES'!H51 -> 202.5 | K53: ='NECESIDADES TRIMESTRALES'!G51 -> 100 | L53: =+J53*K53 -> 20250
A54: 43 | C54: ='NECESIDADES TRIMESTRALES'!E52 -> FIJADORES P/RADIOLOGIA; SENSIBILIDAD: AL VERDE, PROCESO: MANUAL, PROCESO DE UTILIZACION: MANUAL, PRESENTACION: BOTELLA, CAPACIDAD: 480 mL | H54: NO | I54: ='NECESIDADES TRIMESTRALES'!F52 -> BOTELLA | J54: ='NECESIDADES TRIMESTRALES'!H52 -> 540 | K54: ='NECESIDADES TRIMESTRALES'!G52 -> 120 | L54: =+J54*K54 -> 64800
A55: 44 | C55: ='NECESIDADES TRIMESTRALES'!E53 -> FRESAS P/ODONTOLOGIA; MATERIAL: ACERO INOXIDABLE, Nº: 6991, LARGO: CHICA, TIPO: TRONCOCONICA, NUMERO: 6991 | H55: NO | I55: ='NECESIDADES TRIMESTRALES'!F53 -> UNIDAD | J55: ='NECESIDADES TRIMESTRALES'!H53 -> 234.48 | K55: ='NECESIDADES TRIMESTRALES'!G53 -> 20 | L55: =+J55*K55 -> 4689.6
... A97: 86 | C97: ='NECESIDADES TRIMESTRALES'!E95 -> FRESAS P/ODONTOLOGIA; MATERIAL: PIEDRA DE DIAMANTE, NUMERO: SIN, LARGO: STANDAR, TIPO: CILINDRICA FG | H97: NO | I97: ='NECESIDADES TRIMESTRALES'!F95 -> UNIDAD | J97: ='NECESIDADES TRIMESTRALES'!H95 -> 225 | K97: ='NECESIDADES TRIMESTRALES'!G95 -> 20 | L97: =+J97*K97 -> 4500
A98: 87 | C98: ='NECESIDADES TRIMESTRALES'!E96 -> FRESAS P/ODONTOLOGIA; MATERIAL: PIEDRA DE DIAMANTE, NUMERO: SIN, LARGO: STANDAR, TIPO: TRONCOC CORTA GR ULTRA FINO FG | H98: NO | I98: ='NECESIDADES TRIMESTRALES'!F96 -> UNIDAD | J98: ='NECESIDADES TRIMESTRALES'!H96 -> 225 | K98: ='NECESIDADES TRIMESTRALES'!G96 -> 20 | L98: =+J98*K98 -> 4500 | M98: =+J98*K98 -> 4500
A99: 88 | C99: ='NECESIDADES TRIMESTRALES'!E97 -> FRESAS P/ODONTOLOGIA; MATERIAL: PIEDRA DE DIAMANTE, NUMERO: SIN, LARGO: STANDAR, TIPO: TRONCOC LARGA GR ULTRA FINO FG | H99: NO | I99: ='NECESIDADES TRIMESTRALES'!F97 -> UNIDAD | J99: ='NECESIDADES TRIMESTRALES'!H97 -> 225 | K99: ='NECESIDADES TRIMESTRALES'!G97 -> 20 | L99: =+J99*K99 -> 4500 | M99: =+J99*K99 -> 4500
A100: 89 | C100: ='NECESIDADES TRIMESTRALES'!E98 -> FRESAS P/ODONTOLOGIA; MATERIAL: PIEDRA DE DIAMANTE, NUMERO: SIN, LARGO: STANDAR, TIPO: TRONCOCON LARG GRUES FG | H100: NO | I100: ='NECESIDADES TRIMESTRALES'!F98 -> UNIDAD | J100: ='NECESIDADES TRIMESTRALES'!H98 -> 225 | K100: ='NECESIDADES TRIMESTRALES'!G98 -> 20 | L100: =+J100*K100 -> 4500 | M100: =+J100*K100 -> 4500
A101: 90 | C101: ='NECESIDADES TRIMESTRALES'!E99 -> FRESERO P/ODONTOLOGIA, DESCARTABLE: NO, PRESENTACION: UNIDAD | H101: NO | I101: ='NECESIDADES TRIMESTRALES'!F99 -> UNIDAD | J101: ='NECESIDADES TRIMESTRALES'!H99 -> 1290 | K101: ='NECESIDADES TRIMESTRALES'!G99 -> 10 | L101: =+J101*K101 -> 12900 | M101: =+J101*K101 -> 12900
A102: 91 | C102: ='NECESIDADES TRIMESTRALES'!E100 -> GOMAS BLANCAS P/PULIDO, DESCARTABLE: NO, PRESENTACION: UNIDAD | H102: NO | I102: ='NECESIDADES TRIMESTRALES'!F100 -> UNIDAD | J102: ='NECESIDADES TRIMESTRALES'!H100 -> 278.45 | K102: ='NECESIDADES TRIMESTRALES'!G100 -> 80 | L102: =+J102*K102 -> 22276 | M102: =+J102*K102 -> 22276
A103: 92 | C103: ='NECESIDADES TRIMESTRALES'!E101 -> HOJA DE SIERRA PLANA; DESCARTABLE: SI, PRESENTACION: UNIDAD | H103: NO | I103: ='NECESIDADES TRIMESTRALES'!F101 -> UNIDAD | J103: ='NECESIDADES TRIMESTRALES'!H101 -> 290 | K103: ='NECESIDADES TRIMESTRALES'!G101 -> 20 | L103: =+J103*K103 -> 5800 | M103: =+J103*K103 -> 5800
A104: 93 | C104: ='NECESIDADES TRIMESTRALES'!E102 -> IONOMEROS VITREOS; USO: AUTOCURADO, ESTADO: POLVO - LIQUIDO, FORMA DE PRESENTACION: POLVO - LIQUIDO, PRESENTACION: AVIO 10 GRS/ 10 ML | H104: NO | I104: ='NECESIDADES TRIMESTRALES'!F102 -> CAJA | J104: ='NECESIDADES TRIMESTRALES'!H102 -> 2500 | K104: ='NECESIDADES TRIMESTRALES'!G102 -> 50 | L104: =+J104*K104 -> 125000 | M104: =+J104*K104 -> 125000
A105: 94 | C105: ='NECESIDADES TRIMESTRALES'!E103 -> IONOMEROS VITREOS; USO: FOTOCURADO, FORMA DE PRESENTACION: POLVO - LIQUIDO, PRESENTACION: AVIO 5 GRS/ 3 ML | H105: NO | I105: ='NECESIDADES TRIMESTRALES'!F103 -> CAJA | J105: ='NECESIDADES TRIMESTRALES'!H103 -> 5317 | K105: ='NECESIDADES TRIMESTRALES'!G103 -> 50 | L105: =+J105*K105 -> 265850 | M105: =+J105*K105 -> 265850
A106: 95 | C106: ='NECESIDADES TRIMESTRALES'!E104 -> JERINGAS DESCARTABLES CON AGUJA; CAPACIDAD: 20 CM3, USO: ODONTOLOGIA, PRESENTACION: ENVASE X 50 UNIDADES | H106: NO | I106: ='NECESIDADES TRIMESTRALES'!F104 -> CAJA | J106: ='NECESIDADES TRIMESTRALES'!H104 -> 1064.64 | K106: ='NECESIDADES TRIMESTRALES'!G104 -> 400 | L106: =+J106*K106 -> 425856 | M106: =+J106*K106 -> 425856
A107: 96 | C107: ='NECESIDADES TRIMESTRALES'!E105 -> JERINGAS TIPO CARPULE, DESCARTABLE: NO, PRESENTACION: UNIDAD | H107: NO | I107: ='NECESIDADES TRIMESTRALES'!F105 -> UNIDAD | J107: ='NECESIDADES TRIMESTRALES'!H105 -> 1545 | K107: ='NECESIDADES TRIMESTRALES'!G105 -> 300 | L107: =+J107*K107 -> 463500 | M107: =+J107*K107 -> 463500
A108: 97 | C108: ='NECESIDADES TRIMESTRALES'!E106 -> JERINGAS TRIPLES METALICAS, DESCARTABLE: NO, PRESENTACION: UNIDAD | H108: NO | I108: ='NECESIDADES TRIMESTRALES'!F106 -> UNIDAD | J108: ='NECESIDADES TRIMESTRALES'!H106 -> 3968.28 | K108: ='NECESIDADES TRIMESTRALES'!G106 -> 10 | L108: =+J108*K108 -> 39682.8 | M108: =+J108*K108 -> 39682.8
A109: 98 | C109: ='NECESIDADES TRIMESTRALES'!E107 -> JUEGO DE FORCEPS ADULTO P/MICROCIRUGIAS; USO: ODONTOLOGIA, TIPO: EXTRACCION, MATERIAL: ACERO QUIRURGICO, PRESENTACION: ESTUCHE X 10 UNIDADES | H109: NO | I109: ='NECESIDADES TRIMESTRALES'!F107 -> ESTUCHE | J109: ='NECESIDADES TRIMESTRALES'!H107 -> 14513.7 | K109: ='NECESIDADES TRIMESTRALES'!G107 -> 10 | L109: =+J109*K109 -> 145137 | M109: =+J109*K109 -> 145137
... A124: 113 | C124: ='NECESIDADES TRIMESTRALES'!E122 -> LIMAS P/ODONTOLOGIA; MATERIAL: ACERO INOXIDABLE, NUMERO: 40, LARGO: 21 Cm, TIPO: LISA, PRESENTACION: ENVASE X 6 UNIDADES | H124: NO | I124: ='NECESIDADES TRIMESTRALES'!F122 -> BLISTER | J124: ='NECESIDADES TRIMESTRALES'!H122 -> 1150 | K124: ='NECESIDADES TRIMESTRALES'!G122 -> 23 | L124: =+J124*K124 -> 26450 | M124: =+J124*K124 -> 26450
A125: 114 | C125: ='NECESIDADES TRIMESTRALES'!E123 -> LIMAS P/ODONTOLOGIA; MATERIAL: ACERO INOXIDABLE, NUMERO: 45 AL 80, LARGO: 21 mm, TIPO: HEDSTROEM, PRESENTACION: ENVASE X 6 UNIDADES | H125: NO | I125: ='NECESIDADES TRIMESTRALES'!F123 -> BLISTER | J125: ='NECESIDADES TRIMESTRALES'!H123 -> 1150 | K125: ='NECESIDADES TRIMESTRALES'!G123 -> 23 | L125: =+J125*K125 -> 26450
A126: 115 | C126: ='NECESIDADES TRIMESTRALES'!E124 -> LIMAS P/ODONTOLOGIA; MATERIAL: ACERO INOXIDABLE, NUMERO: 45 AL 80, LARGO: 21 mm, TIPO: K, PRESENTACION: ENVASE X 6 UNIDADES | H126: NO | I126: ='NECESIDADES TRIMESTRALES'!F124 -> BLISTER | J126: ='NECESIDADES TRIMESTRALES'!H124 -> 1150 | K126: ='NECESIDADES TRIMESTRALES'!G124 -> 23 | L126: =+J126*K126 -> 26450
A127: 116 | C127: ='NECESIDADES TRIMESTRALES'!E125 -> LIMAS P/ODONTOLOGIA; MATERIAL: ACERO INOXIDABLE, NUMERO: 45 AL 80, LARGO: 25 mm, TIPO: HEDSTROEM, PRESENTACION: ENVASE X 6 UNIDADES | H127: NO | I127: ='NECESIDADES TRIMESTRALES'!F125 -> BLISTER | J127: ='NECESIDADES TRIMESTRALES'!H125 -> 1150 | K127: ='NECESIDADES TRIMESTRALES'!G125 -> 23 | L127: =+J127*K127 -> 26450
A128: 117 | C128: ='NECESIDADES TRIMESTRALES'!E126 -> LIMAS P/ODONTOLOGIA; MATERIAL: ACERO INOXIDABLE, NUMERO: 45 AL 80, LARGO: 25 mm, TIPO: K, PRESENTACION: ENVASE X 6 UNIDADES | H128: NO | I128: ='NECESIDADES TRIMESTRALES'!F126 -> BLISTER | J128: ='NECESIDADES TRIMESTRALES'!H126 -> 1150 | K128: ='NECESIDADES TRIMESTRALES'!G126 -> 23 | L128: =+J128*K128 -> 26450
A129: 118 | C129: ='NECESIDADES TRIMESTRALES'!E127 -> LIMAS P/ODONTOLOGIA; MATERIAL: CARBURO DE TUNGSTENO, NUMERO: 15 - 40, LARGO: 25 mm, TIPO: HEDSTRONG, PRESENTACION: ENVASE X 6 UNIDADES | H129: NO | I129: ='NECESIDADES TRIMESTRALES'!F127 -> BLISTER | J129: ='NECESIDADES TRIMESTRALES'!H127 -> 1150 | K129: ='NECESIDADES TRIMESTRALES'!G127 -> 23 | L129: =+J129*K129 -> 26450
A130: 119 | C130: ='NECESIDADES TRIMESTRALES'!E128 -> LIMAS P/ODONTOLOGIA; MATERIAL: CARBURO DE TUNGSTENO, NUMERO: 15/40, LARGO: 31 mm, TIPO: K, PRESENTACION: ENVASE X 6 UNIDADES | H130: NO | I130: ='NECESIDADES TRIMESTRALES'!F128 -> BLISTER | J130: ='NECESIDADES TRIMESTRALES'!H128 -> 1150 | K130: ='NECESIDADES TRIMESTRALES'!G128 -> 23 | L130: =+J130*K130 -> 26450
A131: 120 | C131: ='NECESIDADES TRIMESTRALES'!E129 -> LIMAS P/ODONTOLOGIA; MATERIAL: CARBURO DE TUNGSTENO, NUMERO: 45/80, LARGO: 25 mm, TIPO: K, PRESENTACION: ENVASE X 6 UNIDADES | H131: NO | I131: ='NECESIDADES TRIMESTRALES'!F129 -> BLISTER | J131: ='NECESIDADES TRIMESTRALES'!H129 -> 1150 | K131: ='NECESIDADES TRIMESTRALES'!G129 -> 23 | L131: =+J131*K131 -> 26450
A132: 121 | C132: ='NECESIDADES TRIMESTRALES'!E130 -> MANGO PARA ESPEJO BUCAL, DESCARTABLE: NO, PRESENTACION: UNIDAD | H132: NO | I132: ='NECESIDADES TRIMESTRALES'!F130 -> UNIDAD | J132: ='NECESIDADES TRIMESTRALES'!H130 -> 210 | K132: ='NECESIDADES TRIMESTRALES'!G130 -> 100 | L132: =+J132*K132 -> 21000
A133: 122 | C133: ='NECESIDADES TRIMESTRALES'!E131 -> MANGOS DE BISTURI; TIPO: MANGO DE BISTURI, USO: ODONTOLOGICO, CUERPO: 147 dBV/mPa , CAMBIAR HOJAS: SI, NUMERO: 15, MATERIAL DEL CUERPO: 147 dBV/mPa , MATERIAL: METAL | H133: NO | I133: ='NECESIDADES TRIMESTRALES'!F131 -> UNIDAD | J133: ='NECESIDADES TRIMESTRALES'!H131 -> 250 | K133: ='NECESIDADES TRIMESTRALES'!G131 -> 50 | L133: =+J133*K133 -> 12500
A134: 123 | C134: ='NECESIDADES TRIMESTRALES'!E132 -> MATRIZ METALICA, DESCARTABLE: NO, PRESENTACION: UNIDAD | H134: NO | I134: ='NECESIDADES TRIMESTRALES'!F132 -> UNIDAD | J134: ='NECESIDADES TRIMESTRALES'!H132 -> 870 | K134: ='NECESIDADES TRIMESTRALES'!G132 -> 10 | L134: =+J134*K134 -> 8700
A135: 124 | C135: ='NECESIDADES TRIMESTRALES'!E133 -> MECHA FLAMEADOR, DESCARTABLE: SI, PRESENTACION: UNIDAD | H135: NO | I135: ='NECESIDADES TRIMESTRALES'!F133 -> UNIDAD | J135: ='NECESIDADES TRIMESTRALES'!H133 -> 20 | K135: ='NECESIDADES TRIMESTRALES'!G133 -> 20 | L135: =+J135*K135 -> 400
A136: 125 | C136: ='NECESIDADES TRIMESTRALES'!E134 -> MICROBRUSH, DESCARTABLE: SI, PRESENTACION: ENVASE X 100 UN | H136: NO | I136: ='NECESIDADES TRIMESTRALES'!F134 -> CAJA | J136: ='NECESIDADES TRIMESTRALES'!H134 -> 520 | K136: ='NECESIDADES TRIMESTRALES'!G134 -> 20 | L136: =+J136*K136 -> 10400
... A164: 153 | C164: ='NECESIDADES TRIMESTRALES'!E162 -> YESO EN POLVO; USO: ODONTOLOGICO, TIPO: TALLER, PRESENTACION: BOLSA, PESO: 25 Kg | H164: NO | I164: ='NECESIDADES TRIMESTRALES'!F162 -> BOLSA | J164: ='NECESIDADES TRIMESTRALES'!H162 -> 3690 | K164: ='NECESIDADES TRIMESTRALES'!G162 -> 25 | L164: =+J164*K164 -> 92250
A166: Costo total estimado: QUINCE MILLONES NOVECIENTOS DIEZ MIL CUATRO CON 80/100 | J166: =+L166 -> 15910005 | L166: =SUM(L12:L165) -> 15910005 | M166: =SUM(M12:M165) -> 12108419

Sheet APG ODONTOLOGIA
A1: EJERCICIO: | D1: 2021 | P1: AUTORIZACION PARA GASTAR
A4: JURISDICCIÓN: | G4: ='NOTA DE PEDIDO'!D3 -> 040 - Ministerio de Salud
A5: SAF: | G5: ='NOTA DE PEDIDO'!D4 -> 011 - Direccion Provincial de Administración - Ministerio de Salud
A6: UNIDAD EJECUTORA: | G6: ='NOTA DE PEDIDO'!D5 -> 470 - DIRECCION PROVINCIAL DE ODONTOLOGIA
A7: DEPENDENCIA SOLICITANTE: | G7: ='NOTA DE PEDIDO'!D6 -> 470 - DIRECCION PROVINCIAL DE ODONTOLOGIA
A8: AUTORIZACIÓN:
A9: Señor Jefe de Servicio Administrativo Financiero:
A10: Autorizo la realización de los trámites correspondientes, a fin de proveer a este Organismo los bienes que se detallan en Nota de pedido y Entrega N° 15/2021, afectando la erogación resultante a los créditos presupuestarios aprobados a favor de esta Unidad Ejecutora, conforme al siguiente detalle:
A12: IMPUTACIÓN PRESUPUESTARIA
A13: CÓDIGO | O13: DENOMINACIÓN DE LA PARTIDA PRESUPUESTARIA | Q13: IMPORTE
A14: PR | B14: SB | C14: PY | D14: AC | E14: OB | F14: UG | G14: FIN | H14: FUN | I14: I | J14: P | K14: P | L14: SubP | M14: M | N14: FF
A15: 29 | D15: 1 | F15: 4901 | G15: 3 | H15: 1 | I15: 2 | J15: 5 | K15: 2 | M15: 1 | N15: 1.1 | O15: Productos Farmacéuticos y Medicinales | Q15: ='NECESIDADES TRIMESTRALES'!M163 -> 8647125
A16: 29 | D16: 1 | F16: 4901 | G16: 3 | H16: 1 | I16: 2 | J16: 5 | K16: 9 | M16: 1 | N16: 1.1 | O16: Otro NEP | Q16: ='NECESIDADES TRIMESTRALES'!O163 -> 412650
A17: 29 | D17: 1 | F17: 4901 | G17: 3 | H17: 1 | I17: 2 | J17: 6 | K17: 5 | M17: 1 | N17: 1.1 | O17: Cemento, cal y yeso | Q17: ='NECESIDADES TRIMESTRALES'!N163 -> 191500
A18: 29 | D18: 1 | F18: 4901 | G18: 3 | H18: 1 | I18: 2 | J18: 9 | K18: 5 | M18: 1 | N18: 1.1 | O18: Utiles menores medicos, quirurgicos y de laboratorio | Q18: ='NECESIDADES TRIMESTRALES'!L163 -> 6658729.8
A23: TOTAL DE PESOS: QUINCE MILLONES NOVECIENTOS DIEZ MIL CUATRO CON 80/100.- | Q23: =SUM(Q15:Q22) -> 15910005
A25: JUSTIFICACIÓN:
A26: ='NOTA DE PEDIDO'!D8 -> Adquisicion del RUBRO INSUMOS DE ODONTOLOGIA
