Workbook

Sheet Necesidades Trimestrales
B2: Pedido de Necesidades Trimestrales
A4: JURISDICCION: | C4: 40- Ministerio de Salud
A5: SAF N°: | C5: 28- Maternidad Provincial 25 de Mayo
A6: EJERCICIO: | C6: 2022
A7: TRIMESTRE: | C7: 3
A9: ID | B9: CODIGO ITEM | C9: RUBRO DE COMPRA | D9: I.P.P. | E9: DESCRIPCION | F9: UNIDAD DE MEDIDA | G9: CANTIDAD | H9: PRECIO UNITARIO ESTIMADO | I9: IMPORTE TOTAL ESTIMADO
A10: 1 | B10: 2.2.3-917.25 | C10: INDUMENT TEXTIL Y CONFECCIONES | D10: =LEFT(B10,5) -> 2.2.3 | E10: CUBRECAMA; TIPO: ACOLCHADO, TAMAÑO: 1 1/2 PLAZA, MATERIAL: ALGODON Y POLIESTER | F10: UNIDAD | G10: 150 | H10: 6490 | I10: =+H10*G10 -> 973500
A11: 2 | B11: 2.2.3-942.98 | C11: INDUMENT TEXTIL Y CONFECCIONES | D11: =LEFT(B11,5) -> 2.2.3 | E11: TOALLAS DE TELA: MEDIDAS 0,80 x 1,50M | F11: UNIDAD | G11: 30 | H11: 2600 | I11: =+H11*G11 -> 78000
A12: 3 | B12: 2.2.3-923.7 | C12: INDUMENT TEXTIL Y CONFECCIONES | D12: =LEFT(B12,5) -> 2.2.3 | E12: SABANAS; TELA: ALGODON C/POLIESTER, CONJUNTO: SUPERIOR,INFERIOR Y FUNDA, TAMAÑO: 1 1/2 PLAZA | F12: UNIDAD | G12: 300 | H12: 6560 | I12: =+H12*G12 -> 1968000
B30: Especificidades Item N° 1:
B32: Descripción técnica
C33: Cubrecama tipo Nido de Abeja Blanco, composicion: 70% Algodón 30% Poliéster, Medidas: Minimo 1 Plaza y Media (1,60 x 2,40)
B34: Plazos y lugares de entrega | D34: 10(diez) dias habiles
C36: SERVICIO DE ENFERMERIA-MATERNIDAD PROVINCIAL 25 DE MAYO - HERNANDO DE PEDRAZA 1500
B37: Calidad Minima esperada
B39: Mantenimiento
C40: 30(treinta) dias habiles
B41: Garantia
B45: Especificidades Item N° 2:
B47: Descripción técnica
C48: COLOR: AZUL, MOTIVO: LISA, CALIDAD 100% ALGODON ,500 gr/m2 de puro ALGODÓN, es calidad PREMIUM.
B50: Plazos y lugares de entrega | D50: 10(diez) dias habiles
C51: SERVICIO DE ENFERMERIA-MATERNIDAD PROVINCIAL 25 DE MAYO - HERNANDO DE PEDRAZA 1500
B53: Calidad Minima esperada
B55: Mantenimiento | D55: 30 (treinta) dias habiles
B57: Garantia
B61: Especificidades Item N° 3:
B63: Descripción técnica
C65: SABANAS BLANCAS; CONJUNTO: SUPERIOR, INFERIOR Y FUNDA, TELA: ALGODON PEINADO 80 % C/POLIESTER 20%, 180 HILOS, TAMAÑO: MINIMO 1 1/2 PLAZA, MEDIDAS: SABANA SUPERIOR MINIMO DE 1.70 X 2,50 cm, SABANA INFERIOR AJUSTABLE MINIMO 90 CM X 2,0 0 CM Y 30 CM DE ALTURA, FUNDA: MINIMO 50 X 70 80CM .
B67: Plazos y lugares de entrega | D67: 10(diez) dias habiles
C68: SERVICIO DE ENFERMERIA-MATERNIDAD PROVINCIAL 25 DE MAYO - HERNANDO DE PEDRAZA 1500
B70: Calidad Minima esperada
B72: Mantenimiento | D72: 30(treinta) dias habiles
B74: Garantia

Sheet  NotaPedido
A1: NOTA DE PEDIDO | J1: N°
A3: JURISDICCIÓN: | D3: ='Necesidades Trimestrales'!C4 -> 40- Ministerio de Salud
A4: SAF: | D4: ='Necesidades Trimestrales'!C5 -> 28- Maternidad Provincial 25 de Mayo
A5: UNIDAD EJECUTORA: | D5: 169-Direccion Asistencial
A6: DEPENDENCIA SOLICITANTE: | D6: División de Enfermería
A7: PERIODO UTILIZACIÓN: | D7: 3er trimestre 2022
A8: OBJETO: | D8: Adquisicion de Confecciones Textiles ( cubrecama, sabanas y toallas)
A10: Ítem | B10: Codigo Item | C10: DESCRIPCIÓN | H10: Adjunta Detalle Técnico | I10: Unidad Medida | J10: Precio Unitario Estimado | K10: Cantidad Solicitada
A12: 1 | B12: =+'Necesidades Trimestrales'!B10 -> 2.2.3-917.25 | C12: =+'Necesidades Trimestrales'!E10 -> CUBRECAMA; TIPO: ACOLCHADO, TAMAÑO: 1 1/2 PLAZA, MATERIAL: ALGODON Y POLIESTER | H12: SI | I12: ='Necesidades Trimestrales'!F10 -> UNIDAD | J12: =+'Necesidades Trimestrales'!H10 -> 6490 | K12: =+'Necesidades Trimestrales'!G10 -> 150
A13: 2 | B13: =+'Necesidades Trimestrales'!B11 -> 2.2.3-942.98 | C13: =+'Necesidades Trimestrales'!E11 -> TOALLAS DE TELA: MEDIDAS 0,80 x 1,50M | H13: SI | I13: ='Necesidades Trimestrales'!F11 -> UNIDAD | J13: =+'Necesidades Trimestrales'!H11 -> 2600 | K13: =+'Necesidades Trimestrales'!G11 -> 30
A14: 3 | B14: =+'Necesidades Trimestrales'!B12 -> 2.2.3-923.7 | C14: =+'Necesidades Trimestrales'!E12 -> SABANAS; TELA: ALGODON C/POLIESTER, CONJUNTO: SUPERIOR,INFERIOR Y FUNDA, TAMAÑO: 1 1/2 PLAZA | H14: SI | I14: ='Necesidades Trimestrales'!F12 -> UNIDAD | J14: =+'Necesidades Trimestrales'!H12 -> 6560 | K14: =+'Necesidades Trimestrales'!G12 -> 300
A15: Costo total estimado: TRES MILLONES DIECINUEVE MIL QUINIENTOS CON 00/100 | J15: =SUMPRODUCT(J12:J14*K12:K14) -> 3019500

Sheet Autor Gastar
A1: EJERCICIO: | D1: ='Necesidades Trimestrales'!C6 -> 2022 | P1: AUTORIZACION PARA GASTAR
A4: JURISDICCIÓN: | G4: =' NotaPedido'!D3 -> 40- Ministerio de Salud
A5: SAF: | G5: =' NotaPedido'!D4 -> 28- Maternidad Provincial 25 de Mayo
A6: UNIDAD EJECUTORA: | G6: =' NotaPedido'!D5 -> 169-Direccion Asistencial
A7: DEPENDENCIA SOLICITANTE: | G7: =' NotaPedido'!D6 -> División de Enfermería
A8: AUTORIZACIÓN:
A9: Señor Jefe de Servicio Administrativo Financiero:
A10: Autorizo a la realizacion de los tramites correspondientes a fin de proveer a este organismolos bienes y / o servicios que se detallan en NOTA de pedido N° /2022 afectando la erogacion resultante a los creditos presupuestarios aprobados a favor de esta unidad ejecutora, conform al siguiente detalle.
A12: IMPUTACIÓN PRESUPUESTARIA
A13: CÓDIGO | O13: DENOMINACIÓN DE LA PARTIDA PRESUPUESTARIA | Q13: IMPORTE
A14: PR | B14: SB | C14: PY | D14: AC | E14: OB | F14: UG | G14: FIN | H14: FUN | I14: I | J14: P | K14: P | L14: SubP | M14: M | N14: FF
A15: 42 | D15: 2 | F15: 4901 | G15: 3 | H15: 1 | I15: 2 | J15: 2 | K15: 3 | N15: 1.1 | O15: Confecciones Textiles | Q15: 3019500
A16: TOTAL DE PESOS: TRES MILLONES DIECINUEVE MIL QUINIENTOS CON 00/100. | Q16: =SUM(Q15:Q15) -> 3019500
A18: JUSTIFICACIÓN:
A19: Para la adquisición de Cubrecamas, sabanas y toallas,destinado a la atencion de pacientes que ingresan a nuestra Institucion
