Workbook

Sheet INFORMATICA
B2: Pedido de Necesidades Trimestrales
A4: JURISDICCION: | C4: 12 - Ministerio de Trabajo
A5: SAF N°: | C5: 22 - SECRETARIA DE ADMINISTRACION - MINISTERIO DE TRABAJO Y RECURSOS HUMANOS
A6: EJERCICIO: | C6: 2021
A7: TRIMESTRE: | C7: 2
A9: ID | B9: CODIGO ITEM | C9: RUBRO DE COMPRA | D9: I.P.P. | E9: DESCRIPCION | F9: UNIDAD DE MEDIDA | G9: CANTIDAD | H9: PRECIO UNITARIO ESTIMADO | I9: IMPORTE TOTAL ESTIMADO
A10: 1 | B10: 4.3.6-6169.28 | C10: INFORMATICA | D10: =+LEFT(B10,5) -> 4.3.6 | E10: MONITORES; TIPO: ESTANDAR, CODIGO ETAP: MN-001, VERSION ETAP: INVIERNO 2005 (V 12.0) | F10: UNIDAD | G10: 50 | H10: 13779 | I10: =+H10*G10 -> 688950
A11: 2 | B11: 4.3.6-6160.4 | C11: INFORMATICA | D11: =+LEFT(B11,5) -> 4.3.6 | E11: COMPUTADORAS; CODIGO ETAP: PC-004, TIPO: DE ESCRITORIO AVANZADA, VERSION ETAP: VERANO 2001( V 6.0 ) | F11: UNIDAD | G11: 50 | H11: 81858 | I11: =+H11*G11 -> 4092900
A12: 3 | B12: 4.3.6-6160.216 | C12: INFORMATICA | E12: COMPUTADORAS; TIPO: NOTEBOOK BASICA, CODIGO ETAP: PC-006, VERSION ETAP: 23.0 | F12: UNIDAD | G12: 7 | H12: 69999 | I12: =+H12*G12 -> 489993
A13: COSTO ESTIMADO TOTAL: CINCO MILLONES DOSCIENTOS SETENTA Y UN MIL OCHOCIENTOS CUERENTA Y TRES CON 00/100 | I13: =SUM(I10:I12) -> 5271843
B16: Especificidades Ítem N° 01:
B18: Descripción técnica
C19: Pantalla LED - Resolución mínima: HD - relación de aspecto 16:9 - tamaño de panel 19 ¨ - similar a Monitor LG 19M38A led 19" negro 100V/240V
B20: Especificidades Ítem N° 02:
B22: Descripción técnica
C23: Gabinete ATX - 16gb de RAM DDR4 - Ssd 480gb - CPU similar a Intel I5 10400 - sistema operativo Windows 10 o superior - con kit teclado y mouse - similar a Pc CPU Intel Core I5 10400 16gb Ssd 480gb Wifi Hs25 que incluya: Parlantes portátiles conexión y alimentación USB - similar a Parlantes Pc Noga Ng-106. PLACAS DE RED; TIPO: PLACA WIFI EXTERNA P/USB, Características similar a Placa De Red USB Wifi Tp-link Adaptador Tl-wn722n 150mbps
B24: Especificidades Ítem N° 03:
B26: Descripción técnica
C27: Características similares a Notebook Hp Amd Ryzen 3 3250u 4gb 128gb Ssd Windows 10
B30: Calidad Mínima esperada
C31: Que Cumpla con lo Solicitado de Forma Integra.
B32: Mantenimiento
C33: 30 (treinta) días
B34: Garantía
C35: GARANTIA: El oferente deberá Indicar expresamente los términos de la garantía en los bienes ofrecidos como así también en las condiciones dadas por sus fabricantes y alcances de las mismas, como se detalla a continuación: 1) Extender el periodo de garantía del equipamiento contra eventuales defectos de fabricación, debidamente comprobados por un periodo de 12 (DOCE) meses. 2) Dentro del periodo de garantía las piezas o componentes que se comprueben a juicio de nuestros técnicos que presenten defectos de fabricación o fallas en su funcionamiento, deberán ser reparadas o sustituidas en parte o en su totalidad por el oferente, dejando constancia de su reparación o reemplazo. 3) Los periféricos como Mouse, parlantes y teclados, tienen una garantía de 06 (SEIS) meses desde la fecha de recepción definitiva de los mismos. 4) Los productos deben presentarse con su embalaje original y con todos sus accesorios (caja, manual, cables, drivers, etc.), sin daños físicos ni quemaduras, los cuales anulan la garantía. La garantía debe contemplar específicamente el reemplazo de microprocesador, placa madre o motherboard, módulos de memoria RAM, en caso de fallas propias de fabricación, debidamente comprobables, dentro de un plazo de 12 (meses) a partir del día de la recepción definitiva de los bienes.

Sheet  NotaPedido
A1: NOTA DE PEDIDO | J1: N° | K1: 30/2021
A3: JURISDICCIÓN: | D3: =+INFORMATICA!C4 -> 12 - Ministerio de Trabajo
A4: SAF: | D4: =+INFORMATICA!C5 -> 22 - SECRETARIA DE ADMINISTRACION - MINISTERIO DE TRABAJO Y RECURSOS HUMANOS
A5: UNIDAD EJECUTORA: | D5: Ministerio de Trabajo y Recursos Humanos
A6: DEPENDENCIA SOLICITANTE: | D6: Ministerio de Trabajo y Recursos Humanos
A7: PERIODO UTILIZACIÓN: | D7: 5 años
A8: OBJETO: | D8: Adquisición de Computadoras mas los implementos informaticos para este Ministerio.
A10: Ítem | B10: Codigo Item | C10: DESCRIPCIÓN | H10: Adjunta Detalle Técnico | I10: Unidad Medida | J10: Precio Unitario Estimado | K10: Cantidad Solicitada
A12: 1 | B12: =+INFORMATICA!B10 -> 4.3.6-6169.28 | C12: =+INFORMATICA!E10 -> MONITORES; TIPO: ESTANDAR, CODIGO ETAP: MN-001, VERSION ETAP: INVIERNO 2005 (V 12.0) | H12: SI | I12: UNIDAD | J12: =+INFORMATICA!H10 -> 13779 | K12: =+INFORMATICA!G10 -> 50
A13: 2 | B13: =+INFORMATICA!B11 -> 4.3.6-6160.4 | C13: =+INFORMATICA!E11 -> COMPUTADORAS; CODIGO ETAP: PC-004, TIPO: DE ESCRITORIO AVANZADA, VERSION ETAP: VERANO 2001( V 6.0 ) | H13: SI | I13: UNIDAD | J13: =+INFORMATICA!H11 -> 81858 | K13: =+INFORMATICA!G11 -> 50
A14: 3 | B14: =+INFORMATICA!B12 -> 4.3.6-6160.216 | C14: =+INFORMATICA!E12 -> COMPUTADORAS; TIPO: NOTEBOOK BASICA, CODIGO ETAP: PC-006, VERSION ETAP: 23.0 | H14: SI | I14: UNIDAD | J14: =+INFORMATICA!H12 -> 69999 | K14: =+INFORMATICA!G12 -> 7
A15: =+INFORMATICA!A13 -> COSTO ESTIMADO TOTAL: CINCO MILLONES DOSCIENTOS SETENTA Y UN MIL OCHOCIENTOS CUERENTA Y TRES CON 00/100 | J15: =+INFORMATICA!I13 -> 5271843

Sheet Autor Gastar
A1: EJERCICIO: | D1: =+INFORMATICA!C6 -> 2021 | P1: AUTORIZACION PARA GASTAR
A4: JURISDICCIÓN: | G4: =' NotaPedido'!D3 -> 12 - Ministerio de Trabajo
A5: SAF: | G5: =' NotaPedido'!D4 -> 22 - SECRETARIA DE ADMINISTRACION - MINISTERIO DE TRABAJO Y RECURSOS HUMANOS
A6: UNIDAD EJECUTORA: | G6: Ministerio de Trabajo y Recursos Humanos
A7: DEPENDENCIA SOLICITANTE: | G7: =' NotaPedido'!D6 -> Ministerio de Trabajo y Recursos Humanos
A8: AUTORIZACIÓN:
A9: Señor Jefe de Servicio Administrativo Financiero:
A10: ="Autorizo la realización de los trámites correspondientes, a fin de proveer a este Organismo los bienes y/o servicios que se detallan en Nota de Pedido N° " & ' NotaPedido'!K1&", afectando la erogación resultante a los créditos presupuestarios aprobados a favor de esta Unidad Ejecutora, conforme al siguiente detalle:" -> Autorizo la realización de los trámites correspondientes, a fin de proveer a este Organismo los bienes y/o servicios que se detallan en Nota de Pedido N° 30/2021, afectando la erogación resultante a los créditos presupuestarios aprobados a favor de esta Unidad Ejecutora, conforme al siguiente detalle:
A12: IMPUTACIÓN PRESUPUESTARIA
A13: CÓDIGO | O13: DENOMINACIÓN DE LA PARTIDA PRESUPUESTARIA | Q13: IMPORTE
A14: PR | B14: SB | C14: PY | D14: AC | E14: OB | F14: UG | G14: FIN | H14: FUN | I14: I | J14: P | K14: P | L14: SubP | M14: M | N14: FF
A15: 1 | B15: 0 | C15: 0 | D15: 1 | E15: 0 | F15: 4901 | G15: 3 | H15: 6 | I15: 4 | J15: 3 | K15: 6 | L15: 0 | M15: 1 | N15: 1.1 | O15: Equipos para Computación | Q15: =+INFORMATICA!I13 -> 5271843
A16: =+' NotaPedido'!A15:I15 -> COSTO ESTIMADO TOTAL: CINCO MILLONES DOSCIENTOS SETENTA Y UN MIL OCHOCIENTOS CUERENTA Y TRES CON 00/100 | Q16: =SUM(Q15:Q15) -> 5271843
A18: JUSTIFICACIÓN:
A19: =' NotaPedido'!D8 -> Adquisición de Computadoras mas los implementos informaticos para este Ministerio.
