Workbook

Sheet Necesidades Trimestrales
B2: Pedido de Necesidades Trimestrales
A4: JURISDICCION: | C4: 040 - Ministerio de Salud
A5: SAF N°: | C5: 28- Maternidad Provincial 25 de Mayo
A6: EJERCICIO: | C6: 2022
A7: TRIMESTRE: | C7: 2
A9: ID | B9: CODIGO ITEM | C9: RUBRO DE COMPRA | D9: I.P.P. | E9: DESCRIPCION | F9: UNIDAD DE MEDIDA | G9: CANTIDAD | H9: PRECIO UNITARIO ESTIMADO | I9: IMPORTE TOTAL ESTIMADO
A10: 1 | B10: 2.5.2-1821.440 | C10: PROD. MEDICO/FARMACEUTICOS/LAB | D10: 252 | E10: ANTIBIOTICOS P/PERSONAS; TIPO: ASOCIACION, DROGA GENERICA: AMOXICIL. 875 MG+CLAVUL.125 MG mGr, FORMA FARMACEUTICA: COMPRIMIDO, PRESENTACION: UNIDAD | F10: COMPRIMIDO | G10: 500 | H10: 29.5 | I10: =+G10*H10 -> 14750
A11: 2 | B11: 2.5.2-1821.389 | C11: PROD. MEDICO/FARMACEUTICOS/LAB | D11: 252 | E11: ANTIBIOTICOS P/PERSONAS; TIPO: ASOCIACION, DROGA GENERICA: AMPICILINA + SULBACTAN, FORMA FARMACEUTICA: FRASCO AMPOLLA, PRESENTACION: ENVASE X 1,5 GR | F11: AMPOLLA | G11: 700 | H11: 138 | I11: =+G11*H11 -> 96600
A12: 3 | B12: 2.5.2-1821.8 | C12: PROD. MEDICO/FARMACEUTICOS/LAB | D12: 252 | E12: ANTIBIOTICOS P/PERSONAS; TIPO: MONODROGA, DROGA GENERICA: AMPICILINA, FORMA FARMACEUTICA: AMPOLLA, PRESENTACION: 1 GR | F12: AMPOLLA | G12: 1000 | H12: 99 | I12: =+G12*H12 -> 99000
A13: 4 | B13: 2.5.2-1821.5 | C13: PROD. MEDICO/FARMACEUTICOS/LAB | D13: 252 | E13: ANTIBIOTICOS P/PERSONAS; TIPO: MONODROGA, DROGA GENERICA: AMPICILINA, FORMA FARMACEUTICA: COMPRIMIDOS, PRESENTACION: 500 mGr | F13: COMPRIMIDO | G13: 80 | H13: 17.08 | I13: =+G13*H13 -> 1366.4
A14: 5 | B14: 2.5.2-1821.502 | C14: PROD. MEDICO/FARMACEUTICOS/LAB | D14: 252 | E14: ANTIBIOTICOS P/PERSONAS; TIPO: MONODROGA, DROGA GENERICA: AZITROMICINA 200 mGr, FORMA FARMACEUTICA: SUSPENSION, PRESENTACION: ENVASE X 15 Ml | F14: FRASCO | G14: 15 | H14: 310 | I14: =+G14*H14 -> 4650
A15: 6 | B15: 2.5.2-1821.94 | C15: PROD. MEDICO/FARMACEUTICOS/LAB | D15: 252 | E15: ANTIBIOTICOS P/PERSONAS; TIPO: MONODROGA, DROGA GENERICA: AZITROMICINA, FORMA FARMACEUTICA: COMPRIMIDO, PRESENTACION: 500 mGr | F15: COMPRIMIDO | G15: 100 | H15: 36 | I15: =+G15*H15 -> 3600
A16: 7 | B16: 2.5.2-1883.188 | C16: PROD. MEDICO/FARMACEUTICOS/LAB | D16: 252 | E16: ANESTESICOS LOCALES; TIPO: MONODROGA, DROGA GENERICA: BUPIVACAINA 0,5% HIPERBARICA, FORMA FARMACEUTICA: AMPOLLA, PRESENTACION: 4 ML CON AGUJA 27 G X 3 1/2 CON INTRODUCTOR | F16: AMPOLLA | G16: 450 | H16: 1420 | I16: =+G16*H16 -> 639000
A17: 8 | B17: 2.5.2-1821.321 | C17: PROD. MEDICO/FARMACEUTICOS/LAB | D17: 252 | E17: ANTIBIOTICOS P/PERSONAS; TIPO: MONODROGA, DROGA GENERICA: CEFALEXINA 500 mGr, FORMA FARMACEUTICA: COMPRIMIDO, PRESENTACION: 1 UN | F17: COMPRIMIDO | G17: 500 | H17: 13.9 | I17: =+G17*H17 -> 6950
A18: 9 | B18: 2.5.2-1821.405 | C18: PROD. MEDICO/FARMACEUTICOS/LAB | D18: 252 | E18: ANTIBIOTICOS P/PERSONAS; TIPO: MONODROGA, DROGA GENERICA: CEFALOTINA SODICA, FORMA FARMACEUTICA: FRASCO AMPOLLA, PRESENTACION: 1 GR | F18: AMPOLLA | G18: 2100 | H18: 145 | I18: =+G18*H18 -> 304500
A19: 10 | B19: 2.5.2-1821.214 | C19: PROD. MEDICO/FARMACEUTICOS/LAB | D19: 252 | E19: ANTIBIOTICOS P/PERSONAS; TIPO: MONODROGA, DROGA GENERICA: CEFTRIAXONA, FORMA FARMACEUTICA: FRASCO AMPOLLA, PRESENTACION: 1 GR | F19: AMPOLLA | G19: 200 | H19: 130 | I19: =+G19*H19 -> 26000
A20: 11 | B20: 2.5.2-1821.387 | C20: PROD. MEDICO/FARMACEUTICOS/LAB | D20: 252 | E20: ANTIBIOTICOS P/PERSONAS; TIPO: MONODROGA, DROGA GENERICA: CIPROFLOXACINA, FORMA FARMACEUTICA: SACHET, PRESENTACION: ENVASE X 200 mGr | F20: SACHET | G20: 20 | H20: 122 | I20: =+G20*H20 -> 2440
A21: 12 | B21: 2.5.2-1724.140 | C21: PROD. MEDICO/FARMACEUTICOS/LAB | D21: 252 | E21: ANALGESICOS ; TIPO: MONODROGA, DROGA GENERICA: DICLOFENAC X 75 MG, FORMA FARMACEUTICA: COMPRIMIDO, PRESENTACION: UNIDAD | F21: COMPRIMIDO | G21: 1000 | H21: 3.05 | I21: =+G21*H21 -> 3050
... A33: 24 | B33: 2.5.2-2455.27 | C33: PROD. MEDICO/FARMACEUTICOS/LAB | D33: 252 | E33: ANESTESICOS GENERALES; DROGA GENERICA: PROPOFOL 200 mGr, FORMA FARMACEUTICA: AMPOLLA, PRESENTACION: ENVASE X 20 mL, TIPO: MONODROGA | F33: AMPOLLA | G33: 250 | H33: 398 | I33: =+G33*H33 -> 99500
B43: Especificidades: ITEMS 1 al 24
B45: Lugar de Entrega: SERVICIO DE FARMACIA DE 08:00 A 13:00HS., DEBIENDO CORRER LOS GASTOS DE FLETES, ACARREO, CARGA, DESCARGA Y SEGURO A CARGO DEL ADJUDICATARIO.
B48: Plazo de entrega: 10 ( DIEZ) DIAS HABILES
B50: Calidad Minima esperada:
B52: Mantenimiento: 45(CUARENTA Y CINCO( DIAS HABILES

Sheet  NotaPedido
A1: NOTA DE PEDIDO | J1: N° | K1: 57/2022
A3: JURISDICCIÓN: | D3: ='Necesidades Trimestrales'!C4 -> 040 - Ministerio de Salud
A4: SAF: | D4: ='Necesidades Trimestrales'!C5 -> 28- Maternidad Provincial 25 de Mayo
A5: UNIDAD EJECUTORA: | D5: 169-Direccion Asistencial
A6: DEPENDENCIA SOLICITANTE: | D6: Servicio de Farmacia
A7: PERIODO UTILIZACIÓN: | D7: Semestral
A8: OBJETO: | D8: Adquisición de TERAPIA ANTIINFECCIOSA SISTEMICA/SUEROS INMUNES E INMUNOGLOBULINAS Y MEDIOS DE CONTRASTES /ANALGESICOS ANTINFLAMATORIOS /MIORRELAJANTES/ANESTESICOS/ANALGESICOS OPIACIOS
A10: Ítem | B10: Codigo Item | C10: DESCRIPCIÓN | H10: Adjunta Detalle Técnico | I10: Unidad Medida | J10: Precio Unitario Estimado | K10: Cantidad Solicitada
A12: =+'Necesidades Trimestrales'!A10 -> 1 | B12: =+'Necesidades Trimestrales'!B10 -> 2.5.2-1821.440 | C12: =+'Necesidades Trimestrales'!E10 -> ANTIBIOTICOS P/PERSONAS; TIPO: ASOCIACION, DROGA GENERICA: AMOXICIL. 875 MG+CLAVUL.125 MG mGr, FORMA FARMACEUTICA: COMPRIMIDO, PRESENTACION: UNIDAD | H12: NO | I12: =+'Necesidades Trimestrales'!F10 -> COMPRIMIDO | J12: =+'Necesidades Trimestrales'!H10 -> 29.5 | K12: =+'Necesidades Trimestrales'!G10 -> 500
A13: =+'Necesidades Trimestrales'!A11 -> 2 | B13: =+'Necesidades Trimestrales'!B11 -> 2.5.2-1821.389 | C13: =+'Necesidades Trimestrales'!E11 -> ANTIBIOTICOS P/PERSONAS; TIPO: ASOCIACION, DROGA GENERICA: AMPICILINA + SULBACTAN, FORMA FARMACEUTICA: FRASCO AMPOLLA, PRESENTACION: ENVASE X 1,5 GR | H13: NO | I13: =+'Necesidades Trimestrales'!F11 -> AMPOLLA | J13: =+'Necesidades Trimestrales'!H11 -> 138 | K13: =+'Necesidades Trimestrales'!G11 -> 700
A14: =+'Necesidades Trimestrales'!A12 -> 3 | B14: =+'Necesidades Trimestrales'!B12 -> 2.5.2-1821.8 | C14: =+'Necesidades Trimestrales'!E12 -> ANTIBIOTICOS P/PERSONAS; TIPO: MONODROGA, DROGA GENERICA: AMPICILINA, FORMA FARMACEUTICA: AMPOLLA, PRESENTACION: 1 GR | H14: NO | I14: =+'Necesidades Trimestrales'!F12 -> AMPOLLA | J14: =+'Necesidades Trimestrales'!H12 -> 99 | K14: =+'Necesidades Trimestrales'!G12 -> 1000
A15: =+'Necesidades Trimestrales'!A13 -> 4 | B15: =+'Necesidades Trimestrales'!B13 -> 2.5.2-1821.5 | C15: =+'Necesidades Trimestrales'!E13 -> ANTIBIOTICOS P/PERSONAS; TIPO: MONODROGA, DROGA GENERICA: AMPICILINA, FORMA FARMACEUTICA: COMPRIMIDOS, PRESENTACION: 500 mGr | H15: NO | I15: =+'Necesidades Trimestrales'!F13 -> COMPRIMIDO | J15: =+'Necesidades Trimestrales'!H13 -> 17.08 | K15: =+'Necesidades Trimestrales'!G13 -> 80
A16: =+'Necesidades Trimestrales'!A14 -> 5 | B16: =+'Necesidades Trimestrales'!B14 -> 2.5.2-1821.502 | C16: =+'Necesidades Trimestrales'!E14 -> ANTIBIOTICOS P/PERSONAS; TIPO: MONODROGA, DROGA GENERICA: AZITROMICINA 200 mGr, FORMA FARMACEUTICA: SUSPENSION, PRESENTACION: ENVASE X 15 Ml | H16: NO | I16: =+'Necesidades Trimestrales'!F14 -> FRASCO | J16: =+'Necesidades Trimestrales'!H14 -> 310 | K16: =+'Necesidades Trimestrales'!G14 -> 15
A17: =+'Necesidades Trimestrales'!A15 -> 6 | B17: =+'Necesidades Trimestrales'!B15 -> 2.5.2-1821.94 | C17: =+'Necesidades Trimestrales'!E15 -> ANTIBIOTICOS P/PERSONAS; TIPO: MONODROGA, DROGA GENERICA: AZITROMICINA, FORMA FARMACEUTICA: COMPRIMIDO, PRESENTACION: 500 mGr | H17: NO | I17: =+'Necesidades Trimestrales'!F15 -> COMPRIMIDO | J17: =+'Necesidades Trimestrales'!H15 -> 36 | K17: =+'Necesidades Trimestrales'!G15 -> 100
A18: =+'Necesidades Trimestrales'!A16 -> 7 | B18: =+'Necesidades Trimestrales'!B16 -> 2.5.2-1883.188 | C18: =+'Necesidades Trimestrales'!E16 -> ANESTESICOS LOCALES; TIPO: MONODROGA, DROGA GENERICA: BUPIVACAINA 0,5% HIPERBARICA, FORMA FARMACEUTICA: AMPOLLA, PRESENTACION: 4 ML CON AGUJA 27 G X 3 1/2 CON INTRODUCTOR | H18: NO | I18: =+'Necesidades Trimestrales'!F16 -> AMPOLLA | J18: =+'Necesidades Trimestrales'!H16 -> 1420 | K18: =+'Necesidades Trimestrales'!G16 -> 450
A19: =+'Necesidades Trimestrales'!A17 -> 8 | B19: =+'Necesidades Trimestrales'!B17 -> 2.5.2-1821.321 | C19: =+'Necesidades Trimestrales'!E17 -> ANTIBIOTICOS P/PERSONAS; TIPO: MONODROGA, DROGA GENERICA: CEFALEXINA 500 mGr, FORMA FARMACEUTICA: COMPRIMIDO, PRESENTACION: 1 UN | H19: NO | I19: =+'Necesidades Trimestrales'!F17 -> COMPRIMIDO | J19: =+'Necesidades Trimestrales'!H17 -> 13.9 | K19: =+'Necesidades Trimestrales'!G17 -> 500
A20: =+'Necesidades Trimestrales'!A18 -> 9 | B20: =+'Necesidades Trimestrales'!B18 -> 2.5.2-1821.405 | C20: =+'Necesidades Trimestrales'!E18 -> ANTIBIOTICOS P/PERSONAS; TIPO: MONODROGA, DROGA GENERICA: CEFALOTINA SODICA, FORMA FARMACEUTICA: FRASCO AMPOLLA, PRESENTACION: 1 GR | H20: NO | I20: =+'Necesidades Trimestrales'!F18 -> AMPOLLA | J20: =+'Necesidades Trimestrales'!H18 -> 145 | K20: =+'Necesidades Trimestrales'!G18 -> 2100
A21: =+'Necesidades Trimestrales'!A19 -> 10 | B21: =+'Necesidades Trimestrales'!B19 -> 2.5.2-1821.214 | C21: =+'Necesidades Trimestrales'!E19 -> ANTIBIOTICOS P/PERSONAS; TIPO: MONODROGA, DROGA GENERICA: CEFTRIAXONA, FORMA FARMACEUTICA: FRASCO AMPOLLA, PRESENTACION: 1 GR | H21: NO | I21: =+'Necesidades Trimestrales'!F19 -> AMPOLLA | J21: =+'Necesidades Trimestrales'!H19 -> 130 | K21: =+'Necesidades Trimestrales'!G19 -> 200
A22: =+'Necesidades Trimestrales'!A20 -> 11 | B22: =+'Necesidades Trimestrales'!B20 -> 2.5.2-1821.387 | C22: =+'Necesidades Trimestrales'!E20 -> ANTIBIOTICOS P/PERSONAS; TIPO: MONODROGA, DROGA GENERICA: CIPROFLOXACINA, FORMA FARMACEUTICA: SACHET, PRESENTACION: ENVASE X 200 mGr | H22: NO | I22: =+'Necesidades Trimestrales'!F20 -> SACHET | J22: =+'Necesidades Trimestrales'!H20 -> 122 | K22: =+'Necesidades Trimestrales'!G20 -> 20
A23: =+'Necesidades Trimestrales'!A21 -> 12 | B23: =+'Necesidades Trimestrales'!B21 -> 2.5.2-1724.140 | C23: =+'Necesidades Trimestrales'!E21 -> ANALGESICOS ; TIPO: MONODROGA, DROGA GENERICA: DICLOFENAC X 75 MG, FORMA FARMACEUTICA: COMPRIMIDO, PRESENTACION: UNIDAD | H23: NO | I23: =+'Necesidades Trimestrales'!F21 -> COMPRIMIDO | J23: =+'Necesidades Trimestrales'!H21 -> 3.05 | K23: =+'Necesidades Trimestrales'!G21 -> 1000
... A35: =+'Necesidades Trimestrales'!A33 -> 24 | B35: =+'Necesidades Trimestrales'!B33 -> 2.5.2-2455.27 | C35: =+'Necesidades Trimestrales'!E33 -> ANESTESICOS GENERALES; DROGA GENERICA: PROPOFOL 200 mGr, FORMA FARMACEUTICA: AMPOLLA, PRESENTACION: ENVASE X 20 mL, TIPO: MONODROGA | H35: NO | I35: =+'Necesidades Trimestrales'!F33 -> AMPOLLA | J35: =+'Necesidades Trimestrales'!H33 -> 398 | K35: =+'Necesidades Trimestrales'!G33 -> 250
A36: Costo total estimado: UN MILLON OCHOCIENTOS SETENTA Y DOS MIL CIENTO TREINTA Y OCHO CON 40/100 . | J36: =SUMPRODUCT(J12:J35,K12:K35) -> 1872138.4

Sheet Autor Gastar
A1: EJERCICIO: | D1: ='Necesidades Trimestrales'!C6 -> 2022 | P1: AUTORIZACION PARA GASTAR
A4: JURISDICCIÓN: | G4: =' NotaPedido'!D3 -> 040 - Ministerio de Salud
A5: SAF: | G5: =' NotaPedido'!D4 -> 28- Maternidad Provincial 25 de Mayo
A6: UNIDAD EJECUTORA: | G6: =' NotaPedido'!D5 -> 169-Direccion Asistencial
A7: DEPENDENCIA SOLICITANTE: | G7: =' NotaPedido'!D6 -> Servicio de Farmacia
A8: AUTORIZACIÓN:
A9: Señor Jefe de Servicio Administrativo Financiero:
A10: ="Autorizo la realización de los trámites correspondientes, a fin de proveer a este Organismo los bienes y/o servicios que se detallan en Nota de Pedido N° " & ' NotaPedido'!K1&", afectando la erogación resultante a los créditos presupuestarios aprobados a favor de esta Unidad Ejecutora, conforme al siguiente detalle:" -> Autorizo la realización de los trámites correspondientes, a fin de proveer a este Organismo los bienes y/o servicios que se detallan en Nota de Pedido N° 57/2022, afectando la erogación resultante a los créditos presupuestarios aprobados a favor de esta Unidad Ejecutora, conforme al siguiente detalle:
A12: IMPUTACIÓN PRESUPUESTARIA
A13: CÓDIGO | O13: DENOMINACIÓN DE LA PARTIDA PRESUPUESTARIA | Q13: IMPORTE
A14: PR | B14: SB | C14: PY | D14: AC | E14: OB | F14: UG | G14: FIN | H14: FUN | I14: I | J14: P | K14: P | L14: SubP | M14: M | N14: FF
A15: 42 | D15: 2 | F15: 4901 | G15: 3 | H15: 310 | I15: 2 | J15: 5 | K15: 2 | M15: 1 | N15: 1.1 | O15: PRODUCTOS FARMACEUTICOS Y MEDICINALES | Q15: 1872138.4
A23: TOTAL DE PESOS: UN MILLON OCHOCIENTOS SETENTA Y DOS MIL CIENTO TREINTA Y OCHO CON 40/100. | Q23: =SUM(Q15:Q22) -> 1872138.4
A25: JUSTIFICACIÓN:
A26: Para la adquisición de TERAPIA ANTIINFECCIOSA SISTEMICA/SUEROS INMUNES E INMUNOGLOBULINAS Y MEDIOS DE CONTRASTES /ANALGESICOS ANTINFLAMATORIOS /MIORRELAJANTES/ANESTESICOS/ANALGESICOS OPIACIOS , destinados al Servicio de Farmacia de la Maternidad Provincial 25 de Mayo .
