Workbook

Sheet SAF 011
A1: 2022
B2: Pedido de Necesidades Trimestrales
A4: JURISDICCION: | C4: 040 - MINISTERIO DE SALUD
A5: SAF N°: | C5: 011 - DIRECCION PROVINCIAL DE ADMINISTRACION - MINISTERIO DE SALUD
A6: EJERCICIO: | C6: 2022
A7: TRIMESTRE: | C7: PRIMERO
A9: ID | B9: CODIGO ITEM | C9: RUBRO DE COMPRA | D9: I.P.P. | E9: DESCRIPCION | F9: UNIDAD DE MEDIDA | G9: DIR DE CANCER | H9: TOTAL DE DIR DE CANCER | I9: FARMACIA | J9: TOTAL FARMACIA | K9: CANTIDAD TOTAL | L9: PRECIO UNITARIO | M9: IMPORTE TOTAL ESTIMADO
A10: 1 | C10: PRODUCTOS MEDICOS/FARMACEUTICOS/LAB. | D10: 2.5.2 | E10: Acetato de goserelin depot | F10: Jeringa Prellenada | G10: 10 | H10: 333150 | J10: 0 | K10: 10 | L10: 33315 | M10: 333150
A11: 2 | C11: PRODUCTOS MEDICOS/FARMACEUTICOS/LAB. | D11: 2.5.2 | E11: Azacitidina 100 mg | F11: Frasco- ampolla | G11: 14 | H11: 60760 | J11: 0 | K11: 14 | L11: 4340 | M11: 60760
A12: 3 | C12: PRODUCTOS MEDICOS/FARMACEUTICOS/LAB. | D12: 2.5.2 | E12: Bevacizumab 100 mg | F12: Frasco -ampolla | G12: 8 | H12: 408080 | J12: 0 | K12: 8 | L12: 51010 | M12: 408080
A13: 4 | C13: PRODUCTOS MEDICOS/FARMACEUTICOS/LAB. | D13: 2.5.2 | E13: Bevacizumab 400 mg | F13: Frasco -ampolla | G13: 8 | H13: 1486480 | J13: 0 | K13: 8 | L13: 185810 | M13: 1486480
A14: 5 | C14: PRODUCTOS MEDICOS/FARMACEUTICOS/LAB. | D14: 2.5.2 | E14: Fulvestrant 250 mg x 2 ampollas | F14: Frasco -ampolla | G14: 3 | H14: 40545 | J14: 0 | K14: 3 | L14: 13515 | M14: 40545
A15: 6 | C15: PRODUCTOS MEDICOS/FARMACEUTICOS/LAB. | D15: 2.5.2 | E15: imatinib 100 mg x 180 comp | F15: CAJA | G15: 5 | H15: 18500 | J15: 0 | K15: 5 | L15: 3700 | M15: 18500
A16: 7 | C16: PRODUCTOS MEDICOS/FARMACEUTICOS/LAB. | D16: 2.5.2 | E16: imatinib 400 mg x 30 comp | F16: CAJA | G16: 5 | H16: 19200 | J16: 0 | K16: 5 | L16: 3840 | M16: 19200
A17: 8 | C17: PRODUCTOS MEDICOS/FARMACEUTICOS/LAB. | D17: 2.5.2 | E17: Lenalidomida 25 mg x 21 caps | F17: CAJA | G17: 2 | H17: 400160 | J17: 0 | K17: 3 | L17: 200080 | M17: 600240
A18: 9 | C18: PRODUCTOS MEDICOS/FARMACEUTICOS/LAB. | D18: 2.5.2 | E18: nilotinib 150 x 120 comp | F18: CAJA | G18: 5 | H18: 1689800 | J18: 0 | K18: 5 | L18: 337960 | M18: 1689800
A19: 10 | C19: PRODUCTOS MEDICOS/FARMACEUTICOS/LAB. | D19: 2.5.2 | E19: nilotinib 200 x 120 comp | F19: CAJA | G19: 5 | H19: 2461700 | J19: 0 | K19: 5 | L19: 492340 | M19: 2461700
A20: 11 | C20: PRODUCTOS MEDICOS/FARMACEUTICOS/LAB. | D20: 2.5.2 | E20: pazopanib 200 mg x 30 comp | F20: CAJA | G20: 2 | H20: 24700 | J20: 0 | K20: 5 | L20: 12350 | M20: 61750
A21: 12 | C21: PRODUCTOS MEDICOS/FARMACEUTICOS/LAB. | D21: 2.5.2 | E21: Pembrolizumab 100 mg | F21: Vial Inyectable | G21: 10 | H21: 3552631.6 | K21: 10 | L21: 355263.16 | M21: 3552631.6
A22: 13 | C22: PRODUCTOS MEDICOS/FARMACEUTICOS/LAB. | D22: 2.5.2 | E22: pertuzumab 420 mg | F22: Vial Inyectable | G22: 5 | H22: 2157400 | J22: 0 | K22: 5 | L22: 431480 | M22: 2157400
A23: 14 | C23: PRODUCTOS MEDICOS/FARMACEUTICOS/LAB. | D23: 2.5.2 | E23: Regorafenib 40 mg tab.3 x 28 comp (84 comp) | F23: CAJA | G23: 2 | H23: 500000 | J23: 0 | K23: 2 | L23: 250000 | M23: 500000
A24: 15 | C24: PRODUCTOS MEDICOS/FARMACEUTICOS/LAB. | D24: 2.5.2 | E24: sunitinib 25 mg x 28 caps | F24: CAJA | G24: 2 | H24: 915696 | J24: 0 | K24: 2 | L24: 457848 | M24: 915696
A25: 16 | C25: PRODUCTOS MEDICOS/FARMACEUTICOS/LAB. | D25: 2.5.2 | E25: Trastuzumab 440MG. | F25: Frasco -ampolla | G25: 5 | H25: 813250 | J25: 0 | K25: 5 | L25: 162650 | M25: 813250
E26: TOTAL RUBRO MEDICAMENTOS ONCOLOGICOS | J26: 0 | M26: 15119183
C28: DETALLE TECNICO Y ESPECIFICACIONES | D28: ANEXO 1-Para oferentes de la Provincia de Catamarca deberán presentar Habilitación Provincial para comercializar el producto que cotizan. 2-Para el resto de oferentes deberán presentar Certificado de Inscripción de ANMAT vigente al momento de la oferta, el mismo deberá ser correspondiente al objeto de la contratación y de encontrarse vencido adjuntar la solicitud de renovación. 3-No se aceptarán ofertas de productos no registrados y autorizada su venta por ANMAT. Se deberá especificar en cada ítem de la propuesta, marca y número de certificado otorgado por dicho ente regulador. 4-Los productos deberán tener un vencimiento posterior a doce (12) meses a partir de la fecha de su recepción.
C30: Plazos de entrega | D30: veinte (20) dias habiles
C32: Lugar de Entrega: | D32: DIR. PROV. DE CANCER - CHACABUCO N° 169 - en el horario de 8:00hs a 12:00hs de lunes a viernes
C34: Calidad Minima esperada
C36: Mantenimiento | D36: cuarenta y cinco (45) días

Sheet NP
A1: NOTA DE PEDIDO | J1: N° | K1: 01/2022
A3: JURISDICCIÓN: | D3: ='SAF 011'!C4 -> 040 - MINISTERIO DE SALUD
A4: SAF: | D4: ='SAF 011'!C5 -> 011 - DIRECCION PROVINCIAL DE ADMINISTRACION - MINISTERIO DE SALUD
A5: UNIDAD EJECUTORA: | D5: DIRECCION PROVINCIAL DE CANCER
A6: DEPENDENCIA SOLICITANTE: | D6: DIRECCION PROVINCIAL DE CANCER
A7: PERIODO UTILIZACIÓN: | D7: 1° TRIMESTRE 2022
A8: OBJETO: | D8: ADQUISICION DEL RUBRO MEDICAMENTOS ONCOLOGICOS
A10: Ítem | B10: Codigo Item | C10: DESCRIPCIÓN | H10: Adjunta Detalle Técnico | I10: Unidad Medida | J10: Precio Unitario Estimado | K10: Cantidad Solicitada
A12: 1 | C12: ='SAF 011'!E10 -> Acetato de goserelin depot | H12: NO | I12: =+'SAF 011'!F10 -> Jeringa Prellenada | J12: ='SAF 011'!L10 -> 33315 | K12: =+'SAF 011'!K10 -> 10 | M12: =+J12*K12 -> 333150
A13: 2 | C13: ='SAF 011'!E11 -> Azacitidina 100 mg | H13: NO | I13: =+'SAF 011'!F11 -> Frasco- ampolla | J13: ='SAF 011'!L11 -> 4340 | K13: =+'SAF 011'!K11 -> 14 | M13: =+J13*K13 -> 60760
A14: 3 | C14: ='SAF 011'!E12 -> Bevacizumab 100 mg | H14: NO | I14: =+'SAF 011'!F12 -> Frasco -ampolla | J14: ='SAF 011'!L12 -> 51010 | K14: =+'SAF 011'!K12 -> 8 | M14: =+J14*K14 -> 408080
A15: 4 | C15: ='SAF 011'!E13 -> Bevacizumab 400 mg | H15: NO | I15: =+'SAF 011'!F13 -> Frasco -ampolla | J15: ='SAF 011'!L13 -> 185810 | K15: =+'SAF 011'!K13 -> 8 | M15: =+J15*K15 -> 1486480
A16: 5 | C16: ='SAF 011'!E14 -> Fulvestrant 250 mg x 2 ampollas | H16: NO | I16: =+'SAF 011'!F14 -> Frasco -ampolla | J16: ='SAF 011'!L14 -> 13515 | K16: =+'SAF 011'!K14 -> 3 | M16: =+J16*K16 -> 40545
A17: 6 | C17: ='SAF 011'!E15 -> imatinib 100 mg x 180 comp | H17: NO | I17: =+'SAF 011'!F15 -> CAJA | J17: ='SAF 011'!L15 -> 3700 | K17: =+'SAF 011'!K15 -> 5 | M17: =+J17*K17 -> 18500
A18: 7 | C18: ='SAF 011'!E16 -> imatinib 400 mg x 30 comp | H18: NO | I18: =+'SAF 011'!F16 -> CAJA | J18: ='SAF 011'!L16 -> 3840 | K18: =+'SAF 011'!K16 -> 5 | M18: =+J18*K18 -> 19200
A19: 8 | C19: ='SAF 011'!E17 -> Lenalidomida 25 mg x 21 caps | H19: NO | I19: =+'SAF 011'!F17 -> CAJA | J19: ='SAF 011'!L17 -> 200080 | K19: =+'SAF 011'!K17 -> 3 | M19: =+J19*K19 -> 600240
A20: 9 | C20: ='SAF 011'!E18 -> nilotinib 150 x 120 comp | H20: NO | I20: =+'SAF 011'!F18 -> CAJA | J20: ='SAF 011'!L18 -> 337960 | K20: =+'SAF 011'!K18 -> 5 | M20: =+J20*K20 -> 1689800
A21: 10 | C21: ='SAF 011'!E19 -> nilotinib 200 x 120 comp | H21: NO | I21: =+'SAF 011'!F19 -> CAJA | J21: ='SAF 011'!L19 -> 492340 | K21: =+'SAF 011'!K19 -> 5 | M21: =+J21*K21 -> 2461700
A22: 11 | C22: ='SAF 011'!E20 -> pazopanib 200 mg x 30 comp | H22: NO | I22: =+'SAF 011'!F20 -> CAJA | J22: ='SAF 011'!L20 -> 12350 | K22: =+'SAF 011'!K20 -> 5 | M22: =+J22*K22 -> 61750
A23: 12 | C23: ='SAF 011'!E21 -> Pembrolizumab 100 mg | H23: NO | I23: =+'SAF 011'!F21 -> Vial Inyectable | J23: ='SAF 011'!L21 -> 355263.16 | K23: =+'SAF 011'!K21 -> 10 | M23: =+J23*K23 -> 3552631.6
... A27: 16 | C27: ='SAF 011'!E25 -> Trastuzumab 440MG. | H27: NO | I27: =+'SAF 011'!F25 -> Frasco -ampolla | J27: ='SAF 011'!L25 -> 162650 | K27: =+'SAF 011'!K25 -> 5 | M27: =+J27*K27 -> 813250
A29: Costo total estimado: QUINCE MILLONES CIENTO DIECINUEVE MIL CIENTO OCHENTA Y DOS CON 60/100.- | J29: =+M29 -> 15119183 | M29: =SUM(M12:M28) -> 15119183

Sheet APG
A1: EJERCICIO: | D1: 2022 | P1: AUTORIZACION PARA GASTAR
A4: JURISDICCIÓN: | G4: =NP!D3 -> 040 - MINISTERIO DE SALUD
A5: SAF: | G5: =NP!D4 -> 011 - DIRECCION PROVINCIAL DE ADMINISTRACION - MINISTERIO DE SALUD
A6: UNIDAD EJECUTORA: | G6: =NP!D5 -> DIRECCION PROVINCIAL DE CANCER
A7: DEPENDENCIA SOLICITANTE: | G7: =NP!D6 -> DIRECCION PROVINCIAL DE CANCER
A8: AUTORIZACIÓN:
A9: Señor Director de Administración o Titular del Servicio Administrativo Financiero:
A10: Autorizo la realización de los trámites correspondientes, a fin de proveer a este Organismo los bienes que se detallan en Nota de Pedido N° 01/2022 afectando la erogación resultante a los créditos presupuestarios aprobados a favor de esta Unidad Ejecutora, conforme al siguiente detalle:
A12: IMPUTACIÓN PRESUPUESTARIA
A13: CÓDIGO | O13: DENOMINACIÓN DE LA PARTIDA PRESUPUESTARIA | Q13: IMPORTE
A14: PR | B14: SB | C14: PY | D14: AC | E14: OB | F14: UG | G14: FIN | H14: FUN | I14: I | J14: P | K14: P | L14: SubP | M14: M | N14: FF
A15: 44 | D15: 1 | F15: 4901 | G15: 3 | H15: 1 | I15: 2 | J15: 5 | K15: 2 | M15: 1 | N15: 1.1 | O15: PRODUCTOS FARMACEUTICOS Y MEDICINALES | Q15: =NP!M29 -> 15119183
A38: TOTAL DE PESOS: QUINCE MILLONES CIENTO DIECINUEVE MIL CIENTO OCHENTA Y DOS CON 60/100.- | Q38: =SUM(Q15:Q37) -> 15119183
A40: JUSTIFICACIÓN:
A41: =NP!D8 -> ADQUISICION DEL RUBRO MEDICAMENTOS ONCOLOGICOS
