Workbook

Sheet Necesidades Trimestrales
B2: Pedido de Necesidades Trimestrales
A4: JURISDICCION: | C4: 65 - MINISTERIO DE AGUA ENERGIA Y MEDIO AMB.
A5: SAF N°: | C5: 31
A6: EJERCICIO: | C6: 2022
A7: TRIMESTRE: | C7: 4
A9: ID | B9: CODIGO ITEM | C9: RUBRO DE COMPRA | D9: I.P.P. | E9: DESCRIPCION | F9: UNIDAD DE MEDIDA | G9: CANTIDAD | H9: PRECIO UNITARIO ESTIMADO | I9: IMPORTE TOTAL ESTIMADO
A10: 1 | B10: 2.4.4-6818.88 | C10: REPUESTOS | D10: 244 | E10: NEUMATICOS; VEHICULO: AUTOMOVIL, CONSTRUCCION: RADIAL, ARMADO: S/CAMARA, MEDIDA: 175/65R14 | F10: UNIDAD | G10: 12 | H10: 52000 | I10: =H10*G10 -> 624000
A11: 2 | B11: 2.4.4-6818.48 | C11: REPUESTOS | D11: 244 | E11: NEUMATICOS; VEHICULO: CAMIONETA, CONSTRUCCION: RADIAL, MEDIDA: 235/75R15, ARMADO: S/CAMARA | F11: UNIDAD | G11: 8 | H11: 100000 | I11: =H11*G11 -> 800000
A12: 3 | B12: 2.4.4-6818.741 | C12: REPUESTOS | D12: 244 | E12: NEUMATICOS; VEHICULO: CAMION, CONSTRUCCION: RADIAL, ARMADO: S/CAMARA, MEDIDA: 265/70R16 | F12: UNIDAD | G12: 28 | H12: 170000 | I12: =H12*G12 -> 4760000
A13: 4 | B13: 2.4.4-6818.988 | C13: REPUESTOS | D13: 244 | E13: NEUMATICOS; VEHICULO: CAMIONETA, CONSTRUCCION: RADIAL, ARMADO: S/CAMARA, MEDIDA: 265/65 R17 | F13: UNIDAD | G13: 20 | H13: 165000 | I13: =H13*G13 -> 3300000
A14: 5 | B14: 2.4.4-6818.412 | C14: REPUESTOS | D14: 244 | E14: NEUMATICOS; VEHICULO: CAMION, CONSTRUCCION: RADIAL, ARMADO: S/CAMARA, MEDIDA: 275/80R22.5 | F14: UNIDAD | G14: 16 | H14: 400000 | I14: =H14*G14 -> 6400000
A15: 6 | B15: 2.4.4-6818.193 | C15: REPUESTOS | D15: 244 | E15: NEUMATICOS; VEHICULO: OMNIBUS, CONSTRUCCION: RADIAL, ARMADO: C/CAMARA, MEDIDA: 215/75R17.5 | F15: UNIDAD | G15: 22 | H15: 250000 | I15: =H15*G15 -> 5500000
A16: 7 | B16: 2.4.4-6818.1028 | C16: REPUESTOS | D16: 244 | E16: NEUMATICOS; VEHICULO: MOTO, CONSTRUCCION: RADIAL, ARMADO: S/CAMARA, MEDIDA: 110/90-17 | F16: UNIDAD | G16: 18 | H16: 45000 | I16: =H16*G16 -> 810000
A17: 8 | B17: 2.4.4-6818.1027 | C17: REPUESTOS | D17: 244 | E17: NEUMATICOS; VEHICULO: MOTO, CONSTRUCCION: RADIAL, ARMADO: S/CAMARA, MEDIDA: 90/90-19 | F17: UNIDAD | G17: 7 | H17: 50000 | I17: =H17*G17 -> 350000
I18: =SUM(I10:I17) -> 22544000
B20: ESPECIFICACIONES
B21: Plazos y lugares de entrega
C22: a) LUGAR DE ENTREGA: PREDIO DE LA DIRECCION DE SERVICIOS GENERALES - MAEMA. RUTA NACIONAL 38 - ALTURA KM 575/576, SAN FERNANDO DEL VALLE DE CATAMARCA. De 08 A 12 horas.
C23: b) FORMA DE LA ENTREGA: Libre de flete, acarreo y embalaje, como así también, de todo riesgo de pérdida o destrucción total o parcial, por causas ajenas a la Institución.
C24: c) PLAZO DE ENTREGA: la entrega se realizara a los 10 días hábiles de notificada la Orden de Compra.
B25: Calidad Minima esperada
C26: 1ra calidad.-
B27: Mantenimiento
C28: 45 (cuarenta y cinco) días habiles.-
B29: Garantia

Sheet  NotaPedido
A1: NOTA DE PEDIDO | J1: N° | K1: 32/2020
A3: JURISDICCIÓN: | D3: ='Necesidades Trimestrales'!C4 -> 65 - MINISTERIO DE AGUA ENERGIA Y MEDIO AMB.
A4: SAF: | D4: ='Necesidades Trimestrales'!C5 -> 31
A5: UNIDAD EJECUTORA: | D5: Jefatura de Policía de la Provincia de Catamarca
A6: DEPENDENCIA SOLICITANTE: | D6: División Transporte- Dpto. Logistica (D-4)
A7: PERIODO UTILIZACIÓN: | D7: ='Necesidades Trimestrales'!C7 & "° Trimestre - Año " & 'Necesidades Trimestrales'!C6 -> 4° Trimestre - Año 2022
A8: OBJETO: | D8: Adquisición de CUBIERTAS destinadas a las Unidades Moviles de la Policia de Catamarca.-
A10: Ítem | B10: Codigo Item | C10: DESCRIPCIÓN | H10: Adjunta Detalle Técnico | I10: Unidad Medida | J10: Precio Unitario Estimado | K10: Cantidad Solicitada
A12: 1 | B12: ='Necesidades Trimestrales'!B10 -> 2.4.4-6818.88 | C12: ='Necesidades Trimestrales'!E10 -> NEUMATICOS; VEHICULO: AUTOMOVIL, CONSTRUCCION: RADIAL, ARMADO: S/CAMARA, MEDIDA: 175/65R14 | H12: SI | I12: UNIDAD | J12: ='Necesidades Trimestrales'!H10 -> 52000 | K12: ='Necesidades Trimestrales'!G10 -> 12
A13: 2 | B13: ='Necesidades Trimestrales'!B11 -> 2.4.4-6818.48 | C13: ='Necesidades Trimestrales'!E11 -> NEUMATICOS; VEHICULO: CAMIONETA, CONSTRUCCION: RADIAL, MEDIDA: 235/75R15, ARMADO: S/CAMARA | H13: SI | I13: UNIDAD | J13: ='Necesidades Trimestrales'!H11 -> 100000 | K13: ='Necesidades Trimestrales'!G11 -> 8
A14: 3 | B14: ='Necesidades Trimestrales'!B12 -> 2.4.4-6818.741 | C14: ='Necesidades Trimestrales'!E12 -> NEUMATICOS; VEHICULO: CAMION, CONSTRUCCION: RADIAL, ARMADO: S/CAMARA, MEDIDA: 265/70R16 | H14: SI | I14: UNIDAD | J14: ='Necesidades Trimestrales'!H12 -> 170000 | K14: ='Necesidades Trimestrales'!G12 -> 28
A15: 4 | B15: ='Necesidades Trimestrales'!#REF! -> #REF! | C15: ='Necesidades Trimestrales'!#REF! -> #REF! | H15: SI | I15: UNIDAD | J15: ='Necesidades Trimestrales'!#REF! -> #REF! | K15: ='Necesidades Trimestrales'!#REF! -> #REF!
A16: 5 | B16: ='Necesidades Trimestrales'!#REF! -> #REF! | C16: ='Necesidades Trimestrales'!#REF! -> #REF! | H16: SI | I16: UNIDAD | J16: ='Necesidades Trimestrales'!#REF! -> #REF! | K16: ='Necesidades Trimestrales'!#REF! -> #REF!
A17: 6 | B17: ='Necesidades Trimestrales'!#REF! -> #REF! | C17: ='Necesidades Trimestrales'!#REF! -> #REF! | H17: SI | I17: UNIDAD | J17: ='Necesidades Trimestrales'!#REF! -> #REF! | K17: ='Necesidades Trimestrales'!#REF! -> #REF!
A18: 7 | B18: ='Necesidades Trimestrales'!B13 -> 2.4.4-6818.988 | C18: ='Necesidades Trimestrales'!E13 -> NEUMATICOS; VEHICULO: CAMIONETA, CONSTRUCCION: RADIAL, ARMADO: S/CAMARA, MEDIDA: 265/65 R17 | H18: SI | I18: UNIDAD | J18: ='Necesidades Trimestrales'!H13 -> 165000 | K18: ='Necesidades Trimestrales'!G13 -> 20
A19: 8 | B19: ='Necesidades Trimestrales'!#REF! -> #REF! | C19: ='Necesidades Trimestrales'!#REF! -> #REF! | H19: SI | I19: UNIDAD | J19: ='Necesidades Trimestrales'!#REF! -> #REF! | K19: ='Necesidades Trimestrales'!#REF! -> #REF!
A20: 9 | B20: ='Necesidades Trimestrales'!B14 -> 2.4.4-6818.412 | C20: ='Necesidades Trimestrales'!E14 -> NEUMATICOS; VEHICULO: CAMION, CONSTRUCCION: RADIAL, ARMADO: S/CAMARA, MEDIDA: 275/80R22.5 | H20: SI | I20: UNIDAD | J20: ='Necesidades Trimestrales'!H14 -> 400000 | K20: ='Necesidades Trimestrales'!G14 -> 16
A21: 10 | B21: ='Necesidades Trimestrales'!B15 -> 2.4.4-6818.193 | C21: ='Necesidades Trimestrales'!E15 -> NEUMATICOS; VEHICULO: OMNIBUS, CONSTRUCCION: RADIAL, ARMADO: C/CAMARA, MEDIDA: 215/75R17.5 | H21: SI | I21: UNIDAD | J21: ='Necesidades Trimestrales'!H15 -> 250000 | K21: ='Necesidades Trimestrales'!G15 -> 22
A22: 11 | B22: ='Necesidades Trimestrales'!B16 -> 2.4.4-6818.1028 | C22: ='Necesidades Trimestrales'!E16 -> NEUMATICOS; VEHICULO: MOTO, CONSTRUCCION: RADIAL, ARMADO: S/CAMARA, MEDIDA: 110/90-17 | H22: SI | I22: UNIDAD | J22: ='Necesidades Trimestrales'!H16 -> 45000 | K22: ='Necesidades Trimestrales'!G16 -> 18
A23: 12 | B23: ='Necesidades Trimestrales'!#REF! -> #REF! | C23: ='Necesidades Trimestrales'!#REF! -> #REF! | H23: SI | I23: UNIDAD | J23: ='Necesidades Trimestrales'!#REF! -> #REF! | K23: ='Necesidades Trimestrales'!#REF! -> #REF!
A24: 13 | B24: ='Necesidades Trimestrales'!B17 -> 2.4.4-6818.1027 | C24: ='Necesidades Trimestrales'!E17 -> NEUMATICOS; VEHICULO: MOTO, CONSTRUCCION: RADIAL, ARMADO: S/CAMARA, MEDIDA: 90/90-19 | H24: SI | I24: UNIDAD | J24: ='Necesidades Trimestrales'!H17 -> 50000 | K24: ='Necesidades Trimestrales'!G17 -> 7
A25: 14 | B25: ='Necesidades Trimestrales'!#REF! -> #REF! | C25: ='Necesidades Trimestrales'!#REF! -> #REF! | H25: SI | I25: UNIDAD | J25: ='Necesidades Trimestrales'!#REF! -> #REF! | K25: ='Necesidades Trimestrales'!#REF! -> #REF!
A26: 15 | B26: ='Necesidades Trimestrales'!#REF! -> #REF! | C26: ='Necesidades Trimestrales'!#REF! -> #REF! | H26: SI | I26: UNIDAD | J26: ='Necesidades Trimestrales'!#REF! -> #REF! | K26: ='Necesidades Trimestrales'!#REF! -> #REF!
A27: 16 | B27: ='Necesidades Trimestrales'!#REF! -> #REF! | C27: ='Necesidades Trimestrales'!#REF! -> #REF! | H27: SI | I27: UNIDAD | J27: ='Necesidades Trimestrales'!#REF! -> #REF! | K27: ='Necesidades Trimestrales'!#REF! -> #REF!
A28: 17 | B28: ='Necesidades Trimestrales'!#REF! -> #REF! | C28: ='Necesidades Trimestrales'!#REF! -> #REF! | H28: SI | I28: UNIDAD | J28: ='Necesidades Trimestrales'!#REF! -> #REF! | K28: ='Necesidades Trimestrales'!#REF! -> #REF!
A29: 18 | B29: ='Necesidades Trimestrales'!#REF! -> #REF! | C29: ='Necesidades Trimestrales'!#REF! -> #REF! | H29: SI | I29: UNIDAD | J29: ='Necesidades Trimestrales'!#REF! -> #REF! | K29: ='Necesidades Trimestrales'!#REF! -> #REF!
A30: Costo total estimado: Pesos . | D30: Trece Millones Quinientos Cuatro Mil Doscientos Cuatro con 00/100. | J30: =SUMPRODUCT(J12:J29,K12:K29) -> #REF!

Sheet Autor Gastar
A1: EJERCICIO: | D1: ='[1]Necesidades Trimestrales'!C6 -> 2021 | P1: AUTORIZACION PARA GASTAR
A4: JURISDICCIÓN: | G4: =' NotaPedido'!D3 -> 65 - MINISTERIO DE AGUA ENERGIA Y MEDIO AMB.
A5: SAF: | G5: =' NotaPedido'!D4 -> 31
A6: UNIDAD EJECUTORA: | G6: =' NotaPedido'!D5 -> Jefatura de Policía de la Provincia de Catamarca
A7: DEPENDENCIA SOLICITANTE: | G7: =' NotaPedido'!D6 -> División Transporte- Dpto. Logistica (D-4)
A8: AUTORIZACIÓN:
A9: Señor Jefe de Servicio Administrativo Financiero:
A10: ="Autorizo la realización de los trámites correspondientes, a fin de proveer a este Organismo los bienes y/o servicios que se detallan en Nota de Pedido N° " & ' NotaPedido'!K1&", afectando la erogación resultante a los créditos presupuestarios aprobados a favor de esta Unidad Ejecutora, conforme al siguiente detalle:" -> Autorizo la realización de los trámites correspondientes, a fin de proveer a este Organismo los bienes y/o servicios que se detallan en Nota de Pedido N° 32/2020, afectando la erogación resultante a los créditos presupuestarios aprobados a favor de esta Unidad Ejecutora, conforme al siguiente detalle:
A12: IMPUTACIÓN PRESUPUESTARIA
A13: CÓDIGO | O13: DENOMINACIÓN DE LA PARTIDA PRESUPUESTARIA | Q13: IMPORTE
A14: PR | B14: SB | C14: PY | D14: AC | E14: OB | F14: UG | G14: FIN | H14: FUN | I14: I | J14: P | K14: P | L14: SubP | M14: M | N14: FF
A15: 16 | B15: 0 | C15: 0 | D15: 1 | E15: 0 | F15: 10 | G15: 2 | H15: 1 | I15: 2 | J15: 4 | K15: 4 | L15: 0 | M15: 1 | N15: 1.1 | O15: CUBIERTAS Y CAMARAS DE AIRE | Q15: ='Necesidades Trimestrales'!#REF! -> #REF!
A16: TOTAL DE PESOS | Q16: =+Q15 -> #REF!
E17: =' NotaPedido'!D30 -> Trece Millones Quinientos Cuatro Mil Doscientos Cuatro con 00/100.
A18: JUSTIFICACIÓN:
A19: =' NotaPedido'!D8 -> Adquisición de CUBIERTAS destinadas a las Unidades Moviles de la Policia de Catamarca.-
