Workbook

Sheet Necesidades Trimestrales
B2: Pedido de Necesidades Trimestrales
A4: JURISDICCION: | C4: 040 - Ministerio de Salud
A5: SAF N°: | C5: 024 - Hospital Interzonal de Niños
A6: EJERCICIO: | C6: 2020
A7: TRIMESTRE: | C7: 4
A9: ID | B9: CODIGO ITEM | C9: RUBRO DE COMPRA | D9: I.P.P. | E9: DESCRIPCION | F9: UNIDAD DE MEDIDA | G9: CANTIDAD | H9: PRECIO UNITARIO ESTIMADO | I9: IMPORTE TOTAL ESTIMADO
A10: 1 | C10: PROD. MEDICO/FARMACEUTICOS/LAB | D10: 295 | E10: ALGODÓN x 500 GRS.TIPO DONCELLA | F10: UNIDAD | G10: 1000 | H10: 348 | I10: =+G10*H10 -> 348000
A11: 2 | C11: PROD. MEDICO/FARMACEUTICOS/LAB | D11: 295 | E11: APO ADHESIVO 10 X 12 TIPO TEGADERM | F11: UNIDAD | G11: 200 | H11: 105 | I11: =+G11*H11 -> 21000
A12: 3 | C12: PROD. MEDICO/FARMACEUTICOS/LAB | D12: 295 | E12: APO ADHESIVO 6 X 7 TIPO TEGADERM | F12: UNIDAD | G12: 100 | H12: 125 | I12: =+G12*H12 -> 12500
A13: 4 | C13: PROD. MEDICO/FARMACEUTICOS/LAB | D13: 295 | E13: BOTAS ALTAS DESCARTABLES DE 30 GRAMOS CON TIRA EL PAR | F13: PARES | G13: 3000 | H13: 6.9 | I13: =+G13*H13 -> 20700
A14: 5 | C14: PROD. MEDICO/FARMACEUTICOS/LAB | D14: 295 | E14: CAMISOLINES DES. SMS CON MANGAS Y PUÑO DE 1,40 MTS. DE LARGO, 30 GRS. COLOR AZUL | F14: UNIDAD | G14: 1000 | H14: 49 | I14: =+G14*H14 -> 49000
A15: 6 | C15: PROD. MEDICO/FARMACEUTICOS/LAB | D15: 295 | E15: CANULAS NASALES PARA OXIGENOTERAPIA - ADULTOS | F15: UNIDAD | G15: 100 | H15: 19 | I15: =+G15*H15 -> 1900
A16: 7 | C16: PROD. MEDICO/FARMACEUTICOS/LAB | D16: 295 | E16: CANULAS NASALES PARA OXIGENOTERAPIA - NEONATALES | F16: UNIDAD | G16: 300 | H16: 22 | I16: =+G16*H16 -> 6600
A17: 8 | C17: PROD. MEDICO/FARMACEUTICOS/LAB | D17: 295 | E17: CANULAS NASALES PARA OXIGENOTERAPIA - PEDIATRICOS | F17: UNIDAD | G17: 300 | H17: 23 | I17: =+G17*H17 -> 6900
A18: 9 | C18: PROD. MEDICO/FARMACEUTICOS/LAB | D18: 295 | E18: CATETER INTRAVENOSO Nº 22 TIPO HOSPIRA/BD | F18: UNIDAD | G18: 1000 | H18: 34.49 | I18: =+G18*H18 -> 34490
A19: 10 | C19: PROD. MEDICO/FARMACEUTICOS/LAB | D19: 295 | E19: CATETER INTRAVENOSO Nº 24 TIPO HOSPIRA/BD | F19: UNIDAD | G19: 1000 | H19: 37.75 | I19: =+G19*H19 -> 37750
A20: 11 | C20: PROD. MEDICO/FARMACEUTICOS/LAB | D20: 295 | E20: CLORHEXIDINA 2 % SOLUCION x 250 ml. | F20: UNIDAD | G20: 100 | H20: 623 | I20: =+G20*H20 -> 62300
A21: 12 | C21: PROD. MEDICO/FARMACEUTICOS/LAB | D21: 295 | E21: CLORHEXIDINA 4% JABON x 500 ML CON VALVULA DISPENSADORA TIPO NOVARA | F21: UNIDAD | G21: 300 | H21: 826 | I21: =+G21*H21 -> 247800
... A42: 33 | C42: PROD. MEDICO/FARMACEUTICOS/LAB | D42: 295 | E42: TELA ADHESIVA HIPOALERGENICA TRANSPORE 2,5 CM TIPO 3 M | F42: UNIDAD | G42: 500 | H42: 91.16 | I42: =+G42*H42 -> 45580
B45: Plazos y lugares de entrega
B46: Lugar de Entrega: SERVICIO DE FARMACIA -HOSPITAL INT. DE NIÑOS – AV. VIRGEN DEL VALLE N° 1050-CATAMARCA DE 8:00 A 12:00HS., DEBIENDO CORRER LOS GASTOS DE FLETES, ACARREO, CARGA, DESCARGA Y SEGURO A CARGO DEL ADJUDICATARIO.
B48: Plazo de entrega: Dentro de los 7 días de notificada la Orden de Compra
B49: Mantenimiento
C50: 45 dias habiles
B53: Especificidades Item N° 1:

Sheet  NotaPedido
A1: NOTA DE PEDIDO | J1: N° | K1: 542/2020
A3: JURISDICCIÓN: | D3: ='Necesidades Trimestrales'!C4 -> 040 - Ministerio de Salud
A4: SAF: | D4: ='Necesidades Trimestrales'!C5 -> 024 - Hospital Interzonal de Niños
A5: UNIDAD EJECUTORA: | D5: 024 - Hospital Interzonal de Niños
A6: DEPENDENCIA SOLICITANTE: | D6: Servicio de Farmacia
A7: PERIODO UTILIZACIÓN: | D7: ='Necesidades Trimestrales'!C7 & "° Trimestre - Año " & 'Necesidades Trimestrales'!C6 -> 4° Trimestre - Año 2020
A8: OBJETO: | D8: Adquisición de Descartables
A10: Ítem | B10: Codigo Item | C10: DESCRIPCIÓN | H10: Adjunta Detalle Técnico | I10: Unidad Medida | J10: Precio Unitario Estimado | K10: Cantidad Solicitada
A12: 1 | C12: ALGODÓN x 500 GRS.TIPO DONCELLA | H12: NO | I12: UNIDAD | J12: 348 | K12: 1000
A13: 2 | C13: APO ADHESIVO 10 X 12 TIPO TEGADERM | H13: NO | I13: UNIDAD | J13: 105 | K13: 200
A14: 3 | C14: APO ADHESIVO 6 X 7 TIPO TEGADERM | H14: NO | I14: UNIDAD | J14: 125 | K14: 100
A15: 4 | C15: BOTAS ALTAS DESCARTABLES DE 30 GRAMOS CON TIRA EL PAR | H15: NO | I15: PARES | J15: 6.9 | K15: 3000
A16: 5 | C16: CAMISOLINES DES. SMS CON MANGAS Y PUÑO DE 1,40 MTS. DE LARGO, 30 GRS. COLOR AZUL | H16: NO | I16: UNIDAD | J16: 49 | K16: 1000
A17: 6 | C17: CANULAS NASALES PARA OXIGENOTERAPIA - ADULTOS | H17: NO | I17: UNIDAD | J17: 19 | K17: 100
A18: 7 | C18: CANULAS NASALES PARA OXIGENOTERAPIA - NEONATALES | H18: NO | I18: UNIDAD | J18: 22 | K18: 300
A19: 8 | C19: CANULAS NASALES PARA OXIGENOTERAPIA - PEDIATRICOS | H19: NO | I19: UNIDAD | J19: 23 | K19: 300
A20: 9 | C20: CATETER INTRAVENOSO Nº 22 TIPO HOSPIRA/BD | H20: NO | I20: UNIDAD | J20: 34.49 | K20: 1000
A21: 10 | C21: CATETER INTRAVENOSO Nº 24 TIPO HOSPIRA/BD | H21: NO | I21: UNIDAD | J21: 37.75 | K21: 1000
A22: 11 | C22: CLORHEXIDINA 2 % SOLUCION x 250 ml. | H22: NO | I22: UNIDAD | J22: 623 | K22: 100
A23: 12 | C23: CLORHEXIDINA 4% JABON x 500 ML CON VALVULA DISPENSADORA TIPO NOVARA | H23: NO | I23: UNIDAD | J23: 826 | K23: 300
... A44: 33 | C44: TELA ADHESIVA HIPOALERGENICA TRANSPORE 2,5 CM TIPO 3 M | H44: NO | I44: UNIDAD | J44: 91.16 | K44: 500
A45: Costo total estimado: | J45: =SUMPRODUCT(J12:J44,K12:K44) -> 3759544

Sheet Autor Gastar
A1: EJERCICIO: | D1: ='Necesidades Trimestrales'!C6 -> 2020 | P1: AUTORIZACION PARA GASTAR
A4: JURISDICCIÓN: | G4: =' NotaPedido'!D3 -> 040 - Ministerio de Salud
A5: SAF: | G5: =' NotaPedido'!D4 -> 024 - Hospital Interzonal de Niños
A6: UNIDAD EJECUTORA: | G6: =' NotaPedido'!D5 -> 024 - Hospital Interzonal de Niños
A7: DEPENDENCIA SOLICITANTE: | G7: =' NotaPedido'!D6 -> Servicio de Farmacia
A8: AUTORIZACIÓN:
A9: Señor Jefe de Servicio Administrativo Financiero:
A10: ="Autorizo la realización de los trámites correspondientes, a fin de proveer a este Organismo los bienes y/o servicios que se detallan en Nota de Pedido N° " & ' NotaPedido'!K1&", afectando la erogación resultante a los créditos presupuestarios aprobados a favor de esta Unidad Ejecutora, conforme al siguiente detalle:" -> Autorizo la realización de los trámites correspondientes, a fin de proveer a este Organismo los bienes y/o servicios que se detallan en Nota de Pedido N° 542/2020, afectando la erogación resultante a los créditos presupuestarios aprobados a favor de esta Unidad Ejecutora, conforme al siguiente detalle:
A12: IMPUTACIÓN PRESUPUESTARIA
A13: CÓDIGO | O13: DENOMINACIÓN DE LA PARTIDA PRESUPUESTARIA | Q13: IMPORTE
A14: PR | B14: SB | C14: PY | D14: AC | E14: OB | F14: UG | G14: FIN | H14: FUN | I14: I | J14: P | K14: P | L14: SubP | M14: M | N14: FF
A15: 36 | D15: 1 | F15: 4901 | G15: 3 | H15: 310 | I15: 2 | J15: 9 | K15: 5 | M15: 1 | N15: 1.1 | O15: Productos Farmaceuticos y Medicinales | Q15: 3759544
A21: TOTAL DE PESOS: TRES MILLONES SETECIENTOS CINCUENTA Y NUEVE MIL QUINIENTOS CUARENTA Y CUATRO CON 00/100. | Q21: =SUM(Q15:Q20) -> 3759544
A23: JUSTIFICACIÓN:
A24: Para la adquisición de Descartables destinados al servico de Farmacia del Hospital Interzonal de Niños Eva Peron, para el normal funcionamiento del organismo.
