Workbook

Sheet SAF 011
A1: 2021
B2: Pedido de Necesidades Trimestrales
A4: JURISDICCION: | C4: 040 - MINISTERIO DE SALUD
A5: SAF N°: | C5: 011 - DIRECCION PROVINCIAL DE ADMINISTRACION - MINISTERIO DE SALUD
A6: EJERCICIO: | C6: 2021
A7: TRIMESTRE: | C7: CUARTO
A9: ID | B9: CODIGO ITEM | C9: RUBRO DE COMPRA | D9: I.P.P. | E9: DESCRIPCION | F9: UNIDAD DE MEDIDA | G9: SECRETARIA DE ADMINISTRACION | H9: TOTAL S.A. | I9: SMPyPS | J9: TOTAL SMPyPS | K9: DIR. LAB. CENTRAL | L9: TOTAL DE LAB CENTRAL | M9: BCO DE SANGRE | N9: TOTAL BANCO DE SANGRE | O9: APS | P9: TOTAL A.P.S. | Q9: DIR DE CANCER | R9: TOTAL DE DIR DE CANCER | S9: FARMACIA | T9: TOTAL FARMACIA | U9: ODONTOLOGIA | V9: TOTAL DE ODONTOLOG | W9: SAME | X9: TOTAL DE SAME | Y9: HPTAL MALBRAN | Z9: TOTAL HPTAL MALBRAN | AA9: MATERNIDAD E INFANCIA | AB9: TOTAL MATERNIDAD E INFANCIA | AC9: SASP | AD9: TOTAL SASP | AE9: SALUD Y MEDIO AMBIENTE | AF9: TOTAL SALUD Y MEDIO AMBIENTE | AG9: VECTORES Y ZOONOSIS | AH9: TOTAL DE VECT Y ZOON | AI9: SUMAR | AJ9: TOTAL SUMAR | AK9: CUR | AL9: TOTAL CUR | AM9: SPyGS | AN9: TOTAL SPyGS | AO9: SALUD MENTAL | AP9: TOTAL SALUD MENTAL | AQ9: AREAS Y DPAS | AR9: TOTAL DPAS | AS9: CANTIDAD | AT9: PRECIO UNITARIO ESTIMADO | AU9: IMPORTE TOTAL ESTIMADO
A10: 1 | C10: PROD. MEDICO/FARMACEUTICOS/LAB | D10: 295 | E10: GUANTES DE EXAMINACION TAMAÑO M X 100 | F10: CAJA | G10: 790 | H10: 3000 | AS10: 3000 | AT10: 790 | AU10: =+AT10*AS10 -> 2370000
A11: 2 | C11: PROD. MEDICO/FARMACEUTICOS/LAB | D11: 259 | E11: PLACAS RADIOGRAFICAS 18 X 24 SENSIBLE AL VERDE X 100 UNIDADES | F11: CAJA | AS11: 10 | AT11: 4776.71 | AU11: =+AT11*AS11 -> 47767.1
A12: 3 | C12: PROD. MEDICO/FARMACEUTICOS/LAB | D12: 259 | E12: PLACAS RADIOGRAFICAS 24 X 30 SENSIBLE AL VERDE X 100 UNIDADES | F12: CAJA | AS12: 50 | AT12: 7942.01 | AU12: =+AT12*AS12 -> 397100.5
A13: 4 | C13: PROD. MEDICO/FARMACEUTICOS/LAB | D13: 259 | E13: PLACAS RADIOGRAFICAS 35 X 43 SENSIBLE AL VERDE X 100 UNIDADES | F13: CAJA | AS13: 110 | AT13: 16604.76 | AU13: =+AS13*AT13 -> 1826523.6
A14: 5 | C14: PROD. MEDICO/FARMACEUTICOS/LAB | D14: 259 | E14: LIQUIDO FIJADOR PARA PROCESO MANUAL | F14: BIDON | AS14: 60 | AT14: 9184.96 | AU14: =+AS14*AT14 -> 551097.6
A15: 6 | C15: PROD. MEDICO/FARMACEUTICOS/LAB | D15: 259 | E15: LIQUIDO FIJADOR PARA PROCESO AUTOMATICO | F15: BIDON | AS15: 50 | AT15: 6460.81 | AU15: =+AS15*AT15 -> 323040.5
A16: 7 | C16: PROD. MEDICO/FARMACEUTICOS/LAB | D16: 259 | E16: LIQUIDO REVELADOR PARA PROCESO AUTOMATICO | F16: BIDON | AS16: 18 | AT16: 6670.08 | AU16: =+AS16*AT16 -> 120061.44
A17: 8 | C17: PROD. MEDICO/FARMACEUTICOS/LAB | D17: 259 | E17: LIQUIDO REVELADOR PARA PROCESO MANUAL | F17: BIDON | AS17: 20 | AT17: 8894.64 | AU17: =+AS17*AT17 -> 177892.8
A18: 9 | C18: PROD. MEDICO/FARMACEUTICOS/LAB | D18: 251 | E18: TIRAS REACTIVAS PARA DETERMINACION GLUCOSA X 50 UNIDADES que incluye 300 aparatos para medicion | F18: UNIDAD | AS18: 2000 | AT18: 2259 | AU18: =+AS18*AT18 -> 4518000
E19: TOTAL | L19: =+SUM(L14:L18) -> 0 | N19: =+SUM(N14:N18) -> 0 | P19: =+SUM(P14:P18) -> 0 | R19: =+SUM(R14:R18) -> 0 | T19: =+SUM(T14:T18) -> 0 | V19: =+SUM(V14:V18) -> 0 | X19: =+SUM(X14:X18) -> 0 | Z19: =+SUM(Z14:Z18) -> 0 | AU19: =+SUM(AU10:AU18) -> 10331484
C21: DETALLE TECNICO Y ESPECIFICACIONES | D21: ANEXO 1-Para oferentes de la Provincia de Catamarca deberán presentar Habilitación Provincial para comercializar el producto que cotizan. 2-Para el resto de oferentes deberán presentar Certificado de Inscripción de ANMAT vigente al momento de la oferta, el mismo deberá ser correspondiente al objeto de la contratación y de encontrarse vencido adjuntar la solicitud de renovación. 3-No se aceptarán ofertas de productos no registrados y autorizada su venta por ANMAT. Se deberá especificar en cada ítem de la propuesta, marca y número de certificado otorgado por dicho ente regulador. 4-Los productos deberán tener un vencimiento posterior a doce (12) meses a partir de la fecha de su recepción.
C23: Plazos de entrega | D23: veinte (20) dias corridos
C25: Lugar de Entrega: | D25: DIR. PROV. DE FARMACIA E INSUMOS - CHACABUCO N° 169 - en el horario de 8:00hs a 12:00hs de lunes a viernes
C31: Calidad Minima esperada
C33: Mantenimiento | D33: cuarenta y cinco (45) días

Sheet  NP FARMACIA
A1: NOTA DE PEDIDO | J1: N° | K1: 87/2021
A3: JURISDICCIÓN: | D3: 040 - MINISTERIO DE SALUD
A4: SAF: | D4: 011 - DIRECCION PROVINCIAL DE ADMINISTRACION DEL MINISTERIO DE SALUD
A5: UNIDAD EJECUTORA: | D5: 469 - DIRECCION PROVINCIAL DE FARMACIA E INSUMOS
A6: DEPENDENCIA SOLICITANTE: | D6: 469 - DIRECCION PROVINCIAL DE FARMACIA E INSUMOS
A7: PERIODO UTILIZACIÓN: | D7: 4TO TRIMESTRE
A8: OBJETO: | D8: ADQ. DEL RUBRO DESCARTABLES VARIOS PARA FARMACIA CENTRAL
A10: Ítem | B10: Codigo Item | C10: DESCRIPCIÓN | H10: Adjunta Detalle Técnico | I10: Unidad Medida | J10: Precio Unitario Estimado | K10: Cantidad Solicitada
A12: 1 | C12: =+'SAF 011'!E10 -> GUANTES DE EXAMINACION TAMAÑO M X 100 | H12: NO | I12: =+'SAF 011'!F10 -> CAJA | J12: =+'SAF 011'!AT10 -> 790 | K12: =+'SAF 011'!AS10 -> 3000 | M12: =+J12*K12 -> 2370000
A13: 2 | C13: =+'SAF 011'!E11 -> PLACAS RADIOGRAFICAS 18 X 24 SENSIBLE AL VERDE X 100 UNIDADES | H13: NO | I13: =+'SAF 011'!F11 -> CAJA | J13: =+'SAF 011'!AT11 -> 4776.71 | K13: =+'SAF 011'!AS11 -> 10 | M13: =+J13*K13 -> 47767.1
A14: 3 | C14: =+'SAF 011'!E12 -> PLACAS RADIOGRAFICAS 24 X 30 SENSIBLE AL VERDE X 100 UNIDADES | H14: NO | I14: =+'SAF 011'!F12 -> CAJA | J14: =+'SAF 011'!AT12 -> 7942.01 | K14: =+'SAF 011'!AS12 -> 50 | M14: =+J14*K14 -> 397100.5
A15: 4 | C15: =+'SAF 011'!E13 -> PLACAS RADIOGRAFICAS 35 X 43 SENSIBLE AL VERDE X 100 UNIDADES | H15: NO | I15: =+'SAF 011'!F14 -> BIDON | J15: =+'SAF 011'!AT14 -> 9184.96 | K15: =+'SAF 011'!AS14 -> 60 | M15: =+K15*J15 -> 551097.6
A16: 5 | C16: =+'SAF 011'!E14 -> LIQUIDO FIJADOR PARA PROCESO MANUAL | H16: NO | I16: =+'SAF 011'!F15 -> BIDON | J16: =+'SAF 011'!AT15 -> 6460.81 | K16: =+'SAF 011'!AS15 -> 50 | M16: =+K16*J16 -> 323040.5
A17: 6 | C17: =+'SAF 011'!E15 -> LIQUIDO FIJADOR PARA PROCESO AUTOMATICO | H17: NO | I17: =+'SAF 011'!F16 -> BIDON | J17: =+'SAF 011'!AT16 -> 6670.08 | K17: =+'SAF 011'!AS16 -> 18 | M17: =+K17*J17 -> 120061.44
A18: 7 | C18: =+'SAF 011'!E16 -> LIQUIDO REVELADOR PARA PROCESO AUTOMATICO | H18: NO | I18: =+'SAF 011'!F17 -> BIDON | J18: =+'SAF 011'!AT17 -> 8894.64 | K18: =+'SAF 011'!AS17 -> 20 | M18: =+K18*J18 -> 177892.8
A19: 8 | C19: =+'SAF 011'!E17 -> LIQUIDO REVELADOR PARA PROCESO MANUAL | H19: NO | I19: =+'SAF 011'!F13 -> CAJA | J19: =+'SAF 011'!AT13 -> 16604.76 | K19: =+'SAF 011'!AS13 -> 110 | M19: =+K19*J19 -> 1826523.6
A20: 9 | C20: =+'SAF 011'!E18 -> TIRAS REACTIVAS PARA DETERMINACION GLUCOSA X 50 UNIDADES que incluye 300 aparatos para medicion | H20: NO | I20: =+'SAF 011'!F18 -> UNIDAD | J20: =+'SAF 011'!AT18 -> 2259 | K20: =+'SAF 011'!AS18 -> 2000 | M20: =+K20*J20 -> 4518000
A22: Costo total estimado: | C22: DIEZ MILLONES TRESCIENTOS TREINTA Y UN MIL CUATROCIENTOS OCHENTA Y TRES CON 54/100.- | J22: =+M22 -> 10331484 | M22: =SUM(M12:M21) -> 10331484

Sheet APG FARMACIA
A1: EJERCICIO: | D1: 2021 | P1: AUTORIZACION PARA GASTAR
A4: JURISDICCIÓN: | G4: =' NP FARMACIA'!D3 -> 040 - MINISTERIO DE SALUD
A5: SAF: | G5: =' NP FARMACIA'!D4 -> 011 - DIRECCION PROVINCIAL DE ADMINISTRACION DEL MINISTERIO DE SALUD
A6: UNIDAD EJECUTORA: | G6: =' NP FARMACIA'!D5 -> 469 - DIRECCION PROVINCIAL DE FARMACIA E INSUMOS
A7: DEPENDENCIA SOLICITANTE: | G7: =' NP FARMACIA'!D6 -> 469 - DIRECCION PROVINCIAL DE FARMACIA E INSUMOS
A8: AUTORIZACIÓN:
A9: Señor Director de Administración o Titular del Servicio Administrativo Financiero:
A10: Autorizo la realización de los trámites correspondientes, a fin de proveer a este Organismo los bienes que se detallan en Nota de Pedido N° 87/2021 afectando la erogación resultante a los créditos presupuestarios aprobados a favor de esta Unidad Ejecutora, conforme al siguiente detalle:
A12: IMPUTACIÓN PRESUPUESTARIA
A13: CÓDIGO | O13: DENOMINACIÓN DE LA PARTIDA PRESUPUESTARIA | Q13: IMPORTE
A14: PR | B14: SB | C14: PY | D14: AC | E14: OB | F14: UG | G14: FIN | H14: FUN | I14: I | J14: P | K14: P | L14: SubP | M14: M | N14: FF
A15: 30 | D15: 1 | F15: 4901 | G15: 3 | H15: 1 | I15: 2 | J15: 9 | K15: 5 | M15: 1 | N15: 1.1 | O15: UTILES MENORES MEDICOS, QUIRURGICOS Y DE LABORATORIO | Q15: =+'SAF 011'!AU10 -> 2370000
A16: 30 | D16: 1 | F16: 4901 | G16: 3 | H16: 1 | I16: 2 | J16: 5 | K16: 1 | M16: 1 | N16: 1.1 | O16: Compuestos Quimicos | Q16: =+'SAF 011'!AU18 -> 4518000
A17: 30 | D17: 1 | F17: 4901 | G17: 3 | H17: 1 | I17: 2 | J17: 5 | K17: 9 | M17: 1 | N17: 1.1 | O17: Otros N.E.P. | Q17: =+'SAF 011'!AU13+'SAF 011'!AU17+'SAF 011'!AU16+'SAF 011'!AU15+'SAF 011'!AU14+'SAF 011'!AU12+'SAF 011'!AU11 -> 3443483.5
A39: TOTAL DE PESOS: | F39: =' NP FARMACIA'!C22 -> DIEZ MILLONES TRESCIENTOS TREINTA Y UN MIL CUATROCIENTOS OCHENTA Y TRES CON 54/100.- | Q39: =SUM(Q15:Q38) -> 10331484
A41: JUSTIFICACIÓN:
A42: =' NP FARMACIA'!D8 -> ADQ. DEL RUBRO DESCARTABLES VARIOS PARA FARMACIA CENTRAL
