Workbook

Sheet Necesidades Trimestrales
B2: Pedido de Necesidades Trimestrales
A4: JURISDICCION: | C4: 040 - Ministerio de Salud
A5: SAF N°: | C5: 11/ 23/ 24 o 28- "…......."
A6: EJERCICIO: | C6: 2022 | I6: precio actualizado al 2do trim.2022
A7: TRIMESTRE: | C7: 1
M8: según archivo tramites 2 trim 2022 - Vademecun | P8: codificacion ruben
A9: ID | B9: CODIGO ITEM | C9: RUBRO DE COMPRA | D9: I.P.P. | E9: DESCRIPCION | F9: DESCRIPCION COMPR.AR | G9: UNIDAD DE MEDIDA | H9: CANTIDAD | I9: PRECIO UNITARIO ESTIMADO | J9: IMPORTE TOTAL ESTIMADO | M9: codigo item | N9: descripcion compr.ar | O9: unidad de medida | P9: codigo item | Q9: descripcion compr.ar | R9: unidad de medida
A10: 1 | C10: PROD. MEDICO/FARMACEUTICOS/LAB | D10: 252 | E10: ACICLOVIR 200 MG COMPRIMIDO | F10: ANTIVIRALES; TIPO: MONODROGA, DROGA GENERICA: ACICLOVIR, FORMA FARMACEUTICA: COMPRIMIDO, PRESENTACION: 200 mGr | G10: COMPRIMIDO | I10: 60.1 | J10: =+H10*I10 -> 0 | K10: ANTIVIRALES; TIPO: MONODROGA, DROGA GENERICA: ACICLOVIR, FORMA FARMACEUTICA: COMPRIMIDO, PRESENTACION: 200 mGr | L10: =K10=F10 -> TRUE | M10: =B11='[1]Necesidades Trimestrales'!B10 -> TRUE | N10: =F10='[1]Necesidades Trimestrales'!E10 -> TRUE | O10: =G10='[1]Necesidades Trimestrales'!F10 -> TRUE | P10: =B11='[2]Necesidades Trimestrales'!B10 -> TRUE | Q10: =F10='[2]Necesidades Trimestrales'!E10 -> TRUE | R10: =G10='[2]Necesidades Trimestrales'!F10 -> TRUE | S10: =+I10-'[2]Necesidades Trimestrales'!H10 -> 0
A11: 2 | B11: 2.5.2-1829.24 | C11: PROD. MEDICO/FARMACEUTICOS/LAB | D11: 252 | E11: ACICLOVIR 400 MG COMPRIMIDO | F11: ANTIVIRALES; TIPO: MONODROGA, DROGA GENERICA: ACICLOVIR, FORMA FARMACEUTICA: COMPRIMIDO, PRESENTACION: 400 mGr | G11: COMPRIMIDO | I11: 70.1 | J11: =+H11*I11 -> 0 | K11: ANTIVIRALES; TIPO: MONODROGA, DROGA GENERICA: ACICLOVIR, FORMA FARMACEUTICA: COMPRIMIDO, PRESENTACION: 400 mGr | L11: =K11=F11 -> TRUE | M11: =B12='[1]Necesidades Trimestrales'!B11 -> TRUE | N11: =F11='[1]Necesidades Trimestrales'!E11 -> TRUE | O11: =G11='[1]Necesidades Trimestrales'!F11 -> TRUE | P11: =B12='[2]Necesidades Trimestrales'!B11 -> TRUE | Q11: =F11='[2]Necesidades Trimestrales'!E11 -> TRUE | R11: =G11='[2]Necesidades Trimestrales'!F11 -> TRUE | S11: =+I11-'[2]Necesidades Trimestrales'!H11 -> 0
A12: 3 | B12: 2.5.2-1829.35 | C12: PROD. MEDICO/FARMACEUTICOS/LAB | D12: 252 | E12: ACICLOVIR 500 MG FCO AMPOLLA | F12: ANTIBIOTICOS P/PERSONAS; TIPO: MONODROGA, DROGA GENERICA: ACICLOVIR 500 MG, FORMA FARMACEUTICA: FRASCO AMPOLLA, PRESENTACION: 500 mGr | G12: AMPOLLA | I12: 450 | J12: =+H12*I12 -> 0 | K12: ANTIBIOTICOS P/PERSONAS; TIPO: MONODROGA, DROGA GENERICA: ACICLOVIR 500 MG, FORMA FARMACEUTICA: FRASCO AMPOLLA, PRESENTACION: 500 mGr | L12: =K12=F12 -> TRUE | M12: =B13='[1]Necesidades Trimestrales'!B12 -> TRUE | N12: =F12='[1]Necesidades Trimestrales'!E12 -> TRUE | O12: =G12='[1]Necesidades Trimestrales'!F12 -> TRUE | P12: =B13='[2]Necesidades Trimestrales'!B12 -> TRUE | Q12: =F12='[2]Necesidades Trimestrales'!E12 -> TRUE | R12: =G12='[2]Necesidades Trimestrales'!F12 -> TRUE | S12: =+I12-'[2]Necesidades Trimestrales'!H12 -> 0
A13: 4 | B13: 2.5.2-1821.235 | D13: 252 | E13: ACICLOVIR 80 MG/ML SUSPENSIÓN X 200ML | F13: ANTIVIRALES; TIPO: MONODROGA, DROGA GENERICA: ACICLOVIR 80 MG/ ML, FORMA FARMACEUTICA: SUSPENSION, PRESENTACION: ENVASE X 200 ML | G13: FRASCO | I13: 980 | J13: =+H13*I13 -> 0 | K13: ANTIVIRALES; TIPO: MONODROGA, DROGA GENERICA: ACICLOVIR 80 MG/ ML, FORMA FARMACEUTICA: SUSPENSION, PRESENTACION: ENVASE X 200 ML | L13: =K13=F13 -> TRUE | M13: =B14='[1]Necesidades Trimestrales'!B13 -> TRUE | N13: =F13='[1]Necesidades Trimestrales'!E13 -> TRUE | O13: =G13='[1]Necesidades Trimestrales'!F13 -> TRUE | P13: =B14='[2]Necesidades Trimestrales'!B13 -> TRUE | Q13: =F13='[2]Necesidades Trimestrales'!E13 -> TRUE | R13: =G13='[2]Necesidades Trimestrales'!F13 -> TRUE | S13: =+I13-'[2]Necesidades Trimestrales'!H13 -> 0
A14: 5 | B14: 2.5.2-1829.48 | C14: PROD. MEDICO/FARMACEUTICOS/LAB | D14: 252 | E14: ACIDO ACETIL SALICILICO 100 MG COMPRIMIDO | F14: ANALGESICOS ; TIPO: MONODROGA, DROGA GENERICA: ACIDO ACETILSALICILICO, PRESENTACION: 100 mGr, FORMA FARMACEUTICA: COMPRIMIDO | G14: COMPRIMIDO | I14: 1.55 | J14: =+H14*I14 -> 0 | K14: ANALGESICOS ; TIPO: MONODROGA, DROGA GENERICA: ACIDO ACETILSALICILICO, PRESENTACION: 100 mGr, FORMA FARMACEUTICA: COMPRIMIDO | L14: =K14=F14 -> TRUE | M14: =B15='[1]Necesidades Trimestrales'!B14 -> TRUE | N14: =F14='[1]Necesidades Trimestrales'!E14 -> TRUE | O14: =G14='[1]Necesidades Trimestrales'!F14 -> TRUE | P14: =B15='[2]Necesidades Trimestrales'!B14 -> TRUE | Q14: =F14='[2]Necesidades Trimestrales'!E14 -> TRUE | R14: =G14='[2]Necesidades Trimestrales'!F14 -> TRUE | S14: =+I14-'[2]Necesidades Trimestrales'!H14 -> 0
A15: 6 | B15: 2.5.2-1724.16 | C15: PROD. MEDICO/FARMACEUTICOS/LAB | D15: 252 | E15: ACIDO ACETIL SALICILICO 500 MG COMPRIMIDO | F15: ANALGESICOS ; PRESENTACION: 500 mGr, TIPO: MONODROGA, DROGA GENERICA: ACIDO ACETILSALICILICO, FORMA FARMACEUTICA: COMPRIMIDO | G15: COMPRIMIDO | I15: 2.01 | J15: =+H15*I15 -> 0 | K15: ANALGESICOS ; PRESENTACION: 500 mGr, TIPO: MONODROGA, DROGA GENERICA: ACIDO ACETILSALICILICO, FORMA FARMACEUTICA: COMPRIMIDO | L15: =K15=F15 -> TRUE | M15: =B16='[1]Necesidades Trimestrales'!B15 -> TRUE | N15: =F15='[1]Necesidades Trimestrales'!E15 -> TRUE | O15: =G15='[1]Necesidades Trimestrales'!F15 -> TRUE | P15: =B16='[2]Necesidades Trimestrales'!B15 -> TRUE | Q15: =F15='[2]Necesidades Trimestrales'!E15 -> TRUE | R15: =G15='[2]Necesidades Trimestrales'!F15 -> TRUE | S15: =+I15-'[2]Necesidades Trimestrales'!H15 -> 0
A16: 7 | B16: 2.5.2-1724.3 | C16: PROD. MEDICO/FARMACEUTICOS/LAB | D16: 252 | E16: ALLOPURINOL 300 MG COMPRIMIDO | F16: HIPOURICEMIANTES; TIPO: MONODROGA, DROGA GENERICA: ALOPURINOL 300 mGr, FORMA FARMACEUTICA: COMPRIMIDO, PRESENTACION: UNIDAD | G16: COMPRIMIDO | I16: 12.15 | J16: =+H16*I16 -> 0 | K16: HIPOURICEMIANTES; TIPO: MONODROGA, DROGA GENERICA: ALOPURINOL 300 mGr, FORMA FARMACEUTICA: COMPRIMIDO, PRESENTACION: UNIDAD | L16: =K16=F16 -> TRUE | M16: =B17='[1]Necesidades Trimestrales'!B16 -> TRUE | N16: =F16='[1]Necesidades Trimestrales'!E16 -> TRUE | O16: =G16='[1]Necesidades Trimestrales'!F16 -> TRUE | P16: =B17='[2]Necesidades Trimestrales'!B16 -> TRUE | Q16: =F16='[2]Necesidades Trimestrales'!E16 -> TRUE | R16: =G16='[2]Necesidades Trimestrales'!F16 -> TRUE | S16: =+I16-'[2]Necesidades Trimestrales'!H16 -> 0
A17: 8 | B17: 2.5.2-1864.6 | C17: PROD. MEDICO/FARMACEUTICOS/LAB | D17: 252 | E17: AMIKACINA 500 MG AMPOLLA | F17: ANTIBIOTICOS P/PERSONAS; TIPO: MONODROGA, DROGA GENERICA: AMIKACINA, PRESENTACION: 500 mGr, FORMA FARMACEUTICA: AMPOLLA | G17: AMPOLLA | I17: 87.95 | J17: =+H17*I17 -> 0 | K17: ANTIBIOTICOS P/PERSONAS; TIPO: MONODROGA, DROGA GENERICA: AMIKACINA, PRESENTACION: 500 mGr, FORMA FARMACEUTICA: AMPOLLA | L17: =K17=F17 -> TRUE | M17: =B18='[1]Necesidades Trimestrales'!B17 -> TRUE | N17: =F17='[1]Necesidades Trimestrales'!E17 -> TRUE | O17: =G17='[1]Necesidades Trimestrales'!F17 -> TRUE | P17: =B18='[2]Necesidades Trimestrales'!B17 -> TRUE | Q17: =F17='[2]Necesidades Trimestrales'!E17 -> TRUE | R17: =G17='[2]Necesidades Trimestrales'!F17 -> TRUE | S17: =+I17-'[2]Necesidades Trimestrales'!H17 -> 0
A18: 9 | B18: 2.5.2-1821.1 | D18: 252 | E18: AMOXICILINA 400 MG + ACIDO CLAVULANICO 57 MG SUSPENSIÓN x 70 ML | F18: ANTIBIOTICOS P/PERSONAS; TIPO: ASOCIACION, DROGA GENERICA: AMOXICILINA + AC.CLAVULANICO 400 MG / 57 MG, FORMA FARMACEUTICA: SUSPENSION, PRESENTACION: ENVASE X 70 ML | G18: FRASCO | I18: 374 | J18: =+H18*I18 -> 0 | K18: ANTIBIOTICOS P/PERSONAS; TIPO: ASOCIACION, DROGA GENERICA: AMOXICILINA + AC.CLAVULANICO 400 MG / 57 MG, FORMA FARMACEUTICA: SUSPENSION, PRESENTACION: ENVASE X 70 ML | L18: =K18=F18 -> TRUE | M18: =B19='[1]Necesidades Trimestrales'!B18 -> TRUE | N18: =F18='[1]Necesidades Trimestrales'!E18 -> TRUE | O18: =G18='[1]Necesidades Trimestrales'!F18 -> TRUE | P18: =B19='[2]Necesidades Trimestrales'!B18 -> TRUE | Q18: =F18='[2]Necesidades Trimestrales'!E18 -> TRUE | R18: =G18='[2]Necesidades Trimestrales'!F18 -> TRUE | S18: =+I18-'[2]Necesidades Trimestrales'!H18 -> 0
A19: 10 | B19: 2.5.2-1821.524 | C19: PROD. MEDICO/FARMACEUTICOS/LAB | D19: 252 | E19: AMOXICILINA + CLAVULANICO 1 G COMPRIMIDO | F19: ANTIBIOTICOS P/PERSONAS; TIPO: ASOCIACION, DROGA GENERICA: AMOXICIL. 875 MG+CLAVUL.125 MG mGr, FORMA FARMACEUTICA: COMPRIMIDO, PRESENTACION: UNIDAD | G19: COMPRIMIDO | I19: 29.5 | J19: =+H19*I19 -> 0 | K19: ANTIBIOTICOS P/PERSONAS; TIPO: ASOCIACION, DROGA GENERICA: AMOXICIL. 875 MG+CLAVUL.125 MG mGr, FORMA FARMACEUTICA: COMPRIMIDO, PRESENTACION: UNIDAD | L19: =K19=F19 -> TRUE | M19: =B20='[1]Necesidades Trimestrales'!B19 -> TRUE | N19: =F19='[1]Necesidades Trimestrales'!E19 -> TRUE | O19: =G19='[1]Necesidades Trimestrales'!F19 -> TRUE | P19: =B20='[2]Necesidades Trimestrales'!B19 -> TRUE | Q19: =F19='[2]Necesidades Trimestrales'!E19 -> TRUE | R19: =G19='[2]Necesidades Trimestrales'!F19 -> TRUE | S19: =+I19-'[2]Necesidades Trimestrales'!H19 -> 0
A20: 11 | B20: 2.5.2-1821.440 | C20: PROD. MEDICO/FARMACEUTICOS/LAB | D20: 252 | E20: AMOXICILINA 500 MG COMPRIMIDO | F20: ANTIBIOTICOS P/PERSONAS; TIPO: MONODROGA, DROGA GENERICA: AMOXICILINA, PRESENTACION: 500 mGr, FORMA FARMACEUTICA: COMPRIMIDOS | G20: COMPRIMIDO | I20: 7.85 | J20: =+H20*I20 -> 0 | K20: ANTIBIOTICOS P/PERSONAS; TIPO: MONODROGA, DROGA GENERICA: AMOXICILINA, PRESENTACION: 500 mGr, FORMA FARMACEUTICA: COMPRIMIDOS | L20: =K20=F20 -> TRUE | M20: =B21='[1]Necesidades Trimestrales'!B20 -> TRUE | N20: =F20='[1]Necesidades Trimestrales'!E20 -> TRUE | O20: =G20='[1]Necesidades Trimestrales'!F20 -> TRUE | P20: =B21='[2]Necesidades Trimestrales'!B20 -> TRUE | Q20: =F20='[2]Necesidades Trimestrales'!E20 -> TRUE | R20: =G20='[2]Necesidades Trimestrales'!F20 -> TRUE | S20: =+I20-'[2]Necesidades Trimestrales'!H20 -> 0
A21: 12 | B21: 2.5.2-1821.9 | C21: PROD. MEDICO/FARMACEUTICOS/LAB | D21: 252 | E21: AMOXICILINA 500 MG SUSPENSIÓN X 90 ML | F21: ANTIBIOTICOS P/PERSONAS; TIPO: MONODROGA, DROGA GENERICA: AMOXICILINA 500 mGr, FORMA FARMACEUTICA: SUSPENSION, PRESENTACION: ENVASE X 90 mL | G21: FRASCO | I21: 210 | J21: =+H21*I21 -> 0 | K21: ANTIBIOTICOS P/PERSONAS; TIPO: MONODROGA, DROGA GENERICA: AMOXICILINA 500 mGr, FORMA FARMACEUTICA: SUSPENSION, PRESENTACION: ENVASE X 90 mL | L21: =K21=F21 -> TRUE | M21: =B22='[1]Necesidades Trimestrales'!B21 -> TRUE | N21: =F21='[1]Necesidades Trimestrales'!E21 -> TRUE | O21: =G21='[1]Necesidades Trimestrales'!F21 -> TRUE | P21: =B22='[2]Necesidades Trimestrales'!B21 -> TRUE | Q21: =F21='[2]Necesidades Trimestrales'!E21 -> TRUE | R21: =G21='[2]Necesidades Trimestrales'!F21 -> TRUE | S21: =+I21-'[2]Necesidades Trimestrales'!H21 -> 0
A22: 13 | B22: 2.5.2-1821.399 | C22: PROD. MEDICO/FARMACEUTICOS/LAB | D22: 252 | E22: AMPICILINA + SULBACTAM 1,5 MG FCO AMPOLLA | F22: ANTIBIOTICOS P/PERSONAS; TIPO: ASOCIACION, DROGA GENERICA: AMPICILINA + SULBACTAN, FORMA FARMACEUTICA: FRASCO AMPOLLA, PRESENTACION: ENVASE X 1,5 GR | G22: AMPOLLA | I22: 138 | J22: =+H22*I22 -> 0 | K22: ANTIBIOTICOS P/PERSONAS; TIPO: ASOCIACION, DROGA GENERICA: AMPICILINA + SULBACTAN, FORMA FARMACEUTICA: FRASCO AMPOLLA, PRESENTACION: ENVASE X 1,5 GR | L22: =K22=F22 -> TRUE | M22: =B23='[1]Necesidades Trimestrales'!B22 -> TRUE | N22: =F22='[1]Necesidades Trimestrales'!E22 -> TRUE | O22: =G22='[1]Necesidades Trimestrales'!F22 -> TRUE | P22: =B23='[2]Necesidades Trimestrales'!B22 -> TRUE | Q22: =F22='[2]Necesidades Trimestrales'!E22 -> TRUE | R22: =G22='[2]Necesidades Trimestrales'!F22 -> TRUE | S22: =+I22-'[2]Necesidades Trimestrales'!H22 -> 0
A23: 14 | B23: 2.5.2-1821.389 | C23: PROD. MEDICO/FARMACEUTICOS/LAB | D23: 252 | E23: AMPICILINA 1G FCO AMPOLLA | F23: ANTIBIOTICOS P/PERSONAS; TIPO: MONODROGA, DROGA GENERICA: AMPICILINA, FORMA FARMACEUTICA: AMPOLLA, PRESENTACION: 1 GR | G23: AMPOLLA | I23: 99 | J23: =+H23*I23 -> 0 | K23: ANTIBIOTICOS P/PERSONAS; TIPO: MONODROGA, DROGA GENERICA: AMPICILINA, FORMA FARMACEUTICA: AMPOLLA, PRESENTACION: 1 GR | L23: =K23=F23 -> TRUE | M23: =B24='[1]Necesidades Trimestrales'!B23 -> TRUE | N23: =F23='[1]Necesidades Trimestrales'!E23 -> TRUE | O23: =G23='[1]Necesidades Trimestrales'!F23 -> TRUE | P23: =B24='[2]Necesidades Trimestrales'!B23 -> TRUE | Q23: =F23='[2]Necesidades Trimestrales'!E23 -> TRUE | R23: =G23='[2]Necesidades Trimestrales'!F23 -> TRUE | S23: =+I23-'[2]Necesidades Trimestrales'!H23 -> 0
A24: 15 | B24: 2.5.2-1821.8 | C24: PROD. MEDICO/FARMACEUTICOS/LAB | D24: 252 | E24: AMPICILINA 500 MG COMPRIMIDO | F24: ANTIBIOTICOS P/PERSONAS; TIPO: MONODROGA, DROGA GENERICA: AMPICILINA, FORMA FARMACEUTICA: COMPRIMIDOS, PRESENTACION: 500 mGr | G24: COMPRIMIDO | I24: 17.08 | J24: =+H24*I24 -> 0 | K24: ANTIBIOTICOS P/PERSONAS; TIPO: MONODROGA, DROGA GENERICA: AMPICILINA, FORMA FARMACEUTICA: COMPRIMIDOS, PRESENTACION: 500 mGr | L24: =K24=F24 -> TRUE | M24: =B25='[1]Necesidades Trimestrales'!B24 -> TRUE | N24: =F24='[1]Necesidades Trimestrales'!E24 -> TRUE | O24: =G24='[1]Necesidades Trimestrales'!F24 -> TRUE | P24: =B25='[2]Necesidades Trimestrales'!B24 -> TRUE | Q24: =F24='[2]Necesidades Trimestrales'!E24 -> TRUE | R24: =G24='[2]Necesidades Trimestrales'!F24 -> TRUE | S24: =+I24-'[2]Necesidades Trimestrales'!H24 -> 0
A25: 16 | B25: 2.5.2-1821.5 | D25: 252 | E25: ANFOTERICINA B LIPOSOMAL VIAL 50 MG | F25: ANTIMICOTICOS; DROGA GENERICA: ANFOTERICINA B LIPOSOMAL, FORMA FARMACEUTICA: AMPOLLA, PRESENTACION: 50 MGR, TIPO: MONODROGA | G25: AMPOLLA | I25: 25452 | J25: =+H25*I25 -> 0 | K25: ANTIMICOTICOS; DROGA GENERICA: ANFOTERICINA B LIPOSOMAL, FORMA FARMACEUTICA: AMPOLLA, PRESENTACION: 50 MGR, TIPO: MONODROGA | L25: =K25=F25 -> TRUE | M25: =B26='[1]Necesidades Trimestrales'!B25 -> TRUE | N25: =F25='[1]Necesidades Trimestrales'!E25 -> TRUE | O25: =G25='[1]Necesidades Trimestrales'!F25 -> TRUE | P25: =B26='[2]Necesidades Trimestrales'!B25 -> TRUE | Q25: =F25='[2]Necesidades Trimestrales'!E25 -> TRUE | R25: =G25='[2]Necesidades Trimestrales'!F25 -> TRUE | S25: =+I25-'[2]Necesidades Trimestrales'!H25 -> 0
A26: 17 | B26: 2.5.2-1823.113 | C26: PROD. MEDICO/FARMACEUTICOS/LAB | D26: 252 | E26: ANFOTERICINA B VIAL 50 MG | F26: ANTIMICOTICOS; DROGA GENERICA: ANFOTERICINA B, FORMA FARMACEUTICA: AMPOLLA, PRESENTACION: 50 mGr, TIPO: MONODROGA | G26: AMPOLLA | I26: 795 | J26: =+H26*I26 -> 0 | K26: ANTIMICOTICOS; DROGA GENERICA: ANFOTERICINA B, FORMA FARMACEUTICA: AMPOLLA, PRESENTACION: 50 mGr, TIPO: MONODROGA | L26: =K26=F26 -> TRUE | M26: =B27='[1]Necesidades Trimestrales'!B26 -> TRUE | N26: =F26='[1]Necesidades Trimestrales'!E26 -> TRUE | O26: =G26='[1]Necesidades Trimestrales'!F26 -> TRUE | P26: =B27='[2]Necesidades Trimestrales'!B26 -> TRUE | Q26: =F26='[2]Necesidades Trimestrales'!E26 -> TRUE | R26: =G26='[2]Necesidades Trimestrales'!F26 -> TRUE | S26: =+I26-'[2]Necesidades Trimestrales'!H26 -> 0
A27: 18 | B27: 2.5.2-1823.1 | C27: PROD. MEDICO/FARMACEUTICOS/LAB | D27: 252 | E27: AZITROMICINA 200 MG / 5 ML SUSPENSIÓN x 15 ML | F27: ANTIBIOTICOS P/PERSONAS; TIPO: MONODROGA, DROGA GENERICA: AZITROMICINA 200 mGr, FORMA FARMACEUTICA: SUSPENSION, PRESENTACION: ENVASE X 15 Ml | G27: FRASCO | I27: 310 | J27: =+H27*I27 -> 0 | K27: ANTIBIOTICOS P/PERSONAS; TIPO: MONODROGA, DROGA GENERICA: AZITROMICINA 200 mGr, FORMA FARMACEUTICA: SUSPENSION, PRESENTACION: ENVASE X 15 mL | L27: =K27=F27 -> TRUE | M27: =B28='[1]Necesidades Trimestrales'!B27 -> TRUE | N27: =F27='[1]Necesidades Trimestrales'!E27 -> TRUE | O27: =G27='[1]Necesidades Trimestrales'!F27 -> TRUE | P27: =B28='[2]Necesidades Trimestrales'!B27 -> TRUE | Q27: =F27='[2]Necesidades Trimestrales'!E27 -> TRUE | R27: =G27='[2]Necesidades Trimestrales'!F27 -> TRUE | S27: =+I27-'[2]Necesidades Trimestrales'!H27 -> 0
A28: 19 | B28: 2.5.2-1821.502 | D28: 252 | E28: ATRACURIUM 50 MG AMPOLLA | F28: BLOQUEANTES NEUROMUSCULARES; DROGA GENERICA: ATRACURIO, FORMA FARMACEUTICA: AMPOLLA, PRESENTACION: 50 mGr, TIPO: MONODROGA | G28: AMPOLLA | I28: 259 | J28: =+H28*I28 -> 0 | K28: BLOQUEANTES NEUROMUSCULARES; DROGA GENERICA: ATRACURIO, FORMA FARMACEUTICA: AMPOLLA, PRESENTACION: 50 mGr, TIPO: MONODROGA | L28: =K28=F28 -> TRUE | M28: =B29='[1]Necesidades Trimestrales'!B28 -> TRUE | N28: =F28='[1]Necesidades Trimestrales'!E28 -> TRUE | O28: =G28='[1]Necesidades Trimestrales'!F28 -> TRUE | P28: =B29='[2]Necesidades Trimestrales'!B28 -> TRUE | Q28: =F28='[2]Necesidades Trimestrales'!E28 -> TRUE | R28: =G28='[2]Necesidades Trimestrales'!F28 -> TRUE | S28: =+I28-'[2]Necesidades Trimestrales'!H28 -> 0
A29: 20 | B29: 2.5.2-2199.16 | C29: PROD. MEDICO/FARMACEUTICOS/LAB | D29: 252 | E29: AZITROMICINA 500 MG COMPRIMIDOS | F29: ANTIBIOTICOS P/PERSONAS; TIPO: MONODROGA, DROGA GENERICA: AZITROMICINA, FORMA FARMACEUTICA: COMPRIMIDO, PRESENTACION: 500 mGr | G29: COMPRIMIDO | I29: 36 | J29: =+H29*I29 -> 0 | K29: ANTIBIOTICOS P/PERSONAS; TIPO: MONODROGA, DROGA GENERICA: AZITROMICINA, FORMA FARMACEUTICA: COMPRIMIDO, PRESENTACION: 500 mGr | L29: =K29=F29 -> TRUE | M29: =B30='[1]Necesidades Trimestrales'!B29 -> TRUE | N29: =F29='[1]Necesidades Trimestrales'!E29 -> TRUE | O29: =G29='[1]Necesidades Trimestrales'!F29 -> TRUE | P29: =B30='[2]Necesidades Trimestrales'!B29 -> TRUE | Q29: =F29='[2]Necesidades Trimestrales'!E29 -> TRUE | R29: =G29='[2]Necesidades Trimestrales'!F29 -> TRUE | S29: =+I29-'[2]Necesidades Trimestrales'!H29 -> 0
A30: 21 | B30: 2.5.2-1821.94 | C30: PROD. MEDICO/FARMACEUTICOS/LAB | D30: 252 | E30: BACLOFENO 10 MG COMPRIMIDO | F30: HIPOTENSORES; TIPO: MONODROGA, DROGA GENERICA: BACLOFENO, FORMA FARMACEUTICA: COMPRIMIDO, PRESENTACION: 10 mGr | G30: COMPRIMIDO | I30: 15 | J30: =+H30*I30 -> 0 | K30: HIPOTENSORES; TIPO: MONODROGA, DROGA GENERICA: BACLOFENO, FORMA FARMACEUTICA: COMPRIMIDO, PRESENTACION: 10 mGr | L30: =K30=F30 -> TRUE | M30: =B31='[1]Necesidades Trimestrales'!B30 -> TRUE | N30: =F30='[1]Necesidades Trimestrales'!E30 -> TRUE | O30: =G30='[1]Necesidades Trimestrales'!F30 -> TRUE | P30: =B31='[2]Necesidades Trimestrales'!B30 -> TRUE | Q30: =F30='[2]Necesidades Trimestrales'!E30 -> TRUE | R30: =G30='[2]Necesidades Trimestrales'!F30 -> TRUE | S30: =+I30-'[2]Necesidades Trimestrales'!H30 -> 0
A31: 22 | B31: 2.5.2-1837.19 | D31: 252 | E31: BARIO SULFATO TIPO EZ-CAT SUSPENSION ORAL X 225 ML | F31: SOLUCIONES P/MEDICINA; TIPO: SULFATO DE BARIO, PRESENTACION: ENVASE SUSPENSION X 225 ML | G31: FRASCO | I31: 1680 | J31: =+H31*I31 -> 0 | K31: SOLUCIONES P/MEDICINA; TIPO: SULFATO DE BARIO, PRESENTACION: ENVASE SUSPENSION X 225 ML | L31: =K31=F31 -> TRUE | M31: =B32='[1]Necesidades Trimestrales'!B31 -> TRUE | N31: =F31='[1]Necesidades Trimestrales'!E31 -> TRUE | O31: =G31='[1]Necesidades Trimestrales'!F31 -> TRUE | P31: =B32='[2]Necesidades Trimestrales'!B31 -> TRUE | Q31: =F31='[2]Necesidades Trimestrales'!E31 -> TRUE | R31: =G31='[2]Necesidades Trimestrales'!F31 -> TRUE | S31: =+I31-'[2]Necesidades Trimestrales'!H31 -> 0
A32: 23 | B32: 2.5.2-1726.523 | D32: 252 | E32: BARIO SULFATO TIPO GASTROPAQUE F SUSPENSION PARA ENEMA x 500 ml | F32: SOLUCIONES P/MEDICINA; TIPO: SULFATO DE BARIO, PRESENTACION: ENVASE SUSPENSION PARA ENEMA X 500 ML | G32: FRASCO | I32: 2810 | J32: =+H32*I32 -> 0 | K32: SOLUCIONES P/MEDICINA; TIPO: SULFATO DE BARIO, PRESENTACION: ENVASE SUSPENSION PARA ENEMA X 500 ML | L32: =K32=F32 -> TRUE | M32: =B33='[1]Necesidades Trimestrales'!B32 -> TRUE | N32: =F32='[1]Necesidades Trimestrales'!E32 -> TRUE | O32: =G32='[1]Necesidades Trimestrales'!F32 -> TRUE | P32: =B33='[2]Necesidades Trimestrales'!B32 -> TRUE | Q32: =F32='[2]Necesidades Trimestrales'!E32 -> TRUE | R32: =G32='[2]Necesidades Trimestrales'!F32 -> TRUE | S32: =+I32-'[2]Necesidades Trimestrales'!H32 -> 0
A33: 24 | B33: 2.5.2-1726.524 | D33: 252 | E33: BARIO SULFATO TIPO GASTROPAQUE F SUSPENSION ORAL X 300 ML | F33: SOLUCIONES P/MEDICINA; TIPO: SULFATO DE BARIO, PRESENTACION: ENVASE SUSPENSION ORAL X 300 ML | G33: FRASCO | I33: 2350 | J33: =+H33*I33 -> 0 | K33: SOLUCIONES P/MEDICINA; TIPO: SULFATO DE BARIO, PRESENTACION: ENVASE SUSPENSION ORAL X 300 ML | L33: =K33=F33 -> TRUE | M33: =B34='[1]Necesidades Trimestrales'!B33 -> TRUE | N33: =F33='[1]Necesidades Trimestrales'!E33 -> TRUE | O33: =G33='[1]Necesidades Trimestrales'!F33 -> TRUE | P33: =B34='[2]Necesidades Trimestrales'!B33 -> TRUE | Q33: =F33='[2]Necesidades Trimestrales'!E33 -> TRUE | R33: =G33='[2]Necesidades Trimestrales'!F33 -> TRUE | S33: =+I33-'[2]Necesidades Trimestrales'!H33 -> 0
A34: 25 | B34: 2.5.2-1726.525 | C34: PROD. MEDICO/FARMACEUTICOS/LAB | D34: 252 | E34: BUPIVACAINA 0,5% C/EPINEFRINA FRASCO X 20 ML | F34: ANESTESICOS LOCALES; TIPO: ASOCIACION, DROGA GENERICA: BUPIVACAINA 0,5 % C/EPINEFRINA, FORMA FARMACEUTICA: FRASCO AMPOLLA, PRESENTACION: ENVASE X 20 mL | G34: FRASCO | I34: 3100 | J34: =+H34*I34 -> 0 | K34: ANESTESICOS LOCALES; TIPO: ASOCIACION, DROGA GENERICA: BUPIVACAINA 0,5 % C/EPINEFRINA, FORMA FARMACEUTICA: FRASCO AMPOLLA, PRESENTACION: ENVASE X 20 mL | L34: =K34=F34 -> TRUE | M34: =B35='[1]Necesidades Trimestrales'!B34 -> TRUE | N34: =F34='[1]Necesidades Trimestrales'!E34 -> TRUE | O34: =G34='[1]Necesidades Trimestrales'!F34 -> TRUE | P34: =B35='[2]Necesidades Trimestrales'!B34 -> TRUE | Q34: =F34='[2]Necesidades Trimestrales'!E34 -> TRUE | R34: =G34='[2]Necesidades Trimestrales'!F34 -> TRUE | S34: =+I34-'[2]Necesidades Trimestrales'!H34 -> 0
A35: 26 | B35: 2.5.2-1883.139 | C35: PROD. MEDICO/FARMACEUTICOS/LAB | D35: 252 | E35: BUPIVACAINA 0,5% S/EPINEFRINA FRASCO X 20 ML | F35: ANESTESICOS LOCALES; TIPO: MONODROGA, DROGA GENERICA: BUPIVACAINA 0,5 %, FORMA FARMACEUTICA: FRASCO, PRESENTACION: 20 mL | G35: FRASCO | I35: 490 | J35: =+H35*I35 -> 0 | K35: ANESTESICOS LOCALES; TIPO: MONODROGA, DROGA GENERICA: BUPIVACAINA 0,5 %, FORMA FARMACEUTICA: FRASCO, PRESENTACION: 20 mL | L35: =K35=F35 -> TRUE | M35: =B36='[1]Necesidades Trimestrales'!B35 -> TRUE | N35: =F35='[1]Necesidades Trimestrales'!E35 -> TRUE | O35: =G35='[1]Necesidades Trimestrales'!F35 -> TRUE | P35: =B36='[2]Necesidades Trimestrales'!B35 -> TRUE | Q35: =F35='[2]Necesidades Trimestrales'!E35 -> TRUE | R35: =G35='[2]Necesidades Trimestrales'!F35 -> TRUE | S35: =+I35-'[2]Necesidades Trimestrales'!H35 -> 0
A36: 27 | B36: 2.5.2-1883.24 | D36: 252 | E36: BUPIVACAINA 5 MG / ML HIBERBARICA AMPOLLA DE 4 ML CON AGUJA 27 G X 3 1/2 CON INTRODUCTOR | F36: ANESTESICOS LOCALES; TIPO: MONODROGA, DROGA GENERICA: BUPIVACAINA 0,5% HIPERBARICA, FORMA FARMACEUTICA: AMPOLLA, PRESENTACION: 4 ML CON AGUJA 27 G X 3 1/2 CON INTRODUCTOR | G36: AMPOLLA | I36: 1420 | J36: =+H36*I36 -> 0 | K36: ANESTESICOS LOCALES; TIPO: MONODROGA, DROGA GENERICA: BUPIVACAINA 0,5% HIPERBARICA, FORMA FARMACEUTICA: AMPOLLA, PRESENTACION: 4 ML CON AGUJA 27 G X 3 1/2 CON INTRODUCTOR | L36: =K36=F36 -> TRUE | M36: =B37='[1]Necesidades Trimestrales'!B36 -> TRUE | N36: =F36='[1]Necesidades Trimestrales'!E36 -> TRUE | O36: =G36='[1]Necesidades Trimestrales'!F36 -> TRUE | P36: =B37='[2]Necesidades Trimestrales'!B36 -> TRUE | Q36: =F36='[2]Necesidades Trimestrales'!E36 -> TRUE | R36: =G36='[2]Necesidades Trimestrales'!F36 -> TRUE | S36: =+I36-'[2]Necesidades Trimestrales'!H36 -> 0
A37: 28 | B37: 2.5.2-1883.188 | C37: PROD. MEDICO/FARMACEUTICOS/LAB | D37: 252 | E37: CEFALEXINA 500 MG COMPRIMIDOS | F37: ANTIBIOTICOS P/PERSONAS; TIPO: MONODROGA, DROGA GENERICA: CEFALEXINA 500 mGr, FORMA FARMACEUTICA: COMPRIMIDO, PRESENTACION: 1 UN | G37: COMPRIMIDO | I37: 13.9 | J37: =+H37*I37 -> 0 | K37: ANTIBIOTICOS P/PERSONAS; TIPO: MONODROGA, DROGA GENERICA: CEFALEXINA 500 mGr, FORMA FARMACEUTICA: COMPRIMIDO, PRESENTACION: 1 UN | L37: =K37=F37 -> TRUE | M37: =B38='[1]Necesidades Trimestrales'!B37 -> TRUE | N37: =F37='[1]Necesidades Trimestrales'!E37 -> TRUE | O37: =G37='[1]Necesidades Trimestrales'!F37 -> TRUE | P37: =B38='[2]Necesidades Trimestrales'!B37 -> TRUE | Q37: =F37='[2]Necesidades Trimestrales'!E37 -> TRUE | R37: =G37='[2]Necesidades Trimestrales'!F37 -> TRUE | S37: =+I37-'[2]Necesidades Trimestrales'!H37 -> 0
A38: 29 | B38: 2.5.2-1821.321 | C38: PROD. MEDICO/FARMACEUTICOS/LAB | D38: 252 | E38: CEFALEXINA 500 MG SUSPENSIÓN X 90 ML | F38: ANTIBIOTICOS P/PERSONAS; TIPO: MONODROGA, DROGA GENERICA: CEFALEXINA 500MG, FORMA FARMACEUTICA: SUSPENSION, PRESENTACION: ENVASE X 90 mL | G38: FRASCO | I38: 350 | J38: =+H38*I38 -> 0 | K38: ANTIBIOTICOS P/PERSONAS; TIPO: MONODROGA, DROGA GENERICA: CEFALEXINA 500MG, FORMA FARMACEUTICA: SUSPENSION, PRESENTACION: ENVASE X 90 mL | L38: =K38=F38 -> TRUE | M38: =B39='[1]Necesidades Trimestrales'!B38 -> TRUE | N38: =F38='[1]Necesidades Trimestrales'!E38 -> TRUE | O38: =G38='[1]Necesidades Trimestrales'!F38 -> TRUE | P38: =B39='[2]Necesidades Trimestrales'!B38 -> TRUE | Q38: =F38='[2]Necesidades Trimestrales'!E38 -> TRUE | R38: =G38='[2]Necesidades Trimestrales'!F38 -> TRUE | S38: =+I38-'[2]Necesidades Trimestrales'!H38 -> 0
A39: 30 | B39: 2.5.2-1821.337 | C39: PROD. MEDICO/FARMACEUTICOS/LAB | D39: 252 | E39: CEFALOTINA 1 GR. AMP. | F39: ANTIBIOTICOS P/PERSONAS; TIPO: MONODROGA, DROGA GENERICA: CEFALOTINA SODICA, FORMA FARMACEUTICA: FRASCO AMPOLLA, PRESENTACION: 1 GR | G39: AMPOLLA | I39: 145 | J39: =+H39*I39 -> 0 | K39: ANTIBIOTICOS P/PERSONAS; TIPO: MONODROGA, DROGA GENERICA: CEFALOTINA SODICA, FORMA FARMACEUTICA: FRASCO AMPOLLA, PRESENTACION: 1 GR | L39: =K39=F39 -> TRUE | M39: =B40='[1]Necesidades Trimestrales'!B39 -> TRUE | N39: =F39='[1]Necesidades Trimestrales'!E39 -> TRUE | O39: =G39='[1]Necesidades Trimestrales'!F39 -> TRUE | P39: =B40='[2]Necesidades Trimestrales'!B39 -> TRUE | Q39: =F39='[2]Necesidades Trimestrales'!E39 -> TRUE | R39: =G39='[2]Necesidades Trimestrales'!F39 -> TRUE | S39: =+I39-'[2]Necesidades Trimestrales'!H39 -> 0
A40: 31 | B40: 2.5.2-1821.405 | C40: PROD. MEDICO/FARMACEUTICOS/LAB | D40: 252 | E40: CEFAZOLINA 1GR FCO AMPOLLA | F40: ANTIBIOTICOS P/PERSONAS; TIPO: MONODROGA, DROGA GENERICA: CEFAZOLINA, FORMA FARMACEUTICA: AMPOLLA, PRESENTACION: 1 GR | G40: AMPOLLA | I40: 148 | J40: =+H40*I40 -> 0 | K40: ANTIBIOTICOS P/PERSONAS; TIPO: MONODROGA, DROGA GENERICA: CEFAZOLINA, FORMA FARMACEUTICA: AMPOLLA, PRESENTACION: 1 GR | L40: =K40=F40 -> TRUE | M40: =B41='[1]Necesidades Trimestrales'!B40 -> TRUE | N40: =F40='[1]Necesidades Trimestrales'!E40 -> TRUE | O40: =G40='[1]Necesidades Trimestrales'!F40 -> TRUE | P40: =B41='[2]Necesidades Trimestrales'!B40 -> TRUE | Q40: =F40='[2]Necesidades Trimestrales'!E40 -> TRUE | R40: =G40='[2]Necesidades Trimestrales'!F40 -> TRUE | S40: =+I40-'[2]Necesidades Trimestrales'!H40 -> 0
A41: 32 | B41: 2.5.2-1821.62 | C41: PROD. MEDICO/FARMACEUTICOS/LAB | D41: 252 | E41: CEFTAZIDIMA 1G FCO AMPOLLA | F41: ANTIBIOTICOS P/PERSONAS; TIPO: MONODROGA, DROGA GENERICA: CEFTAZIDIMA, FORMA FARMACEUTICA: FRASCO AMPOLLA, PRESENTACION: ENVASE X 1 GR | G41: AMPOLLA | I41: 144 | J41: =+H41*I41 -> 0 | K41: ANTIBIOTICOS P/PERSONAS; TIPO: MONODROGA, DROGA GENERICA: CEFTAZIDIMA, FORMA FARMACEUTICA: FRASCO AMPOLLA, PRESENTACION: ENVASE X 1 GR | L41: =K41=F41 -> TRUE | M41: =B42='[1]Necesidades Trimestrales'!B41 -> TRUE | N41: =F41='[1]Necesidades Trimestrales'!E41 -> TRUE | O41: =G41='[1]Necesidades Trimestrales'!F41 -> TRUE | P41: =B42='[2]Necesidades Trimestrales'!B41 -> TRUE | Q41: =F41='[2]Necesidades Trimestrales'!E41 -> TRUE | R41: =G41='[2]Necesidades Trimestrales'!F41 -> TRUE | S41: =+I41-'[2]Necesidades Trimestrales'!H41 -> 0
A42: 33 | B42: 2.5.2-1821.384 | C42: PROD. MEDICO/FARMACEUTICOS/LAB | D42: 252 | E42: CEFTRIAXONA 1 GR FCO AMPOLLA | F42: ANTIBIOTICOS P/PERSONAS; TIPO: MONODROGA, DROGA GENERICA: CEFTRIAXONA, FORMA FARMACEUTICA: FRASCO AMPOLLA, PRESENTACION: 1 GR | G42: AMPOLLA | I42: 130 | J42: =+H42*I42 -> 0 | K42: ANTIBIOTICOS P/PERSONAS; TIPO: MONODROGA, DROGA GENERICA: CEFTRIAXONA, FORMA FARMACEUTICA: FRASCO AMPOLLA, PRESENTACION: 1 GR | L42: =K42=F42 -> TRUE | M42: =B43='[1]Necesidades Trimestrales'!B42 -> TRUE | N42: =F42='[1]Necesidades Trimestrales'!E42 -> TRUE | O42: =G42='[1]Necesidades Trimestrales'!F42 -> TRUE | P42: =B43='[2]Necesidades Trimestrales'!B42 -> TRUE | Q42: =F42='[2]Necesidades Trimestrales'!E42 -> TRUE | R42: =G42='[2]Necesidades Trimestrales'!F42 -> TRUE | S42: =+I42-'[2]Necesidades Trimestrales'!H42 -> 0
A43: 34 | B43: 2.5.2-1821.214 | C43: PROD. MEDICO/FARMACEUTICOS/LAB | D43: 252 | E43: CEFUROXIMA 750 MG FCO AMPOLLA | F43: ANTIBIOTICOS P/PERSONAS; TIPO: MONODROGA, DROGA GENERICA: CEFUROXIMA, FORMA FARMACEUTICA: FRASCO AMPOLLA, PRESENTACION: 750 mGr | G43: AMPOLLA | I43: 351 | J43: =+H43*I43 -> 0 | K43: ANTIBIOTICOS P/PERSONAS; TIPO: MONODROGA, DROGA GENERICA: CEFUROXIMA, FORMA FARMACEUTICA: FRASCO AMPOLLA, PRESENTACION: 750 mGr | L43: =K43=F43 -> TRUE | M43: =B44='[1]Necesidades Trimestrales'!B43 -> TRUE | N43: =F43='[1]Necesidades Trimestrales'!E43 -> TRUE | O43: =G43='[1]Necesidades Trimestrales'!F43 -> TRUE | P43: =B44='[2]Necesidades Trimestrales'!B43 -> TRUE | Q43: =F43='[2]Necesidades Trimestrales'!E43 -> TRUE | R43: =G43='[2]Necesidades Trimestrales'!F43 -> TRUE | S43: =+I43-'[2]Necesidades Trimestrales'!H43 -> 0
A44: 35 | B44: 2.5.2-1821.222 | C44: PROD. MEDICO/FARMACEUTICOS/LAB | D44: 252 | E44: CIPROFLOXACINA 200 MG sachet | F44: ANTIBIOTICOS P/PERSONAS; TIPO: MONODROGA, DROGA GENERICA: CIPROFLOXACINA, FORMA FARMACEUTICA: SACHET, PRESENTACION: ENVASE X 200 mGr | G44: SACHET | I44: 122 | J44: =+H44*I44 -> 0 | K44: ANTIBIOTICOS P/PERSONAS; TIPO: MONODROGA, DROGA GENERICA: CIPROFLOXACINA, FORMA FARMACEUTICA: SACHET, PRESENTACION: ENVASE X 200 mGr | L44: =K44=F44 -> TRUE | M44: =B45='[1]Necesidades Trimestrales'!B44 -> TRUE | N44: =F44='[1]Necesidades Trimestrales'!E44 -> TRUE | O44: =G44='[1]Necesidades Trimestrales'!F44 -> TRUE | P44: =B45='[2]Necesidades Trimestrales'!B44 -> TRUE | Q44: =F44='[2]Necesidades Trimestrales'!E44 -> TRUE | R44: =G44='[2]Necesidades Trimestrales'!F44 -> TRUE | S44: =+I44-'[2]Necesidades Trimestrales'!H44 -> 0
A45: 36 | B45: 2.5.2-1821.387 | C45: PROD. MEDICO/FARMACEUTICOS/LAB | D45: 252 | E45: CIPROFLOXACINA 500 MG COMP | F45: ANTIBIOTICOS P/PERSONAS; TIPO: MONODROGA, FORMA FARMACEUTICA: COMPRIMIDO, PRESENTACION: 500 mGr, DROGA GENERICA: CIPROFLOXACINA | G45: COMPRIMIDO | I45: 9.8 | J45: =+H45*I45 -> 0 | K45: ANTIBIOTICOS P/PERSONAS; TIPO: MONODROGA, FORMA FARMACEUTICA: COMPRIMIDO, PRESENTACION: 500 mGr, DROGA GENERICA: CIPROFLOXACINA | L45: =K45=F45 -> TRUE | M45: =B46='[1]Necesidades Trimestrales'!B45 -> TRUE | N45: =F45='[1]Necesidades Trimestrales'!E45 -> TRUE | O45: =G45='[1]Necesidades Trimestrales'!F45 -> TRUE | P45: =B46='[2]Necesidades Trimestrales'!B45 -> TRUE | Q45: =F45='[2]Necesidades Trimestrales'!E45 -> TRUE | R45: =G45='[2]Necesidades Trimestrales'!F45 -> TRUE | S45: =+I45-'[2]Necesidades Trimestrales'!H45 -> 0
A46: 37 | B46: 2.5.2-1821.46 | C46: PROD. MEDICO/FARMACEUTICOS/LAB | D46: 252 | E46: CLARITROMICINA 250 MG SUSPENSIÓN X 90 ML | F46: ANTIBIOTICOS P/PERSONAS; TIPO: MONODROGA, DROGA GENERICA: CLARITROMICINA 250MG, FORMA FARMACEUTICA: SUSPENSION, PRESENTACION: ENVASE X 90 mL | G46: FRASCO | I46: 698 | J46: =+H46*I46 -> 0 | K46: ANTIBIOTICOS P/PERSONAS; TIPO: MONODROGA, DROGA GENERICA: CLARITROMICINA 250MG, FORMA FARMACEUTICA: SUSPENSION, PRESENTACION: ENVASE X 90 mL | L46: =K46=F46 -> TRUE | M46: =B47='[1]Necesidades Trimestrales'!B46 -> TRUE | N46: =F46='[1]Necesidades Trimestrales'!E46 -> TRUE | O46: =G46='[1]Necesidades Trimestrales'!F46 -> TRUE | P46: =B47='[2]Necesidades Trimestrales'!B46 -> TRUE | Q46: =F46='[2]Necesidades Trimestrales'!E46 -> TRUE | R46: =G46='[2]Necesidades Trimestrales'!F46 -> TRUE | S46: =+I46-'[2]Necesidades Trimestrales'!H46 -> 0
A47: 38 | B47: 2.5.2-1821.338 | C47: PROD. MEDICO/FARMACEUTICOS/LAB | D47: 252 | E47: CLARITROMICINA 500 MG COMPRIMIDO | F47: ANTIBIOTICOS P/PERSONAS; TIPO: MONODROGA, DROGA GENERICA: CLARITROMICINA, FORMA FARMACEUTICA: COMPRIMIDO, PRESENTACION: 500 mGr | G47: COMPRIMIDO | I47: 35 | J47: =+H47*I47 -> 0 | K47: ANTIBIOTICOS P/PERSONAS; TIPO: MONODROGA, DROGA GENERICA: CLARITROMICINA, FORMA FARMACEUTICA: COMPRIMIDO, PRESENTACION: 500 mGr | L47: =K47=F47 -> TRUE | M47: =B48='[1]Necesidades Trimestrales'!B47 -> TRUE | N47: =F47='[1]Necesidades Trimestrales'!E47 -> TRUE | O47: =G47='[1]Necesidades Trimestrales'!F47 -> TRUE | P47: =B48='[2]Necesidades Trimestrales'!B47 -> TRUE | Q47: =F47='[2]Necesidades Trimestrales'!E47 -> TRUE | R47: =G47='[2]Necesidades Trimestrales'!F47 -> TRUE | S47: =+I47-'[2]Necesidades Trimestrales'!H47 -> 0
A48: 39 | B48: 2.5.2-1821.37 | C48: PROD. MEDICO/FARMACEUTICOS/LAB | D48: 252 | E48: CLARITROMICINA 500 MG FRASCO AMPOLLA | F48: ANTIBIOTICOS P/PERSONAS; DROGA GENERICA: CLARITROMICINA, FORMA FARMACEUTICA: AMPOLLA, PRESENTACION: 500 mGr, TIPO: MONODROGA | G48: AMPOLLA | I48: 690 | J48: =+H48*I48 -> 0 | K48: ANTIBIOTICOS P/PERSONAS; DROGA GENERICA: CLARITROMICINA, FORMA FARMACEUTICA: AMPOLLA, PRESENTACION: 500 mGr, TIPO: MONODROGA | L48: =K48=F48 -> TRUE | M48: =B49='[1]Necesidades Trimestrales'!B48 -> TRUE | N48: =F48='[1]Necesidades Trimestrales'!E48 -> TRUE | O48: =G48='[1]Necesidades Trimestrales'!F48 -> TRUE | P48: =B49='[2]Necesidades Trimestrales'!B48 -> TRUE | Q48: =F48='[2]Necesidades Trimestrales'!E48 -> TRUE | R48: =G48='[2]Necesidades Trimestrales'!F48 -> TRUE | S48: =+I48-'[2]Necesidades Trimestrales'!H48 -> 0
A49: 40 | B49: 2.5.2-1821.36 | D49: 252 | E49: CLINDAMICINA 300MG CAPSULAS | F49: ANTIBIOTICOS P/PERSONAS; TIPO: MONODROGA, DROGA GENERICA: CLINDAMICINA, FORMA FARMACEUTICA: COMPRIMIDO, PRESENTACION: 300 mGr | G49: CAPSULAS | I49: 29 | J49: =+H49*I49 -> 0 | K49: ANTIBIOTICOS P/PERSONAS; TIPO: MONODROGA, DROGA GENERICA: CLINDAMICINA, FORMA FARMACEUTICA: COMPRIMIDO, PRESENTACION: 300 mGr | L49: =K49=F49 -> TRUE | M49: =B50='[1]Necesidades Trimestrales'!B49 -> TRUE | N49: =F49='[1]Necesidades Trimestrales'!E49 -> TRUE | O49: =G49='[1]Necesidades Trimestrales'!F49 -> TRUE | P49: =B50='[2]Necesidades Trimestrales'!B49 -> TRUE | Q49: =F49='[2]Necesidades Trimestrales'!E49 -> TRUE | R49: =G49='[2]Necesidades Trimestrales'!F49 -> TRUE | S49: =+I49-'[2]Necesidades Trimestrales'!H49 -> 0
A50: 41 | B50: 2.5.2-1821.42 | C50: PROD. MEDICO/FARMACEUTICOS/LAB | D50: 252 | E50: CLINDAMICINA 600 MG AMPOLLA | F50: ANTIBIOTICOS P/PERSONAS; TIPO: MONODROGA, DROGA GENERICA: CLINDAMICINA, FORMA FARMACEUTICA: AMPOLLA, PRESENTACION: 600 mGr | G50: AMPOLLA | I50: 85 | J50: =+H50*I50 -> 0 | K50: ANTIBIOTICOS P/PERSONAS; TIPO: MONODROGA, DROGA GENERICA: CLINDAMICINA, FORMA FARMACEUTICA: AMPOLLA, PRESENTACION: 600 mGr | L50: =K50=F50 -> TRUE | M50: =B51='[1]Necesidades Trimestrales'!B50 -> TRUE | N50: =F50='[1]Necesidades Trimestrales'!E50 -> TRUE | O50: =G50='[1]Necesidades Trimestrales'!F50 -> TRUE | P50: =B51='[2]Necesidades Trimestrales'!B50 -> TRUE | Q50: =F50='[2]Necesidades Trimestrales'!E50 -> TRUE | R50: =G50='[2]Necesidades Trimestrales'!F50 -> TRUE | S50: =+I50-'[2]Necesidades Trimestrales'!H50 -> 0
A51: 42 | B51: 2.5.2-1821.43 | C51: PROD. MEDICO/FARMACEUTICOS/LAB | D51: 252 | E51: COLISTINA 100 MG FCO AMPOLLA | F51: ANTIBIOTICOS P/PERSONAS; TIPO: MONODROGA, DROGA GENERICA: COLISTINA 100 MG, FORMA FARMACEUTICA: FRASCO AMPOLLA, PRESENTACION: 100 mGr | G51: AMPOLLA | I51: 451 | J51: =+H51*I51 -> 0 | K51: ANTIBIOTICOS P/PERSONAS; TIPO: MONODROGA, DROGA GENERICA: COLISTINA 100 MG, FORMA FARMACEUTICA: FRASCO AMPOLLA, PRESENTACION: 100 mGr | L51: =K51=F51 -> TRUE | M51: =B52='[1]Necesidades Trimestrales'!B51 -> TRUE | N51: =F51='[1]Necesidades Trimestrales'!E51 -> TRUE | O51: =G51='[1]Necesidades Trimestrales'!F51 -> TRUE | P51: =B52='[2]Necesidades Trimestrales'!B51 -> TRUE | Q51: =F51='[2]Necesidades Trimestrales'!E51 -> TRUE | R51: =G51='[2]Necesidades Trimestrales'!F51 -> TRUE | S51: =+I51-'[2]Necesidades Trimestrales'!H51 -> 0
A52: 43 | B52: 2.5.2-1821.234 | D52: 252 | E52: CONTRASTE NO IONICO X 300 MG X 50 ML(IOPRAMIDA,IOVITRIDOL,IODIXANOL,IOHEXOL,IOVERSOL) | F52: SOLUCIONES P/MEDICINA; TIPO: CONTRASTE RADIOLOGICO NO IONICO, PRESENTACION: ENVASE X 50 ML | G52: FRASCO | I52: 1850 | J52: =+H52*I52 -> 0 | K52: SOLUCIONES P/MEDICINA; TIPO: CONTRASTE RADIOLOGICO NO IONICO, PRESENTACION: ENVASE X 50 ML | L52: =K52=F52 -> TRUE | M52: =B53='[1]Necesidades Trimestrales'!B52 -> TRUE | N52: =F52='[1]Necesidades Trimestrales'!E52 -> TRUE | O52: =G52='[1]Necesidades Trimestrales'!F52 -> TRUE | P52: =B53='[2]Necesidades Trimestrales'!B52 -> TRUE | Q52: =F52='[2]Necesidades Trimestrales'!E52 -> TRUE | R52: =G52='[2]Necesidades Trimestrales'!F52 -> TRUE | S52: =+I52-'[2]Necesidades Trimestrales'!H52 -> 0
A53: 44 | B53: 2.5.2-1726.526 | D53: 252 | E53: COTRIMOXAZOL(TRIMETOPRINA +SULFAMETOXAZOL)80MG/400MG AMPOLLA | F53: ANTIBIOTICOS P/PERSONAS; TIPO: MONODROGA, DROGA GENERICA: COTRIMOXAZOL, FORMA FARMACEUTICA: AMPOLLA, PRESENTACION: 80 MG/ 400 MG | G53: AMPOLLA | I53: 421 | J53: =+H53*I53 -> 0 | K53: ANTIBIOTICOS P/PERSONAS; TIPO: MONODROGA, DROGA GENERICA: COTRIMOXAZOL, FORMA FARMACEUTICA: AMPOLLA, PRESENTACION: 80 MG/ 400 MG | L53: =K53=F53 -> TRUE | M53: =B54='[1]Necesidades Trimestrales'!B53 -> TRUE | N53: =F53='[1]Necesidades Trimestrales'!E53 -> TRUE | O53: =G53='[1]Necesidades Trimestrales'!F53 -> TRUE | P53: =B54='[2]Necesidades Trimestrales'!B53 -> TRUE | Q53: =F53='[2]Necesidades Trimestrales'!E53 -> TRUE | R53: =G53='[2]Necesidades Trimestrales'!F53 -> TRUE | S53: =+I53-'[2]Necesidades Trimestrales'!H53 -> 0
A54: 45 | B54: 2.5.2-1821.525 | D54: 252 | E54: COTRIMOXAZOL (TRIMETOPRINA+SULFAMETOXAZOL) COMPRIMIDOS 160MG/800MG | F54: ANTIBIOTICOS P/PERSONAS; TIPO: MONODROGA, DROGA GENERICA: COTRIMOXAZOL, FORMA FARMACEUTICA: COMPRIMIDO, PRESENTACION: 160 MG/ 800 MG | G54: COMPRIMIDO | I54: 15.8 | J54: =+H54*I54 -> 0 | K54: ANTIBIOTICOS P/PERSONAS; TIPO: MONODROGA, DROGA GENERICA: COTRIMOXAZOL, FORMA FARMACEUTICA: COMPRIMIDO, PRESENTACION: 160 MG/ 800 MG | L54: =K54=F54 -> TRUE | M54: =B55='[1]Necesidades Trimestrales'!B54 -> TRUE | N54: =F54='[1]Necesidades Trimestrales'!E54 -> TRUE | O54: =G54='[1]Necesidades Trimestrales'!F54 -> TRUE | P54: =B55='[2]Necesidades Trimestrales'!B54 -> TRUE | Q54: =F54='[2]Necesidades Trimestrales'!E54 -> TRUE | R54: =G54='[2]Necesidades Trimestrales'!F54 -> TRUE | S54: =+I54-'[2]Necesidades Trimestrales'!H54 -> 0
A55: 46 | B55: 2.5.2-1821.526 | D55: 252 | E55: COTRIMOXAZOL (TRIMETOPRINA+SULFAMETOXAZOL) SUSPENSION 40MG/200MG/5ML x 60 ML | F55: ANTIBIOTICOS P/PERSONAS; TIPO: MONODROGA, DROGA GENERICA: COTRIMOXAZOL, FORMA FARMACEUTICA: SUSPENSIÓN X 60 ML, PRESENTACION: 40MG/200 MG | G55: FRASCO | I55: 168 | J55: =+H55*I55 -> 0 | K55: ANTIBIOTICOS P/PERSONAS; TIPO: MONODROGA, DROGA GENERICA: COTRIMOXAZOL, FORMA FARMACEUTICA: SUSPENSIÓN X 60 ML, PRESENTACION: 40MG/200 MG | L55: =K55=F55 -> TRUE | M55: =B56='[1]Necesidades Trimestrales'!B55 -> TRUE | N55: =F55='[1]Necesidades Trimestrales'!E55 -> TRUE | O55: =G55='[1]Necesidades Trimestrales'!F55 -> TRUE | P55: =B56='[2]Necesidades Trimestrales'!B55 -> TRUE | Q55: =F55='[2]Necesidades Trimestrales'!E55 -> TRUE | R55: =G55='[2]Necesidades Trimestrales'!F55 -> TRUE | S55: =+I55-'[2]Necesidades Trimestrales'!H55 -> 0
A56: 47 | B56: 2.5.2-1821.527 | D56: 252 | E56: DANTROLENO 20 MG/60 ML KIT X 12 FCO AMPOLLA | F56: ANALGESICOS; TIPO: MONODROGA, DROGA GENERICA: DANTROLENO SODICO, FORMA FARMACEUTICA: AMPOLLAS, PRESENTACION: 20 MG/60 ML KIT X 12 FRASCOS | G56: KIT | I56: 358800 | J56: =+H56*I56 -> 0 | K56: ANALGESICOS; TIPO: MONODROGA, DROGA GENERICA: DANTROLENO SODICO, FORMA FARMACEUTICA: AMPOLLAS, PRESENTACION: 20 MG/60 ML KIT X 12 FRASCOS | L56: =K56=F56 -> TRUE | M56: =B57='[1]Necesidades Trimestrales'!B56 -> TRUE | N56: =F56='[1]Necesidades Trimestrales'!E56 -> TRUE | O56: =G56='[1]Necesidades Trimestrales'!F56 -> TRUE | P56: =B57='[2]Necesidades Trimestrales'!B56 -> TRUE | Q56: =F56='[2]Necesidades Trimestrales'!E56 -> TRUE | R56: =G56='[2]Necesidades Trimestrales'!F56 -> TRUE | S56: =+I56-'[2]Necesidades Trimestrales'!H56 -> 0
A57: 48 | B57: 2.5.2-1724.241 | C57: PROD. MEDICO/FARMACEUTICOS/LAB | D57: 252 | E57: DEXMEDETOMIDINA 200MG x 2 ml AMPOLLA | F57: ANALGÉSICOS ; TIPO: MONODROGA, DROGA GENÉRICA: DEXMEDETOMIDINA 200 MG, FORMA FARMACEÚTICA: AMPOLLA, PRESENTACIÓN: ENVASE X 2 ML | G57: AMPOLLA | I57: 490 | J57: =+H57*I57 -> 0 | K57: ANALGÉSICOS ; TIPO: MONODROGA, DROGA GENÉRICA: DEXMEDETOMIDINA 200 MG, FORMA FARMACEÚTICA: AMPOLLA, PRESENTACIÓN: ENVASE X 2 ML | L57: =K57=F57 -> TRUE | M57: =B58='[1]Necesidades Trimestrales'!B57 -> TRUE | N57: =F57='[1]Necesidades Trimestrales'!E57 -> TRUE | O57: =G57='[1]Necesidades Trimestrales'!F57 -> TRUE | P57: =B58='[2]Necesidades Trimestrales'!B57 -> TRUE | Q57: =F57='[2]Necesidades Trimestrales'!E57 -> TRUE | R57: =G57='[2]Necesidades Trimestrales'!F57 -> TRUE | S57: =+I57-'[2]Necesidades Trimestrales'!H57 -> 0
A58: 49 | B58: 2.5.2-1724.149 | D58: 252 | E58: DIATRIZOATO DE SODIO 25 GR X 50 ML ( TIPO TRIYOSOM 50) | F58: SOLUCIONES P/MEDICINA; TIPO: DIATRIZOATO DE SODIO 25 GR; PRESENTACION: FRASCO X 50 ML | G58: FRASCO | I58: 2358 | K58: SOLUCIONES P/MEDICINA; TIPO: DIATRIZOATO DE SODIO 25 GR; PRESENTACION: FRASCO X 50 ML | L58: =K58=F58 -> TRUE | M58: =B59='[1]Necesidades Trimestrales'!B58 -> TRUE | N58: =F58='[1]Necesidades Trimestrales'!E58 -> TRUE | O58: =G58='[1]Necesidades Trimestrales'!F58 -> TRUE | P58: =B59='[2]Necesidades Trimestrales'!B58 -> TRUE | Q58: =F58='[2]Necesidades Trimestrales'!E58 -> TRUE | R58: =G58='[2]Necesidades Trimestrales'!F58 -> TRUE | S58: =+I58-'[2]Necesidades Trimestrales'!H58 -> 0
A59: 50 | B59: 2.5.2-1726.528 | C59: PROD. MEDICO/FARMACEUTICOS/LAB | D59: 252 | E59: DIATRIZOATO DE MEGLUMINA + DIATRIZOATO DE SODIO (TIPO TRIYOSOM GI, TEMISTAC) X 120 ML SOLUCION ORAL Y RECTAL | F59: SOLUCIONES P/MEDICINA; TIPO: DIATRIZOATO DE MEGLUMINA + DIATRIZOATO DE SODIO; PRESENTACION: FRASCO x 120 ml | G59: AMPOLLA | I59: 2890 | J59: =+H59*I59 -> 0 | K59: SOLUCIONES P/MEDICINA; TIPO: DIATRIZOATO DE MEGLUMINA + DIATRIZOATO DE SODIO; PRESENTACION: FRASCO x 120 ml | L59: =K59=F59 -> TRUE | M59: =B60='[1]Necesidades Trimestrales'!B59 -> TRUE | N59: =F59='[1]Necesidades Trimestrales'!E59 -> TRUE | O59: =G59='[1]Necesidades Trimestrales'!F59 -> TRUE | P59: =B60='[2]Necesidades Trimestrales'!B59 -> TRUE | Q59: =F59='[2]Necesidades Trimestrales'!E59 -> TRUE | R59: =G59='[2]Necesidades Trimestrales'!F59 -> TRUE | S59: =+I59-'[2]Necesidades Trimestrales'!H59 -> 0
A60: 51 | B60: 2.5.2-1726.512 | C60: PROD. MEDICO/FARMACEUTICOS/LAB | D60: 252 | E60: DICLOFENAC 75 MG COMPRIMIDOS | F60: ANALGESICOS ; TIPO: MONODROGA, DROGA GENERICA: DICLOFENAC X 75 MG, FORMA FARMACEUTICA: COMPRIMIDO, PRESENTACION: UNIDAD | G60: COMPRIMIDO | I60: 3.05 | J60: =+H60*I60 -> 0 | K60: ANALGESICOS ; TIPO: MONODROGA, DROGA GENERICA: DICLOFENAC X 75 MG, FORMA FARMACEUTICA: COMPRIMIDO, PRESENTACION: UNIDAD | L60: =K60=F60 -> TRUE | M60: =B61='[1]Necesidades Trimestrales'!B60 -> TRUE | N60: =F60='[1]Necesidades Trimestrales'!E60 -> TRUE | O60: =G60='[1]Necesidades Trimestrales'!F60 -> TRUE | P60: =B61='[2]Necesidades Trimestrales'!B60 -> TRUE | Q60: =F60='[2]Necesidades Trimestrales'!E60 -> TRUE | R60: =G60='[2]Necesidades Trimestrales'!F60 -> TRUE | S60: =+I60-'[2]Necesidades Trimestrales'!H60 -> 0
A61: 52 | B61: 2.5.2-1724.140 | C61: PROD. MEDICO/FARMACEUTICOS/LAB | D61: 252 | E61: DICLOFENAC 75 MG. AMPOLLA | F61: ANALGESICOS ; TIPO: ASOCIACION, DROGA GENERICA: DICLOFENAC SODICO, FORMA FARMACEUTICA: AMPOLLA, PRESENTACION: 3 Ml | G61: AMPOLLA | I61: 35.9 | J61: =+H61*I61 -> 0 | K61: ANALGESICOS ; TIPO: ASOCIACION, DROGA GENERICA: DICLOFENAC SODICO, FORMA FARMACEUTICA: AMPOLLA, PRESENTACION: 3 mL | L61: =K61=F61 -> TRUE | M61: =B62='[1]Necesidades Trimestrales'!B61 -> TRUE | N61: =F61='[1]Necesidades Trimestrales'!E61 -> TRUE | O61: =G61='[1]Necesidades Trimestrales'!F61 -> TRUE | P61: =B62='[2]Necesidades Trimestrales'!B61 -> TRUE | Q61: =F61='[2]Necesidades Trimestrales'!E61 -> TRUE | R61: =G61='[2]Necesidades Trimestrales'!F61 -> TRUE | S61: =+I61-'[2]Necesidades Trimestrales'!H61 -> 0
A62: 53 | B62: 2.5.2-1724.117 | C62: PROD. MEDICO/FARMACEUTICOS/LAB | D62: 252 | E62: DICLOFENAC POTASICO 500MG/100ML JARABE X 120 | F62: ANTIINFLAMATORIOS NO ESTEROIDE; TIPO: MONODROGA, DROGA GENERICA: DICLOFENAC POTASICO 500MG/100ML, FORMA FARMACEUTICA: JARABE, PRESENTACION: 120 ML | G62: FRASCO | I62: 158 | J62: =+H62*I62 -> 0 | K62: ANTIINFLAMATORIOS NO ESTEROIDE; TIPO: MONODROGA, DROGA GENERICA: DICLOFENAC POTASICO 500MG/100ML, FORMA FARMACEUTICA: JARABE, PRESENTACION: 120 ML | L62: =K62=F62 -> TRUE | M62: =B63='[1]Necesidades Trimestrales'!B62 -> TRUE | N62: =F62='[1]Necesidades Trimestrales'!E62 -> TRUE | O62: =G62='[1]Necesidades Trimestrales'!F62 -> TRUE | P62: =B63='[2]Necesidades Trimestrales'!B62 -> TRUE | Q62: =F62='[2]Necesidades Trimestrales'!E62 -> TRUE | R62: =G62='[2]Necesidades Trimestrales'!F62 -> TRUE | S62: =+I62-'[2]Necesidades Trimestrales'!H62 -> 0
A63: 54 | B63: 2.5.2-1725.153 | C63: PROD. MEDICO/FARMACEUTICOS/LAB | D63: 252 | E63: DIPIRONA 1GR AMPOLLA | F63: ANALGESICOS ; TIPO: MONODROGA, DROGA GENERICA: DIPIRONA SODICA 1 GR, FORMA FARMACEUTICA: AMPOLLA, PRESENTACION: 2 mL | G63: AMPOLLA | I63: 38.5 | J63: =+H63*I63 -> 0 | K63: ANALGESICOS ; TIPO: MONODROGA, DROGA GENERICA: DIPIRONA SODICA 1 GR, FORMA FARMACEUTICA: AMPOLLA, PRESENTACION: 2 mL | L63: =K63=F63 -> TRUE | M63: =B64='[1]Necesidades Trimestrales'!B63 -> TRUE | N63: =F63='[1]Necesidades Trimestrales'!E63 -> TRUE | O63: =G63='[1]Necesidades Trimestrales'!F63 -> TRUE | P63: =B64='[2]Necesidades Trimestrales'!B63 -> TRUE | Q63: =F63='[2]Necesidades Trimestrales'!E63 -> TRUE | R63: =G63='[2]Necesidades Trimestrales'!F63 -> TRUE | S63: =+I63-'[2]Necesidades Trimestrales'!H63 -> 0
A64: 55 | B64: 2.5.2-1724.208 | C64: PROD. MEDICO/FARMACEUTICOS/LAB | D64: 252 | E64: DIPIRONA JARABE X 120 ML | F64: ANALGESICOS ; TIPO: MONODROGA, DROGA GENERICA: DIPIRONA, FORMA FARMACEUTICA: JARABE, PRESENTACION: FRASCO X 120 mL | G64: FRASCO | I64: 155 | J64: =+H64*I64 -> 0 | K64: ANALGESICOS ; TIPO: MONODROGA, DROGA GENERICA: DIPIRONA, FORMA FARMACEUTICA: JARABE, PRESENTACION: FRASCO X 120 mL | L64: =K64=F64 -> TRUE | M64: =B65='[1]Necesidades Trimestrales'!B64 -> TRUE | N64: =F64='[1]Necesidades Trimestrales'!E64 -> TRUE | O64: =G64='[1]Necesidades Trimestrales'!F64 -> TRUE | P64: =B65='[2]Necesidades Trimestrales'!B64 -> TRUE | Q64: =F64='[2]Necesidades Trimestrales'!E64 -> TRUE | R64: =G64='[2]Necesidades Trimestrales'!F64 -> TRUE | S64: =+I64-'[2]Necesidades Trimestrales'!H64 -> 0
A65: 56 | B65: 2.5.2-1724.74 | C65: PROD. MEDICO/FARMACEUTICOS/LAB | D65: 252 | E65: DOXICICLINA 100 MG COMPRIMIDO | F65: ANTIBIOTICOS P/PERSONAS; TIPO: MONODROGA, DROGA GENERICA: DOXICICLINA 100 mGr, FORMA FARMACEUTICA: COMPRIMIDO, PRESENTACION: UNIDAD | G65: COMPRIMIDO | I65: 18 | J65: =+H65*I65 -> 0 | K65: ANTIBIOTICOS P/PERSONAS; TIPO: MONODROGA, DROGA GENERICA: DOXICICLINA 100 mGr, FORMA FARMACEUTICA: COMPRIMIDO, PRESENTACION: UNIDAD | L65: =K65=F65 -> TRUE | M65: =B66='[1]Necesidades Trimestrales'!B65 -> TRUE | N65: =F65='[1]Necesidades Trimestrales'!E65 -> TRUE | O65: =G65='[1]Necesidades Trimestrales'!F65 -> TRUE | P65: =B66='[2]Necesidades Trimestrales'!B65 -> TRUE | Q65: =F65='[2]Necesidades Trimestrales'!E65 -> TRUE | R65: =G65='[2]Necesidades Trimestrales'!F65 -> TRUE | S65: =+I65-'[2]Necesidades Trimestrales'!H65 -> 0
A66: 57 | B66: 2.5.2-1821.458 | D66: 252 | E66: EMULSION LIPIDICA PARA PERFUSION INTRAVENOSA TIPO INTRALIPIP 20% ENVASE POR 500 ML. | F66: SOLUCIONES P/MEDICINA; TIPO: EMULSIÓN LIPÌDICA PARA PERFUSIÓN, DROGA FOSFOLÍPIDO, PRESENTACIÓN: INTRAVENOSA AL 20%, ENVASE POR 500 ML | G66: ENVASE | I66: 460 | J66: =+H66*I66 -> 0 | K66: SOLUCIONES P/MEDICINA; TIPO: EMULSIÓN LIPÌDICA PARA PERFUSIÓN, DROGA FOSFOLÍPIDO, PRESENTACIÓN: INTRAVENOSA AL 20%, ENVASE POR 500 ML | L66: =K66=F66 -> TRUE | M66: =B67='[1]Necesidades Trimestrales'!B66 -> TRUE | N66: =F66='[1]Necesidades Trimestrales'!E66 -> TRUE | O66: =G66='[1]Necesidades Trimestrales'!F66 -> TRUE | P66: =B67='[2]Necesidades Trimestrales'!B66 -> TRUE | Q66: =F66='[2]Necesidades Trimestrales'!E66 -> TRUE | R66: =G66='[2]Necesidades Trimestrales'!F66 -> TRUE | S66: =+I66-'[2]Necesidades Trimestrales'!H66 -> 0
A67: 58 | B67: 2.5.2-1726.527 | C67: PROD. MEDICO/FARMACEUTICOS/LAB | D67: 252 | E67: FENOBARBITAL 200MG AMPOLLAS | F67: ANTIEPILEPTICOS; TIPO: MONODROGA, FORMA FARMACEUTICA: AMPOLLA, PRESENTACION: 200 mGr, DROGA GENERICA: FENOBARBITAL | G67: AMPOLLA | I67: 390 | J67: =+H67*I67 -> 0 | K67: ANTIEPILEPTICOS; TIPO: MONODROGA, FORMA FARMACEUTICA: AMPOLLA, PRESENTACION: 200 mGr, DROGA GENERICA: FENOBARBITAL | L67: =K67=F67 -> TRUE | M67: =B68='[1]Necesidades Trimestrales'!B67 -> TRUE | N67: =F67='[1]Necesidades Trimestrales'!E67 -> TRUE | O67: =G67='[1]Necesidades Trimestrales'!F67 -> TRUE | P67: =B68='[2]Necesidades Trimestrales'!B67 -> TRUE | Q67: =F67='[2]Necesidades Trimestrales'!E67 -> TRUE | R67: =G67='[2]Necesidades Trimestrales'!F67 -> TRUE | S67: =+I67-'[2]Necesidades Trimestrales'!H67 -> 0
A68: 59 | B68: 2.5.2-1865.2 | C68: PROD. MEDICO/FARMACEUTICOS/LAB | D68: 252 | E68: FENTANILO 250 MCG INYECTABLE | F68: ANESTÉSICOS LOCALES; TIPO: MONODROGA, DROGA GENÉRICA: FENTANILO 250 MCG, FORMA FARMACEÚTICA: AMPOLLA, PRESENTACIÓN: UNIDAD | G68: AMPOLLA | I68: 130 | J68: =+H68*I68 -> 0 | K68: ANESTÉSICOS LOCALES; TIPO: MONODROGA, DROGA GENÉRICA: FENTANILO 250 MCG, FORMA FARMACEÚTICA: AMPOLLA, PRESENTACIÓN: UNIDAD | L68: =K68=F68 -> TRUE | M68: =B69='[1]Necesidades Trimestrales'!B68 -> TRUE | N68: =F68='[1]Necesidades Trimestrales'!E68 -> TRUE | O68: =G68='[1]Necesidades Trimestrales'!F68 -> TRUE | P68: =B69='[2]Necesidades Trimestrales'!B68 -> TRUE | Q68: =F68='[2]Necesidades Trimestrales'!E68 -> TRUE | R68: =G68='[2]Necesidades Trimestrales'!F68 -> TRUE | S68: =+I68-'[2]Necesidades Trimestrales'!H68 -> 0
A69: 60 | B69: 2.5.2-1883.159 | C69: PROD. MEDICO/FARMACEUTICOS/LAB | D69: 252 | E69: FLUCONAZOL 100 MG COMPRIMIDOS | F69: ANTIBIOTICOS P/PERSONAS; TIPO: MONODROGA, DROGA GENERICA: FLUCONAZOL 100 MG, FORMA FARMACEUTICA: COMPRIMIDO, PRESENTACION: 100 mGr | G69: COMPRIMIDO | I69: 32.5 | J69: =+H69*I69 -> 0 | K69: ANTIBIOTICOS P/PERSONAS; TIPO: MONODROGA, DROGA GENERICA: FLUCONAZOL 100 MG, FORMA FARMACEUTICA: COMPRIMIDO, PRESENTACION: 100 mGr | L69: =K69=F69 -> TRUE | M69: =B70='[1]Necesidades Trimestrales'!B69 -> TRUE | N69: =F69='[1]Necesidades Trimestrales'!E69 -> TRUE | O69: =G69='[1]Necesidades Trimestrales'!F69 -> TRUE | P69: =B70='[2]Necesidades Trimestrales'!B69 -> TRUE | Q69: =F69='[2]Necesidades Trimestrales'!E69 -> TRUE | R69: =G69='[2]Necesidades Trimestrales'!F69 -> TRUE | S69: =+I69-'[2]Necesidades Trimestrales'!H69 -> 0
A70: 61 | B70: 2.5.2-1821.238 | C70: PROD. MEDICO/FARMACEUTICOS/LAB | D70: 252 | E70: FLUCONAZOL 200 MG SACHET 100 ML | F70: ANTIBIOTICOS P/PERSONAS; TIPO: MONODROGA, DROGA GENERICA: FLUCONAZOL 200 MG, FORMA FARMACEUTICA: SOLUCION INYECTABLE, PRESENTACION: ENVASE X 100 mL | G70: ENVASE | I70: 986 | J70: =+H70*I70 -> 0 | K70: ANTIBIOTICOS P/PERSONAS; TIPO: MONODROGA, DROGA GENERICA: FLUCONAZOL 200 MG, FORMA FARMACEUTICA: SOLUCION INYECTABLE, PRESENTACION: ENVASE X 100 mL | L70: =K70=F70 -> TRUE | M70: =B71='[1]Necesidades Trimestrales'!B70 -> TRUE | N70: =F70='[1]Necesidades Trimestrales'!E70 -> TRUE | O70: =G70='[1]Necesidades Trimestrales'!F70 -> TRUE | P70: =B71='[2]Necesidades Trimestrales'!B70 -> TRUE | Q70: =F70='[2]Necesidades Trimestrales'!E70 -> TRUE | R70: =G70='[2]Necesidades Trimestrales'!F70 -> TRUE | S70: =+I70-'[2]Necesidades Trimestrales'!H70 -> 0
A71: 62 | B71: 2.5.2-1821.442 | C71: PROD. MEDICO/FARMACEUTICOS/LAB | D71: 252 | E71: FLUCONAZOL 50MG/5ML SUSPENSION X 35 ML | F71: ANTIMICOTICOS; DROGA GENERICA: FLUCONAZOL, FORMA FARMACEUTICA: SUSPENSION X 35 ML, PRESENTACION: 50 MGR/5ML, TIPO: MONODROGA | G71: FRASCO | I71: 2100 | J71: =+H71*I71 -> 0 | K71: ANTIMICOTICOS; DROGA GENERICA: FLUCONAZOL, FORMA FARMACEUTICA: SUSPENSION X 35 ML, PRESENTACION: 50 MGR/5ML, TIPO: MONODROGA | L71: =K71=F71 -> TRUE | M71: =B72='[1]Necesidades Trimestrales'!B71 -> TRUE | N71: =F71='[1]Necesidades Trimestrales'!E71 -> TRUE | O71: =G71='[1]Necesidades Trimestrales'!F71 -> TRUE | P71: =B72='[2]Necesidades Trimestrales'!B71 -> TRUE | Q71: =F71='[2]Necesidades Trimestrales'!E71 -> TRUE | R71: =G71='[2]Necesidades Trimestrales'!F71 -> TRUE | S71: =+I71-'[2]Necesidades Trimestrales'!H71 -> 0
A72: 63 | B72: 2.5.2-1823.114 | C72: PROD. MEDICO/FARMACEUTICOS/LAB | D72: 252 | E72: FOSFOMICINA 1GR FRASCO AMPOLLA | F72: ANTIBIOTICOS P/PERSONAS; TIPO: MONODROGA, DROGA GENERICA: FOSFOMICINA, FORMA FARMACEUTICA: AMPOLLA, PRESENTACION: ENVASE X 1 GR | G72: AMPOLLA | I72: 839.8 | J72: =+H72*I72 -> 0 | K72: ANTIBIOTICOS P/PERSONAS; TIPO: MONODROGA, DROGA GENERICA: FOSFOMICINA, FORMA FARMACEUTICA: AMPOLLA, PRESENTACION: ENVASE X 1 GR | L72: =K72=F72 -> TRUE | M72: =B73='[1]Necesidades Trimestrales'!B72 -> TRUE | N72: =F72='[1]Necesidades Trimestrales'!E72 -> TRUE | O72: =G72='[1]Necesidades Trimestrales'!F72 -> TRUE | P72: =B73='[2]Necesidades Trimestrales'!B72 -> TRUE | Q72: =F72='[2]Necesidades Trimestrales'!E72 -> TRUE | R72: =G72='[2]Necesidades Trimestrales'!F72 -> TRUE | S72: =+I72-'[2]Necesidades Trimestrales'!H72 -> 0
A73: 64 | B73: 2.5.2-1821.491 | C73: PROD. MEDICO/FARMACEUTICOS/LAB | D73: 252 | E73: FOSFATO SODICO TIPO FOSFODON X 45 ML | F73: EVACUANTES INTESTINALES; TIPO: ASOCIACION, DROGA GENERICA: FOSFATO MONOSODICO-BISODICO, FORMA FARMACEUTICA: SOLUCION, PRESENTACION: ENVASE X 45 mL | G73: FRASCO | I73: 1833.02 | J73: =+H73*I73 -> 0 | K73: EVACUANTES INTESTINALES; TIPO: ASOCIACION, DROGA GENERICA: FOSFATO MONOSODICO-BISODICO, FORMA FARMACEUTICA: SOLUCION, PRESENTACION: ENVASE X 45 mL | L73: =F73=K73 -> TRUE | M73: =B74='[1]Necesidades Trimestrales'!B73 -> TRUE | N73: =F73='[1]Necesidades Trimestrales'!E73 -> TRUE | O73: =G73='[1]Necesidades Trimestrales'!F73 -> TRUE | P73: =B74='[2]Necesidades Trimestrales'!B73 -> TRUE | Q73: =F73='[2]Necesidades Trimestrales'!E73 -> TRUE | R73: =G73='[2]Necesidades Trimestrales'!F73 -> TRUE | S73: =+I73-'[2]Necesidades Trimestrales'!H73 -> 0
A74: 65 | B74: 2.5.2-3603.13 | C74: PROD. MEDICO/FARMACEUTICOS/LAB | D74: 252 | E74: FOSFATO SODICO ENEMA TIPO ENEMOL SOL EXTEMPORANEA x 135 ml | F74: EVACUANTES INTESTINALES; DROGA GENERICA: FOSFATO MONOSODICO-BISODICO, FORMA FARMACEUTICA: SOLUCION, PRESENTACION: 135 mL, TIPO: ASOCIACION | G74: FRASCO | I74: 1057.25 | J74: =+H74*I74 -> 0 | K74: EVACUANTES INTESTINALES; DROGA GENERICA: FOSFATO MONOSODICO-BISODICO, FORMA FARMACEUTICA: SOLUCION, PRESENTACION: 135 mL, TIPO: ASOCIACION | L74: =F74=K74 -> TRUE | M74: =B75='[1]Necesidades Trimestrales'!B74 -> TRUE | N74: =F74='[1]Necesidades Trimestrales'!E74 -> TRUE | O74: =G74='[1]Necesidades Trimestrales'!F74 -> TRUE | P74: =B75='[2]Necesidades Trimestrales'!B74 -> TRUE | Q74: =F74='[2]Necesidades Trimestrales'!E74 -> TRUE | R74: =G74='[2]Necesidades Trimestrales'!F74 -> TRUE | S74: =+I74-'[2]Necesidades Trimestrales'!H74 -> 0
A75: 66 | B75: 2.5.2-3603.1 | C75: PROD. MEDICO/FARMACEUTICOS/LAB | D75: 252 | E75: GADOPENTETATO FRASCO X 15 ML | F75: SOLUCIONES P/MEDICINA; PRESENTACION: ENVASE X 15 mL, TIPO: CONTRASTE P/RESONANCIA | G75: FRASCO | I75: 1860 | J75: =+H75*I75 -> 0 | K75: SOLUCIONES P/MEDICINA; PRESENTACION: ENVASE X 15 mL, TIPO: CONTRASTE P/RESONANCIA | L75: =K75=F75 -> TRUE | M75: =B76='[1]Necesidades Trimestrales'!B75 -> TRUE | N75: =F75='[1]Necesidades Trimestrales'!E75 -> TRUE | O75: =G75='[1]Necesidades Trimestrales'!F75 -> TRUE | P75: =B76='[2]Necesidades Trimestrales'!B75 -> TRUE | Q75: =F75='[2]Necesidades Trimestrales'!E75 -> TRUE | R75: =G75='[2]Necesidades Trimestrales'!F75 -> TRUE | S75: =+I75-'[2]Necesidades Trimestrales'!H75 -> 0
A76: 67 | B76: 2.5.2-1726.490 | C76: PROD. MEDICO/FARMACEUTICOS/LAB | D76: 252 | E76: GAMMAGLOBULINA + TOXOIDE 250 UI | F76: VACUNAS; TIPO: G.GLOBULINA+TOXOIDE ANTITETÁNICO, PRESENTACIÓN: ENVASE X 250 UI | G76: AMPOLLA | I76: 3965.14 | J76: =+H76*I76 -> 0 | K76: VACUNAS; TIPO: G.GLOBULINA+TOXOIDE ANTITETÁNICO, PRESENTACIÓN: ENVASE X 250 UI | L76: =K76=F76 -> TRUE | M76: =B77='[1]Necesidades Trimestrales'!B76 -> TRUE | N76: =F76='[1]Necesidades Trimestrales'!E76 -> TRUE | O76: =G76='[1]Necesidades Trimestrales'!F76 -> TRUE | P76: =B77='[2]Necesidades Trimestrales'!B76 -> TRUE | Q76: =F76='[2]Necesidades Trimestrales'!E76 -> TRUE | R76: =G76='[2]Necesidades Trimestrales'!F76 -> TRUE | S76: =+I76-'[2]Necesidades Trimestrales'!H76 -> 0
A77: 68 | B77: 2.5.2-1905.96 | C77: PROD. MEDICO/FARMACEUTICOS/LAB | D77: 252 | E77: GAMMAGLOBULINA + TOXOIDE 500 UI | F77: VACUNAS; TIPO: G.GLOBULINA+TOXOIDE ANTITETÁNICO, PRESENTACIÓN: ENVASE X 500 UI | G77: AMPOLLA | I77: 7674.54 | J77: =+H77*I77 -> 0 | K77: VACUNAS; TIPO: G.GLOBULINA+TOXOIDE ANTITETÁNICO, PRESENTACIÓN: ENVASE X 500 UI | L77: =K77=F77 -> TRUE | M77: =B78='[1]Necesidades Trimestrales'!B77 -> TRUE | N77: =F77='[1]Necesidades Trimestrales'!E77 -> TRUE | O77: =G77='[1]Necesidades Trimestrales'!F77 -> TRUE | P77: =B78='[2]Necesidades Trimestrales'!B77 -> TRUE | Q77: =F77='[2]Necesidades Trimestrales'!E77 -> TRUE | R77: =G77='[2]Necesidades Trimestrales'!F77 -> TRUE | S77: =+I77-'[2]Necesidades Trimestrales'!H77 -> 0
A78: 69 | B78: 2.5.2-1905.67 | C78: PROD. MEDICO/FARMACEUTICOS/LAB | D78: 252 | E78: GENTAMICINA 80 MG AMPOLLA | F78: ANTIBIOTICOS P/PERSONAS; DROGA GENERICA: GENTAMICINA, FORMA FARMACEUTICA: AMPOLLA, PRESENTACION: 80 mGr, TIPO: MONODROGA | G78: AMPOLLA | I78: 45 | J78: =+H78*I78 -> 0 | K78: ANTIBIOTICOS P/PERSONAS; DROGA GENERICA: GENTAMICINA, FORMA FARMACEUTICA: AMPOLLA, PRESENTACION: 80 mGr, TIPO: MONODROGA | L78: =K78=F78 -> TRUE | M78: =B79='[1]Necesidades Trimestrales'!B78 -> TRUE | N78: =F78='[1]Necesidades Trimestrales'!E78 -> TRUE | O78: =G78='[1]Necesidades Trimestrales'!F78 -> TRUE | P78: =B79='[2]Necesidades Trimestrales'!B78 -> TRUE | Q78: =F78='[2]Necesidades Trimestrales'!E78 -> TRUE | R78: =G78='[2]Necesidades Trimestrales'!F78 -> TRUE | S78: =+I78-'[2]Necesidades Trimestrales'!H78 -> 0
A79: 70 | B79: 2.5.2-1821.4 | C79: PROD. MEDICO/FARMACEUTICOS/LAB | D79: 252 | E79: IBUPROFENO 2% SUSPENSIÓN X 90 ML | F79: ANALGESICOS ; TIPO: MONODROGA, DROGA GENERICA: IBUPROFENO 2%, FORMA FARMACEUTICA: SUSPENSION, PRESENTACION: ENVASE X 90 mL | G79: FRASCO | I79: 85 | J79: =+H79*I79 -> 0 | K79: ANALGESICOS ; TIPO: MONODROGA, DROGA GENERICA: IBUPROFENO 2%, FORMA FARMACEUTICA: SUSPENSION, PRESENTACION: ENVASE X 90 mL | L79: =K79=F79 -> TRUE | M79: =B80='[1]Necesidades Trimestrales'!B79 -> TRUE | N79: =F79='[1]Necesidades Trimestrales'!E79 -> TRUE | O79: =G79='[1]Necesidades Trimestrales'!F79 -> TRUE | P79: =B80='[2]Necesidades Trimestrales'!B79 -> TRUE | Q79: =F79='[2]Necesidades Trimestrales'!E79 -> TRUE | R79: =G79='[2]Necesidades Trimestrales'!F79 -> TRUE | S79: =+I79-'[2]Necesidades Trimestrales'!H79 -> 0
A80: 71 | B80: 2.5.2-1724.163 | C80: PROD. MEDICO/FARMACEUTICOS/LAB | D80: 252 | E80: IBUPROFENO 400 MG AMPOLLA | F80: ANALGESICOS ; TIPO: MONODROGA, DROGA GENERICA: IBUPROFENO 400, FORMA FARMACEUTICA: AMPOLLA, PRESENTACION: 3 mL | G80: AMPOLLA | I80: 45 | J80: =+H80*I80 -> 0 | K80: ANALGESICOS ; TIPO: MONODROGA, DROGA GENERICA: IBUPROFENO 400, FORMA FARMACEUTICA: AMPOLLA, PRESENTACION: 3 mL | L80: =K80=F80 -> TRUE | M80: =B81='[1]Necesidades Trimestrales'!B80 -> FALSE | N80: =F80='[1]Necesidades Trimestrales'!E80 -> FALSE | O80: =G80='[1]Necesidades Trimestrales'!F80 -> TRUE | P80: =B81='[2]Necesidades Trimestrales'!B80 -> TRUE | Q80: =F80='[2]Necesidades Trimestrales'!E80 -> TRUE | R80: =G80='[2]Necesidades Trimestrales'!F80 -> TRUE | S80: =+I80-'[2]Necesidades Trimestrales'!H80 -> 0
A81: 72 | B81: 2.5.2-1724.107 | C81: PROD. MEDICO/FARMACEUTICOS/LAB | D81: 252 | E81: IBUPROFENO 400 MG COMPRIMIDO | F81: ANTIINFLAMATORIOS NO ESTEROIDE; TIPO: MONODROGA, DROGA GENERICA: IBUPROFENO, FORMA FARMACEUTICA: COMPRIMIDO, PRESENTACION: 400 mGr | G81: COMPRIMIDO | I81: 4.8 | J81: =+H81*I81 -> 0 | K81: ANTIINFLAMATORIOS NO ESTEROIDE; TIPO: MONODROGA, DROGA GENERICA: IBUPROFENO, FORMA FARMACEUTICA: COMPRIMIDO, PRESENTACION: 400 mGr | L81: =K81=F81 -> TRUE | M81: =B82='[1]Necesidades Trimestrales'!B81 -> TRUE | N81: =F81='[1]Necesidades Trimestrales'!E81 -> TRUE | O81: =G81='[1]Necesidades Trimestrales'!F81 -> TRUE | P81: =B82='[2]Necesidades Trimestrales'!B81 -> TRUE | Q81: =F81='[2]Necesidades Trimestrales'!E81 -> TRUE | R81: =G81='[2]Necesidades Trimestrales'!F81 -> TRUE | S81: =+I81-'[2]Necesidades Trimestrales'!H81 -> 0
A82: 73 | B82: 2.5.2-1725.68 | C82: PROD. MEDICO/FARMACEUTICOS/LAB | D82: 252 | E82: IMIPENEM+CILASTATINA 500MG FCO AMPOLLA | F82: ANTIBIOTICOS P/PERSONAS; TIPO: MONODROGA, DROGA GENERICA: IMIPENEM + CILASTATINA, FORMA FARMACEUTICA: FRASCO AMPOLLA, PRESENTACION: ENVASE X 500 mGr | G82: AMPOLLA | I82: 632 | J82: =+H82*I82 -> 0 | K82: ANTIBIOTICOS P/PERSONAS; TIPO: MONODROGA, DROGA GENERICA: IMIPENEM + CILASTATINA, FORMA FARMACEUTICA: FRASCO AMPOLLA, PRESENTACION: ENVASE X 500 mGr | L82: =K82=F82 -> TRUE | M82: =B83='[1]Necesidades Trimestrales'!B82 -> TRUE | N82: =F82='[1]Necesidades Trimestrales'!E82 -> TRUE | O82: =G82='[1]Necesidades Trimestrales'!F82 -> TRUE | P82: =B83='[2]Necesidades Trimestrales'!B82 -> TRUE | Q82: =F82='[2]Necesidades Trimestrales'!E82 -> TRUE | R82: =G82='[2]Necesidades Trimestrales'!F82 -> TRUE | S82: =+I82-'[2]Necesidades Trimestrales'!H82 -> 0
A83: 74 | B83: 2.5.2-1821.459 | C83: PROD. MEDICO/FARMACEUTICOS/LAB | D83: 252 | E83: INDOMETACINA 100 mg SUPOSITORIOS CAJA X 10 UNIDADES | F83: ANTIINFLAMATORIOS NO ESTEROIDE; TIPO: MONODROGA, DROGA GENERICA: INDOMETACINA 100 MG, FORMA FARMACEUTICA: SUPOSITORIO, PRESENTACION: CAJA X 10 UNIDADES | G83: CAJA | I83: 2390 | J83: =+H83*I83 -> 0 | K83: ANTIINFLAMATORIOS NO ESTEROIDE; TIPO: MONODROGA, DROGA GENERICA: INDOMETACINA 100 MG, FORMA FARMACEUTICA: SUPOSITORIO, PRESENTACION: CAJA X 10 UNIDADES | L83: =K83=F83 -> TRUE | M83: =B84='[1]Necesidades Trimestrales'!B83 -> TRUE | N83: =F83='[1]Necesidades Trimestrales'!E83 -> TRUE | O83: =G83='[1]Necesidades Trimestrales'!F83 -> TRUE | P83: =B84='[2]Necesidades Trimestrales'!B83 -> TRUE | Q83: =F83='[2]Necesidades Trimestrales'!E83 -> TRUE | R83: =G83='[2]Necesidades Trimestrales'!F83 -> TRUE | S83: =+I83-'[2]Necesidades Trimestrales'!H83 -> 0
A84: 75 | B84: 2.5.2-1725.154 | C84: PROD. MEDICO/FARMACEUTICOS/LAB | D84: 252 | E84: INMUNOGLOBULINA ANTI RH jeringa prellena 250-330MCG/ML | F84: ANTI GAMMA TOTAL; TIPO: INMUNOGLOBULINA HUMAN ANTI-RH, PRESENTACION: JERINGA PRELLENA 250-330MCG/ML | G84: UNIDAD | I84: 8375 | J84: =+H84*I84 -> 0 | K84: ANTI GAMMA TOTAL; TIPO: INMUNOGLOBULINA HUMAN ANTI-RH, PRESENTACION: JERINGA PRELLENA 250-330MCG/ML | L84: =K84=F84 -> TRUE | M84: =B85='[1]Necesidades Trimestrales'!B84 -> TRUE | N84: =F84='[1]Necesidades Trimestrales'!E84 -> TRUE | O84: =G84='[1]Necesidades Trimestrales'!F84 -> TRUE | P84: =B85='[2]Necesidades Trimestrales'!B84 -> TRUE | Q84: =F84='[2]Necesidades Trimestrales'!E84 -> TRUE | R84: =G84='[2]Necesidades Trimestrales'!F84 -> TRUE | S84: =+I84-'[2]Necesidades Trimestrales'!H84 -> 0
A85: 76 | B85: 2.5.2-5275.16 | C85: PROD. MEDICO/FARMACEUTICOS/LAB | D85: 252 | E85: INMUNOGLOBULINA HUMANA INESPECIFICA 10 GRS | F85: INMUNOMODULADORES; TIPO: MONODROGA, DROGA GENERICA: INMUNOGLOBULINA G HUMANA, FORMA FARMACEUTICA: VIAL, PRESENTACION: 10 GR | G85: ENVASE | I85: 125640 | J85: =+H85*I85 -> 0 | K85: INMUNOMODULADORES; TIPO: MONODROGA, DROGA GENERICA: INMUNOGLOBULINA G HUMANA, FORMA FARMACEUTICA: VIAL, PRESENTACION: 10 GR | L85: =K85=F85 -> TRUE | M85: =B86='[1]Necesidades Trimestrales'!B85 -> TRUE | N85: =F85='[1]Necesidades Trimestrales'!E85 -> TRUE | O85: =G85='[1]Necesidades Trimestrales'!F85 -> TRUE | P85: =B86='[2]Necesidades Trimestrales'!B85 -> TRUE | Q85: =F85='[2]Necesidades Trimestrales'!E85 -> TRUE | R85: =G85='[2]Necesidades Trimestrales'!F85 -> TRUE | S85: =+I85-'[2]Necesidades Trimestrales'!H85 -> 0
A86: 77 | B86: 2.5.2-1859.29 | C86: PROD. MEDICO/FARMACEUTICOS/LAB | D86: 252 | E86: INMUNOGLOBULINA HUMANA INESPECIFICA 2,5 GRS | F86: INMUNOMODULADORES; TIPO: MONODROGA, DROGA GENERICA: INMUNOGLOBULINA G HUMANA, FORMA FARMACEUTICA: VIAL, PRESENTACION: 2,5 GR | G86: ENVASE | I86: 31000 | J86: =+H86*I86 -> 0 | K86: INMUNOMODULADORES; TIPO: MONODROGA, DROGA GENERICA: INMUNOGLOBULINA G HUMANA, FORMA FARMACEUTICA: VIAL, PRESENTACION: 2,5 GR | L86: =K86=F86 -> TRUE | M86: =B87='[1]Necesidades Trimestrales'!B86 -> TRUE | N86: =F86='[1]Necesidades Trimestrales'!E86 -> TRUE | O86: =G86='[1]Necesidades Trimestrales'!F86 -> TRUE | P86: =B87='[2]Necesidades Trimestrales'!B86 -> TRUE | Q86: =F86='[2]Necesidades Trimestrales'!E86 -> TRUE | R86: =G86='[2]Necesidades Trimestrales'!F86 -> TRUE | S86: =+I86-'[2]Necesidades Trimestrales'!H86 -> 0
A87: 78 | B87: 2.5.2-1859.30 | C87: PROD. MEDICO/FARMACEUTICOS/LAB | D87: 252 | E87: INMUNOGLOBULINA HUMANA INESPECIFICA 5 GRS | F87: INMUNOMODULADORES; TIPO: MONODROGA, DROGA GENERICA: INMUNOGLOBULINA G HUMANA, FORMA FARMACEUTICA: VIAL, PRESENTACION: 5 GR | G87: ENVASE | I87: 59000 | J87: =+H87*I87 -> 0 | K87: INMUNOMODULADORES; TIPO: MONODROGA, DROGA GENERICA: INMUNOGLOBULINA G HUMANA, FORMA FARMACEUTICA: VIAL, PRESENTACION: 5 GR | L87: =K87=F87 -> TRUE | M87: =B88='[1]Necesidades Trimestrales'!B87 -> TRUE | N87: =F87='[1]Necesidades Trimestrales'!E87 -> TRUE | O87: =G87='[1]Necesidades Trimestrales'!F87 -> TRUE | P87: =B88='[2]Necesidades Trimestrales'!B87 -> TRUE | Q87: =F87='[2]Necesidades Trimestrales'!E87 -> TRUE | R87: =G87='[2]Necesidades Trimestrales'!F87 -> TRUE | S87: =+I87-'[2]Necesidades Trimestrales'!H87 -> 0
A88: 79 | B88: 2.5.2-1859.28 | D88: 252 | E88: INMUNOGLOBULINA HUMANA INESPECIFICA 6 GRS | F88: INMUNOMODULADORES; TIPO: MONODROGA, DROGA GENERICA: GAMMAGLOBULINA, FORMA FARMACEUTICA: AMPOLLA, PRESENTACION: 6 GR | G88: ENVASE | I88: 69000 | J88: =+H88*I88 -> 0 | K88: INMUNOMODULADORES; TIPO: MONODROGA, DROGA GENERICA: GAMMAGLOBULINA, FORMA FARMACEUTICA: AMPOLLA, PRESENTACION: 6 GR | L88: =K88=F88 -> TRUE | M88: =B89='[1]Necesidades Trimestrales'!B88 -> TRUE | N88: =F88='[1]Necesidades Trimestrales'!E88 -> TRUE | O88: =G88='[1]Necesidades Trimestrales'!F88 -> TRUE | P88: =B89='[2]Necesidades Trimestrales'!B88 -> TRUE | Q88: =F88='[2]Necesidades Trimestrales'!E88 -> TRUE | R88: =G88='[2]Necesidades Trimestrales'!F88 -> TRUE | S88: =+I88-'[2]Necesidades Trimestrales'!H88 -> 0
A89: 80 | B89: 2.5.2-1859.24 | C89: PROD. MEDICO/FARMACEUTICOS/LAB | D89: 252 | E89: ITRACONAZOL 100 MG COMPRIMIDO | F89: ANTIMICOTICOS; TIPO: MONODROGA, DROGA GENERICA: ITRACONAZOL, FORMA FARMACEUTICA: COMPRIMIDO, PRESENTACION: 100 mGr | G89: COMPRIMIDO | I89: 65 | J89: =+H89*I89 -> 0 | K89: ANTIMICOTICOS; TIPO: MONODROGA, DROGA GENERICA: ITRACONAZOL, FORMA FARMACEUTICA: COMPRIMIDO, PRESENTACION: 100 mGr | L89: =K89=F89 -> TRUE | M89: =B90='[1]Necesidades Trimestrales'!B89 -> TRUE | N89: =F89='[1]Necesidades Trimestrales'!E89 -> TRUE | O89: =G89='[1]Necesidades Trimestrales'!F89 -> TRUE | P89: =B90='[2]Necesidades Trimestrales'!B89 -> TRUE | Q89: =F89='[2]Necesidades Trimestrales'!E89 -> TRUE | R89: =G89='[2]Necesidades Trimestrales'!F89 -> TRUE | S89: =+I89-'[2]Necesidades Trimestrales'!H89 -> 0
A90: 81 | B90: 2.5.2-1823.84 | C90: PROD. MEDICO/FARMACEUTICOS/LAB | D90: 252 | E90: KETAMINA 50MG/ML FCO AMPOLLA | F90: ANESTESICOS GENERALES; DROGA GENERICA: KETAMINA 50 MG/ML, FORMA FARMACEUTICA: FRASCO AMPOLLA, PRESENTACION: 10 mL, TIPO: MONODROGA | G90: AMPOLLA | I90: 1950 | J90: =+H90*I90 -> 0 | K90: ANESTESICOS GENERALES; DROGA GENERICA: KETAMINA 50 MG/ML, FORMA FARMACEUTICA: FRASCO AMPOLLA, PRESENTACION: 10 mL, TIPO: MONODROGA | L90: =K90=F90 -> TRUE | M90: =B91='[1]Necesidades Trimestrales'!B90 -> TRUE | N90: =F90='[1]Necesidades Trimestrales'!E90 -> TRUE | O90: =G90='[1]Necesidades Trimestrales'!F90 -> TRUE | P90: =B91='[2]Necesidades Trimestrales'!B90 -> TRUE | Q90: =F90='[2]Necesidades Trimestrales'!E90 -> TRUE | R90: =G90='[2]Necesidades Trimestrales'!F90 -> TRUE | S90: =+I90-'[2]Necesidades Trimestrales'!H90 -> 0
A91: 82 | B91: 2.5.2-2455.20 | C91: PROD. MEDICO/FARMACEUTICOS/LAB | D91: 252 | E91: KETOROLAC 10 MG COMPRIMIDO | F91: ANTIINFLAMATORIOS NO ESTEROIDE; DROGA GENERICA: KETOROLAC, FORMA FARMACEUTICA: COMPRIMIDO, PRESENTACION: 10 mGr, TIPO: MONODROGA | G91: COMPRIMIDO | I91: 3.3 | J91: =+H91*I91 -> 0 | K91: ANTIINFLAMATORIOS NO ESTEROIDE; DROGA GENERICA: KETOROLAC, FORMA FARMACEUTICA: COMPRIMIDO, PRESENTACION: 10 mGr, TIPO: MONODROGA | L91: =K91=F91 -> TRUE | M91: =B92='[1]Necesidades Trimestrales'!B91 -> TRUE | N91: =F91='[1]Necesidades Trimestrales'!E91 -> TRUE | O91: =G91='[1]Necesidades Trimestrales'!F91 -> TRUE | P91: =B92='[2]Necesidades Trimestrales'!B91 -> TRUE | Q91: =F91='[2]Necesidades Trimestrales'!E91 -> TRUE | R91: =G91='[2]Necesidades Trimestrales'!F91 -> TRUE | S91: =+I91-'[2]Necesidades Trimestrales'!H91 -> 0
A92: 83 | B92: 2.5.2-1725.49 | C92: PROD. MEDICO/FARMACEUTICOS/LAB | D92: 252 | E92: KETOROLAC 30 MG AMPOLLA | F92: ANALGESICOS ; TIPO: MONODROGA, DROGA GENERICA: KETOROLAC, FORMA FARMACEUTICA: AMPOLLA, PRESENTACION: 30 mGr | G92: AMPOLLA | I92: 56 | J92: =+H92*I92 -> 0 | K92: ANALGESICOS ; TIPO: MONODROGA, DROGA GENERICA: KETOROLAC, FORMA FARMACEUTICA: AMPOLLA, PRESENTACION: 30 mGr | L92: =K92=F92 -> TRUE | M92: =B93='[1]Necesidades Trimestrales'!B92 -> TRUE | N92: =F92='[1]Necesidades Trimestrales'!E92 -> TRUE | O92: =G92='[1]Necesidades Trimestrales'!F92 -> TRUE | P92: =B93='[2]Necesidades Trimestrales'!B92 -> TRUE | Q92: =F92='[2]Necesidades Trimestrales'!E92 -> TRUE | R92: =G92='[2]Necesidades Trimestrales'!F92 -> TRUE | S92: =+I92-'[2]Necesidades Trimestrales'!H92 -> 0
A93: 84 | B93: 2.5.2-1724.23 | C93: PROD. MEDICO/FARMACEUTICOS/LAB | D93: 252 | E93: LEVOFLOXACINA 500 MG COMPRIMIDO | F93: ANTIBIOTICOS P/PERSONAS; TIPO: MONODROGA, DROGA GENERICA: LEVOFLOXACINA, PRESENTACION: 500 mGr, FORMA FARMACEUTICA: COMPRIMIDO | G93: COMPRIMIDO | I93: 15.6 | J93: =+H93*I93 -> 0 | K93: ANTIBIOTICOS P/PERSONAS; TIPO: MONODROGA, DROGA GENERICA: LEVOFLOXACINA, PRESENTACION: 500 mGr, FORMA FARMACEUTICA: COMPRIMIDO | L93: =K93=F93 -> TRUE | M93: =B94='[1]Necesidades Trimestrales'!B93 -> TRUE | N93: =F93='[1]Necesidades Trimestrales'!E93 -> TRUE | O93: =G93='[1]Necesidades Trimestrales'!F93 -> TRUE | P93: =B94='[2]Necesidades Trimestrales'!B93 -> TRUE | Q93: =F93='[2]Necesidades Trimestrales'!E93 -> TRUE | R93: =G93='[2]Necesidades Trimestrales'!F93 -> TRUE | S93: =+I93-'[2]Necesidades Trimestrales'!H93 -> 0
A94: 85 | B94: 2.5.2-1821.71 | C94: PROD. MEDICO/FARMACEUTICOS/LAB | D94: 252 | E94: LIDOCAINA 2% SIN EPINEFRINA FCO X 5ML | F94: ANESTESICOS LOCALES; TIPO: MONODROGA, DROGA GENERICA: LIDOCAINA 2%S/EPINEFRINA, FORMA FARMACEUTICA: AMPOLLA, PRESENTACION: 5 mL | G94: AMPOLLA | I94: 35 | J94: =+H94*I94 -> 0 | K94: ANESTESICOS LOCALES; TIPO: MONODROGA, DROGA GENERICA: LIDOCAINA 2%S/EPINEFRINA, FORMA FARMACEUTICA: AMPOLLA, PRESENTACION: 5 mL | L94: =K94=F94 -> TRUE | M94: =B95='[1]Necesidades Trimestrales'!B94 -> TRUE | N94: =F94='[1]Necesidades Trimestrales'!E94 -> TRUE | O94: =G94='[1]Necesidades Trimestrales'!F94 -> TRUE | P94: =B95='[2]Necesidades Trimestrales'!B94 -> TRUE | Q94: =F94='[2]Necesidades Trimestrales'!E94 -> TRUE | R94: =G94='[2]Necesidades Trimestrales'!F94 -> TRUE | S94: =+I94-'[2]Necesidades Trimestrales'!H94 -> 0
A95: 86 | B95: 2.5.2-1883.186 | C95: PROD. MEDICO/FARMACEUTICOS/LAB | D95: 252 | E95: LIDOCAINA 2% SIN EPINEFRINA X 20 ML | F95: ANESTESICOS LOCALES; TIPO: MONODROGA, DROGA GENERICA: LIDOCAINA 2% S/EPINEFRINA, FORMA FARMACEUTICA: FRASCO AMPOLLA, PRESENTACION: ENVASE X 20 mL | G95: AMPOLLA | I95: 325 | J95: =+H95*I95 -> 0 | K95: ANESTESICOS LOCALES; TIPO: MONODROGA, DROGA GENERICA: LIDOCAINA 2% S/EPINEFRINA, FORMA FARMACEUTICA: FRASCO AMPOLLA, PRESENTACION: ENVASE X 20 mL | L95: =K95=F95 -> TRUE | M95: =B96='[1]Necesidades Trimestrales'!B95 -> TRUE | N95: =F95='[1]Necesidades Trimestrales'!E95 -> TRUE | O95: =G95='[1]Necesidades Trimestrales'!F95 -> TRUE | P95: =B96='[2]Necesidades Trimestrales'!B95 -> TRUE | Q95: =F95='[2]Necesidades Trimestrales'!E95 -> TRUE | R95: =G95='[2]Necesidades Trimestrales'!F95 -> TRUE | S95: =+I95-'[2]Necesidades Trimestrales'!H95 -> 0
A96: 87 | B96: 2.5.2-1883.136 | C96: PROD. MEDICO/FARMACEUTICOS/LAB | D96: 252 | E96: LIDOCAINA 2% CON EPINEFRINA X 20 ML | F96: ANESTESICOS LOCALES; TIPO: ASOCIACION, DROGA GENERICA: LIDOCAINA 2% C/EPINEFRINA, FORMA FARMACEUTICA: FRASCO AMPOLLA, PRESENTACION: 20 mL | G96: AMPOLLA | I96: 493 | J96: =+H96*I96 -> 0 | K96: ANESTESICOS LOCALES; TIPO: ASOCIACION, DROGA GENERICA: LIDOCAINA 2% C/EPINEFRINA, FORMA FARMACEUTICA: FRASCO AMPOLLA, PRESENTACION: 20 mL | L96: =K96=F96 -> TRUE | M96: =B97='[1]Necesidades Trimestrales'!B96 -> TRUE | N96: =F96='[1]Necesidades Trimestrales'!E96 -> TRUE | O96: =G96='[1]Necesidades Trimestrales'!F96 -> TRUE | P96: =B97='[2]Necesidades Trimestrales'!B96 -> TRUE | Q96: =F96='[2]Necesidades Trimestrales'!E96 -> TRUE | R96: =G96='[2]Necesidades Trimestrales'!F96 -> TRUE | S96: =+I96-'[2]Necesidades Trimestrales'!H96 -> 0
A97: 88 | B97: 2.5.2-1883.111 | C97: PROD. MEDICO/FARMACEUTICOS/LAB | D97: 252 | E97: LIDOCAINA AEROSOL | F97: ANESTESICOS LOCALES; TIPO: MONODROGA, DROGA GENERICA: LIDOCAINA, FORMA FARMACEUTICA: AEROSOL, PRESENTACION: 100 mL | G97: ENVASE | I97: 640 | J97: =+H97*I97 -> 0 | K97: ANESTESICOS LOCALES; TIPO: MONODROGA, DROGA GENERICA: LIDOCAINA, FORMA FARMACEUTICA: AEROSOL, PRESENTACION: 100 mL | L97: =K97=F97 -> TRUE | M97: =B98='[1]Necesidades Trimestrales'!B97 -> TRUE | N97: =F97='[1]Necesidades Trimestrales'!E97 -> TRUE | O97: =G97='[1]Necesidades Trimestrales'!F97 -> TRUE | P97: =B98='[2]Necesidades Trimestrales'!B97 -> TRUE | Q97: =F97='[2]Necesidades Trimestrales'!E97 -> TRUE | R97: =G97='[2]Necesidades Trimestrales'!F97 -> TRUE | S97: =+I97-'[2]Necesidades Trimestrales'!H97 -> 0
A98: 89 | B98: 2.5.2-1883.28 | C98: PROD. MEDICO/FARMACEUTICOS/LAB | D98: 252 | E98: LIDOCAINA JALEA | F98: ANESTESICOS LOCALES; TIPO: MONODROGA, DROGA GENERICA: LIDOCAINA, FORMA FARMACEUTICA: JALEA, PRESENTACION: ENVASE X 25 GR | G98: ENVASE | I98: 154.8 | J98: =+H98*I98 -> 0 | K98: ANESTESICOS LOCALES; TIPO: MONODROGA, DROGA GENERICA: LIDOCAINA, FORMA FARMACEUTICA: JALEA, PRESENTACION: ENVASE X 25 GR | L98: =K98=F98 -> TRUE | M98: =B99='[1]Necesidades Trimestrales'!B98 -> TRUE | N98: =F98='[1]Necesidades Trimestrales'!E98 -> TRUE | O98: =G98='[1]Necesidades Trimestrales'!F98 -> TRUE | P98: =B99='[2]Necesidades Trimestrales'!B98 -> TRUE | Q98: =F98='[2]Necesidades Trimestrales'!E98 -> TRUE | R98: =G98='[2]Necesidades Trimestrales'!F98 -> TRUE | S98: =+I98-'[2]Necesidades Trimestrales'!H98 -> 0
A99: 90 | B99: 2.5.2-1883.149 | C99: PROD. MEDICO/FARMACEUTICOS/LAB | D99: 252 | E99: LIDOCAINA SOLUCION TOPICA | F99: ANESTESICOS LOCALES; TIPO: MONODROGA, DROGA GENERICA: LIDOCAINA VISCOSA, FORMA FARMACEUTICA: ENVASE, PRESENTACION: 50 mL | G99: ENVASE | I99: 390 | J99: =+H99*I99 -> 0 | K99: ANESTESICOS LOCALES; TIPO: MONODROGA, DROGA GENERICA: LIDOCAINA VISCOSA, FORMA FARMACEUTICA: ENVASE, PRESENTACION: 50 mL | L99: =K99=F99 -> TRUE | M99: =B100='[1]Necesidades Trimestrales'!B99 -> TRUE | N99: =F99='[1]Necesidades Trimestrales'!E99 -> TRUE | O99: =G99='[1]Necesidades Trimestrales'!F99 -> TRUE | P99: =B100='[2]Necesidades Trimestrales'!B99 -> TRUE | Q99: =F99='[2]Necesidades Trimestrales'!E99 -> TRUE | R99: =G99='[2]Necesidades Trimestrales'!F99 -> TRUE | S99: =+I99-'[2]Necesidades Trimestrales'!H99 -> 0
A100: 91 | B100: 2.5.2-1883.19 | C100: PROD. MEDICO/FARMACEUTICOS/LAB | D100: 252 | E100: LINEZOLI SOLUCION 2MG/ML X 300ML | F100: ANTIBIOTICOS P/PERSONAS; TIPO: MONODROGA, DROGA GENERICA: LINEZOLID, FORMA FARMACEUTICA: SOLUCION, PRESENTACION: ENVASE X 300 mL | G100: FRASCO | I100: 1815 | J100: =+H100*I100 -> 0 | K100: ANTIBIOTICOS P/PERSONAS; TIPO: MONODROGA, DROGA GENERICA: LINEZOLID, FORMA FARMACEUTICA: SOLUCION, PRESENTACION: ENVASE X 300 mL | L100: =K100=F100 -> TRUE | M100: =B101='[1]Necesidades Trimestrales'!B100 -> TRUE | N100: =F100='[1]Necesidades Trimestrales'!E100 -> TRUE | O100: =G100='[1]Necesidades Trimestrales'!F100 -> TRUE | P100: =B101='[2]Necesidades Trimestrales'!B100 -> TRUE | Q100: =F100='[2]Necesidades Trimestrales'!E100 -> TRUE | R100: =G100='[2]Necesidades Trimestrales'!F100 -> TRUE | S100: =+I100-'[2]Necesidades Trimestrales'!H100 -> 0
... A143: 134 | B143: 2.5.2-1821.44 | C143: PROD. MEDICO/FARMACEUTICOS/LAB | D143: 252 | E143: VECURONIO BROMURO 10 MG AMPOLLA | F143: BLOQUEANTES NEUROMUSCULARES; DROGA GENERICA: BROMURO DE VECURONIO, FORMA FARMACEUTICA: AMPOLLA X 10 mGr, PRESENTACION: UNIDAD, TIPO: MONODROGA | G143: AMPOLLA | I143: 864 | J143: =+H143*I143 -> 0 | K143: BLOQUEANTES NEUROMUSCULARES; DROGA GENERICA: BROMURO DE VECURONIO, FORMA FARMACEUTICA: AMPOLLA X 10 mGr, PRESENTACION: UNIDAD, TIPO: MONODROGA | L143: =K143=F143 -> TRUE | M143: =B144='[1]Necesidades Trimestrales'!B143 -> TRUE | N143: =F143='[1]Necesidades Trimestrales'!E143 -> TRUE | O143: =G143='[1]Necesidades Trimestrales'!F143 -> TRUE | P143: =B144='[2]Necesidades Trimestrales'!B143 -> TRUE | Q143: =F143='[2]Necesidades Trimestrales'!E143 -> TRUE | R143: =G143='[2]Necesidades Trimestrales'!F143 -> TRUE | S143: =+I143-'[2]Necesidades Trimestrales'!H143 -> 0
B144: 2.5.2-2199.13
...

Sheet  NotaPedido
A1: NOTA DE PEDIDO | J1: N° | K1: xxx/2022
A3: JURISDICCIÓN: | D3: ='Necesidades Trimestrales'!C4 -> 040 - Ministerio de Salud
A4: SAF: | D4: ='Necesidades Trimestrales'!C5 -> 11/ 23/ 24 o 28- "…......."
A5: UNIDAD EJECUTORA: | D5: XXXX
A6: DEPENDENCIA SOLICITANTE: | D6: XXXX
A7: PERIODO UTILIZACIÓN: | D7: Semestral
A8: OBJETO: | D8: Adquisición de TERAPIA ANTIINFECCIOSA SISTEMICA/SUEROS INMUNES E INMUNOGLOBULINAS Y MEDIOS DE CONTRASTES /ANALGESICOS ANTINFLAMATORIOS /MIORRELAJANTES/ANESTESICOS/ANALGESICOS OPIACIOS
A10: Ítem | B10: Codigo Item | C10: DESCRIPCIÓN | H10: Adjunta Detalle Técnico | I10: Unidad Medida | J10: Precio Unitario Estimado | K10: Cantidad Solicitada
A12: 1 | C12: =+'Necesidades Trimestrales'!E10 -> ACICLOVIR 200 MG COMPRIMIDO | H12: NO | I12: =+'Necesidades Trimestrales'!G10 -> COMPRIMIDO | J12: =+'Necesidades Trimestrales'!I10 -> 60.1 | K12: =+'Necesidades Trimestrales'!H10 -> 0
A13: 2 | C13: =+'Necesidades Trimestrales'!E11 -> ACICLOVIR 400 MG COMPRIMIDO | H13: NO | I13: =+'Necesidades Trimestrales'!G11 -> COMPRIMIDO | J13: =+'Necesidades Trimestrales'!I11 -> 70.1 | K13: =+'Necesidades Trimestrales'!H11 -> 0
A14: 3 | C14: =+'Necesidades Trimestrales'!E12 -> ACICLOVIR 500 MG FCO AMPOLLA | H14: NO | I14: =+'Necesidades Trimestrales'!G12 -> AMPOLLA | J14: =+'Necesidades Trimestrales'!I12 -> 450 | K14: =+'Necesidades Trimestrales'!H12 -> 0
A15: 4 | C15: =+'Necesidades Trimestrales'!E13 -> ACICLOVIR 80 MG/ML SUSPENSIÓN X 200ML | H15: NO | I15: =+'Necesidades Trimestrales'!G13 -> FRASCO | J15: =+'Necesidades Trimestrales'!I13 -> 980 | K15: =+'Necesidades Trimestrales'!H13 -> 0
A16: 5 | C16: =+'Necesidades Trimestrales'!E14 -> ACIDO ACETIL SALICILICO 100 MG COMPRIMIDO | H16: NO | I16: =+'Necesidades Trimestrales'!G14 -> COMPRIMIDO | J16: =+'Necesidades Trimestrales'!I14 -> 1.55 | K16: =+'Necesidades Trimestrales'!H14 -> 0
A17: 6 | C17: =+'Necesidades Trimestrales'!E15 -> ACIDO ACETIL SALICILICO 500 MG COMPRIMIDO | H17: NO | I17: =+'Necesidades Trimestrales'!G15 -> COMPRIMIDO | J17: =+'Necesidades Trimestrales'!I15 -> 2.01 | K17: =+'Necesidades Trimestrales'!H15 -> 0
A18: 7 | C18: =+'Necesidades Trimestrales'!E16 -> ALLOPURINOL 300 MG COMPRIMIDO | H18: NO | I18: =+'Necesidades Trimestrales'!G16 -> COMPRIMIDO | J18: =+'Necesidades Trimestrales'!I16 -> 12.15 | K18: =+'Necesidades Trimestrales'!H16 -> 0
A19: 8 | C19: =+'Necesidades Trimestrales'!E17 -> AMIKACINA 500 MG AMPOLLA | H19: NO | I19: =+'Necesidades Trimestrales'!G17 -> AMPOLLA | J19: =+'Necesidades Trimestrales'!I17 -> 87.95 | K19: =+'Necesidades Trimestrales'!H17 -> 0
A20: 9 | C20: =+'Necesidades Trimestrales'!E18 -> AMOXICILINA 400 MG + ACIDO CLAVULANICO 57 MG SUSPENSIÓN x 70 ML | H20: NO | I20: =+'Necesidades Trimestrales'!G18 -> FRASCO | J20: =+'Necesidades Trimestrales'!I18 -> 374 | K20: =+'Necesidades Trimestrales'!H18 -> 0
A21: 10 | C21: =+'Necesidades Trimestrales'!E19 -> AMOXICILINA + CLAVULANICO 1 G COMPRIMIDO | H21: NO | I21: =+'Necesidades Trimestrales'!G19 -> COMPRIMIDO | J21: =+'Necesidades Trimestrales'!I19 -> 29.5 | K21: =+'Necesidades Trimestrales'!H19 -> 0
A22: 11 | C22: =+'Necesidades Trimestrales'!E20 -> AMOXICILINA 500 MG COMPRIMIDO | H22: NO | I22: =+'Necesidades Trimestrales'!G20 -> COMPRIMIDO | J22: =+'Necesidades Trimestrales'!I20 -> 7.85 | K22: =+'Necesidades Trimestrales'!H20 -> 0
A23: 12 | C23: =+'Necesidades Trimestrales'!E21 -> AMOXICILINA 500 MG SUSPENSIÓN X 90 ML | H23: NO | I23: =+'Necesidades Trimestrales'!G21 -> FRASCO | J23: =+'Necesidades Trimestrales'!I21 -> 210 | K23: =+'Necesidades Trimestrales'!H21 -> 0
... A29: 18 | C29: =+'Necesidades Trimestrales'!E27 -> AZITROMICINA 200 MG / 5 ML SUSPENSIÓN x 15 ML | H29: NO | I29: =+'Necesidades Trimestrales'!G27 -> FRASCO | J29: =+'Necesidades Trimestrales'!I27 -> 310 | K29: =+'Necesidades Trimestrales'!H27 -> 0
A30: 19 | C30: =+'Necesidades Trimestrales'!E29 -> AZITROMICINA 500 MG COMPRIMIDOS | H30: NO | I30: =+'Necesidades Trimestrales'!G29 -> COMPRIMIDO | J30: =+'Necesidades Trimestrales'!I29 -> 36 | K30: =+'Necesidades Trimestrales'!H29 -> 0
A31: 20 | C31: =+'Necesidades Trimestrales'!E30 -> BACLOFENO 10 MG COMPRIMIDO | H31: NO | I31: =+'Necesidades Trimestrales'!G30 -> COMPRIMIDO | J31: =+'Necesidades Trimestrales'!I30 -> 15 | K31: =+'Necesidades Trimestrales'!H30 -> 0
A32: 21 | C32: =+'Necesidades Trimestrales'!E31 -> BARIO SULFATO TIPO EZ-CAT SUSPENSION ORAL X 225 ML | H32: NO | I32: =+'Necesidades Trimestrales'!G31 -> FRASCO | J32: =+'Necesidades Trimestrales'!I31 -> 1680 | K32: =+'Necesidades Trimestrales'!H31 -> 0
A33: 22 | C33: =+'Necesidades Trimestrales'!E32 -> BARIO SULFATO TIPO GASTROPAQUE F SUSPENSION PARA ENEMA x 500 ml | H33: NO | I33: =+'Necesidades Trimestrales'!G32 -> FRASCO | J33: =+'Necesidades Trimestrales'!I32 -> 2810 | K33: =+'Necesidades Trimestrales'!H32 -> 0
A34: 23 | C34: =+'Necesidades Trimestrales'!E33 -> BARIO SULFATO TIPO GASTROPAQUE F SUSPENSION ORAL X 300 ML | H34: NO | I34: =+'Necesidades Trimestrales'!G33 -> FRASCO | J34: =+'Necesidades Trimestrales'!I33 -> 2350 | K34: =+'Necesidades Trimestrales'!H33 -> 0
A35: 24 | C35: =+'Necesidades Trimestrales'!E34 -> BUPIVACAINA 0,5% C/EPINEFRINA FRASCO X 20 ML | H35: NO | I35: =+'Necesidades Trimestrales'!G34 -> FRASCO | J35: =+'Necesidades Trimestrales'!I34 -> 3100 | K35: =+'Necesidades Trimestrales'!H34 -> 0
A36: 25 | C36: =+'Necesidades Trimestrales'!E35 -> BUPIVACAINA 0,5% S/EPINEFRINA FRASCO X 20 ML | H36: NO | I36: =+'Necesidades Trimestrales'!G35 -> FRASCO | J36: =+'Necesidades Trimestrales'!I35 -> 490 | K36: =+'Necesidades Trimestrales'!H35 -> 0
A37: 26 | C37: =+'Necesidades Trimestrales'!E36 -> BUPIVACAINA 5 MG / ML HIBERBARICA AMPOLLA DE 4 ML CON AGUJA 27 G X 3 1/2 CON INTRODUCTOR | H37: NO | I37: =+'Necesidades Trimestrales'!G36 -> AMPOLLA | J37: =+'Necesidades Trimestrales'!I36 -> 1420 | K37: =+'Necesidades Trimestrales'!H36 -> 0
A38: 27 | C38: =+'Necesidades Trimestrales'!E37 -> CEFALEXINA 500 MG COMPRIMIDOS | H38: NO | I38: =+'Necesidades Trimestrales'!G37 -> COMPRIMIDO | J38: =+'Necesidades Trimestrales'!I37 -> 13.9 | K38: =+'Necesidades Trimestrales'!H37 -> 0
A39: 28 | C39: =+'Necesidades Trimestrales'!E38 -> CEFALEXINA 500 MG SUSPENSIÓN X 90 ML | H39: NO | I39: =+'Necesidades Trimestrales'!G38 -> FRASCO | J39: =+'Necesidades Trimestrales'!I38 -> 350 | K39: =+'Necesidades Trimestrales'!H38 -> 0
A40: 29 | C40: =+'Necesidades Trimestrales'!E39 -> CEFALOTINA 1 GR. AMP. | H40: NO | I40: =+'Necesidades Trimestrales'!G39 -> AMPOLLA | J40: =+'Necesidades Trimestrales'!I39 -> 145 | K40: =+'Necesidades Trimestrales'!H39 -> 0
A41: 30 | C41: =+'Necesidades Trimestrales'!E40 -> CEFAZOLINA 1GR FCO AMPOLLA | H41: NO | I41: =+'Necesidades Trimestrales'!G40 -> AMPOLLA | J41: =+'Necesidades Trimestrales'!I40 -> 148 | K41: =+'Necesidades Trimestrales'!H40 -> 0
... A58: 47 | C58: =+'Necesidades Trimestrales'!E57 -> DEXMEDETOMIDINA 200MG x 2 ml AMPOLLA | H58: NO | I58: =+'Necesidades Trimestrales'!G57 -> AMPOLLA | J58: =+'Necesidades Trimestrales'!I57 -> 490 | K58: =+'Necesidades Trimestrales'!H57 -> 0
A59: 48 | C59: DIATRIZOATO DE SODIO 25 GR X 50 ML ( TIPO TRIYOSOM 50) | H59: NO | I59: FRASCO | J59: 2358
A60: 49 | C60: =+'Necesidades Trimestrales'!E59 -> DIATRIZOATO DE MEGLUMINA + DIATRIZOATO DE SODIO (TIPO TRIYOSOM GI, TEMISTAC) X 120 ML SOLUCION ORAL Y RECTAL | H60: NO | I60: =+'Necesidades Trimestrales'!G59 -> AMPOLLA | J60: =+'Necesidades Trimestrales'!I59 -> 2890 | K60: =+'Necesidades Trimestrales'!H59 -> 0
A61: 50 | C61: =+'Necesidades Trimestrales'!E60 -> DICLOFENAC 75 MG COMPRIMIDOS | H61: NO | I61: =+'Necesidades Trimestrales'!G60 -> COMPRIMIDO | J61: =+'Necesidades Trimestrales'!I60 -> 3.05 | K61: =+'Necesidades Trimestrales'!H60 -> 0
A62: 51 | C62: =+'Necesidades Trimestrales'!E61 -> DICLOFENAC 75 MG. AMPOLLA | H62: NO | I62: =+'Necesidades Trimestrales'!G61 -> AMPOLLA | J62: =+'Necesidades Trimestrales'!I61 -> 35.9 | K62: =+'Necesidades Trimestrales'!H61 -> 0
A63: 52 | C63: =+'Necesidades Trimestrales'!E62 -> DICLOFENAC POTASICO 500MG/100ML JARABE X 120 | H63: NO | I63: =+'Necesidades Trimestrales'!G62 -> FRASCO | J63: =+'Necesidades Trimestrales'!I62 -> 158 | K63: =+'Necesidades Trimestrales'!H62 -> 0
A64: 53 | C64: =+'Necesidades Trimestrales'!E63 -> DIPIRONA 1GR AMPOLLA | H64: NO | I64: =+'Necesidades Trimestrales'!G63 -> AMPOLLA | J64: =+'Necesidades Trimestrales'!I63 -> 38.5 | K64: =+'Necesidades Trimestrales'!H63 -> 0
A65: 54 | C65: =+'Necesidades Trimestrales'!E64 -> DIPIRONA JARABE X 120 ML | H65: NO | I65: =+'Necesidades Trimestrales'!G64 -> FRASCO | J65: =+'Necesidades Trimestrales'!I64 -> 155 | K65: =+'Necesidades Trimestrales'!H64 -> 0
A66: 55 | C66: =+'Necesidades Trimestrales'!E65 -> DOXICICLINA 100 MG COMPRIMIDO | H66: NO | I66: =+'Necesidades Trimestrales'!G65 -> COMPRIMIDO | J66: =+'Necesidades Trimestrales'!I65 -> 18 | K66: =+'Necesidades Trimestrales'!H65 -> 0
A67: 56 | C67: =+'Necesidades Trimestrales'!E66 -> EMULSION LIPIDICA PARA PERFUSION INTRAVENOSA TIPO INTRALIPIP 20% ENVASE POR 500 ML. | H67: NO | I67: =+'Necesidades Trimestrales'!G66 -> ENVASE | J67: =+'Necesidades Trimestrales'!I66 -> 460 | K67: =+'Necesidades Trimestrales'!H66 -> 0
A68: 57 | C68: =+'Necesidades Trimestrales'!E67 -> FENOBARBITAL 200MG AMPOLLAS | H68: NO | I68: =+'Necesidades Trimestrales'!G67 -> AMPOLLA | J68: =+'Necesidades Trimestrales'!I67 -> 390 | K68: =+'Necesidades Trimestrales'!H67 -> 0
A69: 58 | C69: =+'Necesidades Trimestrales'!E68 -> FENTANILO 250 MCG INYECTABLE | H69: NO | I69: =+'Necesidades Trimestrales'!G68 -> AMPOLLA | J69: =+'Necesidades Trimestrales'!I68 -> 130 | K69: =+'Necesidades Trimestrales'!H68 -> 0
A70: 59 | C70: =+'Necesidades Trimestrales'!E69 -> FLUCONAZOL 100 MG COMPRIMIDOS | H70: NO | I70: =+'Necesidades Trimestrales'!G69 -> COMPRIMIDO | J70: =+'Necesidades Trimestrales'!I69 -> 32.5 | K70: =+'Necesidades Trimestrales'!H69 -> 0
A71: 60 | C71: =+'Necesidades Trimestrales'!E70 -> FLUCONAZOL 200 MG SACHET 100 ML | H71: NO | I71: =+'Necesidades Trimestrales'!G70 -> ENVASE | J71: =+'Necesidades Trimestrales'!I70 -> 986 | K71: =+'Necesidades Trimestrales'!H70 -> 0
... A73: 62 | C73: =+'Necesidades Trimestrales'!E72 -> FOSFOMICINA 1GR FRASCO AMPOLLA | H73: NO | I73: =+'Necesidades Trimestrales'!G72 -> AMPOLLA | J73: =+'Necesidades Trimestrales'!I72 -> 839.8 | K73: =+'Necesidades Trimestrales'!H72 -> 0
A74: 63 | C74: =+'Necesidades Trimestrales'!E75 -> GADOPENTETATO FRASCO X 15 ML | H74: NO | I74: =+'Necesidades Trimestrales'!G75 -> FRASCO | J74: =+'Necesidades Trimestrales'!I75 -> 1860 | K74: =+'Necesidades Trimestrales'!H75 -> 0
A75: 64 | C75: =+'Necesidades Trimestrales'!E76 -> GAMMAGLOBULINA + TOXOIDE 250 UI | H75: NO | I75: =+'Necesidades Trimestrales'!G76 -> AMPOLLA | J75: =+'Necesidades Trimestrales'!I76 -> 3965.14 | K75: =+'Necesidades Trimestrales'!H76 -> 0
A76: 65 | C76: =+'Necesidades Trimestrales'!E77 -> GAMMAGLOBULINA + TOXOIDE 500 UI | H76: NO | I76: =+'Necesidades Trimestrales'!G77 -> AMPOLLA | J76: =+'Necesidades Trimestrales'!I77 -> 7674.54 | K76: =+'Necesidades Trimestrales'!H77 -> 0
A77: 66 | C77: =+'Necesidades Trimestrales'!E78 -> GENTAMICINA 80 MG AMPOLLA | H77: NO | I77: =+'Necesidades Trimestrales'!G78 -> AMPOLLA | J77: =+'Necesidades Trimestrales'!I78 -> 45 | K77: =+'Necesidades Trimestrales'!H78 -> 0
A78: 67 | C78: =+'Necesidades Trimestrales'!E79 -> IBUPROFENO 2% SUSPENSIÓN X 90 ML | H78: NO | I78: =+'Necesidades Trimestrales'!G79 -> FRASCO | J78: =+'Necesidades Trimestrales'!I79 -> 85 | K78: =+'Necesidades Trimestrales'!H79 -> 0
A79: 68 | C79: =+'Necesidades Trimestrales'!E80 -> IBUPROFENO 400 MG AMPOLLA | H79: NO | I79: =+'Necesidades Trimestrales'!G80 -> AMPOLLA | J79: =+'Necesidades Trimestrales'!I80 -> 45 | K79: =+'Necesidades Trimestrales'!H80 -> 0
A80: 69 | C80: =+'Necesidades Trimestrales'!E81 -> IBUPROFENO 400 MG COMPRIMIDO | H80: NO | I80: =+'Necesidades Trimestrales'!G81 -> COMPRIMIDO | J80: =+'Necesidades Trimestrales'!I81 -> 4.8 | K80: =+'Necesidades Trimestrales'!H81 -> 0
A81: 70 | C81: =+'Necesidades Trimestrales'!E82 -> IMIPENEM+CILASTATINA 500MG FCO AMPOLLA | H81: NO | I81: =+'Necesidades Trimestrales'!G82 -> AMPOLLA | J81: =+'Necesidades Trimestrales'!I82 -> 632 | K81: =+'Necesidades Trimestrales'!H82 -> 0
A82: 71 | C82: =+'Necesidades Trimestrales'!E83 -> INDOMETACINA 100 mg SUPOSITORIOS CAJA X 10 UNIDADES | H82: NO | I82: =+'Necesidades Trimestrales'!G83 -> CAJA | J82: =+'Necesidades Trimestrales'!I83 -> 2390 | K82: =+'Necesidades Trimestrales'!H83 -> 0
A83: 72 | C83: =+'Necesidades Trimestrales'!E84 -> INMUNOGLOBULINA ANTI RH jeringa prellena 250-330MCG/ML | H83: NO | I83: =+'Necesidades Trimestrales'!G84 -> UNIDAD | J83: =+'Necesidades Trimestrales'!I84 -> 8375 | K83: =+'Necesidades Trimestrales'!H84 -> 0
A84: 73 | C84: =+'Necesidades Trimestrales'!E85 -> INMUNOGLOBULINA HUMANA INESPECIFICA 10 GRS | H84: NO | I84: =+'Necesidades Trimestrales'!G85 -> ENVASE | J84: =+'Necesidades Trimestrales'!I85 -> 125640 | K84: =+'Necesidades Trimestrales'!H85 -> 0
A85: 74 | C85: =+'Necesidades Trimestrales'!E86 -> INMUNOGLOBULINA HUMANA INESPECIFICA 2,5 GRS | H85: NO | I85: =+'Necesidades Trimestrales'!G86 -> ENVASE | J85: =+'Necesidades Trimestrales'!I86 -> 31000 | K85: =+'Necesidades Trimestrales'!H86 -> 0
... A109: 98 | C109: =+'Necesidades Trimestrales'!E110 -> MORFINA 10 MG AMPOLLA | H109: NO | I109: =+'Necesidades Trimestrales'!G110 -> AMPOLLA | J109: =+'Necesidades Trimestrales'!I110 -> 110 | K109: =+'Necesidades Trimestrales'!H110 -> 0
A110: 99 | C110: =+'Necesidades Trimestrales'!#REF! -> #REF! | H110: NO | I110: =+'Necesidades Trimestrales'!#REF! -> #REF! | J110: =+'Necesidades Trimestrales'!#REF! -> #REF! | K110: =+'Necesidades Trimestrales'!#REF! -> #REF!
A111: 100 | C111: =+'Necesidades Trimestrales'!E111 -> NALBUFINA 10 MG AMPOLLA | H111: NO | I111: =+'Necesidades Trimestrales'!G111 -> AMPOLLA | J111: =+'Necesidades Trimestrales'!I111 -> 120 | K111: =+'Necesidades Trimestrales'!H111 -> 0
A112: 101 | C112: =+'Necesidades Trimestrales'!E112 -> NAPROXENO 500MG COMPRIMIDO | H112: NO | I112: =+'Necesidades Trimestrales'!G112 -> COMPRIMIDO | J112: =+'Necesidades Trimestrales'!I112 -> 16.8 | K112: =+'Necesidades Trimestrales'!H112 -> 0
A113: 102 | C113: =+'Necesidades Trimestrales'!E113 -> ORNIDAZOL 1GR AMPOLLA | H113: NO | I113: =+'Necesidades Trimestrales'!G113 -> AMPOLLA | J113: =+'Necesidades Trimestrales'!I113 -> 1452 | K113: =+'Necesidades Trimestrales'!H113 -> 0
A114: 103 | C114: =+'Necesidades Trimestrales'!E114 -> PANCURONIO 4 MG/ ML | H114: NO | I114: =+'Necesidades Trimestrales'!G114 -> AMPOLLA | J114: =+'Necesidades Trimestrales'!I114 -> 189 | K114: =+'Necesidades Trimestrales'!H114 -> 0
A115: 104 | C115: =+'Necesidades Trimestrales'!E115 -> PARACETAMOL 1GR COMPRIMIDO | H115: NO | I115: =+'Necesidades Trimestrales'!G115 -> COMPRIMIDO | J115: =+'Necesidades Trimestrales'!I115 -> 9.8 | K115: =+'Necesidades Trimestrales'!H115 -> 0
A116: 105 | C116: =+'Necesidades Trimestrales'!E116 -> PARACETAMOL 1GR ML FRASCO AMPOLLA | H116: NO | I116: =+'Necesidades Trimestrales'!G116 -> AMPOLLA | J116: =+'Necesidades Trimestrales'!I116 -> 980 | K116: =+'Necesidades Trimestrales'!H116 -> 0
A117: 106 | C117: =+'Necesidades Trimestrales'!E117 -> PARACETAMOL 2% JARABE x 120 ml | H117: NO | I117: =+'Necesidades Trimestrales'!G117 -> FRASCO | J117: =+'Necesidades Trimestrales'!I117 -> 165 | K117: =+'Necesidades Trimestrales'!H117 -> 0
A118: 107 | C118: =+'Necesidades Trimestrales'!E118 -> PARACETAMOL 500 MG COMPRIMIDO | H118: NO | I118: =+'Necesidades Trimestrales'!G118 -> COMPRIMIDO | J118: =+'Necesidades Trimestrales'!I118 -> 5.3 | K118: =+'Necesidades Trimestrales'!H118 -> 0
A119: 108 | C119: =+'Necesidades Trimestrales'!E119 -> PARACETAMOL GOTAS | H119: NO | I119: =+'Necesidades Trimestrales'!G119 -> GOTERO | J119: =+'Necesidades Trimestrales'!I119 -> 230 | K119: =+'Necesidades Trimestrales'!H119 -> 0
A120: 109 | C120: =+'Necesidades Trimestrales'!#REF! -> #REF! | H120: NO | I120: =+'Necesidades Trimestrales'!#REF! -> #REF! | J120: =+'Necesidades Trimestrales'!#REF! -> #REF! | K120: =+'Necesidades Trimestrales'!#REF! -> #REF!
A121: 110 | C121: =+'Necesidades Trimestrales'!E120 -> PENICILINA BENZATINICA 1.200.000 FCO AMPOLLA | H121: NO | I121: =+'Necesidades Trimestrales'!G120 -> AMPOLLA | J121: =+'Necesidades Trimestrales'!I120 -> 189 | K121: =+'Necesidades Trimestrales'!H120 -> 0
A122: 111 | C122: =+'Necesidades Trimestrales'!E121 -> PENICILINA BENZATINICA 2.400.000 FCO AMPOLLA | H122: NO | I122: =+'Necesidades Trimestrales'!G121 -> AMPOLLA | J122: =+'Necesidades Trimestrales'!I121 -> 256 | K122: =+'Necesidades Trimestrales'!H121 -> 0
A123: 112 | C123: =+'Necesidades Trimestrales'!E122 -> PENICILINA G SODICA 1.000.000 FCO AMPOLLA | H123: NO | I123: =+'Necesidades Trimestrales'!G122 -> AMPOLLA | J123: =+'Necesidades Trimestrales'!I122 -> 144 | K123: =+'Necesidades Trimestrales'!H122 -> 0
A124: 113 | C124: =+'Necesidades Trimestrales'!E123 -> PENICILINA G SODICA 3.000.000 UI FCO AMPOLLA | H124: NO | I124: =+'Necesidades Trimestrales'!G123 -> AMPOLLA | J124: =+'Necesidades Trimestrales'!I123 -> 189 | K124: =+'Necesidades Trimestrales'!H123 -> 0
A125: 114 | C125: =+'Necesidades Trimestrales'!E124 -> PERMETRINA EMULSION | H125: NO | I125: =+'Necesidades Trimestrales'!G124 -> ENVASE | J125: =+'Necesidades Trimestrales'!I124 -> 958 | K125: =+'Necesidades Trimestrales'!H124 -> 0
A126: 115 | C126: =+'Necesidades Trimestrales'!E125 -> PERMETRINA LOCION | H126: NO | I126: =+'Necesidades Trimestrales'!G125 -> ENVASE | J126: =+'Necesidades Trimestrales'!I125 -> 467 | K126: =+'Necesidades Trimestrales'!H125 -> 0
A127: 116 | C127: =+'Necesidades Trimestrales'!E126 -> PIPERACILINA 4 GRS + TAZOBACTAM 500 MG FCO AMPOLLA | H127: NO | I127: =+'Necesidades Trimestrales'!G126 -> AMPOLLA | J127: =+'Necesidades Trimestrales'!I126 -> 398 | K127: =+'Necesidades Trimestrales'!H126 -> 0
A128: 117 | C128: =+'Necesidades Trimestrales'!E127 -> POLIETILENGLICO 3350 SOBRES X 30 TIPO OSTILAX | H128: NO | I128: =+'Necesidades Trimestrales'!G127 -> CAJA | J128: =+'Necesidades Trimestrales'!I127 -> 6830.74 | K128: =+'Necesidades Trimestrales'!H127 -> 0
A129: 118 | C129: =+'Necesidades Trimestrales'!E128 -> POLIETILENGLICOL 3350 X 4 LITROS | H129: NO | I129: =+'Necesidades Trimestrales'!G128 -> ENVASE | J129: =+'Necesidades Trimestrales'!I128 -> 6502 | K129: =+'Necesidades Trimestrales'!H128 -> 0
A130: 119 | C130: =+'Necesidades Trimestrales'!E129 -> PROPOFOL 1% AMPOLLAS X 20 ML | H130: NO | I130: =+'Necesidades Trimestrales'!G129 -> AMPOLLA | J130: =+'Necesidades Trimestrales'!I129 -> 398 | K130: =+'Necesidades Trimestrales'!H129 -> 0
A131: 120 | C131: =+'Necesidades Trimestrales'!E130 -> PROPOFOL 1% FCO AMPOLLAS VIAL X 50 ML | H131: NO | I131: =+'Necesidades Trimestrales'!G130 -> AMPOLLA | J131: =+'Necesidades Trimestrales'!I130 -> 1050 | K131: =+'Necesidades Trimestrales'!H130 -> 0
A132: 121 | C132: =+'Necesidades Trimestrales'!E132 -> REMIFENTANILO 5 MG FCO AMPOLLA | H132: NO | I132: =+'Necesidades Trimestrales'!G132 -> AMPOLLA | J132: =+'Necesidades Trimestrales'!I132 -> 790 | K132: =+'Necesidades Trimestrales'!H132 -> 0
A133: 122 | C133: =+'Necesidades Trimestrales'!E133 -> RIFAMPICINA 20 MG/ML SUSPENSIÓN | H133: NO | I133: =+'Necesidades Trimestrales'!G133 -> FRASCO | J133: =+'Necesidades Trimestrales'!I133 -> 1602 | K133: =+'Necesidades Trimestrales'!H133 -> 0
A134: 123 | C134: =+'Necesidades Trimestrales'!E134 -> RIFAMPICINA 300 MG CAPSULAS | H134: NO | I134: =+'Necesidades Trimestrales'!G134 -> CAPSULAS | J134: =+'Necesidades Trimestrales'!I134 -> 45 | K134: =+'Necesidades Trimestrales'!H134 -> 0
A135: 124 | C135: =+'Necesidades Trimestrales'!E135 -> RIFAMPICINA 600 MG VIAL | H135: NO | I135: =+'Necesidades Trimestrales'!G135 -> AMPOLLA | J135: =+'Necesidades Trimestrales'!I135 -> 1510 | K135: =+'Necesidades Trimestrales'!H135 -> 0
A136: 125 | C136: =+'Necesidades Trimestrales'!E136 -> SEVOFLUORANO X 250 ML TIPO ABBOTT | H136: NO | I136: =+'Necesidades Trimestrales'!G136 -> FRASCO | J136: =+'Necesidades Trimestrales'!I136 -> 13840 | K136: =+'Necesidades Trimestrales'!H136 -> 0
A137: 126 | C137: =+'Necesidades Trimestrales'!E137 -> SUCCINILCOLINA 500 MG FCO AMP | H137: NO | I137: =+'Necesidades Trimestrales'!G137 -> AMPOLLA | J137: =+'Necesidades Trimestrales'!I137 -> 340 | K137: =+'Necesidades Trimestrales'!H137 -> 0
A138: 127 | C138: =+'Necesidades Trimestrales'!E138 -> TIGECICLINA 50MG FCO AMPOLLA | H138: NO | I138: =+'Necesidades Trimestrales'!G138 -> AMPOLLA | J138: =+'Necesidades Trimestrales'!I138 -> 1252 | K138: =+'Necesidades Trimestrales'!H138 -> 0
A139: 128 | C139: =+'Necesidades Trimestrales'!E139 -> TIOPENTAL SODICO 1GR FRASCO AMPOLLA | H139: NO | I139: =+'Necesidades Trimestrales'!G139 -> AMPOLLA | J139: =+'Necesidades Trimestrales'!I139 -> 1470 | K139: =+'Necesidades Trimestrales'!H139 -> 0
A140: 129 | C140: =+'Necesidades Trimestrales'!E140 -> TRAMADOL 50 MG AMPOLLA | H140: NO | I140: =+'Necesidades Trimestrales'!G140 -> AMPOLLA | J140: =+'Necesidades Trimestrales'!I140 -> 65 | K140: =+'Necesidades Trimestrales'!H140 -> 0
A141: 130 | C141: =+'Necesidades Trimestrales'!E141 -> VANCOMICINA 1000 MG FCO AMP | H141: NO | I141: =+'Necesidades Trimestrales'!G141 -> AMPOLLA | J141: =+'Necesidades Trimestrales'!I141 -> 335 | K141: =+'Necesidades Trimestrales'!H141 -> 0
A142: 131 | C142: =+'Necesidades Trimestrales'!E142 -> VANCOMICINA 500 MG FCO AMP | H142: NO | I142: =+'Necesidades Trimestrales'!G142 -> AMPOLLA | J142: =+'Necesidades Trimestrales'!I142 -> 188 | K142: =+'Necesidades Trimestrales'!H142 -> 0
A143: 132 | C143: =+'Necesidades Trimestrales'!E143 -> VECURONIO BROMURO 10 MG AMPOLLA | H143: NO | I143: =+'Necesidades Trimestrales'!G143 -> AMPOLLA | J143: =+'Necesidades Trimestrales'!I143 -> 864 | K143: =+'Necesidades Trimestrales'!H143 -> 0
A144: Costo total estimado: xxxxxxxxxxxxxxxxxxxx con 00/100. | J144: =SUMPRODUCT(J12:J143,K12:K143) -> #REF!

Sheet Autor Gastar
A1: EJERCICIO: | D1: ='Necesidades Trimestrales'!C6 -> 2022 | P1: AUTORIZACION PARA GASTAR
A4: JURISDICCIÓN: | G4: =' NotaPedido'!D3 -> 040 - Ministerio de Salud
A5: SAF: | G5: =' NotaPedido'!D4 -> 11/ 23/ 24 o 28- "…......."
A6: UNIDAD EJECUTORA: | G6: =' NotaPedido'!D5 -> XXXX
A7: DEPENDENCIA SOLICITANTE: | G7: =' NotaPedido'!D6 -> XXXX
A8: AUTORIZACIÓN:
A9: Señor Jefe de Servicio Administrativo Financiero:
A10: ="Autorizo la realización de los trámites correspondientes, a fin de proveer a este Organismo los bienes y/o servicios que se detallan en Nota de Pedido N° " & ' NotaPedido'!K1&", afectando la erogación resultante a los créditos presupuestarios aprobados a favor de esta Unidad Ejecutora, conforme al siguiente detalle:" -> Autorizo la realización de los trámites correspondientes, a fin de proveer a este Organismo los bienes y/o servicios que se detallan en Nota de Pedido N° xxx/2022, afectando la erogación resultante a los créditos presupuestarios aprobados a favor de esta Unidad Ejecutora, conforme al siguiente detalle:
A12: IMPUTACIÓN PRESUPUESTARIA
A13: CÓDIGO | O13: DENOMINACIÓN DE LA PARTIDA PRESUPUESTARIA | Q13: IMPORTE
A14: PR | B14: SB | C14: PY | D14: AC | E14: OB | F14: UG | G14: FIN | H14: FUN | I14: I | J14: P | K14: P | L14: SubP | M14: M | N14: FF
F15: 4901 | G15: 3 | H15: 310 | I15: 2 | J15: 5 | K15: 2 | M15: 1 | N15: 1.1
A23: TOTAL DE PESOS: xxxxxxxxxxxxxxx con 00/100. | Q23: =SUM(Q15:Q22) -> 0
A25: JUSTIFICACIÓN:
A26: Para la adquisición de .... … destinados al servico de …... del Hospital …...............
