Workbook

Sheet Necesidades Trimestrales
B2: Pedido de Necesidades Trimestrales
A4: JURISDICCION: | C4: 040 - Ministerio de Salud
A5: SAF N°: | C5: 024 - Hospital Interzonal de Niños
A6: EJERCICIO: | C6: 2020
A7: TRIMESTRE: | C7: 4
A9: ID | B9: CODIGO ITEM | C9: RUBRO DE COMPRA | D9: DESCRIPCION | E9: UNIDAD DE MEDIDA | F9: CANTIDAD | G9: PRECIO UNITARIO ESTIMADO | H9: IMPORTE TOTAL ESTIMADO
A10: 1 | B10: 252 | C10: PROD. MEDICO/FARMACEUTICOS/LAB | D10: ALBUMINA 20% X 50 ML | E10: UNIDAD | F10: 6000 | G10: 30 | H10: =G10*F10 -> 180000
A11: 2 | B11: 251 | C11: PROD. MEDICO/FARMACEUTICOS/LAB | D11: AGUA DESTILADA AMPOLLAS | E11: UNIDAD | F11: 2000 | G11: 68 | H11: =F11*G11 -> 136000
A12: 3 | B12: 251 | C12: PROD. MEDICO/FARMACEUTICOS/LAB | D12: AGUA DESTILADA SACHET X 500 ML | E12: UNIDAD | F12: 6000 | G12: 65.1 | H12: =F12*G12 -> 390600
A13: 4 | B13: 252 | C13: PROD. MEDICO/FARMACEUTICOS/LAB | D13: AMOXICILINA 500 MG JARABE | E13: UNIDAD | F13: 200 | G13: 198 | H13: =F13*G13 -> 39600
A14: 5 | B14: 252 | C14: PROD. MEDICO/FARMACEUTICOS/LAB | D14: AMPICILINA + SULBACTAM 1,5 MG FCO AMPOLLA | E14: UNIDAD | F14: 300 | G14: 65 | H14: =F14*G14 -> 19500
A15: 6 | B15: 252 | C15: PROD. MEDICO/FARMACEUTICOS/LAB | D15: AMPICILINA 1G FCO AMPOLLA | E15: UNIDAD | F15: 300 | G15: 358 | H15: =F15*G15 -> 107400
A16: 7 | B16: 252 | C16: PROD. MEDICO/FARMACEUTICOS/LAB | D16: BICARBONATO 1 MOLAR SACHET X 100 ML | E16: UNIDAD | F16: 500 | G16: 50 | H16: =F16*G16 -> 25000
A17: 8 | B17: 252 | C17: PROD. MEDICO/FARMACEUTICOS/LAB | D17: CLORURO DE POTASIO 223 MG/ML AMPOLLA | E17: UNIDAD | F17: 200 | G17: 132.5 | H17: =F17*G17 -> 26500
A18: 9 | B18: 252 | C18: PROD. MEDICO/FARMACEUTICOS/LAB | D18: CLORURO DE SODIO AL 20% AMPOLLAS | E18: UNIDAD | F18: 2000 | G18: 45 | H18: =F18*G18 -> 90000
A19: 10 | B19: 252 | C19: PROD. MEDICO/FARMACEUTICOS/LAB | D19: DEXAMETASONA 8 MG. AMPOLLA | E19: UNIDAD | F19: 6000 | G19: 82 | H19: =F19*G19 -> 492000
A20: 11 | B20: 252 | C20: PROD. MEDICO/FARMACEUTICOS/LAB | D20: DICLOFENAC 75 MG. AMPOLLA | E20: UNIDAD | F20: 150 | G20: 220 | H20: =F20*G20 -> 33000
A21: 12 | B21: 252 | C21: PROD. MEDICO/FARMACEUTICOS/LAB | D21: ENOXAPARINA 40 MG AMPOLLA PRELLENA | E21: UNIDAD | F21: 3000 | G21: 43 | H21: =F21*G21 -> 129000
A22: 13 | B22: 252 | C22: PROD. MEDICO/FARMACEUTICOS/LAB | D22: FENOBARBITAL 100 MG. AMPOLLAS | E22: UNIDAD | F22: 5000 | G22: 79 | H22: =F22*G22 -> 395000
... A73: 64 | B73: 251 | C73: COMP QUIMICOS | D73: LT8 PLUS I Limpiador Desinfectante de Alto Nivel para áreas críticas para 1 litro. Envase Monodosis 20 gr/litro | E73: UNIDAD | F73: 600 | G73: 151.25 | H73: =F73*G73 -> 90750
B76: Plazos y lugares de entrega
B77: Lugar de Entrega: SERVICIO DE FARMACIA -HOSPITAL INT. DE NIÑOS – AV. VIRGEN DEL VALLE N° 1050-CATAMARCA DE 8:00 A 12:00HS., DEBIENDO CORRER LOS GASTOS DE FLETES, ACARREO, CARGA, DESCARGA Y SEGURO A CARGO DEL ADJUDICATARIO.
B79: Plazo de vencimiento de los bienes ofrecidos: No podrán ser inferior a los 12 meses.
B80: Plazo de entrega: Dentro de los 7 días de notificada la Orden de Compra
B81: Mantenimiento de Oferta:
C82: 45 dias habiles

Sheet  NotaPedido
A1: NOTA DE PEDIDO | F1: N° | G1: 548/2020
A3: JURISDICCIÓN: | D3: ='[1]Necesidades Trimestrales'!C4 -> 040 - Ministerio de Salud
A4: SAF: | D4: ='[1]Necesidades Trimestrales'!C5 -> 024 - Hospital Interzonal de Niños
A5: UNIDAD EJECUTORA: | D5: 024 - Hospital Interzonal de Niños
A6: DEPENDENCIA SOLICITANTE: | D6: Servicio de Farmacia
A7: PERIODO UTILIZACIÓN: | D7: ='[1]Necesidades Trimestrales'!C7 & "° Trimestre - Año " & '[1]Necesidades Trimestrales'!C6 -> 4° Trimestre - Año 2020
A8: OBJETO: | D8: Adquisición de Medicamentos
A10: Ítem | B10: Codigo Item | C10: DESCRIPCIÓN | D10: Adjunta Detalle Técnico | E10: Unidad Medida | F10: Precio Unitario Estimado | G10: Cantidad Solicitada
A12: 1 | B12: 252 | C12: ='Necesidades Trimestrales'!D10 -> ALBUMINA 20% X 50 ML | D12: NO | E12: ='Necesidades Trimestrales'!E10 -> UNIDAD | F12: ='Necesidades Trimestrales'!G10 -> 30 | G12: ='Necesidades Trimestrales'!F10 -> 6000
A13: 2 | B13: ='Necesidades Trimestrales'!B11 -> 251 | C13: ='Necesidades Trimestrales'!D11 -> AGUA DESTILADA AMPOLLAS | D13: NO | E13: ='Necesidades Trimestrales'!E11 -> UNIDAD | F13: ='Necesidades Trimestrales'!G11 -> 68 | G13: ='Necesidades Trimestrales'!F11 -> 2000
A14: 3 | B14: ='Necesidades Trimestrales'!B12 -> 251 | C14: ='Necesidades Trimestrales'!D12 -> AGUA DESTILADA SACHET X 500 ML | D14: NO | E14: ='Necesidades Trimestrales'!E12 -> UNIDAD | F14: ='Necesidades Trimestrales'!G12 -> 65.1 | G14: ='Necesidades Trimestrales'!F12 -> 6000
A15: 4 | B15: 252 | C15: ='Necesidades Trimestrales'!D13 -> AMOXICILINA 500 MG JARABE | D15: NO | E15: ='Necesidades Trimestrales'!E13 -> UNIDAD | F15: ='Necesidades Trimestrales'!G13 -> 198 | G15: ='Necesidades Trimestrales'!F13 -> 200
A16: 5 | B16: ='Necesidades Trimestrales'!B14 -> 252 | C16: ='Necesidades Trimestrales'!D14 -> AMPICILINA + SULBACTAM 1,5 MG FCO AMPOLLA | D16: NO | E16: ='Necesidades Trimestrales'!E14 -> UNIDAD | F16: ='Necesidades Trimestrales'!G14 -> 65 | G16: ='Necesidades Trimestrales'!F14 -> 300
A17: 6 | B17: ='Necesidades Trimestrales'!B15 -> 252 | C17: ='Necesidades Trimestrales'!D15 -> AMPICILINA 1G FCO AMPOLLA | D17: NO | E17: ='Necesidades Trimestrales'!E15 -> UNIDAD | F17: ='Necesidades Trimestrales'!G15 -> 358 | G17: ='Necesidades Trimestrales'!F15 -> 300
A18: 7 | B18: ='Necesidades Trimestrales'!B16 -> 252 | C18: ='Necesidades Trimestrales'!D16 -> BICARBONATO 1 MOLAR SACHET X 100 ML | D18: NO | E18: ='Necesidades Trimestrales'!E16 -> UNIDAD | F18: ='Necesidades Trimestrales'!G16 -> 50 | G18: ='Necesidades Trimestrales'!F16 -> 500
A19: 8 | B19: ='Necesidades Trimestrales'!B17 -> 252 | C19: ='Necesidades Trimestrales'!D17 -> CLORURO DE POTASIO 223 MG/ML AMPOLLA | D19: NO | E19: ='Necesidades Trimestrales'!E17 -> UNIDAD | F19: ='Necesidades Trimestrales'!G17 -> 132.5 | G19: ='Necesidades Trimestrales'!F17 -> 200
A20: 9 | B20: ='Necesidades Trimestrales'!B18 -> 252 | C20: ='Necesidades Trimestrales'!D18 -> CLORURO DE SODIO AL 20% AMPOLLAS | D20: NO | E20: ='Necesidades Trimestrales'!E18 -> UNIDAD | F20: ='Necesidades Trimestrales'!G18 -> 45 | G20: ='Necesidades Trimestrales'!F18 -> 2000
A21: 10 | B21: ='Necesidades Trimestrales'!B19 -> 252 | C21: ='Necesidades Trimestrales'!D19 -> DEXAMETASONA 8 MG. AMPOLLA | D21: NO | E21: ='Necesidades Trimestrales'!E19 -> UNIDAD | F21: ='Necesidades Trimestrales'!G19 -> 82 | G21: ='Necesidades Trimestrales'!F19 -> 6000
A22: 11 | B22: ='Necesidades Trimestrales'!B20 -> 252 | C22: ='Necesidades Trimestrales'!D20 -> DICLOFENAC 75 MG. AMPOLLA | D22: NO | E22: ='Necesidades Trimestrales'!E20 -> UNIDAD | F22: ='Necesidades Trimestrales'!G20 -> 220 | G22: ='Necesidades Trimestrales'!F20 -> 150
A23: 12 | B23: ='Necesidades Trimestrales'!B21 -> 252 | C23: ='Necesidades Trimestrales'!D21 -> ENOXAPARINA 40 MG AMPOLLA PRELLENA | D23: NO | E23: ='Necesidades Trimestrales'!E21 -> UNIDAD | F23: ='Necesidades Trimestrales'!G21 -> 43 | G23: ='Necesidades Trimestrales'!F21 -> 3000
A24: 13 | B24: ='Necesidades Trimestrales'!B22 -> 252 | C24: ='Necesidades Trimestrales'!D22 -> FENOBARBITAL 100 MG. AMPOLLAS | D24: NO | E24: ='Necesidades Trimestrales'!E22 -> UNIDAD | F24: ='Necesidades Trimestrales'!G22 -> 79 | G24: ='Necesidades Trimestrales'!F22 -> 5000
A25: 14 | B25: ='Necesidades Trimestrales'!B23 -> 252 | C25: ='Necesidades Trimestrales'!D23 -> FENTANILO 250 MCG INYECTABLE | D25: NO | E25: ='Necesidades Trimestrales'!E23 -> UNIDAD | F25: ='Necesidades Trimestrales'!G23 -> 64 | G25: ='Necesidades Trimestrales'!F23 -> 2000
A26: 15 | B26: ='Necesidades Trimestrales'!B24 -> 252 | C26: ='Necesidades Trimestrales'!D24 -> GENTAMICINA 80 MG AMPOLLA | D26: NO | E26: ='Necesidades Trimestrales'!E24 -> UNIDAD | F26: ='Necesidades Trimestrales'!G24 -> 102 | G26: ='Necesidades Trimestrales'!F24 -> 150
A27: 16 | B27: ='Necesidades Trimestrales'!B25 -> 252 | C27: ='Necesidades Trimestrales'!D25 -> GLUCONATO DE CALCIO 10% AMPOLLA | D27: NO | E27: ='Necesidades Trimestrales'!E25 -> UNIDAD | F27: ='Necesidades Trimestrales'!G25 -> 94 | G27: ='Necesidades Trimestrales'!F25 -> 300
... A72: 61 | B72: ='Necesidades Trimestrales'!B70 -> 252 | C72: ='Necesidades Trimestrales'!D70 -> RIFAMPICINA 600MG F/A | D72: NO | E72: ='Necesidades Trimestrales'!E70 -> UNIDAD | F72: ='Necesidades Trimestrales'!G70 -> 2204.14 | G72: ='Necesidades Trimestrales'!F70 -> 20
A73: 62 | B73: ='Necesidades Trimestrales'!B36 -> 252 | C73: ='Necesidades Trimestrales'!D71 -> VALPROICO ACIDO 500 MG X 5ML AMP X 1 | D73: NO | E73: ='Necesidades Trimestrales'!E36 -> UNIDAD | F73: ='Necesidades Trimestrales'!G71 -> 848.52 | G73: ='Necesidades Trimestrales'!F71 -> 150
A74: 63 | B74: ='Necesidades Trimestrales'!B37 -> 252 | C74: ='Necesidades Trimestrales'!D72 -> VECURONIO BROMURO 4MG/AMP X 1ML X1 | D74: NO | E74: ='Necesidades Trimestrales'!E37 -> UNIDAD | F74: ='Necesidades Trimestrales'!G72 -> 500.79 | G74: ='Necesidades Trimestrales'!F72 -> 200
A75: 64 | B75: 251 | C75: ='Necesidades Trimestrales'!D73 -> LT8 PLUS I Limpiador Desinfectante de Alto Nivel para áreas críticas para 1 litro. Envase Monodosis 20 gr/litro | D75: NO | E75: ='Necesidades Trimestrales'!E38 -> UNIDAD | F75: ='Necesidades Trimestrales'!G73 -> 151.25 | G75: ='Necesidades Trimestrales'!F73 -> 600
A76: COSTO TOTAL ESTIMADO | F76: =SUMPRODUCT(F12:F75,G12:G75) -> 4902558.9

Sheet Autor Gastar
A1: EJERCICIO: | D1: ='Necesidades Trimestrales'!C6 -> 2020 | P1: AUTORIZACION PARA GASTAR
A4: JURISDICCIÓN: | G4: 040 - Ministerio de Salud
A5: SAF: | G5: 024 - Hospital Interzonal de Niños
A6: UNIDAD EJECUTORA: | G6: 024 - Hospital Interzonal de Niños
A7: DEPENDENCIA SOLICITANTE: | G7: Servicio De Farmacia
A8: AUTORIZACIÓN:
A9: Señor Jefe de Servicio Administrativo Financiero:
A10: ="Autorizo la realización de los trámites correspondientes, a fin de proveer a este Organismo los bienes y/o servicios que se detallan en Nota de Pedido N° " & ' NotaPedido'!G1&", afectando la erogación resultante a los créditos presupuestarios aprobados a favor de esta Unidad Ejecutora, conforme al siguiente detalle:" -> Autorizo la realización de los trámites correspondientes, a fin de proveer a este Organismo los bienes y/o servicios que se detallan en Nota de Pedido N° 548/2020, afectando la erogación resultante a los créditos presupuestarios aprobados a favor de esta Unidad Ejecutora, conforme al siguiente detalle:
A12: IMPUTACIÓN PRESUPUESTARIA
A13: CÓDIGO | O13: DENOMINACIÓN DE LA PARTIDA PRESUPUESTARIA | Q13: IMPORTE
A14: PR | B14: SB | C14: PY | D14: AC | E14: OB | F14: UG | G14: FIN | H14: FUN | I14: I | J14: P | K14: P | L14: SubP | M14: M | N14: FF
A15: 36 | D15: 1 | F15: 4901 | G15: 3 | H15: 310 | I15: 2 | J15: 5 | K15: 2 | M15: 1 | N15: 1.1 | O15: Productos Farmaceuticos y Medicinales | Q15: 4285208.8
A16: 36 | D16: 1 | F16: 4901 | G16: 3 | H16: 310 | I16: 2 | J16: 5 | K16: 1 | M16: 1 | N16: 1.1 | O16: Compuestos Quimicos | Q16: 617350
A23: TOTAL DE PESOS: Cuatro Millones Novecientos Dos mil Quinientos cincuenta y ocho CON 85/100. | Q23: =SUM(Q15:Q22) -> 4902558.8
A25: JUSTIFICACIÓN:
A26: Para la adquisición de Medicamentos destinados al servico de Farmacia del Hospital Interzonal de Niños Eva Peron, para el normal funcionamiento del organismo.
