Workbook

Sheet SAF 011 - NECESIDAD TRIMESTRAL
A1: 2022
B2: Pedido de Necesidades Trimestrales
A4: JURISDICCION: | C4: 040 - MINISTERIO DE SALUD
A5: SAF N°: | C5: 011 - DIRECCION PROVINCIAL DE ADMINISTRACION - MINISTERIO DE SALUD
A6: EJERCICIO: | C6: 2022
A7: TRIMESTRE: | C7: TERCERO
A9: ID | B9: CODIGO ITEM | C9: RUBRO DE COMPRA | D9: I.P.P. | E9: DESCRIPCION | F9: UNIDAD DE MEDIDA | G9: MS | H9: TOTAL MS | I9: CANTIDAD TOTAL | J9: PRECIO UNITARIO ESTIMADO | K9: IMPORTE TOTAL ESTIMADO | L9: ESPECIFICACION TECNICA
A10: 1 | B10: 4.3.3-4084.19 | C10: EQUIPOS | D10: 4.3.3 | E10: EQUIPOS DE RAYOS X; USO: RADIOLOGIA, FRECUENCIA: ALTA KHZ, REGULACION: AUTOMATICA Kv, AMPLIACION DE APLIQUE: SIN VALOR, COMANDO: AUTOMATICO | F10: UNIDAD | G10: 10 | H10: =+G10*J10 -> 91022000 | I10: =+G10 -> 10 | J10: 9102200 | K10: =+I10*J10 -> 91022000 | L10: EQUIPO FIJO ANALOGICO
A11: 2 | B11: 4.3.3-9878.1 | C11: EQUIPOS | D11: 4.3.3 | E11: DIGITALIZADOR DE RAYOS X; USO: RADIOLOGIA, ALIMENTACION: 220/240 V, PANTALLA: LED | F11: UNIDAD | G11: 3 | H11: =+G11*J11 -> 8515740 | I11: =+G11 -> 3 | J11: 2838580 | K11: =+I11*J11 -> 8515740 | L11: DIGITAL INDIRECTO
A12: 3 | B12: 4.3.3-4084.19 | C12: EQUIPOS | D12: 4.3.3 | E12: EQUIPOS DE RAYOS X; USO: RADIOLOGIA, FRECUENCIA: ALTA KHZ, REGULACION: AUTOMATICA Kv, AMPLIACION DE APLIQUE: SIN VALOR, COMANDO: AUTOMATICO | F12: UNIDAD | G12: 5 | H12: =+G12*J12 -> 80940000 | I12: =+G12 -> 5 | J12: 16188000 | K12: =+I12*J12 -> 80940000 | L12: RX ALTA PRODUCTIVIDAD- digital directo
A13: 4 | B13: 4.3.3-4395.25 | C13: EQUIPOS | D13: 4.3.3 | E13: MEDIDORES DE RADIACIONES; TIPO: PORTATIL, LECTURA: DIGITAL, TIPO RADIACION: RAYOS X, RANGO DE ENERGIA: 40 A 150 Kv, RANGO DE LECTURA: 0 A 0,91 GRAY | F13: UNIDAD | G13: 1 | H13: =+G13*J13 -> 3903438 | I13: =+G13 -> 1 | J13: 3903438 | K13: =+I13*J13 -> 3903438 | L13: TESTER RX
A14: TOTAL RUBRO EQUIPOS | K14: =+SUM(K10:K13) -> 184381178
C17: ESPECIFICIDADES Y DETALLE TECNICO: | D17: VER ANEXO I | G17: 10 | H17: 64100 | I17: 142 | J17: =+H17*I17 -> 9102200
C18: * ADJUNTAR FOLLETERIA, MANUALES Y/O CUALQUIER OTRA DOCUMENTACION QUE EL PROVEEDOR ESTIME NECESARIO PARA ACLARAR EL BIEN COTIZADO | G18: 3 | H18: 19990 | I18: 142 | J18: =+H18*I18 -> 2838580
G19: 5 | H19: 114000 | I19: 142 | J19: =+H19*I19 -> 16188000
C20: Plazos de entrega: | D20: Items 1 y 3 entregas parciales a los veinte (20), cuarenta (40), sesenta (60) y ochenta (80) dias habiles, según detalle adjunto. Items 2 y 4: veinte (20) dias habiles. | G20: 1 | H20: 27489 | I20: 142 | J20: =+H20*I20 -> 3903438
C22: Lugar de Entrega: | D22: ITEMS 1 y 3 SEGUN DETALLE ADJUNTO. ITEMS 2 y 4 MINISTERIO DE SALUD - CHACABUCO N° 169 - SFV de CATAMARCA. DEBIENDO CORRER LOS GASTOS DE FLETES, ACARREO, CARGA, DESCARGA, SEGURO E INSTALACION A CARGO DEL ADJUDICATARIO.
C23: *El adjudicatario debe correr con el gasto de desinstalacion, paletizado y traslado de los Equipos de Rayos X que se encuentran instalados actualmente a un deposito en el Parque Industrial El Pantanillo ubicado en la ciudad de San Fernando del Valle de Catamarca que designe el Ministerio de Salud .*
C25: Capacitacion: | D25: Items 1 y 3: dentro de los cinco (5) dias habiles, una vez instalado el equipo, en los lugares especificados en el esquema adjunto a los usuarios designados según su especialidad.
D26: Item 2 y 4: dentro de los cinco (5) dias habiles de recepcionados los equipos en las instalaciones del Ministerio de Salud - Chacabuco N° 169 - S.F.V.de CATAMARCA, al personal Tecnico designado.
C28: Calidad Minima esperada:
C30: Mantenimiento: | D30: sesenta (60) dias
C32: Garantia: | D32: tres (3) años. Incluye dos (2) visitas anuales durante los tres (3) años para realizar calibracion de chequeos y mantenimiento preventivo.

Sheet DETALLE DE ENTREGAS
A1: PLAZO DE ENTREGA DE EQUIPOS DE RAYOS X: 20 (1) - 40 (2) - 60 (3) y 80 (4) DIAS HABILES, LUGAR DE ENTREGA Y ESQUEMA DE CAPACITACION.
A3: ORDEN | B3: CENTRO DE SALUD | C3: DIAS
C4: 20 | D4: 40 | E4: 60 | F4: 80
A5: 1 | B5: HOSPITAL DE HUALFIN (1) | C5: X
B6: HOSP ZONAL DE HUALFIN CALLE S/N
A7: 2 | B7: HOSPITAL DE BELEN (1) | C7: X
B8: DR. SEGUNDO ENRIQUE MUÑIZ. AV. CALCHAQUI S/N
A9: 3 | B9: HOSPITAL DE SANTA MARIA (1) | C9: X
B10: HOSP. REGIONAL LUIS ALBERTO. VARGAS 1 DE MAYO 269
A11: 4 | B11: HOSPITAL DE SAUJIL (1) | C11: X
B12: HOSP. DIST DE SAUJIL. AV. SEÑOR DEL MILAGRO 650
A13: 5 | B13: HOSPITAL DE RECREO (2) | D13: X
B14: HOSP. ZONAL LIBORIO FORTE. BOULEVARD KIRCHNER Y RUTA 20
A15: 6 | B15: HOSPITAL DE POMAN (2) | D15: X
B16: HOSP. ROBERTO RAMON CARRO. PRESIDENTE CASTILLO Y OBISPO ESQUIU
A17: 7 | B17: HOSPITAL DE CHUMBICHA (2) | D17: X
B18: HOSP DIST. ROBERTO RAMON CARRO. 25 DE MAYO
A19: 8 | B19: HOSPITAL DEL ICAÑO (2) | D19: X
B20: HOSP.ZONAL ICAÑO. RUTA PROV N°2 ENTRE LEANDRO ALEN Y RIO CHICO
A21: 9 | B21: HOSPITAL DE LA MERCED (3) | E21: X
B22: HOSP LA MERCED. CURA VERA S/N
A23: 10 | B23: HOSPITAL DE LOS ALTOS (3) | E23: X
B24: HOSP SEC LOS ALTOS. JUAN XXIII 548
A25: 11 | B25: HOSPITAL DE LAVALLE (3) | E25: X
B26: HOSP. EDUARDI ATALIVA ANDRADA. AV BICENTENARIO S/N
A27: 12 | B27: HOSPITAL DE NIÑOS EVA PERON (4) | F27: X
B28: HOSP INTER ZONAL DE NIÑOS EVA PERON. AV VIRGEN DEL VALLE 1050
A29: 13 | B29: HOSPITAL DE SAN JUAN BAUTISTA (4) | F29: X
B30: HOSP.INTERZONAL SAN JUAN BAUTISTA. AV ARTURO ILLIA Y MARIANO MORENO
A31: 14 | B31: HOSPITAL DEL RODEO (4) | F31: X
B32: HOSP. EL RODEO CALLE S/N
A33: 15 | B33: HOSPITAL DE VALLE CHICO (4) | F33: X
B34: HOSP DE VALLE CHICO. AVENIDA 27 Y CALLE 29

Sheet NP
A1: NOTA DE PEDIDO | J1: N° | K1: XX/2022
A3: JURISDICCIÓN: | D3: 040 - MINISTERIO DE SALUD
A4: SAF: | D4: 011 - DIRECCION PROVINCIAL DE ADMINISTRACION DEL MINISTERIO DE SALUD
A5: UNIDAD EJECUTORA: | D5: 352 - MINISTERIO DE SALUD
A6: DEPENDENCIA SOLICITANTE: | D6: 352 - MINISTERIO DE SALUD
A7: PERIODO UTILIZACIÓN: | D7: DIEZ (10) AÑOS
A8: OBJETO: | D8: ADQUISICION DE EQUIPOS DE RAYOS X Y COMPLEMENTOS CON DESTINO A HOSPITALES DE LA PROVINCIA.-
A10: Ítem | B10: Codigo Item | C10: DESCRIPCIÓN | H10: Adjunta Detalle Técnico | I10: Unidad Medida | J10: Precio Unitario Estimado | K10: Cantidad Solicitada
A12: 1 | B12: ='SAF 011 - NECESIDAD TRIMESTRAL'!B10 -> 4.3.3-4084.19 | C12: ='SAF 011 - NECESIDAD TRIMESTRAL'!E10 -> EQUIPOS DE RAYOS X; USO: RADIOLOGIA, FRECUENCIA: ALTA KHZ, REGULACION: AUTOMATICA Kv, AMPLIACION DE APLIQUE: SIN VALOR, COMANDO: AUTOMATICO | H12: SI | I12: ='SAF 011 - NECESIDAD TRIMESTRAL'!F10 -> UNIDAD | J12: ='SAF 011 - NECESIDAD TRIMESTRAL'!J10 -> 9102200 | K12: ='SAF 011 - NECESIDAD TRIMESTRAL'!G10 -> 10
A13: 2 | B13: ='SAF 011 - NECESIDAD TRIMESTRAL'!B11 -> 4.3.3-9878.1 | C13: ='SAF 011 - NECESIDAD TRIMESTRAL'!E11 -> DIGITALIZADOR DE RAYOS X; USO: RADIOLOGIA, ALIMENTACION: 220/240 V, PANTALLA: LED | H13: SI | I13: ='SAF 011 - NECESIDAD TRIMESTRAL'!F11 -> UNIDAD | J13: ='SAF 011 - NECESIDAD TRIMESTRAL'!J11 -> 2838580 | K13: ='SAF 011 - NECESIDAD TRIMESTRAL'!G11 -> 3
A14: 3 | B14: ='SAF 011 - NECESIDAD TRIMESTRAL'!B12 -> 4.3.3-4084.19 | C14: ='SAF 011 - NECESIDAD TRIMESTRAL'!E12 -> EQUIPOS DE RAYOS X; USO: RADIOLOGIA, FRECUENCIA: ALTA KHZ, REGULACION: AUTOMATICA Kv, AMPLIACION DE APLIQUE: SIN VALOR, COMANDO: AUTOMATICO | H14: SI | I14: ='SAF 011 - NECESIDAD TRIMESTRAL'!F12 -> UNIDAD | J14: ='SAF 011 - NECESIDAD TRIMESTRAL'!J12 -> 16188000 | K14: ='SAF 011 - NECESIDAD TRIMESTRAL'!G12 -> 5
A15: 4 | B15: ='SAF 011 - NECESIDAD TRIMESTRAL'!B13 -> 4.3.3-4395.25 | C15: ='SAF 011 - NECESIDAD TRIMESTRAL'!E13 -> MEDIDORES DE RADIACIONES; TIPO: PORTATIL, LECTURA: DIGITAL, TIPO RADIACION: RAYOS X, RANGO DE ENERGIA: 40 A 150 Kv, RANGO DE LECTURA: 0 A 0,91 GRAY | H15: SI | I15: ='SAF 011 - NECESIDAD TRIMESTRAL'!F13 -> UNIDAD | J15: ='SAF 011 - NECESIDAD TRIMESTRAL'!J13 -> 3903438 | K15: ='SAF 011 - NECESIDAD TRIMESTRAL'!G13 -> 1
A17: Costo total estimado: PESOS CIENTO OCHENTA Y CUATRO MILLONES TRESCIENTOS OCHENTA Y UN MIL CIENTO SETENTA Y OCHO CON 00/100.- | J17: =SUMPRODUCT(J12:J15,K12:K15) -> 184381178

Sheet APG
A1: EJERCICIO: | D1: 2022 | P1: AUTORIZACION PARA GASTAR
A4: JURISDICCIÓN: | G4: =NP!D3 -> 040 - MINISTERIO DE SALUD
A5: SAF: | G5: =NP!D4 -> 011 - DIRECCION PROVINCIAL DE ADMINISTRACION DEL MINISTERIO DE SALUD
A6: UNIDAD EJECUTORA: | G6: =NP!D5 -> 352 - MINISTERIO DE SALUD
A7: DEPENDENCIA SOLICITANTE: | G7: =NP!D6 -> 352 - MINISTERIO DE SALUD
A8: AUTORIZACIÓN:
A9: Señor Director de Administración o Titular del Servicio Administrativo Financiero:
A10: Autorizo la realización de los trámites correspondientes, a fin de proveer a este Organismo los bienes, servicios o ejecución de obras públicas que se detallan en Nota de Pedido N° XX/2022 , afectando la erogación resultante a los créditos presupuestarios aprobados a favor de esta Unidad Ejecutora, conforme al siguiente detalle:
A12: IMPUTACIÓN PRESUPUESTARIA
A13: CÓDIGO | O13: DENOMINACIÓN DE LA PARTIDA PRESUPUESTARIA | Q13: IMPORTE
A14: PR | B14: SB | C14: PY | D14: AC | E14: OB | F14: UG | G14: FIN | H14: FUN | I14: I | J14: P | K14: P | L14: SubP | M14: M | N14: FF
A15: 1 | D15: 1 | F15: 4901 | G15: 3 | H15: 1 | I15: 4 | J15: 3 | K15: 3 | M15: 1 | N15: 1.1 | O15: EQUIPOS SANITARIOS Y DE LABORATORIO | Q15: =NP!J17 -> 184381178
A38: TOTAL DE PESOS: CIENTO OCHENTA Y CUATRO MILLONES TRESCIENTOS OCHENTA Y UN MIL CIENTO SETENTA Y OCHO CON 00/100.- | Q38: =SUM(Q15:Q37) -> 184381178
A40: JUSTIFICACIÓN:
A41: =NP!D8 -> ADQUISICION DE EQUIPOS DE RAYOS X Y COMPLEMENTOS CON DESTINO A HOSPITALES DE LA PROVINCIA.-
