Workbook

Sheet Necesidades Trimestrales
B2: Pedido de Necesidades Trimestrales
A4: JURISDICCION: | C4: 90 - Ministerio de Seguridad
A5: SAF N°: | C5: 7 - Direccion Provincial de Administracion de la Policia de Catamarca
A6: EJERCICIO: | C6: 2021
A7: TRIMESTRE: | C7: 1
A9: ID | B9: CODIGO ITEM | C9: RUBRO DE COMPRA | D9: I.P.P. | E9: DESCRIPCION | F9: UNIDAD DE MEDIDA | G9: CANTIDAD | H9: PRECIO UNITARIO ESTIMADO | I9: IMPORTE TOTAL ESTIMADO
A10: 1 | B10: 2.7.3-2941.3 | C10: INSUMO P/ ARMAMENTO | D10: =LEFT(B10,5) -> 2.7.3 | E10: CARTUCHOS DE ESCOPETA; CALIBRE: 12/70, PRESENTACION: CAJA X 25 | F10: UNIDAD | G10: 258 | H10: 1970 | I10: =G10*H10 -> 508260
I11: =SUM(I10:I10) -> 508260
B13: Especificidades Item N° 1:
B15: Descripción técnica
C16: CARACTERÍSTICAS: Cartucho Anti tumulto, Calibre 12/70mm. AT. Vaina semi metálica. Cápsula iniciadora con sustancia inoxidante. De 15 a 24 Postas esféricas de SBR. Diámetro de 7.8 mm a 8.5 mm. No Letal. Pólvora nitro celulósica tipo Z90.-
B19: Plazos y lugares de entrega
C20: a) LUGAR DE ENTREGA: DIVISIÓN ARMAMENTO Y MUNICIONES (Dpto Logística), sito en Chacabuco N° 809 - Capital - De 08 a 12 horas. b) FORMA DE LA ENTREGA: Libre de flete, acarreo y embalaje, como así también, de todo riesgo de pérdida o destrucción total o parcial, por causas ajenas a la Institución. c) PLAZO DE ENTREGA: El Oferente deberá establecer plazo de entrega de los elementos cotizados, debiendo ser expresado en días hábiles; que no podrá ser superior a cinco (5) días hábiles, contados a partir de la recepción de la comunicación prevista en el Reglamento Parcial N° 2 de la ley 4938.
B22: Calidad Minima esperada
C23: Que Cumpla con lo Solicitado de Forma Integra.
B24: Mantenimiento
C25: 30 (treinta) días
B26: Garantia
C27: *

Sheet  NotaPedido
A1: NOTA DE PEDIDO | J1: N° | K1: 07/2021
A3: JURISDICCIÓN: | D3: ='Necesidades Trimestrales'!C4 -> 90 - Ministerio de Seguridad
A4: SAF: | D4: ='Necesidades Trimestrales'!C5 -> 7 - Direccion Provincial de Administracion de la Policia de Catamarca
A5: UNIDAD EJECUTORA: | D5: Policia de la Provincia de Catamarca
A6: DEPENDENCIA SOLICITANTE: | D6: División Armamento y Municiones, Dpto. Logística (D-4)
A7: PERIODO UTILIZACIÓN: | D7: ='Necesidades Trimestrales'!C7 & "° Trimestre - Año " & 'Necesidades Trimestrales'!C6 -> 1° Trimestre - Año 2021
A8: OBJETO: | D8: Adquisición de municiones destinadas a dependencias policiales.
A10: Ítem | B10: Codigo Item | C10: DESCRIPCIÓN | H10: Adjunta Detalle Técnico | I10: Unidad Medida | J10: Precio Unitario Estimado | K10: Cantidad Solicitada
A12: 1 | B12: ='Necesidades Trimestrales'!B10 -> 2.7.3-2941.3 | C12: ='Necesidades Trimestrales'!E10 -> CARTUCHOS DE ESCOPETA; CALIBRE: 12/70, PRESENTACION: CAJA X 25 | H12: SI | I12: ='Necesidades Trimestrales'!F10 -> UNIDAD | J12: ='Necesidades Trimestrales'!H10 -> 1970 | K12: ='Necesidades Trimestrales'!G10 -> 258
A13: Costo total estimado: son Pesos QUINIENTOS OCHO MIL DOCIENTOS SESENTA CON 00/100.- | J13: =SUMPRODUCT(J12:J12,K12:K12) -> 508260

Sheet Autor_Gastar
A1: EJERCICIO: | D1: ='Necesidades Trimestrales'!C6 -> 2021 | P1: AUTORIZACION PARA GASTAR
A4: JURISDICCIÓN: | G4: =' NotaPedido'!D3 -> 90 - Ministerio de Seguridad
A5: SAF: | G5: =' NotaPedido'!D4 -> 7 - Direccion Provincial de Administracion de la Policia de Catamarca
A6: UNIDAD EJECUTORA: | G6: =' NotaPedido'!D5 -> Policia de la Provincia de Catamarca
A7: DEPENDENCIA SOLICITANTE: | G7: =' NotaPedido'!D6 -> División Armamento y Municiones, Dpto. Logística (D-4)
A8: AUTORIZACIÓN:
A9: Señor Jefe de Servicio Administrativo Financiero:
A10: ="Autorizo la realización de los trámites correspondientes, a fin de proveer a este Organismo los bienes y/o servicios que se detallan en Nota de Pedido N° " & ' NotaPedido'!K1&", afectando la erogación resultante a los créditos presupuestarios aprobados a favor de esta Unidad Ejecutora, conforme al siguiente detalle:" -> Autorizo la realización de los trámites correspondientes, a fin de proveer a este Organismo los bienes y/o servicios que se detallan en Nota de Pedido N° 07/2021, afectando la erogación resultante a los créditos presupuestarios aprobados a favor de esta Unidad Ejecutora, conforme al siguiente detalle:
A12: IMPUTACIÓN PRESUPUESTARIA
A13: CÓDIGO | O13: DENOMINACIÓN DE LA PARTIDA PRESUPUESTARIA | Q13: IMPORTE
A14: PR | B14: SB | C14: PY | D14: AC | E14: OB | F14: UG | G14: FIN | H14: FUN | I14: I | J14: P | K14: P | L14: SubP | M14: M | N14: FF
A15: 16 | B15: 0 | C15: 0 | D15: 1 | E15: 0 | F15: 10 | G15: 2 | H15: 1 | I15: 2 | J15: 7 | K15: 3 | L15: 0 | M15: 1 | N15: 1.1 | O15: MATERIAL DE GUERRA | Q15: 296690
A16: 16 | B16: 0 | C16: 0 | D16: 7 | E16: 0 | F16: 10 | G16: 2 | H16: 1 | I16: 2 | J16: 7 | K16: 3 | L16: 0 | M16: 1 | N16: 1.1 | O16: MATERIAL DE GUERRA | Q16: 130303
A17: 16 | B17: 0 | C17: 0 | D17: 9 | E17: 0 | F17: 7001 | G17: 2 | H17: 1 | I17: 2 | J17: 7 | K17: 3 | L17: 0 | M17: 1 | N17: 1.1 | O17: MATERIAL DE GUERRA | Q17: 11867
A18: 16 | B18: 0 | C18: 0 | D18: 10 | E18: 0 | F18: 3501 | G18: 2 | H18: 1 | I18: 2 | J18: 7 | K18: 3 | L18: 0 | M18: 1 | N18: 1.1 | O18: MATERIAL DE GUERRA | Q18: 9234
A19: 16 | B19: 0 | C19: 0 | D19: 11 | E19: 0 | F19: 2101 | G19: 2 | H19: 1 | I19: 2 | J19: 7 | K19: 3 | L19: 0 | M19: 1 | N19: 1.1 | O19: MATERIAL DE GUERRA | Q19: 11867
A20: 16 | B20: 0 | C20: 0 | D20: 12 | E20: 0 | F20: 10501 | G20: 2 | H20: 1 | I20: 2 | J20: 7 | K20: 3 | L20: 0 | M20: 1 | N20: 1.1 | O20: MATERIAL DE GUERRA | Q20: 11867
A21: 16 | B21: 0 | C21: 0 | D21: 13 | E21: 0 | F21: 5601 | G21: 2 | H21: 1 | I21: 2 | J21: 7 | K21: 3 | L21: 0 | M21: 1 | N21: 1.1 | O21: MATERIAL DE GUERRA | Q21: 11867
A22: 16 | B22: 0 | C22: 0 | D22: 14 | E22: 0 | F22: 9101 | G22: 2 | H22: 1 | I22: 2 | J22: 7 | K22: 3 | L22: 0 | M22: 1 | N22: 1.1 | O22: MATERIAL DE GUERRA | Q22: 9234
A23: 16 | B23: 0 | C23: 0 | D23: 15 | E23: 0 | F23: 8401 | G23: 2 | H23: 1 | I23: =LEFT('[1]Necesidades Trimestrales'!D10,1) -> 2 | J23: =MID('[1]Necesidades Trimestrales'!D10,3,1) -> 7 | K23: =RIGHT('[1]Necesidades Trimestrales'!D10,1) -> 3 | L23: 0 | M23: 1 | N23: 1.1 | O23: MATERIAL DE GUERRA | Q23: 15331
A24: TOTAL DE PESOS: QUINIENTOS OCHO MIL DOCIENTOS SESENTA CON 00/100.- | Q24: =SUM(Q15:Q23) -> 508260
A26: JUSTIFICACIÓN:
A27: Para la adquisición de municiones destinadas a las dependencias policiales.-
