Workbook

Sheet Necesidades Trimestrales
B2: Pedido de Necesidades Trimestrales
A4: JURISDICCION: | C4: 12 -Ministerio de Trabajo y Recursos Humanos
A5: SAF N°: | C5: 22 - Secretaria de Administracion del Ministerio de Trabajo y Recursos Humanos
A6: EJERCICIO: | C6: 2021
A7: TRIMESTRE: | C7: 2
A9: ID | B9: CODIGO ITEM | C9: RUBRO DE COMPRA | D9: I.P.P. | E9: DESCRIPCION | F9: UNIDAD DE MEDIDA | G9: CANTIDAD | H9: PRECIO UNITARIO ESTIMADO | I9: IMPORTE TOTAL ESTIMADO
A10: 1 | B10: 2.5.6-797.39 | C10: COMBUSTIBLES Y LUBRICANTES | D10: 2.5.6 | E10: NAFTA SUPER; TIPO: SUPER, OCTANO: 95, PRESENTACION: POR LITRO, DESTINO: DPTO. S.F.V. DE CATAMARCA | F10: LITRO | G10: 1500 | H10: 81.7 | I10: 122550
A11: 2 | B11: 2.5.6-793.31 | C11: COMBUSTIBLES Y LUBRICANTES | D11: 2.5.6 | E11: GAS OIL; PRESENTACION: POR LITRO, USO: MOTORES DIESEL, COMERCIALIZACION: GRADO 3, DESTINO: DPTO. S.F.V. DE CATAMARCA | F11: LITROS | G11: 3420 | H11: 90.9 | I11: 310878
A12: COSTO TOTAL ESTIMADO: SON PESOS CUATROCIENTOS TREINTA Y TRES MIL CUATROCIENTOS VEINTIOCHO CON 00/100 | I12: 433428
B14: Item N° : 01
B16: Plazos y lugares de entrega
C17: a) FORMA DE LA ENTREGA ENTREGA en VALES, según pliego, en la Secretaria de Administracion - Pabellón Nº 20 Ministerio de Trabajo y Recursos Humanos (CAPE), sito en Av. Presidente Castillo y Av. Venezuela - Capital - De 08 a 12 horas. El COMBUSTIBLE en la boca de expendio. b) PLAZO DE ENTREGA: El Oferente deberá establecer plazo de entrega de los elementos cotizados, debiendo ser expresado en días hábiles; que no podrá ser superior a tres 3 días hábiles contados a partir de la recepción de la comunicación prevista en el Artículo 80° de del Reglamento Parcial N° 2 de la ley 4938.
B18: Calidad Minima esperada
C19: Que Cumpla con lo Solicitado de Forma Integra.
B20: Mantenimiento
C21: 30 (treinta) días
B22: Garantia

Sheet  NotaPedido
A1: NOTA DE PEDIDO | J1: N° | K1: 005/2021
A3: JURISDICCIÓN: | D3: ='Necesidades Trimestrales'!C4 -> 12 -Ministerio de Trabajo y Recursos Humanos
A4: SAF: | D4: ='Necesidades Trimestrales'!C5 -> 22 - Secretaria de Administracion del Ministerio de Trabajo y Recursos Humanos
A5: UNIDAD EJECUTORA: | D5: Secretaria de Administración
A6: DEPENDENCIA SOLICITANTE: | D6: Secretaria de Administración
A7: PERIODO UTILIZACIÓN: | D7: ='Necesidades Trimestrales'!C7 & "° Trimestre - Año " & 'Necesidades Trimestrales'!C6 -> 2° Trimestre - Año 2021
A8: OBJETO: | D8: Adquisición de combustible para el parque automotor de este Ministerio.
A10: Ítem | B10: Código Ítem | C10: DESCRIPCIÓN | H10: Adjunta Detalle Técnico | I10: Unidad Medida | J10: Precio Unitario Estimado | K10: Cantidad Solicitada
A12: ='Necesidades Trimestrales'!A10 -> 1 | B12: ='Necesidades Trimestrales'!B10 -> 2.5.6-797.39 | C12: ='Necesidades Trimestrales'!E10 -> NAFTA SUPER; TIPO: SUPER, OCTANO: 95, PRESENTACION: POR LITRO, DESTINO: DPTO. S.F.V. DE CATAMARCA | H12: SI | I12: ='Necesidades Trimestrales'!F10 -> LITRO | J12: ='Necesidades Trimestrales'!H10 -> 81.7 | K12: ='Necesidades Trimestrales'!G10 -> 1500
A13: ='Necesidades Trimestrales'!A11 -> 2 | B13: ='Necesidades Trimestrales'!B11 -> 2.5.6-793.31 | C13: ='Necesidades Trimestrales'!E11 -> GAS OIL; PRESENTACION: POR LITRO, USO: MOTORES DIESEL, COMERCIALIZACION: GRADO 3, DESTINO: DPTO. S.F.V. DE CATAMARCA | H13: SI | I13: ='Necesidades Trimestrales'!F11 -> LITROS | J13: ='Necesidades Trimestrales'!H11 -> 90.9 | K13: ='Necesidades Trimestrales'!G11 -> 3420
A14: =+'Necesidades Trimestrales'!A12:H12 -> COSTO TOTAL ESTIMADO: SON PESOS CUATROCIENTOS TREINTA Y TRES MIL CUATROCIENTOS VEINTIOCHO CON 00/100 | J14: =SUMPRODUCT(J12:J13,K12:K13) -> 433428

Sheet Autor Gastar
A1: EJERCICIO: | D1: ='Necesidades Trimestrales'!C6 -> 2021 | P1: AUTORIZACION PARA GASTAR
A4: JURISDICCIÓN: | G4: =' NotaPedido'!D3 -> 12 -Ministerio de Trabajo y Recursos Humanos
A5: SAF: | G5: =' NotaPedido'!D4 -> 22 - Secretaria de Administracion del Ministerio de Trabajo y Recursos Humanos
A6: UNIDAD EJECUTORA: | G6: Ministerio de Trabajo y Reursos Humanos
A7: DEPENDENCIA SOLICITANTE: | G7: =' NotaPedido'!D6 -> Secretaria de Administración
A8: AUTORIZACIÓN:
A9: Señor Jefe de Servicio Administrativo Financiero:
A10: ="Autorizo la realización de los trámites correspondientes, a fin de proveer a este Organismo los bienes y/o servicios que se detallan en Nota de Pedido N° " & ' NotaPedido'!K1&", afectando la erogación resultante a los créditos presupuestarios aprobados a favor de esta Unidad Ejecutora, conforme al siguiente detalle:" -> Autorizo la realización de los trámites correspondientes, a fin de proveer a este Organismo los bienes y/o servicios que se detallan en Nota de Pedido N° 005/2021, afectando la erogación resultante a los créditos presupuestarios aprobados a favor de esta Unidad Ejecutora, conforme al siguiente detalle:
A12: IMPUTACIÓN PRESUPUESTARIA
A13: CÓDIGO | O13: DENOMINACIÓN DE LA PARTIDA PRESUPUESTARIA | Q13: IMPORTE
A14: PR | B14: SB | C14: PY | D14: AC | E14: OB | F14: UG | G14: FIN | H14: FUN | I14: I | J14: P | K14: P | L14: SubP | M14: M | N14: FF
A15: 2 | B15: 0 | C15: 0 | D15: 1 | E15: 0 | F15: 4901 | G15: 3 | H15: 6 | I15: 2 | J15: 5 | K15: 6 | L15: 0 | M15: 1 | N15: 1.1 | O15: COMBUSTIBLES Y LUBRICANTES | Q15: 253428
A16: 3 | B16: 0 | C16: 0 | D16: 1 | E16: 0 | F16: 4901 | G16: 1 | H16: 3 | I16: 2 | J16: 5 | K16: 6 | L16: 0 | M16: 1 | N16: 1.1 | O16: COMBUSTIBLES Y LUBRICANTES | Q16: 50000
A17: 4 | B17: 0 | C17: 0 | D17: 1 | E17: 0 | F17: 4901 | G17: 3 | H17: 4 | I17: 2 | J17: 5 | K17: 6 | L17: 0 | M17: 1 | N17: 1.1 | O17: COMBUSTIBLES Y LUBRICANTES | Q17: 10000
A18: 5 | B18: 0 | C18: 0 | D18: 1 | E18: 0 | F18: 4901 | G18: 3 | H18: 6 | I18: 2 | J18: 5 | K18: 6 | L18: 0 | M18: 1 | N18: 1.1 | O18: COMBUSTIBLES Y LUBRICANTES | Q18: 30000
A19: 6 | B19: 0 | C19: 0 | D19: 2 | E19: 0 | F19: 4901 | G19: 1 | H19: 3 | I19: 2 | J19: 5 | K19: 6 | L19: 0 | M19: 1 | N19: 1.1 | O19: COMBUSTIBLES Y LUBRICANTES | Q19: 50000
A20: 7 | B20: 0 | C20: 0 | D20: 1 | E20: 0 | F20: 4901 | G20: 1 | H20: 3 | I20: 2 | J20: 5 | K20: 6 | L20: 0 | M20: 1 | N20: 1.1 | O20: COMBUSTIBLES Y LUBRICANTES | Q20: 30000
A21: 8 | B21: 0 | C21: 0 | D21: 1 | E21: 0 | F21: 4901 | G21: 3 | H21: 6 | I21: 2 | J21: 5 | K21: 6 | L21: 0 | M21: 1 | N21: 1.1 | O21: COMBUSTIBLES Y LUBRICANTES | Q21: 10000
A22: =+' NotaPedido'!A14:I14 -> COSTO TOTAL ESTIMADO: SON PESOS CUATROCIENTOS TREINTA Y TRES MIL CUATROCIENTOS VEINTIOCHO CON 00/100 | Q22: =SUM(Q15:Q21) -> 433428
A24: JUSTIFICACIÓN:
A25: =' NotaPedido'!D8 -> Adquisición de combustible para el parque automotor de este Ministerio.

Sheet PARQUE AUTOMOTOR
A1: PARQUE AUTOMOTOR - MINISTERIO DE TRABAJO Y RECURSOS HUMANOS
A2: ITEMNº | B2: VEHÍCULO | C2: DOMINIO | D2: MARCA | E2: MOTOR | F2: CHASIS | G2: G N C | H2: MODELO
A3: 1 | B3: CAMIONETA | C3: AD770MB | D3: TOYOTA HILUX 2.4D - 4x4 | E3: 2GD-4476742 | F3: 8AJDB8CD1K1400864 | G3: NO | H3: 2019
A4: 2 | B4: CAMIONETA | C4: AE215IO | D4: TOYOTA HILUX 2.4D - 4x2 | E4: 2GB-0700815 | F4: BAJCB3DD0L3900131 | G4: NO | H4: 2020
A5: 3 | B5: CAMIONETA | C5: NIK-381 | D5: TOYOTA HILUX 3.0 DTI - 4x2 | E5: 1KD-A302624 | F5: 8AJEZ32G7E1014114 | G5: NO | H5: 2013
A6: 4 | B6: CAMIONETA | C6: MBW-894 | D6: CHEVROLET S10 2.8 TDI 4x4 | E6: VLA007432 | F6: 9G148DH0CC402973 | G6: NO | H6: 2013
A7: 5 | B7: CAMIONETA | C7: NIK-372 | D7: TOYOTA HILUX 3.0 DTI - 4x2 | E7: 1KD-A276503 | F7: 8AJEB32G9E1013932 | G7: NO | H7: 2013
A8: 6 | B8: CAMIONETA | C8: IIL-806 | D8: CINTROEN BERLINGO 1.9 | E8: 10DXBE0058968 | F8: 8BCMFWJZFAG502519 | G8: NO | H8: 2009
A9: 7 | B9: CAMIONETA | C9: FEG-624 | D9: CHEVROLET S10 2.8 TDI 4x2 | E9: M1T231241 | F9: 9BG138AC05C439524 | G9: NO | H9: 2005
A10: 8 | B10: CAMIONETA | C10: JIY-081 | D10: CHEVROLET S10 2.8 TDI 4x2 | E10: M1A373734 | F10: 9BG138AJOBC417207 | G10: NO | H10: 2010
A11: 9 | B11: CAMIONETA | C11: LXO-037 | D11: FORD RANGER 2.2L 4x4 | E11: QW2PCJO53112 | F11: 8AFAR23J8CJ053112 | G11: NO | H11: 2013
A12: 10 | B12: CAMIONETA | C12: OBO-158 | D12: PEUGEOT PARTNER 1.6 HDI | E12: 10JBED0037046 | F12: 8ADEJ9HCF650B343 | G12: NO | H12: 2014
A13: 11 | B13: CAMIONETA | C13: OFJ-200 | D13: PEUGEOT PARTNER 1.6 HDI | E13: 10JBED0036144 | F13: 8AD6J9HJCF504939 | G13: NO | H13: 2014
A14: 12 | B14: CAMIONETA | C14: FEC-331 | D14: CHEVROLET BLAZER 2,8 DLX T | E14: M1T229703 | F14: 1BG116AC05C38143 | G14: NO | H14: 2005
A15: 13 | B15: AUTOMOVIL | C15: AB-498-RA | D15: TOYOTA ETIOS X 1.5 6M/T | E15: 2NR4114042 | F15: 9BRB29BTXJ2165115 | G15: NO | H15: 2018
