Workbook

Sheet SAF 011
A1: 2022
B2: Pedido de Necesidades Trimestrales
A4: JURISDICCION: | C4: 040 - MINISTERIO DE SALUD
A5: SAF N°: | C5: 011 - DIRECCION PROVINCIAL DE ADMINISTRACION - MINISTERIO DE SALUD
A6: EJERCICIO: | C6: 2022
A7: TRIMESTRE: | C7: PRIMERO
A9: ID | B9: CODIGO ITEM | C9: RUBRO DE COMPRA | D9: I.P.P. | E9: DESCRIPCION | F9: UNIDAD DE MEDIDA | G9: CANTIDAD TOTAL | H9: PRECIO UNITARIO ESTIMADO | I9: IMPORTE TOTAL ESTIMADO | J9: ESPECIFICACION TECNICA | L9: 295 | M9: 259
A10: 1 | C10: PRODUCTOS MEDICOS/FARMACEUTICOS/LAB. | D10: 295 | E10: AGUJA ESPINAL 18 G X 3-1/2 | F10: UNIDAD | G10: 50 | H10: 102 | I10: =+G10*H10 -> 5100 | L10: =+I10 -> 5100
A11: 2 | C11: PRODUCTOS MEDICOS/FARMACEUTICOS/LAB. | D11: 295 | E11: AGUJA ESPINAL 27G 3 1/2 PUNTA LAPIZ | F11: UNIDAD | G11: 50 | H11: 189 | I11: =+G11*H11 -> 9450 | L11: =+I11 -> 9450
A12: 3 | C12: PRODUCTOS MEDICOS/FARMACEUTICOS/LAB. | D12: 295 | E12: Aguja espinal para obesos 27 G punta lapiz | F12: UNIDAD | G12: 50 | H12: 1250 | I12: =+G12*H12 -> 62500 | L12: =+I12 -> 62500
A13: 4 | C13: PRODUCTOS MEDICOS/FARMACEUTICOS/LAB. | D13: 295 | E13: EQUIPO PARA DETERMINACION DE GLUCOSA | F13: UNIDAD | G13: 250 | H13: 3580 | I13: =+G13*H13 -> 895000 | L13: =+I13 -> 895000
A14: 5 | C14: PRODUCTOS MEDICOS/FARMACEUTICOS/LAB. | D14: 295 | E14: ESTETOSCOPIO ADULTO TIPO 3 M LITTMANN CLASIC | F14: UNIDAD | G14: 25 | H14: 15000 | I14: =+G14*H14 -> 375000 | L14: =+I14 -> 375000
A15: 6 | C15: PRODUCTOS MEDICOS/FARMACEUTICOS/LAB. | D15: 259 | E15: LIQUIDO FIJADOR PARA PROCESO AUTOMATICO 2 x 20 litros | F15: CAJA | G15: 100 | H15: 6460 | I15: =+G15*H15 -> 646000 | M15: =+I15 -> 646000
A16: 7 | C16: PRODUCTOS MEDICOS/FARMACEUTICOS/LAB. | D16: 259 | E16: LIQUIDO FIJADOR PARA PROCESO MANUAL 2 x 25 litros | F16: CAJA | G16: 60 | H16: 6671 | I16: =+G16*H16 -> 400260 | M16: =+I16 -> 400260
A17: 8 | C17: PRODUCTOS MEDICOS/FARMACEUTICOS/LAB. | D17: 259 | E17: LIQUIDO REVELADOR PARA PROCESO AUTOMATICO 2 x 20 litros | F17: CAJA | G17: 40 | H17: 9185 | I17: =+G17*H17 -> 367400 | M17: =+I17 -> 367400
A18: 9 | C18: PRODUCTOS MEDICOS/FARMACEUTICOS/LAB. | D18: 259 | E18: LIQUIDO REVELADOR PARA PROCESO MANUAL 2 x 25 litros | F18: CAJA | G18: 20 | H18: 8895 | I18: =+G18*H18 -> 177900 | M18: =+I18 -> 177900
A19: 10 | C19: PRODUCTOS MEDICOS/FARMACEUTICOS/LAB. | D19: 295 | E19: MAMELUCO LAMINADO TALLE XXL | F19: UNIDAD | G19: 50 | H19: 1580 | I19: =+G19*H19 -> 79000 | L19: =+I19 -> 79000
A20: 11 | C20: PRODUCTOS MEDICOS/FARMACEUTICOS/LAB. | D20: 295 | E20: MANGO P/HOJA DE BISTURI N°3 H10-15 | F20: UNIDAD | G20: 50 | H20: 375 | I20: =+G20*H20 -> 18750 | L20: =+I20 -> 18750
A21: 12 | C21: PRODUCTOS MEDICOS/FARMACEUTICOS/LAB. | D21: 259 | E21: PLACAS RADIOGRAFICAS 18 X 24 SENSIBLE AL VERDE X 100 UNIDADES | F21: CAJA | G21: 100 | H21: 4800 | I21: =+G21*H21 -> 480000 | M21: =+I21 -> 480000
A22: 13 | C22: PRODUCTOS MEDICOS/FARMACEUTICOS/LAB. | D22: 259 | E22: PLACAS RADIOGRAFICAS 24 X 30 SENSIBLE AL VERDE X 100 UNIDADES | F22: CAJA | G22: 80 | H22: 7945 | I22: =+G22*H22 -> 635600 | M22: =+I22 -> 635600
A23: 14 | C23: PRODUCTOS MEDICOS/FARMACEUTICOS/LAB. | D23: 259 | E23: PLACAS RADIOGRAFICAS 35 X 43 SENSIBLE AL VERDE X 100 UNIDADES | F23: CAJA | G23: 250 | H23: 16900 | I23: =+G23*H23 -> 4225000 | M23: =+I23 -> 4225000
A24: 15 | C24: PRODUCTOS MEDICOS/FARMACEUTICOS/LAB. | D24: 295 | E24: TENSIOMETRO ANAEROIDE +ESTETOSCOPIO ADULTO X 1 | F24: UNIDAD | G24: 50 | H24: 1540 | I24: =+G24*H24 -> 77000 | L24: =+I24 -> 77000
A25: 16 | C25: PRODUCTOS MEDICOS/FARMACEUTICOS/LAB. | D25: 295 | E25: TIRAS REACTIVAS PARA DETERMINACION GLUCOSA X 50 UNIDADES | F25: CAJA | G25: 2000 | H25: 2843.5 | I25: =+G25*H25 -> 5687000 | L25: =+I25 -> 5687000
E26: TOTAL RUBRO INSUMO COMPLEJO | I26: =SUM(I10:I25) -> 14140960 | L26: =SUM(L10:L25) -> 7208800 | M26: =SUM(M10:M25) -> 6932160 | N26: =SUM(L26:M26) -> 14140960
C28: DETALLE TECNICO Y ESPECIFICACIONES | D28: ANEXO 1-Para oferentes de la Provincia de Catamarca deberán presentar Habilitación Provincial para comercializar el producto que cotizan. 2-Para el resto de oferentes deberán presentar Certificado de Inscripción de ANMAT vigente al momento de la oferta, el mismo deberá ser correspondiente al objeto de la contratación y de encontrarse vencido adjuntar la solicitud de renovación. 3-No se aceptarán ofertas de productos no registrados y autorizada su venta por ANMAT. Se deberá especificar en cada ítem de la propuesta, marca y número de certificado otorgado por dicho ente regulador. 4-Los productos deberán tener un vencimiento posterior a doce (12) meses a partir de la fecha de su recepción.
C30: Plazos de entrega | D30: veinte (20) dias habiles
C32: Lugar de Entrega: | D32: DIR. PROV. DE FARMACIA E INSUMOS - CHACABUCO N° 169 - en el horario de 8:00hs a 12:00hs de lunes a viernes
C34: Calidad Minima esperada
C36: Mantenimiento | D36: cuarenta y cinco (45) días

Sheet NP
A1: NOTA DE PEDIDO | J1: N° | K1: 08/2022
A3: JURISDICCIÓN: | D3: ='SAF 011'!C4 -> 040 - MINISTERIO DE SALUD
A4: SAF: | D4: ='SAF 011'!C5 -> 011 - DIRECCION PROVINCIAL DE ADMINISTRACION - MINISTERIO DE SALUD
A5: UNIDAD EJECUTORA: | D5: DIRECCION PROVINCIAL DE FARMACIA E INSUMOS
A6: DEPENDENCIA SOLICITANTE: | D6: DIRECCION PROVINCIAL DE FARMACIA E INSUMOS
A7: PERIODO UTILIZACIÓN: | D7: 1° TRIMESTRE 2022
A8: OBJETO: | D8: ADQUISICION DEL RUBRO INSUMO COMPLEJO
A10: Ítem | B10: Codigo Item | C10: DESCRIPCIÓN | H10: Adjunta Detalle Técnico | I10: Unidad Medida | J10: Precio Unitario Estimado | K10: Cantidad Solicitada
A12: 1 | C12: ='SAF 011'!E10 -> AGUJA ESPINAL 18 G X 3-1/2 | H12: SI | I12: ='SAF 011'!F10 -> UNIDAD | J12: ='SAF 011'!H10 -> 102 | K12: ='SAF 011'!#REF! -> #REF! | M12: =+J12*K12 -> #REF!
A13: 2 | C13: ='SAF 011'!E11 -> AGUJA ESPINAL 27G 3 1/2 PUNTA LAPIZ | H13: SI | I13: ='SAF 011'!F11 -> UNIDAD | J13: ='SAF 011'!H11 -> 189 | K13: ='SAF 011'!#REF! -> #REF! | M13: =+J13*K13 -> #REF!
A14: 3 | C14: ='SAF 011'!E12 -> Aguja espinal para obesos 27 G punta lapiz | H14: SI | I14: ='SAF 011'!F12 -> UNIDAD | J14: ='SAF 011'!H12 -> 1250 | K14: ='SAF 011'!#REF! -> #REF! | M14: =+J14*K14 -> #REF!
A15: 4 | C15: ='SAF 011'!E13 -> EQUIPO PARA DETERMINACION DE GLUCOSA | H15: SI | I15: ='SAF 011'!F13 -> UNIDAD | J15: ='SAF 011'!H13 -> 3580 | K15: ='SAF 011'!#REF! -> #REF! | M15: =+J15*K15 -> #REF!
A16: 5 | C16: ='SAF 011'!E14 -> ESTETOSCOPIO ADULTO TIPO 3 M LITTMANN CLASIC | H16: SI | I16: ='SAF 011'!F14 -> UNIDAD | J16: ='SAF 011'!H14 -> 15000 | K16: ='SAF 011'!#REF! -> #REF! | M16: =+J16*K16 -> #REF!
A17: 6 | C17: ='SAF 011'!E15 -> LIQUIDO FIJADOR PARA PROCESO AUTOMATICO 2 x 20 litros | H17: SI | I17: ='SAF 011'!F15 -> CAJA | J17: ='SAF 011'!H15 -> 6460 | K17: ='SAF 011'!#REF! -> #REF! | M17: =+J17*K17 -> #REF!
A18: 7 | C18: ='SAF 011'!E16 -> LIQUIDO FIJADOR PARA PROCESO MANUAL 2 x 25 litros | H18: SI | I18: ='SAF 011'!F16 -> CAJA | J18: ='SAF 011'!H16 -> 6671 | K18: ='SAF 011'!#REF! -> #REF! | M18: =+J18*K18 -> #REF!
A19: 8 | C19: ='SAF 011'!E17 -> LIQUIDO REVELADOR PARA PROCESO AUTOMATICO 2 x 20 litros | H19: SI | I19: ='SAF 011'!F17 -> CAJA | J19: ='SAF 011'!H17 -> 9185 | K19: ='SAF 011'!#REF! -> #REF! | M19: =+J19*K19 -> #REF!
A20: 9 | C20: ='SAF 011'!E18 -> LIQUIDO REVELADOR PARA PROCESO MANUAL 2 x 25 litros | H20: SI | I20: ='SAF 011'!F18 -> CAJA | J20: ='SAF 011'!H18 -> 8895 | K20: ='SAF 011'!#REF! -> #REF! | M20: =+J20*K20 -> #REF!
A21: 10 | C21: ='SAF 011'!E19 -> MAMELUCO LAMINADO TALLE XXL | H21: SI | I21: ='SAF 011'!F19 -> UNIDAD | J21: ='SAF 011'!H19 -> 1580 | K21: ='SAF 011'!#REF! -> #REF! | M21: =+J21*K21 -> #REF!
A22: 11 | C22: ='SAF 011'!E20 -> MANGO P/HOJA DE BISTURI N°3 H10-15 | H22: SI | I22: ='SAF 011'!F20 -> UNIDAD | J22: ='SAF 011'!H20 -> 375 | K22: ='SAF 011'!#REF! -> #REF! | M22: =+J22*K22 -> #REF!
A23: 12 | C23: ='SAF 011'!E21 -> PLACAS RADIOGRAFICAS 18 X 24 SENSIBLE AL VERDE X 100 UNIDADES | H23: SI | I23: ='SAF 011'!F21 -> CAJA | J23: ='SAF 011'!H21 -> 4800 | K23: ='SAF 011'!#REF! -> #REF! | M23: =+J23*K23 -> #REF!
... A27: 16 | C27: ='SAF 011'!E25 -> TIRAS REACTIVAS PARA DETERMINACION GLUCOSA X 50 UNIDADES | H27: SI | I27: ='SAF 011'!F25 -> CAJA | J27: ='SAF 011'!H25 -> 2843.5 | K27: ='SAF 011'!#REF! -> #REF! | M27: =+J27*K27 -> #REF!
A29: Costo total estimado: CATORCE MILLONES CIENTO CUARENTA MIL NOVECIENTOS SESENTA CON 00/100.- | J29: =+M29 -> #REF! | M29: =SUM(M12:M28) -> #REF!

Sheet APG
A1: EJERCICIO: | D1: 2022 | P1: AUTORIZACION PARA GASTAR
A4: JURISDICCIÓN: | G4: =NP!D3 -> 040 - MINISTERIO DE SALUD
A5: SAF: | G5: =NP!D4 -> 011 - DIRECCION PROVINCIAL DE ADMINISTRACION - MINISTERIO DE SALUD
A6: UNIDAD EJECUTORA: | G6: =NP!D5 -> DIRECCION PROVINCIAL DE FARMACIA E INSUMOS
A7: DEPENDENCIA SOLICITANTE: | G7: =NP!D6 -> DIRECCION PROVINCIAL DE FARMACIA E INSUMOS
A8: AUTORIZACIÓN:
A9: Señor Director de Administración o Titular del Servicio Administrativo Financiero:
A10: Autorizo la realización de los trámites correspondientes, a fin de proveer a este Organismo los bienes que se detallan en Nota de Pedido N° 08/2022 afectando la erogación resultante a los créditos presupuestarios aprobados a favor de esta Unidad Ejecutora, conforme al siguiente detalle:
A12: IMPUTACIÓN PRESUPUESTARIA
A13: CÓDIGO | O13: DENOMINACIÓN DE LA PARTIDA PRESUPUESTARIA | Q13: IMPORTE
A14: PR | B14: SB | C14: PY | D14: AC | E14: OB | F14: UG | G14: FIN | H14: FUN | I14: I | J14: P | K14: P | L14: SubP | M14: M | N14: FF
A15: 30 | D15: 1 | F15: 4901 | G15: 3 | H15: 1 | I15: 2 | J15: 5 | K15: 9 | M15: 1 | N15: 1.1 | O15: OTROS N.E.P. | Q15: ='SAF 011'!M26 -> 6932160
A16: 30 | D16: 1 | F16: 4901 | G16: 3 | H16: 1 | I16: 2 | J16: 9 | K16: 5 | M16: 1 | N16: 1.1 | O16: UTILES MENORES MEDICOS, QUIRURGICOS Y DE LABORATORIO | Q16: ='SAF 011'!L26 -> 7208800
A37: TOTAL DE PESOS: CATORCE MILLONES CIENTO CUARENTA MIL NOVECIENTOS SESENTA CON 00/100.- | Q37: =SUM(Q15:Q36) -> 14140960
A39: JUSTIFICACIÓN:
A40: =NP!D8 -> ADQUISICION DEL RUBRO INSUMO COMPLEJO
