Workbook

Sheet Necesidades Trimestrales
B2: Pedido de Necesidades Trimestrales
A4: JURISDICCION: | C4: 65 - Ministerio de Agua, Energia y Medio Ambiente
A5: SAF N°: | C5: 31 - Secretaria de Energia
A6: EJERCICIO: | C6: 2020
A7: TRIMESTRE: | C7: 4
A9: ID | B9: CODIGO ITEM | C9: RUBRO DE COMPRA | D9: I.P.P. | E9: DESCRIPCION | F9: UNIDAD DE MEDIDA | G9: CANTIDAD | H9: PRECIO UNITARIO ESTIMADO | I9: IMPORTE TOTAL ESTIMADO
A10: 1 | B10: 2.6.4-3176.56 | C10: MATERIALES DE CONSTRUCCION | D10: =LEFT(B10,5) -> 2.6.4 | E10: POSTE DE HORMIGON | F10: PZA | G10: 13 | H10: 33115.11 | I10: =G10*H10 -> 430496.43
A11: 2 | B11: 2.6.4-3176.56 | C11: MATERIALES DE CONSTRUCCION | D11: =LEFT(B11,5) -> 2.6.4 | E11: POSTE DE HORMIGON | F11: PZA | G11: 13 | H11: 56782.71 | I11: =G11*H11 -> 738175.23
A12: 3 | B12: 2.6.4-2905.12 | C12: MATERIALES DE CONSTRUCCION | D12: =LEFT(B12,5) -> 2.6.4 | E12: CRUCETAS DE HORMIGON | F12: PZA | G12: 13 | H12: 9280.62 | I12: =G12*H12 -> 120648.06
A13: 4 | D13: =LEFT(B13,5)
A14: 5 | D14: =LEFT(B14,5)
A15: 6 | D15: =LEFT(B15,5)
A16: 7 | D16: =LEFT(B16,5)
A17: 8 | D17: =LEFT(B17,5)
A18: 9 | D18: =LEFT(B18,5)
A19: 10 | D19: =LEFT(B19,5)
A20: 13 | D20: =LEFT(B20,5)
A21: 14 | D21: =LEFT(B21,5)
A22: 15 | D22: =LEFT(B22,5)
A23: 16 | D23: =LEFT(B23,5)
A24: 17 | D24: =LEFT(B24,5)
... A222: 215 | D222: =LEFT(B222,5)
B225: Especificidades Item N° 1:
B227: Descripción técnica
C228: ESPECIFICACIONES TECNICAS POSTES DE HORMIGON ARMADO PRODUCTO: POSTES DE HORMIGON; LARGO: 7,50 Mts, ROTURA: 2400 ACCESORIOS: SIN CODIFICACION DE MERCADO: Po 7,50 Ro 2400 Los postes cumplirán con las condiciones establecidas, cuando se ensayen, según corresponda de acuerdo con las normas IRAM 1605
B229: Plazos y lugares de entrega
C231: Se efectuaran una (1) entregas, la entrega debe efectuarse dentro de los cinco (30) dias de recibida la orden de compra. Detalle de entrega: Una (1) entrega de 13 Unidades o Plazas en el deposito de la Secretaria de Energia sito en Av. Venezuela S/Nº predio CAPE- San Fdo. del V. de Catamarca. Asi mismo el proveedor debera presentar Remito para conformidad de recepcion provisoria y su posterior recepcion definitiva.
B234: Especificidades Item N° 2:
B236: Descripción técnica
C237: ESPECIFICACIONES TECNICAS POSTES DE HORMIGON ARMADO PRODUCTO: POSTES DE HORMIGON; LARGO:12,00 Mts, ROTURA: 2400 ACCESORIOS: SIN CODIFICACION DE MERCADO: Po 12,00 Ro 2400 Los postes cumplirán con las condiciones establecidas, cuando se ensayen, según corresponda de acuerdo con las normas IRAM 1605
B238: Plazos y lugares de entrega
C240: Se efectuaran una (1) entregas, la entrega debe efectuarse dentro de los cinco (30) dias de recibida la orden de compra. Detalle de entrega: Una (1) entrega de 13 Unidades o Plazas en el deposito de la Secretaria de Energia sito en Av. Venezuela S/Nº predio CAPE- San Fdo. del V. de Catamarca. Asi mismo el proveedor debera presentar Remito para conformidad de recepcion provisoria y su posterior recepcion definitiva.
B246: Especificidades Item N° 3:
B248: Descripción técnica
C249: ESPECIFICACIONES TECNICAS CRUCETAS DE HORMIGON ARMADO PRODUCTO: CRUCETAS DE HORMIGON; LARGO: 2,00M, CENTRAL, ACCESORIO: SIN CODIFICACION DE MERCADO: Crucetas MN 157 2,00 C/G Las Crucetas cumplirán con las condiciones establecidas, cuando se ensayen, según corresponda de acuerdo con las normas IRAM 1605
B250: Plazos y lugares de entrega
C252: Se efectuaran una (1) entregas, la entrega debe efectuarse dentro de los cinco (30) dias de recibida la orden de compra. Detalle de entrega: Una (1) entrega de 13 Unidades o Plazas en el deposito de la Secretaria de Energia sito en Av. Venezuela S/Nº predio CAPE- San Fdo. del V. de Catamarca. Asi mismo el proveedor debera presentar Remito para conformidad de recepcion provisoria y su posterior recepcion definitiva.

Sheet  NotaPedido
A1: NOTA DE PEDIDO | J1: N° | K1: 185/2020
A3: JURISDICCIÓN: | D3: ='Necesidades Trimestrales'!C4 -> 65 - Ministerio de Agua, Energia y Medio Ambiente
A4: SAF: | D4: ='Necesidades Trimestrales'!C5 -> 31 - Secretaria de Energia
A5: UNIDAD EJECUTORA: | D5: Secretaria de Energía - Direccion de Estudio y Proyectos de Obra
A6: DEPENDENCIA SOLICITANTE: | D6: Secretaria de Energía - Direccion de Estudio y Proyectos de Obra
A7: PERIODO UTILIZACIÓN: | D7: ='Necesidades Trimestrales'!C7 & "° Trimestre - Año " & 'Necesidades Trimestrales'!C6 -> 4° Trimestre - Año 2020
A8: OBJETO: | D8: Adquisición de columnas y crucetas de H° A° para diferentes obras de la Secretaria de Energía - MAEMA
A10: Ítem | B10: Codigo Item | C10: DESCRIPCIÓN | H10: Adjunta Detalle Técnico | I10: Unidad Medida | J10: Precio Unitario Estimado | K10: Cantidad Solicitada
A12: 1 | B12: ='Necesidades Trimestrales'!B10 -> 2.6.4-3176.56 | C12: ='Necesidades Trimestrales'!E10 -> POSTE DE HORMIGON | H12: SI | I12: ='Necesidades Trimestrales'!F10 -> PZA | J12: ='Necesidades Trimestrales'!H10 -> 33115.11 | K12: ='Necesidades Trimestrales'!G10 -> 13
A13: 2 | B13: ='Necesidades Trimestrales'!B11 -> 2.6.4-3176.56 | C13: ='Necesidades Trimestrales'!E11 -> POSTE DE HORMIGON | H13: SI | I13: ='Necesidades Trimestrales'!F11 -> PZA | J13: ='Necesidades Trimestrales'!H11 -> 56782.71 | K13: ='Necesidades Trimestrales'!G11 -> 13
A14: 3 | B14: ='Necesidades Trimestrales'!B12 -> 2.6.4-2905.12 | C14: ='Necesidades Trimestrales'!E12 -> CRUCETAS DE HORMIGON | H14: SI | I14: ='Necesidades Trimestrales'!F12 -> PZA | J14: ='Necesidades Trimestrales'!H12 -> 9280.62 | K14: ='Necesidades Trimestrales'!G12 -> 13
A15: 4
A16: 5
A17: 6 | B17: ='Necesidades Trimestrales'!B15 -> 0 | C17: ='Necesidades Trimestrales'!E15 -> 0 | H17: NO | I17: ='Necesidades Trimestrales'!F15 -> 0 | K17: ='Necesidades Trimestrales'!G15 -> 0
A18: 7 | B18: ='Necesidades Trimestrales'!B16 -> 0 | C18: ='Necesidades Trimestrales'!E16 -> 0 | H18: NO | I18: ='Necesidades Trimestrales'!F16 -> 0 | K18: ='Necesidades Trimestrales'!G16 -> 0
A19: 8 | B19: ='Necesidades Trimestrales'!B17 -> 0 | C19: ='Necesidades Trimestrales'!E17 -> 0 | H19: NO | I19: ='Necesidades Trimestrales'!F17 -> 0 | K19: ='Necesidades Trimestrales'!G17 -> 0
A20: 9 | B20: ='Necesidades Trimestrales'!B18 -> 0 | C20: ='Necesidades Trimestrales'!E18 -> 0 | H20: NO | I20: ='Necesidades Trimestrales'!F18 -> 0 | K20: ='Necesidades Trimestrales'!G18 -> 0
A21: 10 | B21: ='Necesidades Trimestrales'!B19 -> 0 | C21: ='Necesidades Trimestrales'!E19 -> 0 | H21: NO | I21: ='Necesidades Trimestrales'!F19 -> 0 | K21: ='Necesidades Trimestrales'!G19 -> 0
A22: 11 | B22: ='Necesidades Trimestrales'!B20 -> 0 | C22: ='Necesidades Trimestrales'!E20 -> 0 | H22: NO | I22: ='Necesidades Trimestrales'!F20 -> 0 | K22: ='Necesidades Trimestrales'!G20 -> 0
A23: 12 | B23: ='Necesidades Trimestrales'!B21 -> 0 | C23: ='Necesidades Trimestrales'!E21 -> 0 | H23: NO | I23: ='Necesidades Trimestrales'!F21 -> 0 | K23: ='Necesidades Trimestrales'!G21 -> 0
A24: 13 | B24: ='Necesidades Trimestrales'!B22 -> 0 | C24: ='Necesidades Trimestrales'!E22 -> 0 | H24: NO | I24: ='Necesidades Trimestrales'!F22 -> 0 | K24: ='Necesidades Trimestrales'!G22 -> 0
A25: 14 | B25: ='Necesidades Trimestrales'!B23 -> 0 | C25: ='Necesidades Trimestrales'!E23 -> 0 | H25: NO | I25: ='Necesidades Trimestrales'!F23 -> 0 | K25: ='Necesidades Trimestrales'!G23 -> 0
A26: 15 | B26: ='Necesidades Trimestrales'!B24 -> 0 | C26: ='Necesidades Trimestrales'!E24 -> 0 | H26: NO | I26: ='Necesidades Trimestrales'!F24 -> 0 | K26: ='Necesidades Trimestrales'!G24 -> 0
A27: 16 | B27: ='Necesidades Trimestrales'!B25 -> 0 | C27: ='Necesidades Trimestrales'!E25 -> 0 | H27: NO | I27: ='Necesidades Trimestrales'!F25 -> 0 | K27: ='Necesidades Trimestrales'!G25 -> 0
A28: 17 | B28: ='Necesidades Trimestrales'!B26 -> 0 | C28: ='Necesidades Trimestrales'!E26 -> 0 | H28: NO | I28: ='Necesidades Trimestrales'!F26 -> 0 | K28: ='Necesidades Trimestrales'!G26 -> 0
... A124: 113 | B124: ='Necesidades Trimestrales'!B122 -> 0 | C124: ='Necesidades Trimestrales'!E122 -> 0 | H124: NO | I124: ='Necesidades Trimestrales'!F122 -> 0 | K124: ='Necesidades Trimestrales'!G122 -> 0
A125: Costo total estimado: | J125: =SUMPRODUCT(J12:J124,K12:K124) -> 1289319.7

Sheet Autor Gastar
A1: EJERCICIO: | D1: ='Necesidades Trimestrales'!C6 -> 2020 | P1: AUTORIZACION PARA GASTAR
A4: JURISDICCIÓN: | G4: =' NotaPedido'!D3 -> 65 - Ministerio de Agua, Energia y Medio Ambiente
A5: SAF: | G5: =' NotaPedido'!D4 -> 31 - Secretaria de Energia
A6: UNIDAD EJECUTORA: | G6: =' NotaPedido'!D5 -> Secretaria de Energía - Direccion de Estudio y Proyectos de Obra
A7: DEPENDENCIA SOLICITANTE: | G7: =' NotaPedido'!D6 -> Secretaria de Energía - Direccion de Estudio y Proyectos de Obra
A8: AUTORIZACIÓN:
A9: Señor Jefe de Servicio Administrativo Financiero:
A10: ="Autorizo la realización de los trámites correspondientes, a fin de proveer a este Organismo los bienes y/o servicios que se detallan en Nota de Pedido N° " & ' NotaPedido'!K1&", afectando la erogación resultante a los créditos presupuestarios aprobados a favor de esta Unidad Ejecutora, conforme al siguiente detalle:" -> Autorizo la realización de los trámites correspondientes, a fin de proveer a este Organismo los bienes y/o servicios que se detallan en Nota de Pedido N° 185/2020, afectando la erogación resultante a los créditos presupuestarios aprobados a favor de esta Unidad Ejecutora, conforme al siguiente detalle:
A12: IMPUTACIÓN PRESUPUESTARIA
A13: CÓDIGO | O13: DENOMINACIÓN DE LA PARTIDA PRESUPUESTARIA | Q13: IMPORTE
A14: PR | B14: SB | C14: PY | D14: AC | E14: OB | F14: UG | G14: FIN | H14: FUN | I14: I | J14: P | K14: P | L14: SubP | M14: M | N14: FF
A15: 2 | B15: 0 | C15: 0 | D15: 1 | E15: 0 | F15: 4901 | G15: 1 | H15: 4 | I15: =LEFT('Necesidades Trimestrales'!D10,1) -> 2 | J15: =MID('Necesidades Trimestrales'!D10,3,1) -> 6 | K15: =RIGHT('Necesidades Trimestrales'!D10,1) -> 4 | L15: 0 | M15: 1 | N15: 1.1 | O15: PRODUCTOS DE CEMENTO, CAL Y YESO | Q15: 700000
A16: 10 | B16: 0 | C16: 0 | D16: 1 | E16: 0 | F16: 4901 | G16: 1 | H16: 3 | I16: =LEFT('Necesidades Trimestrales'!D11,1) -> 2 | J16: =MID('Necesidades Trimestrales'!D11,3,1) -> 6 | K16: =RIGHT('Necesidades Trimestrales'!D11,1) -> 4 | L16: 0 | M16: 1 | N16: 1.1 | O16: PRODUCTOS DE CEMENTO, CAL Y YESO | Q16: 589319.72
A23: TOTAL DE PESOS: UN MILLON DOSCIENTOS OCHENTA Y NUEVE MIL TRECEIENTOS DIECINUEVE CON 72/100 | Q23: =SUM(Q15:Q22) -> 1289319.7
A25: JUSTIFICACIÓN:
A26: Para la Adquisición de columnas y crucetas de H° A° para diferentes obras de la Secretaria de Energía - MAEMA, con motivo de la implementación del Compr.Ar.
