Workbook

Sheet SAF 011
A1: 2022
B2: Pedido de Necesidades Trimestrales
A4: JURISDICCION: | C4: 040 - MINISTERIO DE SALUD
A5: SAF N°: | C5: 011 - DIRECCION PROVINCIAL DE ADMINISTRACION - MINISTERIO DE SALUD
A6: EJERCICIO: | C6: 2022
A7: TRIMESTRE: | C7: TERCERO
A9: ID | B9: CODIGO ITEM | C9: RUBRO DE COMPRA | D9: I.P.P. | E9: DESCRIPCION | F9: UNIDAD DE MEDIDA | G9: CANTIDAD TOTAL | H9: PRECIO UNITARIO ESTIMADO | I9: IMPORTE TOTAL ESTIMADO | J9: ESPECIFICACION TECNICA
A10: 1 | B10: 2.5.1-9018.8 | C10: QUIMICOS | D10: 251 | E10: GASES; COMPUESTO QUIMICO: OXIGENO, CALIDAD: MEDICINAL, PRESENTACION: TUBO X 6 M3 | F10: M3 | G10: 7740 | H10: 600 | I10: 4644000
E11: TOTAL DEL RUBRO OXIGENO MEDICINAL | I11: =+I10 -> 4644000
C14: DETALLE TECNICO Y ESPECIFICACIONES | D14: ANEXO ITEM 1
D15: OXIGENO EN FORMA LÍQUIDA: en recipientes cilíndricos del tipo criogénico. Las conexiones de salida de las válvulas deben garantizar su inviolabilidad.
D16: EXIGENCIAS GENERALES ROTULADO: el rotulo del envase de los gases medicinales deberá contar con los siguientes datos:
D17: ·cruz griega color verde que identifica a los gases medicinales
D18: ·nombre genérico del gas que contiene
D19: ·N.º de certificado otorgado por la autoridad sanitaria
D20: ·Composición
D21: ·Especificaciones técnicas (contenido y presión)
D22: ·Identificación de la empresa titular y del fabricante
D23: ·Numero de lote
D24: ·Nombre y matricula del director técnico
D25: ·Fechas de llenado y vencimiento
D26: ·Condiciones de almacenamiento
... D32: *SE ENTREGARAN FRACCIONADOS BAJO LA FORMA DE VALES DE 6 M3 DE OXIGENO LIQUIDO MEDICINAL CADA UNO (RECARGA DE CILINDRO)*
C34: Plazos de entrega | D34: diez (10) dias habiles
C36: Lugar de Entrega: | D36: -540 M3 EN LA DIR. PROV. DE SAME - CASEROS N° 864 - en el horario de 8:00hs a 12:00hs de lunes a viernes
D37: -7200 M3 EN LA DIR. PROV. DE ASISTENCIA SANITARIA NIVEL I Y II - CHACABUCO N° 169 - en el horario de 8:00hs a 12:00hs de lunes a viernes
C39: Calidad Minima esperada
C41: Mantenimiento | D41: cuarenta y cinco (45) días

Sheet NP SAME
A1: NOTA DE PEDIDO | J1: N° | K1: XX/2022
A3: JURISDICCIÓN: | D3: ='SAF 011'!C4 -> 040 - MINISTERIO DE SALUD
A4: SAF: | D4: ='SAF 011'!C5 -> 011 - DIRECCION PROVINCIAL DE ADMINISTRACION - MINISTERIO DE SALUD
A5: UNIDAD EJECUTORA: | D5: DIRECCION PROVINCIAL SISTEMA DE ATENCION MEDICA DE EMERGENCIA
A6: DEPENDENCIA SOLICITANTE: | D6: DIRECCION PROVINCIAL SISTEMA DE ATENCION MEDICA DE EMERGENCIA
A7: PERIODO UTILIZACIÓN: | D7: 3° TRIMESTRE 2022
A8: OBJETO: | D8: ADQ. DEL RUBRO OXIGENO MEDICINAL
A10: Ítem | B10: Codigo Item | C10: DESCRIPCIÓN | H10: Adjunta Detalle Técnico | I10: Unidad Medida | J10: Precio Unitario Estimado | K10: Cantidad Solicitada
A12: 1 | B12: ='SAF 011'!B10 -> 2.5.1-9018.8 | C12: ='SAF 011'!E10 -> GASES; COMPUESTO QUIMICO: OXIGENO, CALIDAD: MEDICINAL, PRESENTACION: TUBO X 6 M3 | H12: SI | I12: ='SAF 011'!F10 -> M3 | J12: ='SAF 011'!H10 -> 600 | K12: ='SAF 011'!#REF! -> #REF!
A14: Costo total estimado: PESOS TRESCIENTOS VEINTICUATRO MIL CON 00/100.- | J14: =+J12*K12 -> #REF!

Sheet APG SAME
A1: EJERCICIO: | D1: 2022 | P1: AUTORIZACION PARA GASTAR
A4: JURISDICCIÓN: | G4: ='NP SAME'!D3 -> 040 - MINISTERIO DE SALUD
A5: SAF: | G5: ='NP SAME'!D4 -> 011 - DIRECCION PROVINCIAL DE ADMINISTRACION - MINISTERIO DE SALUD
A6: UNIDAD EJECUTORA: | G6: ='NP SAME'!D5 -> DIRECCION PROVINCIAL SISTEMA DE ATENCION MEDICA DE EMERGENCIA
A7: DEPENDENCIA SOLICITANTE: | G7: ='NP SAME'!D6 -> DIRECCION PROVINCIAL SISTEMA DE ATENCION MEDICA DE EMERGENCIA
A8: AUTORIZACIÓN:
A9: Señor Director de Administración o Titular del Servicio Administrativo Financiero:
A10: Autorizo la realización de los trámites correspondientes, a fin de proveer a este Organismo los bienes que se detallan en Nota de Pedido N° XX/2022, afectando la erogación resultante a los créditos presupuestarios aprobados a favor de esta Unidad Ejecutora, conforme al siguiente detalle:
A12: IMPUTACIÓN PRESUPUESTARIA
A13: CÓDIGO | O13: DENOMINACIÓN DE LA PARTIDA PRESUPUESTARIA | Q13: IMPORTE
A14: PR | B14: SB | C14: PY | D14: AC | E14: OB | F14: UG | G14: FIN | H14: FUN | I14: I | J14: P | K14: P | L14: SubP | M14: M | N14: FF
A15: 31 | D15: 1 | F15: 4901 | G15: 3 | H15: 1 | I15: 2 | J15: 5 | K15: 1 | M15: 1 | N15: 1.1 | O15: COMPUESTOS QUIMICOS | Q15: ='NP SAME'!J14 -> #REF!
A38: TOTAL DE PESOS: TRESCIENTOS VEINCUATRO MIL CON 00/100.- | Q38: =SUM(Q15:Q37) -> #REF!
A40: JUSTIFICACIÓN:
A41: ='NP SAME'!D8 -> ADQ. DEL RUBRO OXIGENO MEDICINAL

Sheet NP DPAS
A1: NOTA DE PEDIDO | J1: N° | K1: XX/2022
A3: JURISDICCIÓN: | D3: ='SAF 011'!C4 -> 040 - MINISTERIO DE SALUD
A4: SAF: | D4: ='SAF 011'!C5 -> 011 - DIRECCION PROVINCIAL DE ADMINISTRACION - MINISTERIO DE SALUD
A5: UNIDAD EJECUTORA: | D5: DIRECCION PROVINCIAL DE ASISTENCIA SANITARIA NIVEL I Y II
A6: DEPENDENCIA SOLICITANTE: | D6: DIRECCION PROVINCIAL DE ASISTENCIA SANITARIA NIVEL I Y II
A7: PERIODO UTILIZACIÓN: | D7: 3° TRIMESTRE 2022
A8: OBJETO: | D8: ADQ. DEL RUBRO OXIGENO MEDICINAL
A10: Ítem | B10: Codigo Item | C10: DESCRIPCIÓN | H10: Adjunta Detalle Técnico | I10: Unidad Medida | J10: Precio Unitario Estimado | K10: Cantidad Solicitada
A12: 1 | B12: ='SAF 011'!B10 -> 2.5.1-9018.8 | C12: ='SAF 011'!E10 -> GASES; COMPUESTO QUIMICO: OXIGENO, CALIDAD: MEDICINAL, PRESENTACION: TUBO X 6 M3 | H12: SI | I12: ='SAF 011'!F10 -> M3 | J12: ='SAF 011'!H10 -> 600 | K12: ='SAF 011'!#REF! -> #REF!
A14: Costo total estimado: PESOS CUATRO MILLONES TRESCIENTOS VEINTE MIL CON 00/100.- | J14: =+J12*K12 -> #REF!

Sheet APG DPAS
A1: EJERCICIO: | D1: 2022 | P1: AUTORIZACION PARA GASTAR
A4: JURISDICCIÓN: | G4: ='NP DPAS'!D3 -> 040 - MINISTERIO DE SALUD
A5: SAF: | G5: ='NP DPAS'!D4 -> 011 - DIRECCION PROVINCIAL DE ADMINISTRACION - MINISTERIO DE SALUD
A6: UNIDAD EJECUTORA: | G6: ='NP DPAS'!D5 -> DIRECCION PROVINCIAL DE ASISTENCIA SANITARIA NIVEL I Y II
A7: DEPENDENCIA SOLICITANTE: | G7: ='NP DPAS'!D6 -> DIRECCION PROVINCIAL DE ASISTENCIA SANITARIA NIVEL I Y II
A8: AUTORIZACIÓN:
A9: Señor Director de Administración o Titular del Servicio Administrativo Financiero:
A10: Autorizo la realización de los trámites correspondientes, a fin de proveer a este Organismo los bienes que se detallan en Nota de Pedido N° XX/2022, afectando la erogación resultante a los créditos presupuestarios aprobados a favor de esta Unidad Ejecutora, conforme al siguiente detalle:
A12: IMPUTACIÓN PRESUPUESTARIA
A13: CÓDIGO | O13: DENOMINACIÓN DE LA PARTIDA PRESUPUESTARIA | Q13: IMPORTE
A14: PR | B14: SB | C14: PY | D14: AC | E14: OB | F14: UG | G14: FIN | H14: FUN | I14: I | J14: P | K14: P | L14: SubP | M14: M | N14: FF
A15: 21 | D15: 1 | F15: 4901 | G15: 3 | H15: 1 | I15: 2 | J15: 5 | K15: 1 | M15: 1 | N15: 1.1 | O15: COMPUESTOS QUIMICOS | Q15: ='NP DPAS'!J14 -> #REF!
A38: TOTAL DE PESOS: CUATRO MILLONES TRESCIENTOS VEINTE MIL CON 00/100.- | Q38: =SUM(Q15:Q37) -> #REF!
A40: JUSTIFICACIÓN:
A41: ='NP DPAS'!D8 -> ADQ. DEL RUBRO OXIGENO MEDICINAL
