Workbook

Sheet SAF 011 - NECESIDAD TRIMESTRAL
A1: 2022
B2: Pedido de Necesidades Trimestrales
A4: JURISDICCION: | C4: 040 - MINISTERIO DE SALUD
A5: SAF N°: | C5: 011 - DIRECCION PROVINCIAL DE ADMINISTRACION - MINISTERIO DE SALUD
A6: EJERCICIO: | C6: 2022
A7: TRIMESTRE: | C7: TERCERO
A9: ID | B9: CODIGO ITEM | C9: RUBRO DE COMPRA | D9: I.P.P. | E9: DESCRIPCION | F9: UNIDAD DE MEDIDA | G9: CANTIDAD TOTAL | H9: PRECIO UNITARIO ESTIMADO | I9: IMPORTE TOTAL ESTIMADO | J9: ESPECIFICACION TECNICA
A10: 1 | B10: 4.3.7-15.123 | C10: ARTICULOS DEL HOGAR | D10: 4.3.7 | E10: HELADERAS; CAPACIDAD: 400 L, FRIO: CON FREEZER, CONSUMO: MENOR A 5 KVA, TENSION NOMINAL: 220 V, CRITERIO DE SEGURIDAD: SELLO DE SEGURIDAD, CORRIENTE NOMINAL: MENOR A 63 A, EFICIENCIA ENERGETICA: GRADO A | F10: UNIDAD | G10: 10 | H10: 136000 | I10: =+G10*H10 -> 1360000 | J10: Heladera No Frost de 400 lts aproximadamente (incluyendo el freezer). Con estantes de vidrio templado, alarma de puerta abierta, filtro antibacterial y control de temperatura.
A11: 2 | B11: 4.3.9-2655.27 | C11: EQUIPOS | D11: 4.3.7 | E11: SECARROPAS/CENTRIFUGA; TIPO: ROTATIVO, SECADO: POR CALOR, CAPACIDAD: 10 Kg, TENSION NOMINAL: 220 V, CORRIENTE NOMINAL: 10 A, CRITERIO DE SEGURIDAD: SELLO DE SEGURIDAD, CONSUMO: 6 KW, EFICIENCIA ENERGETICA: GRADO B | F11: UNIDAD | G11: 10 | H11: 80000 | I11: =+G11*H11 -> 800000 | J11: SECARROPA CENTRIFUGO (Alim.220V, Cap.10Kg, Efic.energ. B)
E12: TOTAL RUBRO MUEBLES Y ARTICULOS DEL HOGAR | I12: =+SUM(I10:I11) -> 2160000
C15: ESPECIFICADES Y DETALLE TECNICO:
C16: * ADJUNTAR FOLLETERIA, MANUALES Y/O CUALQUIER OTRA DOCUMENTACION QUE EL PROVEEDOR ESTIME NECESARIO PARA ACLARAR EL BIEN COTIZADO
C18: Plazos de entrega: | D18: veinte (20) dias habiles
C20: Lugar de Entrega: | D20: MINISTERIO DE SALUD - CHACABUCO N° 169 - en el horario de 8:00hs a 12:00hs de lunes a viernes
C22: Calidad Minima esperada:
C24: Garantia: | D24: un (1) año
C26: Mantenimiento: | D26: cuarenta y cinco (45) días
C30: ESPECIFICIDADES ITEM 1
C31: =J10 -> Heladera No Frost de 400 lts aproximadamente (incluyendo el freezer). Con estantes de vidrio templado, alarma de puerta abierta, filtro antibacterial y control de temperatura.
C33: ESPECIFICIDADES ITEM 2
C34: =J11 -> SECARROPA CENTRIFUGO (Alim.220V, Cap.10Kg, Efic.energ. B)

Sheet NP
A1: NOTA DE PEDIDO | J1: N° | K1: XX/2022
A3: JURISDICCIÓN: | D3: 040 - MINISTERIO DE SALUD
A4: SAF: | D4: 011 - DIRECCION PROVINCIAL DE ADMINISTRACION DEL MINISTERIO DE SALUD
A5: UNIDAD EJECUTORA: | D5: 352 - MINISTERIO DE SALUD
A6: DEPENDENCIA SOLICITANTE: | D6: 352 - MINISTERIO DE SALUD
A7: PERIODO UTILIZACIÓN: | D7: 3er TRIMESTRE 2022
A8: OBJETO: | D8: ADQUISICION DE DESIERTOS Y FRACASADOS EQUIPAMIENTO PARA HOSPITALES DE LA PROVINCIA (EQUIPOS VARIOS)
A10: Ítem | B10: Codigo Item | C10: DESCRIPCIÓN | H10: Adjunta Detalle Técnico | I10: Unidad Medida | J10: Precio Unitario Estimado | K10: Cantidad Solicitada
A12: 1 | B12: ='SAF 011 - NECESIDAD TRIMESTRAL'!B10 -> 4.3.7-15.123 | C12: ='SAF 011 - NECESIDAD TRIMESTRAL'!E10 -> HELADERAS; CAPACIDAD: 400 L, FRIO: CON FREEZER, CONSUMO: MENOR A 5 KVA, TENSION NOMINAL: 220 V, CRITERIO DE SEGURIDAD: SELLO DE SEGURIDAD, CORRIENTE NOMINAL: MENOR A 63 A, EFICIENCIA ENERGETICA: GRADO A | H12: SI | I12: ='SAF 011 - NECESIDAD TRIMESTRAL'!F10 -> UNIDAD | J12: ='SAF 011 - NECESIDAD TRIMESTRAL'!H10 -> 136000 | K12: ='SAF 011 - NECESIDAD TRIMESTRAL'!#REF! -> #REF!
A13: 2 | B13: ='SAF 011 - NECESIDAD TRIMESTRAL'!B11 -> 4.3.9-2655.27 | C13: ='SAF 011 - NECESIDAD TRIMESTRAL'!E11 -> SECARROPAS/CENTRIFUGA; TIPO: ROTATIVO, SECADO: POR CALOR, CAPACIDAD: 10 Kg, TENSION NOMINAL: 220 V, CORRIENTE NOMINAL: 10 A, CRITERIO DE SEGURIDAD: SELLO DE SEGURIDAD, CONSUMO: 6 KW, EFICIENCIA ENERGETICA: GRADO B | H13: SI | I13: ='SAF 011 - NECESIDAD TRIMESTRAL'!F11 -> UNIDAD | J13: ='SAF 011 - NECESIDAD TRIMESTRAL'!H11 -> 80000 | K13: ='SAF 011 - NECESIDAD TRIMESTRAL'!#REF! -> #REF!
A15: Costo total estimado: PESOS DOS MILLONES CIENTO SESENTA MIL CON 00/100.- | J15: =SUMPRODUCT(J12:J13,K12:K13) -> #REF!

Sheet APG
A1: EJERCICIO: | D1: 2022 | P1: AUTORIZACION PARA GASTAR
A4: JURISDICCIÓN: | G4: =NP!D3 -> 040 - MINISTERIO DE SALUD
A5: SAF: | G5: =NP!D4 -> 011 - DIRECCION PROVINCIAL DE ADMINISTRACION DEL MINISTERIO DE SALUD
A6: UNIDAD EJECUTORA: | G6: =NP!D5 -> 352 - MINISTERIO DE SALUD
A7: DEPENDENCIA SOLICITANTE: | G7: =NP!D6 -> 352 - MINISTERIO DE SALUD
A8: AUTORIZACIÓN:
A9: Señor Director de Administración o Titular del Servicio Administrativo Financiero:
A10: Autorizo la realización de los trámites correspondientes, a fin de proveer a este Organismo los bienes, servicios o ejecución de obras públicas que se detallan en Nota de Pedido N° XX/2022 , afectando la erogación resultante a los créditos presupuestarios aprobados a favor de esta Unidad Ejecutora, conforme al siguiente detalle:
A12: IMPUTACIÓN PRESUPUESTARIA
A13: CÓDIGO | O13: DENOMINACIÓN DE LA PARTIDA PRESUPUESTARIA | Q13: IMPORTE
A14: PR | B14: SB | C14: PY | D14: AC | E14: OB | F14: UG | G14: FIN | H14: FUN | I14: I | J14: P | K14: P | L14: SubP | M14: M | N14: FF
A15: 1 | D15: 1 | F15: 4901 | G15: 3 | H15: 1 | I15: 4 | J15: 3 | K15: 7 | M15: 1 | N15: 1.1 | O15: EQUIPOS DE OFICINA Y MUEBLES | Q15: =NP!J15 -> #REF!
A34: TOTAL DE PESOS: DOS MILLONES CIENTO SESENTA MIL CON 00/100.- | Q34: =SUM(Q15:Q33) -> #REF!
A36: JUSTIFICACIÓN:
A37: =NP!D8 -> ADQUISICION DE DESIERTOS Y FRACASADOS EQUIPAMIENTO PARA HOSPITALES DE LA PROVINCIA (EQUIPOS VARIOS)
