Workbook

Sheet Necesidades Trimestrales
B2: Pedido de Necesidades Trimestrales
A4: JURISDICCION: | C4: 90 - Ministerio de Seguridad
A5: SAF N°: | C5: 7 - Direccion de Administracion de la Policia de la Provincia de Catamarca
A6: EJERCICIO: | C6: 2021
A7: TRIMESTRE: | C7: 2
A9: ID | B9: CODIGO ITEM | C9: RUBRO DE COMPRA | D9: I.P.P. | E9: DESCRIPCION | F9: UNIDAD DE MEDIDA | G9: CANTIDAD | H9: PRECIO UNITARIO ESTIMADO | I9: IMPORTE TOTAL ESTIMADO
A10: 1 | B10: 2.1.1-478.47 | C10: ALIMENTOS | D10: 2.1.1 | E10: AGUA MINERAL; TIPO: SIN GASIFICAR, PRESENTACION: BIDON X 20 L, MATERIAL ENVASE: POLICARBONATO, TIPO ENVASE: RETORNABLE, ELEM. TRANSPORTE: SIN, MATERIAL ELEM. TRANSPORTE: SIN | F10: UNIDAD | G10: 3000 | H10: 350 | I10: =H10*G10 -> 1050000
A11: 2 | B11: 2.1.1-478.68 | C11: ALIMENTOS | D11: 2.1.1 | E11: AGUA MINERAL; TIPO: SIN GASIFICAR, PRESENTACION: SEGUN PLIEGO, MATERIAL ENVASE: PLASTICO (PVC), TIPO ENVASE: NO RETORNABLE, ELEM. TRANSPORTE: SIN, MATERIAL ELEM. TRANSPORTE: PLASTICO | F11: UNIDAD | G11: 9240 | H11: 170 | I11: =H11*G11 -> 1570800
I12: =SUM(I10:I11) -> 2620800
B13: Especificidades de los Items.
C14: Descripcion item 1: debe incluir el uso de dispenser 100 Dispenser de agua fria y caliente sin cargo incluyendo el mantenimiento de los mismos, hasta 30 dias posteriores a la ultima entrega de bidones .-
C16: Descripcion item 2: presentacion por 6,5 Litros
B18: Plazos y lugares de entrega
C19: a) LUGAR DE ENTREGA: Departamento Logística, sito en Av. Felix Avellaneda RP N° 33 KM 2., SUMALAO - VALLE VIEJO. De 08 a 12 horas. b) FORMA DE LA ENTREGA: Durante 3 meses se procedera a la entrega y pago de 1000 bidones mensuales, Libre de flete, acarreo y embalaje, como así también, de todo riesgo de pérdida o destrucción total o parcial, por causas ajenas a la Institución. c) PLAZO DE ENTREGA: El Oferente deberá establecer plazo de entrega de los elementos cotizados, debiendo ser expresado en días hábiles; que no podrá ser superior a cinco (5) días hábiles, contados a partir de la recepción de la comunicación prevista en el Artículo 80° de del Reglamento Parcial N° 2 de la ley 4938.
B20: Calidad Minima esperada
C21: Que Cumpla con lo Solicitado de Forma Integra.
B22: Mantenimiento
C23: 30 dias
B24: Garantia

Sheet  NotaPedido
A1: NOTA DE PEDIDO | J1: N° | K1: 16/2021
A3: JURISDICCIÓN: | D3: ='Necesidades Trimestrales'!C4 -> 90 - Ministerio de Seguridad
A4: SAF: | D4: ='Necesidades Trimestrales'!C5 -> 7 - Direccion de Administracion de la Policia de la Provincia de Catamarca
A5: UNIDAD EJECUTORA: | D5: Policía de la Provincia de Catamarca
A6: DEPENDENCIA SOLICITANTE: | D6: División Intendencia - Departamento Logística
A7: PERIODO UTILIZACIÓN: | D7: 2do trimestre Año 2021.-
A8: OBJETO: | D8: Adquisición de agua destinadas a dependencias policiales.-
A10: Ítem | B10: Codigo Item | C10: DESCRIPCIÓN | H10: Adjunta Detalle Técnico | I10: Unidad Medida | J10: Precio Unitario Estimado | K10: Cantidad Solicitada
A12: 1 | B12: ='Necesidades Trimestrales'!B10 -> 2.1.1-478.47 | C12: =('Necesidades Trimestrales'!E10) -> AGUA MINERAL; TIPO: SIN GASIFICAR, PRESENTACION: BIDON X 20 L, MATERIAL ENVASE: POLICARBONATO, TIPO ENVASE: RETORNABLE, ELEM. TRANSPORTE: SIN, MATERIAL ELEM. TRANSPORTE: SIN | H12: SI | I12: UNIDAD | J12: 350 | K12: ='Necesidades Trimestrales'!G10 -> 3000
A13: 2 | B13: ='Necesidades Trimestrales'!B11 -> 2.1.1-478.68 | C13: =('Necesidades Trimestrales'!E11) -> AGUA MINERAL; TIPO: SIN GASIFICAR, PRESENTACION: SEGUN PLIEGO, MATERIAL ENVASE: PLASTICO (PVC), TIPO ENVASE: NO RETORNABLE, ELEM. TRANSPORTE: SIN, MATERIAL ELEM. TRANSPORTE: PLASTICO | H13: SI | I13: UNIDAD | J13: ='Necesidades Trimestrales'!H11 -> 170 | K13: ='Necesidades Trimestrales'!G11 -> 9240
A14: Costo total estimado: | D14: Dos Millones Seiscientos Veinte Mil Ochocientos con 00/100 | J14: ='Necesidades Trimestrales'!I12 -> 2620800

Sheet Autor Gastar
A1: EJERCICIO: | D1: ='Necesidades Trimestrales'!C6 -> 2021 | P1: AUTORIZACION PARA GASTAR
A4: JURISDICCIÓN: | G4: =' NotaPedido'!D3 -> 90 - Ministerio de Seguridad
A5: SAF: | G5: =' NotaPedido'!D4 -> 7 - Direccion de Administracion de la Policia de la Provincia de Catamarca
A6: UNIDAD EJECUTORA: | G6: =' NotaPedido'!D5 -> Policía de la Provincia de Catamarca
A7: DEPENDENCIA SOLICITANTE: | G7: =' NotaPedido'!D6 -> División Intendencia - Departamento Logística
A8: AUTORIZACIÓN:
A9: Señor Jefe de Servicio Administrativo Financiero:
A10: ="Autorizo la realización de los trámites correspondientes, a fin de proveer a este Organismo los bienes y/o servicios que se detallan en Nota de Pedido N° " & ' NotaPedido'!K1&", afectando la erogación resultante a los créditos presupuestarios aprobados a favor de esta Unidad Ejecutora, conforme al siguiente detalle:" -> Autorizo la realización de los trámites correspondientes, a fin de proveer a este Organismo los bienes y/o servicios que se detallan en Nota de Pedido N° 16/2021, afectando la erogación resultante a los créditos presupuestarios aprobados a favor de esta Unidad Ejecutora, conforme al siguiente detalle:
A12: IMPUTACIÓN PRESUPUESTARIA
A13: CÓDIGO | O13: DENOMINACIÓN DE LA PARTIDA PRESUPUESTARIA | Q13: IMPORTE
A14: PR | B14: SB | C14: PY | D14: AC | E14: OB | F14: UG | G14: FIN | H14: FUN | I14: I | J14: P | K14: P | L14: SubP | M14: M | N14: FF
A15: 16 | B15: 0 | C15: 0 | D15: 1 | E15: 0 | F15: 10 | G15: 2 | H15: 1 | I15: 2 | J15: 1 | K15: 1 | L15: 0 | M15: 1 | N15: 1.1 | O15: ='Necesidades Trimestrales'!C10 -> ALIMENTOS | Q15: =' NotaPedido'!J14 -> 2620800
A16: TOTAL DE PESOS: | Q16: =Q15 -> 2620800
E17: =' NotaPedido'!D14 -> Dos Millones Seiscientos Veinte Mil Ochocientos con 00/100
A19: JUSTIFICACIÓN: | G19: =' NotaPedido'!D8 -> Adquisición de agua destinadas a dependencias policiales.-
