Workbook

Sheet Necesidades Trimestrales
B2: Pedido de Necesidades Trimestrales
A4: JURISDICCION: | C4: 40 - Ministerio de Salud
A5: SAF N°: | C5: 23 - Hospital Interzonal San Juan Bautista
A6: EJERCICIO: | C6: 2021
A7: TRIMESTRE: | C7: 4
A9: ID | B9: CODIGO ITEM | C9: RUBRO DE COMPRA | D9: I.P.P. | E9: DESCRIPCION | F9: UNIDAD DE MEDIDA | G9: CANTIDAD | H9: PRECIO UNITARIO ESTIMADO | I9: IMPORTE TOTAL ESTIMADO | J9: unidad medida | L9: Po Unitario
A10: 1 | C10: PRODUC. FARMAC. Y MEDICINALES | D10: 2.5.2 | E10: ACIDO ACETIL SALICILICO 100 MG COMPRIMIDO | F10: COMPRIMIDO | G10: 2000 | H10: 2.5 | I10: =+G10*H10 -> 5000 | J10: =+VLOOKUP(E10,'[1]Necesidades Trimestrales'!$E$10:$F$117,2,0) -> COMPRIMIDO | K10: =F10=J10 -> TRUE | L10: =+VLOOKUP(E10,'[1]Necesidades Trimestrales'!$E$10:$H$117,4,0) -> 2.5 | M10: =H10=L10 -> TRUE
A11: 2 | C11: PRODUC. FARMAC. Y MEDICINALES | D11: 2.5.2 | E11: ALBUMINA HUMANA 20% X 50 ML | F11: FRASCO | G11: 200 | H11: 2800 | I11: =+G11*H11 -> 560000 | J11: =+VLOOKUP(E11,'[1]Necesidades Trimestrales'!$E$10:$F$117,2,0) -> FRASCO | K11: =F11=J11 -> TRUE | L11: =+VLOOKUP(E11,'[1]Necesidades Trimestrales'!$E$10:$H$117,4,0) -> 2800 | M11: =H11=L11 -> TRUE
A12: 3 | C12: PRODUC. FARMAC. Y MEDICINALES | D12: 2.5.2 | E12: ALIMENTACION PARENTERAL DE GRAN VOLUMEN TIPO OLI CLINOMEL/SMOFKABIVEN CENTRAL BOLSA X 1970 ML | F12: ENVASE | G12: 60 | H12: 6218 | I12: =+G12*H12 -> 373080 | J12: =+VLOOKUP(E12,'[1]Necesidades Trimestrales'!$E$10:$F$117,2,0) -> ENVASE | K12: =F12=J12 -> TRUE | L12: =+VLOOKUP(E12,'[1]Necesidades Trimestrales'!$E$10:$H$117,4,0) -> 6218 | M12: =H12=L12 -> TRUE
A13: 4 | C13: PRODUC. FARMAC. Y MEDICINALES | D13: 2.5.2 | E13: AMINIFILINA 200 MG AMPOLLA | F13: COMPRIMIDO | G13: 100 | H13: 68 | I13: =+G13*H13 -> 6800 | J13: =+VLOOKUP(E13,'[1]Necesidades Trimestrales'!$E$10:$F$117,2,0) -> COMPRIMIDO | K13: =F13=J13 -> TRUE | L13: =+VLOOKUP(E13,'[1]Necesidades Trimestrales'!$E$10:$H$117,4,0) -> 68 | M13: =H13=L13 -> TRUE
A14: 5 | C14: PRODUC. FARMAC. Y MEDICINALES | D14: 2.5.2 | E14: AMOXICILINA + CLAVULANICO 1 G COMPRIMIDO | F14: COMPRIMIDO | G14: 200 | H14: 28 | I14: =+G14*H14 -> 5600 | J14: =+VLOOKUP(E14,'[1]Necesidades Trimestrales'!$E$10:$F$117,2,0) -> COMPRIMIDO | K14: =F14=J14 -> TRUE | L14: =+VLOOKUP(E14,'[1]Necesidades Trimestrales'!$E$10:$H$117,4,0) -> 28 | M14: =H14=L14 -> TRUE
A15: 6 | C15: PRODUC. FARMAC. Y MEDICINALES | D15: 2.5.2 | E15: BETAMETASONA G 12 MG ( 6 MG ACETATO/6 MG FOSFATO ) AMPOLLA | F15: AMPOLLA | G15: 100 | H15: 326 | I15: =+G15*H15 -> 32600 | J15: =+VLOOKUP(E15,'[1]Necesidades Trimestrales'!$E$10:$F$117,2,0) -> AMPOLLA | K15: =F15=J15 -> TRUE | L15: =+VLOOKUP(E15,'[1]Necesidades Trimestrales'!$E$10:$H$117,4,0) -> 326 | M15: =H15=L15 -> TRUE
A16: 7 | C16: PRODUC. FARMAC. Y MEDICINALES | D16: 2.5.2 | E16: CLARITROMICINA 500 MG COMPRIMIDO | F16: COMPRIMIDO | G16: 500 | H16: 30.9 | I16: =+G16*H16 -> 15450 | J16: =+VLOOKUP(E16,'[1]Necesidades Trimestrales'!$E$10:$F$117,2,0) -> COMPRIMIDO | K16: =F16=J16 -> TRUE | L16: =+VLOOKUP(E16,'[1]Necesidades Trimestrales'!$E$10:$H$117,4,0) -> 30.9 | M16: =H16=L16 -> TRUE
A17: 8 | C17: PRODUC. FARMAC. Y MEDICINALES | D17: 2.5.2 | E17: CLONIDINA CLORHIDRATO 0,150 MG/ML AMPOLLA X 1 ML | F17: AMPOLLA | G17: 500 | H17: 80 | I17: =+G17*H17 -> 40000 | J17: =+VLOOKUP(E17,'[1]Necesidades Trimestrales'!$E$10:$F$117,2,0) -> AMPOLLA | K17: =F17=J17 -> TRUE | L17: =+VLOOKUP(E17,'[1]Necesidades Trimestrales'!$E$10:$H$117,4,0) -> 80 | M17: =H17=L17 -> TRUE
A18: 9 | C18: PRODUC. FARMAC. Y MEDICINALES | D18: 2.5.2 | E18: COLISTINA 100 MG FCO AMPOLLA | F18: AMPOLLA | G18: 200 | H18: 895 | I18: =+G18*H18 -> 179000 | J18: =+VLOOKUP(E18,'[1]Necesidades Trimestrales'!$E$10:$F$117,2,0) -> AMPOLLA | K18: =F18=J18 -> TRUE | L18: =+VLOOKUP(E18,'[1]Necesidades Trimestrales'!$E$10:$H$117,4,0) -> 895 | M18: =H18=L18 -> TRUE
A19: 10 | C19: PRODUC. FARMAC. Y MEDICINALES | D19: 2.5.2 | E19: COMPLEJO B AMPOLLAS TIPO BECOZYM NF | F19: AMPOLLA | G19: 2500 | H19: 71 | I19: =+G19*H19 -> 177500 | J19: =+VLOOKUP(E19,'[1]Necesidades Trimestrales'!$E$10:$F$117,2,0) -> AMPOLLA | K19: =F19=J19 -> TRUE | L19: =+VLOOKUP(E19,'[1]Necesidades Trimestrales'!$E$10:$H$117,4,0) -> 71 | M19: =H19=L19 -> TRUE
A20: 11 | C20: PRODUC. FARMAC. Y MEDICINALES | D20: 2.5.2 | E20: DIAZEPAM 10 MG AMPOLLA | F20: AMPOLLA | G20: 1000 | H20: 68 | I20: =+G20*H20 -> 68000 | J20: =+VLOOKUP(E20,'[1]Necesidades Trimestrales'!$E$10:$F$117,2,0) -> AMPOLLA | K20: =F20=J20 -> TRUE | L20: =+VLOOKUP(E20,'[1]Necesidades Trimestrales'!$E$10:$H$117,4,0) -> 68 | M20: =H20=L20 -> TRUE
A21: 12 | C21: PRODUC. FARMAC. Y MEDICINALES | D21: 2.5.2 | E21: DOBUTAMINA 250 mg/ml FRASCO AMPOLLA X 20 ML | F21: AMPOLLA | G21: 200 | H21: 320 | I21: =+G21*H21 -> 64000 | J21: =+VLOOKUP(E21,'[1]Necesidades Trimestrales'!$E$10:$F$117,2,0) -> AMPOLLA | K21: =F21=J21 -> TRUE | L21: =+VLOOKUP(E21,'[1]Necesidades Trimestrales'!$E$10:$H$117,4,0) -> 320 | M21: =H21=L21 -> TRUE
... A36: 27 | C36: PRODUC. FARMAC. Y MEDICINALES | D36: 2.5.2 | E36: PROPOFOL 1% FCO AMPOLLAS VIAL X 50 ML | F36: AMPOLLA | G36: 150 | H36: 1098 | I36: =+G36*H36 -> 164700 | J36: =+VLOOKUP(E36,'[1]Necesidades Trimestrales'!$E$10:$F$117,2,0) -> AMPOLLA | K36: =F36=J36 -> TRUE | L36: =+VLOOKUP(E36,'[1]Necesidades Trimestrales'!$E$10:$H$117,4,0) -> 1098 | M36: =H36=L36 -> TRUE
C38: Presentar copia certificada de Resolución de Habilitación expedida por la Subsecretaria de Asistencia en Salud Publica o copia certificada de Certificado de Habilitación de Establecimiento y/o copia certificada de Certificado de Transito Interjurisdiccional emitido por A.N.M.A.T, el que correspondiere conforme a la situación de cada establecimiento cotizante (Laboratorio, Droguería, etc.), en caso de corresponder. Indicar Marca y Numero de Certificado de ANMAT por ítem.VENCIMIENTO DE MEDICAMENTOS: UN PLAZO NO MENOR A 24 MESES DE LA FECHA DE RECEPCION.
C39: PLAZO DE MANTENIMIENTO DE OFERTA: 45 DIAS HABILES
C40: PLAZO DE ENTREGA: 20 DIAS CORRIDOS EN EL SERVICIO DE FARMACIA - AVDA. ILLIA Y MARIANO MORENO
B43: Especificidades Tecnicas:
B45: Descripción técnica
B47: Plazos y lugares de entrega
C48: 20 dias corridos - Servicio de Farmacia del HISJB - Avda. Illia y Mariano Moreno
B50: Calidad Minima esperada
B52: Mantenimiento
C53: 45 dias habiles
B54: Garantia

Sheet NotaPedido
A1: NOTA DE PEDIDO | J1: N° | K1: 089 - 2021
A3: JURISDICCIÓN: | D3: ='Necesidades Trimestrales'!C4 -> 40 - Ministerio de Salud
A4: SAF: | D4: ='Necesidades Trimestrales'!C5 -> 23 - Hospital Interzonal San Juan Bautista
A5: UNIDAD EJECUTORA: | D5: 168 - Direccion Asistencial
A6: DEPENDENCIA SOLICITANTE: | D6: Servicio de Farmacia
A7: PERIODO UTILIZACIÓN: | D7: ='Necesidades Trimestrales'!C7 & "° Trimestre - Año " & 'Necesidades Trimestrales'!C6 -> 4° Trimestre - Año 2021
A8: OBJETO: | D8: Adquisición de Medicamentos COVID
A10: Ítem | B10: Codigo Item | C10: DESCRIPCIÓN | H10: Adjunta Detalle Técnico | I10: Unidad Medida | J10: Precio Unitario Estimado | K10: Cantidad Solicitada
A12: 1 | B12: ='Necesidades Trimestrales'!B10 -> 0 | C12: ='Necesidades Trimestrales'!E10 -> ACIDO ACETIL SALICILICO 100 MG COMPRIMIDO | H12: NO | I12: ='Necesidades Trimestrales'!F10 -> COMPRIMIDO | J12: ='Necesidades Trimestrales'!H10 -> 2.5 | K12: ='Necesidades Trimestrales'!G10 -> 2000 | L12: =C12='Necesidades Trimestrales'!E10 -> TRUE | M12: =I12='Necesidades Trimestrales'!F10 -> TRUE | N12: =+J12*K12-'Necesidades Trimestrales'!I10 -> 0
A13: 2 | B13: ='Necesidades Trimestrales'!B11 -> 0 | C13: ='Necesidades Trimestrales'!E11 -> ALBUMINA HUMANA 20% X 50 ML | H13: NO | I13: ='Necesidades Trimestrales'!F11 -> FRASCO | J13: ='Necesidades Trimestrales'!H11 -> 2800 | K13: ='Necesidades Trimestrales'!G11 -> 200 | L13: =C13='Necesidades Trimestrales'!E11 -> TRUE | M13: =I13='Necesidades Trimestrales'!F11 -> TRUE | N13: =+J13*K13-'Necesidades Trimestrales'!I11 -> 0
A14: 3 | B14: ='Necesidades Trimestrales'!B12 -> 0 | C14: ='Necesidades Trimestrales'!E12 -> ALIMENTACION PARENTERAL DE GRAN VOLUMEN TIPO OLI CLINOMEL/SMOFKABIVEN CENTRAL BOLSA X 1970 ML | H14: NO | I14: ='Necesidades Trimestrales'!F12 -> ENVASE | J14: ='Necesidades Trimestrales'!H12 -> 6218 | K14: ='Necesidades Trimestrales'!G12 -> 60 | L14: =C14='Necesidades Trimestrales'!E12 -> TRUE | M14: =I14='Necesidades Trimestrales'!F12 -> TRUE | N14: =+J14*K14-'Necesidades Trimestrales'!I12 -> 0
A15: 4 | B15: ='Necesidades Trimestrales'!B13 -> 0 | C15: ='Necesidades Trimestrales'!E13 -> AMINIFILINA 200 MG AMPOLLA | H15: NO | I15: ='Necesidades Trimestrales'!F13 -> COMPRIMIDO | J15: ='Necesidades Trimestrales'!H13 -> 68 | K15: ='Necesidades Trimestrales'!G13 -> 100 | L15: =C15='Necesidades Trimestrales'!E13 -> TRUE | M15: =I15='Necesidades Trimestrales'!F13 -> TRUE | N15: =+J15*K15-'Necesidades Trimestrales'!I13 -> 0
A16: 5 | B16: ='Necesidades Trimestrales'!B14 -> 0 | C16: ='Necesidades Trimestrales'!E14 -> AMOXICILINA + CLAVULANICO 1 G COMPRIMIDO | H16: NO | I16: ='Necesidades Trimestrales'!F14 -> COMPRIMIDO | J16: ='Necesidades Trimestrales'!H14 -> 28 | K16: ='Necesidades Trimestrales'!G14 -> 200 | L16: =C16='Necesidades Trimestrales'!E14 -> TRUE | M16: =I16='Necesidades Trimestrales'!F14 -> TRUE | N16: =+J16*K16-'Necesidades Trimestrales'!I14 -> 0
A17: 6 | B17: ='Necesidades Trimestrales'!B15 -> 0 | C17: ='Necesidades Trimestrales'!E15 -> BETAMETASONA G 12 MG ( 6 MG ACETATO/6 MG FOSFATO ) AMPOLLA | H17: NO | I17: ='Necesidades Trimestrales'!F15 -> AMPOLLA | J17: ='Necesidades Trimestrales'!H15 -> 326 | K17: ='Necesidades Trimestrales'!G15 -> 100 | L17: =C17='Necesidades Trimestrales'!E15 -> TRUE | M17: =I17='Necesidades Trimestrales'!F15 -> TRUE | N17: =+J17*K17-'Necesidades Trimestrales'!I15 -> 0
A18: 7 | B18: ='Necesidades Trimestrales'!B16 -> 0 | C18: ='Necesidades Trimestrales'!E16 -> CLARITROMICINA 500 MG COMPRIMIDO | H18: NO | I18: ='Necesidades Trimestrales'!F16 -> COMPRIMIDO | J18: ='Necesidades Trimestrales'!H16 -> 30.9 | K18: ='Necesidades Trimestrales'!G16 -> 500 | L18: =C18='Necesidades Trimestrales'!E16 -> TRUE | M18: =I18='Necesidades Trimestrales'!F16 -> TRUE | N18: =+J18*K18-'Necesidades Trimestrales'!I16 -> 0
A19: 8 | B19: ='Necesidades Trimestrales'!B17 -> 0 | C19: ='Necesidades Trimestrales'!E17 -> CLONIDINA CLORHIDRATO 0,150 MG/ML AMPOLLA X 1 ML | H19: NO | I19: ='Necesidades Trimestrales'!F17 -> AMPOLLA | J19: ='Necesidades Trimestrales'!H17 -> 80 | K19: ='Necesidades Trimestrales'!G17 -> 500 | L19: =C19='Necesidades Trimestrales'!E17 -> TRUE | M19: =I19='Necesidades Trimestrales'!F17 -> TRUE | N19: =+J19*K19-'Necesidades Trimestrales'!I17 -> 0
A20: 9 | B20: ='Necesidades Trimestrales'!B18 -> 0 | C20: ='Necesidades Trimestrales'!E18 -> COLISTINA 100 MG FCO AMPOLLA | H20: NO | I20: ='Necesidades Trimestrales'!F18 -> AMPOLLA | J20: ='Necesidades Trimestrales'!H18 -> 895 | K20: ='Necesidades Trimestrales'!G18 -> 200 | L20: =C20='Necesidades Trimestrales'!E18 -> TRUE | M20: =I20='Necesidades Trimestrales'!F18 -> TRUE | N20: =+J20*K20-'Necesidades Trimestrales'!I18 -> 0
A21: 10 | B21: ='Necesidades Trimestrales'!B19 -> 0 | C21: ='Necesidades Trimestrales'!E19 -> COMPLEJO B AMPOLLAS TIPO BECOZYM NF | H21: NO | I21: ='Necesidades Trimestrales'!F19 -> AMPOLLA | J21: ='Necesidades Trimestrales'!H19 -> 71 | K21: ='Necesidades Trimestrales'!G19 -> 2500 | L21: =C21='Necesidades Trimestrales'!E19 -> TRUE | M21: =I21='Necesidades Trimestrales'!F19 -> TRUE | N21: =+J21*K21-'Necesidades Trimestrales'!I19 -> 0
A22: 11 | B22: ='Necesidades Trimestrales'!B20 -> 0 | C22: ='Necesidades Trimestrales'!E20 -> DIAZEPAM 10 MG AMPOLLA | H22: NO | I22: ='Necesidades Trimestrales'!F20 -> AMPOLLA | J22: ='Necesidades Trimestrales'!H20 -> 68 | K22: ='Necesidades Trimestrales'!G20 -> 1000 | L22: =C22='Necesidades Trimestrales'!E20 -> TRUE | M22: =I22='Necesidades Trimestrales'!F20 -> TRUE | N22: =+J22*K22-'Necesidades Trimestrales'!I20 -> 0
A23: 12 | B23: ='Necesidades Trimestrales'!B21 -> 0 | C23: ='Necesidades Trimestrales'!E21 -> DOBUTAMINA 250 mg/ml FRASCO AMPOLLA X 20 ML | H23: NO | I23: ='Necesidades Trimestrales'!F21 -> AMPOLLA | J23: ='Necesidades Trimestrales'!H21 -> 320 | K23: ='Necesidades Trimestrales'!G21 -> 200 | L23: =C23='Necesidades Trimestrales'!E21 -> TRUE | M23: =I23='Necesidades Trimestrales'!F21 -> TRUE | N23: =+J23*K23-'Necesidades Trimestrales'!I21 -> 0
... A38: 27 | B38: ='Necesidades Trimestrales'!B36 -> 0 | C38: ='Necesidades Trimestrales'!E36 -> PROPOFOL 1% FCO AMPOLLAS VIAL X 50 ML | H38: NO | I38: ='Necesidades Trimestrales'!F36 -> AMPOLLA | J38: ='Necesidades Trimestrales'!H36 -> 1098 | K38: ='Necesidades Trimestrales'!G36 -> 150 | L38: =C38='Necesidades Trimestrales'!E36 -> TRUE | M38: =I38='Necesidades Trimestrales'!F36 -> TRUE | N38: =+J38*K38-'Necesidades Trimestrales'!I36 -> 0
A39: Costo total estimado: Trece millones ochenta y cuatro mil trescientos noventa con 00/100.- | J39: =SUMPRODUCT(J12:J38,K12:K38) -> 13084390

Sheet Autor Gastar
A1: EJERCICIO: | D1: ='Necesidades Trimestrales'!C6 -> 2021 | P1: AUTORIZACION PARA GASTAR
A4: JURISDICCIÓN: | G4: =NotaPedido!D3 -> 40 - Ministerio de Salud
A5: SAF: | G5: =NotaPedido!D4 -> 23 - Hospital Interzonal San Juan Bautista
A6: UNIDAD EJECUTORA: | G6: =NotaPedido!D5 -> 168 - Direccion Asistencial
A7: DEPENDENCIA SOLICITANTE: | G7: =NotaPedido!D6 -> Servicio de Farmacia
A8: AUTORIZACIÓN:
A9: Señor Jefe de Servicio Administrativo Financiero:
A10: ="Autorizo la realización de los trámites correspondientes, a fin de proveer a este Organismo los bienes y/o servicios que se detallan en Nota de Pedido N° " & NotaPedido!K1&", afectando la erogación resultante a los créditos presupuestarios aprobados a favor de esta Unidad Ejecutora, conforme al siguiente detalle:" -> Autorizo la realización de los trámites correspondientes, a fin de proveer a este Organismo los bienes y/o servicios que se detallan en Nota de Pedido N° 089 - 2021, afectando la erogación resultante a los créditos presupuestarios aprobados a favor de esta Unidad Ejecutora, conforme al siguiente detalle:
A12: IMPUTACIÓN PRESUPUESTARIA
A13: CÓDIGO | O13: DENOMINACIÓN DE LA PARTIDA PRESUPUESTARIA | Q13: IMPORTE
A14: PR | B14: SB | C14: PY | D14: AC | E14: OB | F14: UG | G14: FIN | H14: FUN | I14: I | J14: P | K14: P | L14: SubP | M14: M | N14: FF
A15: 33 | D15: 2 | F15: 4901 | G15: 3 | H15: 3.1 | I15: 2 | J15: 5 | K15: 2 | M15: 1 | N15: 1.1 | O15: Productos Farmaceuticos y Medicinales | Q15: 13084390
A22: TOTAL DE PESOS: TRECE MILLONES OCHENTA Y CUATRO MIL TRESCIENTOS NOVENTA CON 00/100.-- | Q22: =SUM(Q15:Q21) -> 13084390
A24: JUSTIFICACIÓN:
A25: ="Para la "& NotaPedido!D8 &" para ser destinados al " & NotaPedido!D6 &" del HISJB del Ministerio de Salud." -> Para la Adquisición de Medicamentos COVID para ser destinados al Servicio de Farmacia del HISJB del Ministerio de Salud.
