Workbook

Sheet SAF 011
A1: 2022
B2: Pedido de Necesidades Trimestrales
A4: JURISDICCION: | C4: 040 - MINISTERIO DE SALUD
A5: SAF N°: | C5: 011 - DIRECCION PROVINCIAL DE ADMINISTRACION - MINISTERIO DE SALUD
A6: EJERCICIO: | C6: 2022
A7: TRIMESTRE: | C7: TERCERO
A9: ID | B9: CODIGO ITEM | C9: RUBRO DE COMPRA | D9: I.P.P. | E9: DESCRIPCION | F9: UNIDAD DE MEDIDA | G9: SUMAR | H9: TOTAL SUMAR | I9: CANTIDAD TOTAL | J9: PRECIO UNITARIO ESTIMADO | K9: IMPORTE TOTAL ESTIMADO | L9: ESPECIFICACION TECNICA
A10: 1 | B10: 2.4.4-6818.980 | C10: REPUESTOS | D10: 2.4.4 | E10: NEUMATICOS; VEHICULO: AMBULANCIA/FURGON/MINIBUS, CONSTRUCCION: RADIAL, ARMADO: S/CAMARA, MEDIDA: 195/70-R15 | F10: UNIDAD | I10: 6 | J10: 38150 | K10: =+I10*J10 -> 228900
A11: 2 | B11: 2.4.4-6818.986 | C11: REPUESTOS | D11: 2.4.4 | E11: NEUMATICOS; VEHICULO: AMBULANCIA/FURGON/MINIBUS, CONSTRUCCION: RADIAL, ARMADO: S/CAMARA, MEDIDA: 205/75R16 | F11: UNIDAD | I11: 26 | J11: 46200 | K11: =+I11*J11 -> 1201200
A12: 3 | B12: 2.4.4-6818.724 | C12: REPUESTOS | D12: 2.4.4 | E12: NEUMATICOS; VEHICULO: CAMIONETA, CONSTRUCCION: CON CLAVOS, ARMADO: S/CAMARA, MEDIDA: 215/75R16 | F12: UNIDAD | I12: 16 | J12: 40550 | K12: =+I12*J12 -> 648800
A13: 4 | B13: 2.4.4-6818.801 | C13: REPUESTOS | D13: 2.4.4 | E13: NEUMATICOS; VEHICULO: CAMIONETA, CONSTRUCCION: CON CLAVOS, ARMADO: S/CAMARA, MEDIDA: 265/70R16 | F13: UNIDAD | I13: 8 | J13: 49200 | K13: =+I13*J13 -> 393600
A14: 5 | B14: 2.4.4-6818.989 | C14: REPUESTOS | D14: 2.4.4 | E14: NEUMATICOS; VEHICULO: CAMIONETA, CONSTRUCCION: RADIAL, ARMADO: S/CAMARA, MEDIDA: 225/70 R17 | F14: UNIDAD | I14: 4 | J14: 53600 | K14: =+I14*J14 -> 214400
A15: 6 | B15: 2.4.4-6818.744 | C15: REPUESTOS | D15: 2.4.4 | E15: NEUMATICOS; VEHICULO: CAMIONETA, CONSTRUCCION: RADIAL, ARMADO: S/CAMARA, MEDIDA: 235/70R16 | F15: UNIDAD | I15: 8 | J15: 47200 | K15: =+I15*J15 -> 377600
A16: 7 | B16: 2.4.4-6818.53 | C16: REPUESTOS | D16: 2.4.4 | E16: NEUMATICOS; VEHICULO: CAMIONETA, CONSTRUCCION: RADIAL, ARMADO: S/CAMARA, MEDIDA: 235/75R16 | F16: UNIDAD | I16: 4 | J16: 47200 | K16: =+I16*J16 -> 188800
A17: 8 | B17: 2.4.4-6818.751 | C17: REPUESTOS | D17: 2.4.4 | E17: NEUMATICOS; VEHICULO: CAMIONETA, CONSTRUCCION: RADIAL, ARMADO: S/CAMARA, MEDIDA: 245/65 R17 | F17: UNIDAD | I17: 20 | J17: 50950 | K17: =+I17*J17 -> 1019000
A18: 9 | B18: 2.4.4-6818.530 | C18: REPUESTOS | D18: 2.4.4 | E18: NEUMATICOS; VEHICULO: CAMIONETA, CONSTRUCCION: RADIAL, ARMADO: S/CAMARA, MEDIDA: 245/70R16 | F18: UNIDAD | I18: 8 | J18: 50950 | K18: =+I18*J18 -> 407600
A19: 10 | B19: 2.4.4-6818.755 | C19: REPUESTOS | D19: 2.4.4 | E19: NEUMATICOS; VEHICULO: CAMIONETA, CONSTRUCCION: RADIAL, ARMADO: S/CAMARA, MEDIDA: 255/70R16 | F19: UNIDAD | I19: 4 | J19: 52500 | K19: =+I19*J19 -> 210000
A20: 11 | B20: 2.4.4-6818.890 | C20: REPUESTOS | D20: 2.4.4 | E20: NEUMATICOS; VEHICULO: CAMIONETA, CONSTRUCCION: RADIAL, ARMADO: SIN CAMARA, MEDIDA: 265/60R18 | F20: UNIDAD | I20: 2 | J20: 79999 | K20: =+I20*J20 -> 159998
A21: 12 | B21: 2.4.4-6818.48 | C21: REPUESTOS | D21: 2.4.4 | E21: NEUMATICOS; VEHICULO: CAMIONETA, CONSTRUCCION: RADIAL, MEDIDA: 235/75R15, ARMADO: S/CAMARA | F21: UNIDAD | I21: 4 | J21: 40880 | K21: =+I21*J21 -> 163520
E22: TOTAL RUBRO NEUMATICOS | K22: =+SUM(K10:K21) -> 5213418
C25: Descripción técnica: | D25: Deben ser de primera calidad. Consignar Marca para cada uno de los items.
C27: Plazos de entrega | D27: diez (10) dias habiles
C29: Lugar de Entrega: | D29: SECRETARIA DE AMINISTRACION - CHACABUCO N° 169 - en el horario de 8:00hs a 12:00hs de lunes a viernes
C31: Calidad Minima esperada
C33: Mantenimiento | D33: cuarenta y cinco (45) días
C35: Garantia: | D35: Garantía de las Cubiertas: un mínimo de 12 (doce) meses a partir de la entrega de los mismos, estableciendo además un Año de fabricación mínimo del 2021 en adelante..

Sheet ANEXO
A1: DIRECCION PROVINCIAL DE ASISTENCIA SANITARIA Y AREA PROGRAMATICAS
A2: Vehiculo | B2: Dominio | C2: Nº de Motor | D2: Nº de Chasis | E2: Año | F2: USO
A3: TOYOTA HYLUX 4x4 CABINA DOBLE SR3.0 TDI. Camioneta.- | B3: OMA-771 | C3: 1KDA586508 | D3: 8AJFZZ263F5027841 | E3: 2015 | F3: OFICIAL
A4: Fiat Ducato Maxi cargo 2,3 JTD Furgon. Ambulancia.- | B4: AA-842-EH | C4: 7250726 | D4: 93W245G84H2160832 | E4: 2016 | F4: AMBULANCIA
A5: Fiat Ducato 2,3. Ambulancia.- | B5: NSE-229 | C5: 7166125 | D5: 93W245G74D2109008 | E5: 2014 | F5: AMBULANCIA
A6: Renault Master DCI120. Ambulancia - | B6: GUO-325 | C6: G9UA7240035511 | D6: 93YADCUE58J896313 | E6: 2007 | F6: AMBULANCIA
A7: Fiat Ducato Ambulancia.- | B7: AA-842-EM | C7: 7250657 | D7: 93W245G84H2160779 | E7: 2016 | F7: AMBULANCIA
A8: Toyota Hilyx 4x4 C/S DX 2,4 TDI 6 M/T | B8: AE-212-GE | C8: 2GD-G108393 | D8: 8AJFB8CBXK1558448 | E8: 2020 | F8: AMBULANCIA
A9: Toyota Hilux 4x4 CS DX 2,4 TDI 6 MT- Ambulancia.- | B9: AE-677-LI | C9: 2GD0883798 | D9: 8AJD3CB4M5542249 | E9: 2021 | F9: AMBULANCIA
A10: Fiat Ducato Maxicargo 2,3 JTD.- | B10: AA-842-ED | C10: 7250709 | D10: 93W245G84H2160784 | E10: 2016 | F10: AMBULANCIA
A11: Fiat Ducato Maxicargo L2B 2,3 TJ. Ambulancia.- | B11: NHW-648 | C11: 7167125 | D11: 93W245G84D2109432 | E11: 2014 | F11: AMBULANCIA
A12: Fiat Ducato Maxicargo L2B 2,3 TJ. Ambulancia.- | B12: AA-842-EE | C12: 7250752 | D12: 96W245G84H2160826 | E12: 2016 | F12: AMBULANCIA
A13: Ford Transit- Ambulancia.- | B13: POD-622 | C13: CY24FTD15384 | D13: WF0BXKTTGFTD15384 | E13: 2016 | F13: AMBULANCIA
A14: Toyota Hilux 4x4 CS DX 2,4 TDI 6 MT- Ambulancia.- | B14: AE-677-LI | C14: 2GD0883798 | D14: 8AJD3CB4M5542249 | E14: 2021 | F14: AMBULANCIA
A15: Toyota Hilux 4x4- Ambulancia.- | B15: AA-793-NH | C15: 2GD0106226 | D15: BAJFBBCB1H155 | E15: 2017 | F15: AMBULANCIA
A16: Toyota Hilux 4x4 CS DX 2,4 TDI 6 MT- Ambulancia.- | B16: AE-414-KY | C16: 2GD0711512 | D16: 8AJFB8CB2L1560244 | E16: 2020 | F16: AMBULANCIA
A17: Peugeot Boxer Premiun 2.2 HDI 435MH 130. Ambulancia.- | B17: AE-677-LG | C17: 10TRJP1702135 | D17: VF3YDTMFBM271918 | E17: 2021 | F17: OFICIAL
A18: Renault Master 120 T - Ambulancia.- | B18: GUO-326 | C18: G9UA724C0353 | D18: 93YADCUE58J896346 | E18: 2008 | F18: AMBULANCIA
A19: Toyota A-HIACE L2H2 2.8 TDI 6AT 3A tipo Furgón.- | B19: AE 916 QA | C19: 1GD-8736264 | D19: JTFLAHCP9M6008857 | E19: 2021 | F19: AMBULANCIA
A20: Fiat Ducato maxicargo 2,3 JTD - Ambulancia.- | B20: AA-842-EO | C20: 7250753 | D20: 93W245G84H2160825 | E20: 2016 | F20: AMBULANCIA
A21: Fiat Ducato maxicargo 2,3 JTD - Ambulancia.- | B21: NHW-646 | C21: 7167242 | D21: 93W245G84D2109591 | E21: 2013 | F21: AMBULANCIA
A22: Fiat Ducato Maxi Cargo 2,3 JTD- Ambulancia | B22: AA-842-EC | C22: 7250703 | D22: 93W245G84H2160823 | E22: 2016 | F22: AMBULANCIA
A23: SECRETARIA DE MEDICINA PREVENTIVA Y PROMOCION EN SALUD
A24: Ford Ranger 2,2 TDI DC 4x4 FDI PH3 confort. Camioneta.- | B24: AD-644-GA | C24: QJ2RKJ140722 | D24: 8AFAR23K0KJ40722 | E24: 2019 | F24: OFICIAL
A25: M. Benz Sprinter 413D Chasis 4025 | B25: GUV-912 | C25: 61198170071973 | D25: 8AC9046638A980886 | E25: 2008 | F25: OFICIAL
A26: M. Benz Sprinter.- | B26: GUV-910 | C26: 61198170074409 | D26: 8AC9046638A983668 | E26: 2008 | F26: OFICIAL
A27: DIRECCION PROVINCIAL SISTEMA DE ATENCION MEDICA DE EMERGENCIA
A28: Toyota Hilux 4x4 CS DX 2,4 TDI 6 MT- Ambulancia.- | B28: AE-677-LH | C28: 2GD0880326 | D28: 8AJDB3CB9M5542084 | E28: 2021 | F28: AMBULANCIA
A30: DIRECCION PROVINCIAL MATERNIDAD, INFANCIA Y ADOLESCENCIA
A31: Frod Ranger XL 3,0 TDI DC 4x4 Plus L. Camioneta.- | B31: JRJ-107 | C31: L1A008610 | D31: 8AFER13P6BJ398167 | E31: 2011 | F31: OFICIAL
A32: SECRETARIA DE ASISTENCIA EN SALUD PUBLICA
A33: Chevrolet S10 2,8 TED 4X2 LS Pick up . Camioneta.- | B33: AC-091-RR | C33: HRUF171781023 | D33: 9BG148CK0JC414811 | E33: 2017 | F33: OFICIAL
A34: DIRECCION PROVINCIAL ATENCION INTEGRAL A PERSONAS CON DISCAPACIDAD
A35: Chevrolet S10 2,8 TDI 4x2 D/C DLX EL. Camioneta.- | B35: GAJ-557 | C35: M1T241375 | D35: 9BG138AC06C426943 | E35: 2007 | F35: OFICIAL
A36: MINISTERIO DE SALUD
A37: Toyota hylux AK-SW4-4x4 SRX 2,8 TDI. Camioneta.- | B37: AD-125-XL | C37: 1GD-4378200 | D37: 8AJBA3FS8J0250098 | E37: 2018 | F37: OFICIAL

Sheet NP SMPyPS
A1: NOTA DE PEDIDO | J1: N°
A3: JURISDICCIÓN: | D3: ='SAF 011'!C4 -> 040 - MINISTERIO DE SALUD
A4: SAF: | D4: ='SAF 011'!C5 -> 011 - DIRECCION PROVINCIAL DE ADMINISTRACION - MINISTERIO DE SALUD
A5: UNIDAD EJECUTORA: | D5: 744 - SECRETARIA DE MEDICINA PREVENTIVA Y PROMOCION EN SALUD
A6: DEPENDENCIA SOLICITANTE: | D6: 744 - SECRETARIA DE MEDICINA PREVENTIVA Y PROMOCION EN SALUD
A7: PERIODO UTILIZACIÓN: | D7: 3° TRIMESTRE 2022
A8: OBJETO: | D8: ADQ. DEL RUBRO CUBIERTAS
A10: Ítem | B10: Codigo Item | C10: DESCRIPCIÓN | H10: Adjunta Detalle Técnico | I10: Unidad Medida | J10: Precio Unitario Estimado | K10: Cantidad Solicitada
A12: 1 | B12: ='SAF 011'!B10 -> 2.4.4-6818.980 | C12: ='SAF 011'!E10 -> NEUMATICOS; VEHICULO: AMBULANCIA/FURGON/MINIBUS, CONSTRUCCION: RADIAL, ARMADO: S/CAMARA, MEDIDA: 195/70-R15 | H12: NO | I12: ='SAF 011'!F10 -> UNIDAD | J12: ='SAF 011'!J10 -> 38150 | K12: 6
A13: 2 | B13: ='SAF 011'!B16 -> 2.4.4-6818.53 | C13: ='SAF 011'!E16 -> NEUMATICOS; VEHICULO: CAMIONETA, CONSTRUCCION: RADIAL, ARMADO: S/CAMARA, MEDIDA: 235/75R16 | H13: NO | I13: ='SAF 011'!F16 -> UNIDAD | J13: ='SAF 011'!J16 -> 47200 | K13: 4
A15: Costo total estimado: PESOS CUATROCIENTOS DIECISIETE MIL SETECIENTOS CON 00/100.- | J15: =SUMPRODUCT(J12:J14,K12:K14) -> 417700

Sheet APG SMPyPS
A1: EJERCICIO: | D1: 2022 | P1: AUTORIZACION PARA GASTAR
A4: JURISDICCIÓN: | G4: ='NP SMPyPS'!D3 -> 040 - MINISTERIO DE SALUD
A5: SAF: | G5: ='NP SMPyPS'!D4 -> 011 - DIRECCION PROVINCIAL DE ADMINISTRACION - MINISTERIO DE SALUD
A6: UNIDAD EJECUTORA: | G6: ='NP SMPyPS'!D5 -> 744 - SECRETARIA DE MEDICINA PREVENTIVA Y PROMOCION EN SALUD
A7: DEPENDENCIA SOLICITANTE: | G7: ='NP SMPyPS'!D6 -> 744 - SECRETARIA DE MEDICINA PREVENTIVA Y PROMOCION EN SALUD
A8: AUTORIZACIÓN:
A9: Señor Director de Administración o Titular del Servicio Administrativo Financiero:
A10: Autorizo la realización de los trámites correspondientes, a fin de proveer a este Organismo los bienes que se detallan en Nota de Pedido N°....... , afectando la erogación resultante a los créditos presupuestarios aprobados a favor de esta Unidad Ejecutora, conforme al siguiente detalle:
A12: IMPUTACIÓN PRESUPUESTARIA
A13: CÓDIGO | O13: DENOMINACIÓN DE LA PARTIDA PRESUPUESTARIA | Q13: IMPORTE
A14: PR | B14: SB | C14: PY | D14: AC | E14: OB | F14: UG | G14: FIN | H14: FUN | I14: I | J14: P | K14: P | L14: SubP | M14: M | N14: FF
A15: 4 | D15: 1 | F15: 4901 | G15: 1 | H15: 3 | I15: 2 | J15: 4 | K15: 4 | M15: 1 | N15: 1.1 | O15: CUBIERTAS Y CAMARAS DE AIRE | Q15: 200000
A16: 4 | D16: 2 | F16: 4901 | G16: 3 | H16: 1 | I16: 2 | J16: 4 | K16: 4 | M16: 1 | N16: 1.1 | O16: CUBIERTAS Y CAMARAS DE AIRE | Q16: 217700
A38: TOTAL DE PESOS: CUATROCIENTOS DIECISIETE MIL SETECIENTOS CON 00/100.- | Q38: =SUM(Q15:Q37) -> 417700
A40: JUSTIFICACIÓN:
A41: ='NP SMPyPS'!D8 -> ADQ. DEL RUBRO CUBIERTAS

Sheet NP DPSAME
A1: NOTA DE PEDIDO | J1: N°
A3: JURISDICCIÓN: | D3: ='SAF 011'!C4 -> 040 - MINISTERIO DE SALUD
A4: SAF: | D4: ='SAF 011'!C5 -> 011 - DIRECCION PROVINCIAL DE ADMINISTRACION - MINISTERIO DE SALUD
A5: UNIDAD EJECUTORA: | D5: 748 - DIRECCION PROVINCIAL SISTEMA DE ATENCION MEDICA DE EMERGENCIA
A6: DEPENDENCIA SOLICITANTE: | D6: 748 - DIRECCION PROVINCIAL SISTEMA DE ATENCION MEDICA DE EMERGENCIA
A7: PERIODO UTILIZACIÓN: | D7: 3° TRIMESTRE 2022
A8: OBJETO: | D8: ADQ. DEL RUBRO CUBIERTAS
A10: Ítem | B10: Codigo Item | C10: DESCRIPCIÓN | H10: Adjunta Detalle Técnico | I10: Unidad Medida | J10: Precio Unitario Estimado | K10: Cantidad Solicitada
A12: 1 | B12: ='SAF 011'!B19 -> 2.4.4-6818.755 | C12: ='SAF 011'!E19 -> NEUMATICOS; VEHICULO: CAMIONETA, CONSTRUCCION: RADIAL, ARMADO: S/CAMARA, MEDIDA: 255/70R16 | H12: NO | I12: ='SAF 011'!F19 -> UNIDAD | J12: ='SAF 011'!J19 -> 52500 | K12: 4
A14: Costo total estimado: PESOS DOSCIENTOS DIEZ MIL CON 00/100.- | J14: =SUMPRODUCT(J12:J13,K12:K13) -> 210000

Sheet APG DPSAME
A1: EJERCICIO: | D1: 2022 | P1: AUTORIZACION PARA GASTAR
A4: JURISDICCIÓN: | G4: ='NP DPSAME'!D3 -> 040 - MINISTERIO DE SALUD
A5: SAF: | G5: ='NP DPSAME'!D4 -> 011 - DIRECCION PROVINCIAL DE ADMINISTRACION - MINISTERIO DE SALUD
A6: UNIDAD EJECUTORA: | G6: ='NP DPSAME'!D5 -> 748 - DIRECCION PROVINCIAL SISTEMA DE ATENCION MEDICA DE EMERGENCIA
A7: DEPENDENCIA SOLICITANTE: | G7: ='NP DPSAME'!D6 -> 748 - DIRECCION PROVINCIAL SISTEMA DE ATENCION MEDICA DE EMERGENCIA
A8: AUTORIZACIÓN:
A9: Señor Director de Administración o Titular del Servicio Administrativo Financiero:
A10: Autorizo la realización de los trámites correspondientes, a fin de proveer a este Organismo los bienes que se detallan en Nota de Pedido N°....... , afectando la erogación resultante a los créditos presupuestarios aprobados a favor de esta Unidad Ejecutora, conforme al siguiente detalle:
A12: IMPUTACIÓN PRESUPUESTARIA
A13: CÓDIGO | O13: DENOMINACIÓN DE LA PARTIDA PRESUPUESTARIA | Q13: IMPORTE
A14: PR | B14: SB | C14: PY | D14: AC | E14: OB | F14: UG | G14: FIN | H14: FUN | I14: I | J14: P | K14: P | L14: SubP | M14: M | N14: FF
A15: 31 | D15: 1 | F15: 4901 | G15: 3 | H15: 1 | I15: 2 | J15: 4 | K15: 4 | M15: 1 | N15: 1.1 | O15: CUBIERTAS Y CAMARAS DE AIRE | Q15: 210000
A38: TOTAL DE PESOS: DOSCIENTOS DIEZ MIL CON 00/100.- | Q38: =SUM(Q15:Q37) -> 210000
A40: JUSTIFICACIÓN:
A41: ='NP DPSAME'!D8 -> ADQ. DEL RUBRO CUBIERTAS

Sheet NP DPMIA
A1: NOTA DE PEDIDO | J1: N°
A3: JURISDICCIÓN: | D3: ='SAF 011'!C4 -> 040 - MINISTERIO DE SALUD
A4: SAF: | D4: ='SAF 011'!C5 -> 011 - DIRECCION PROVINCIAL DE ADMINISTRACION - MINISTERIO DE SALUD
A5: UNIDAD EJECUTORA: | D5: 162 - DIRECCION PROVINCIAL DE MATERNIDAD, INFANCIA Y ADOLESCENCIA
A6: DEPENDENCIA SOLICITANTE: | D6: 162 - DIRECCION PROVINCIAL DE MATERNIDAD, INFANCIA Y ADOLESCENCIA
A7: PERIODO UTILIZACIÓN: | D7: 3° TRIMESTRE 2022
A8: OBJETO: | D8: ADQ. DEL RUBRO CUBIERTAS
A10: Ítem | B10: Codigo Item | C10: DESCRIPCIÓN | H10: Adjunta Detalle Técnico | I10: Unidad Medida | J10: Precio Unitario Estimado | K10: Cantidad Solicitada
A12: 1 | B12: ='SAF 011'!B21 -> 2.4.4-6818.48 | C12: ='SAF 011'!E21 -> NEUMATICOS; VEHICULO: CAMIONETA, CONSTRUCCION: RADIAL, MEDIDA: 235/75R15, ARMADO: S/CAMARA | H12: NO | I12: ='SAF 011'!F21 -> UNIDAD | J12: ='SAF 011'!J21 -> 40880 | K12: 4
A14: Costo total estimado: PESOS CIENTO SESENTA Y TRES MIL QUINIENTOS VEINTE CON 00/100.- | J14: =SUMPRODUCT(J12:J12,K12:K12) -> 163520

Sheet APG DPMIA
A1: EJERCICIO: | D1: 2022 | P1: AUTORIZACION PARA GASTAR
A4: JURISDICCIÓN: | G4: ='NP DPMIA'!D3 -> 040 - MINISTERIO DE SALUD
A5: SAF: | G5: ='NP DPMIA'!D4 -> 011 - DIRECCION PROVINCIAL DE ADMINISTRACION - MINISTERIO DE SALUD
A6: UNIDAD EJECUTORA: | G6: ='NP DPMIA'!D5 -> 162 - DIRECCION PROVINCIAL DE MATERNIDAD, INFANCIA Y ADOLESCENCIA
A7: DEPENDENCIA SOLICITANTE: | G7: ='NP DPMIA'!D6 -> 162 - DIRECCION PROVINCIAL DE MATERNIDAD, INFANCIA Y ADOLESCENCIA
A8: AUTORIZACIÓN:
A9: Señor Director de Administración o Titular del Servicio Administrativo Financiero:
A10: Autorizo la realización de los trámites correspondientes, a fin de proveer a este Organismo los bienes que se detallan en Nota de Pedido N°....... , afectando la erogación resultante a los créditos presupuestarios aprobados a favor de esta Unidad Ejecutora, conforme al siguiente detalle:
A12: IMPUTACIÓN PRESUPUESTARIA
A13: CÓDIGO | O13: DENOMINACIÓN DE LA PARTIDA PRESUPUESTARIA | Q13: IMPORTE
A14: PR | B14: SB | C14: PY | D14: AC | E14: OB | F14: UG | G14: FIN | H14: FUN | I14: I | J14: P | K14: P | L14: SubP | M14: M | N14: FF
A15: 20 | D15: 1 | F15: 4901 | G15: 3 | H15: 1 | I15: 2 | J15: 4 | K15: 4 | M15: 1 | N15: 1.1 | O15: CUBIERTAS Y CAMARAS DE AIRE | Q15: 163520
A38: TOTAL DE PESOS: CIENTO SESENTA Y TRES MIL QUINIENTOS VEINTE CON 00/100.- | Q38: =SUM(Q15:Q37) -> 163520
A40: JUSTIFICACIÓN:
A41: ='NP DPMIA'!D8 -> ADQ. DEL RUBRO CUBIERTAS

Sheet NP SASP
A1: NOTA DE PEDIDO | J1: N°
A3: JURISDICCIÓN: | D3: ='SAF 011'!C4 -> 040 - MINISTERIO DE SALUD
A4: SAF: | D4: ='SAF 011'!C5 -> 011 - DIRECCION PROVINCIAL DE ADMINISTRACION - MINISTERIO DE SALUD
A5: UNIDAD EJECUTORA: | D5: 743 - SECRETARIA DE ASISTENCIA EN SALUD PUBLICA
A6: DEPENDENCIA SOLICITANTE: | D6: 743 - SECRETARIA DE ASISTENCIA EN SALUD PUBLICA
A7: PERIODO UTILIZACIÓN: | D7: 3° TRIMESTRE 2022
A8: OBJETO: | D8: ADQ. DEL RUBRO CUBIERTAS
A10: Ítem | B10: Codigo Item | C10: DESCRIPCIÓN | H10: Adjunta Detalle Técnico | I10: Unidad Medida | J10: Precio Unitario Estimado | K10: Cantidad Solicitada
A12: 1 | B12: ='SAF 011'!B18 -> 2.4.4-6818.530 | C12: ='SAF 011'!E18 -> NEUMATICOS; VEHICULO: CAMIONETA, CONSTRUCCION: RADIAL, ARMADO: S/CAMARA, MEDIDA: 245/70R16 | H12: NO | I12: ='SAF 011'!F18 -> UNIDAD | J12: ='SAF 011'!J18 -> 50950 | K12: 4
A14: Costo total estimado: PESOS DOSCIENTOS TRES MIL OCHOCIENTOS CON 00/100.- | J14: =SUMPRODUCT(J12:J13,K12:K13) -> 203800

Sheet APG SASP
A1: EJERCICIO: | D1: 2022 | P1: AUTORIZACION PARA GASTAR
A4: JURISDICCIÓN: | G4: ='NP SASP'!D3 -> 040 - MINISTERIO DE SALUD
A5: SAF: | G5: ='NP SASP'!D4 -> 011 - DIRECCION PROVINCIAL DE ADMINISTRACION - MINISTERIO DE SALUD
A6: UNIDAD EJECUTORA: | G6: ='NP SASP'!D5 -> 743 - SECRETARIA DE ASISTENCIA EN SALUD PUBLICA
A7: DEPENDENCIA SOLICITANTE: | G7: ='NP SASP'!D6 -> 743 - SECRETARIA DE ASISTENCIA EN SALUD PUBLICA
A8: AUTORIZACIÓN:
A9: Señor Director de Administración o Titular del Servicio Administrativo Financiero:
A10: Autorizo la realización de los trámites correspondientes, a fin de proveer a este Organismo los bienes que se detallan en Nota de Pedido N°....... , afectando la erogación resultante a los créditos presupuestarios aprobados a favor de esta Unidad Ejecutora, conforme al siguiente detalle:
A12: IMPUTACIÓN PRESUPUESTARIA
A13: CÓDIGO | O13: DENOMINACIÓN DE LA PARTIDA PRESUPUESTARIA | Q13: IMPORTE
A14: PR | B14: SB | C14: PY | D14: AC | E14: OB | F14: UG | G14: FIN | H14: FUN | I14: I | J14: P | K14: P | L14: SubP | M14: M | N14: FF
A15: 3 | D15: 1 | F15: 4901 | G15: 3 | H15: 1 | I15: 2 | J15: 4 | K15: 4 | M15: 1 | N15: 1.1 | O15: CUBIERTAS Y CAMARAS DE AIRE | Q15: 203800
A38: TOTAL DE PESOS: DOSCIENTOS TRES MIL OCHOCIENTOS CON 00/100 | Q38: =SUM(Q15:Q37) -> 203800
A40: JUSTIFICACIÓN:
A41: ='NP SASP'!D8 -> ADQ. DEL RUBRO CUBIERTAS

Sheet NP DPAIPD
A1: NOTA DE PEDIDO | J1: N°
A3: JURISDICCIÓN: | D3: ='SAF 011'!C4 -> 040 - MINISTERIO DE SALUD
A4: SAF: | D4: ='SAF 011'!C5 -> 011 - DIRECCION PROVINCIAL DE ADMINISTRACION - MINISTERIO DE SALUD
A5: UNIDAD EJECUTORA: | D5: 093 - DIRECCION PROVINCIAL DE ASISTENCIA INTEGRAL A PERSONAS CON DISCAPACIDAD
A6: DEPENDENCIA SOLICITANTE: | D6: 093 - DIRECCION PROVINCIAL DE ASISTENCIA INTEGRAL A PERSONAS CON DISCAPACIDAD
A7: PERIODO UTILIZACIÓN: | D7: 3° TRIMESTRE 2022
A8: OBJETO: | D8: ADQ. DEL RUBRO CUBIERTAS
A10: Ítem | B10: Codigo Item | C10: DESCRIPCIÓN | H10: Adjunta Detalle Técnico | I10: Unidad Medida | J10: Precio Unitario Estimado | K10: Cantidad Solicitada
A12: 1 | B12: ='SAF 011'!B15 -> 2.4.4-6818.744 | C12: ='SAF 011'!E15 -> NEUMATICOS; VEHICULO: CAMIONETA, CONSTRUCCION: RADIAL, ARMADO: S/CAMARA, MEDIDA: 235/70R16 | H12: NO | I12: ='SAF 011'!F15 -> UNIDAD | J12: ='SAF 011'!J15 -> 47200 | K12: 4
A14: Costo total estimado: PESOS CIENTO OCHENTA Y OCHO MIL OCHOCIENTOS CON 00/100.- | J14: =SUMPRODUCT(J12:J13,K12:K13) -> 188800

Sheet APG DPAIPD
A1: EJERCICIO: | D1: 2022 | P1: AUTORIZACION PARA GASTAR
A4: JURISDICCIÓN: | G4: ='NP DPAIPD'!D3 -> 040 - MINISTERIO DE SALUD
A5: SAF: | G5: ='NP DPAIPD'!D4 -> 011 - DIRECCION PROVINCIAL DE ADMINISTRACION - MINISTERIO DE SALUD
A6: UNIDAD EJECUTORA: | G6: ='NP DPAIPD'!D5 -> 093 - DIRECCION PROVINCIAL DE ASISTENCIA INTEGRAL A PERSONAS CON DISCAPACIDAD
A7: DEPENDENCIA SOLICITANTE: | G7: ='NP DPAIPD'!D6 -> 093 - DIRECCION PROVINCIAL DE ASISTENCIA INTEGRAL A PERSONAS CON DISCAPACIDAD
A8: AUTORIZACIÓN:
A9: Señor Director de Administración o Titular del Servicio Administrativo Financiero:
A10: Autorizo la realización de los trámites correspondientes, a fin de proveer a este Organismo los bienes que se detallan en Nota de Pedido N°....... , afectando la erogación resultante a los créditos presupuestarios aprobados a favor de esta Unidad Ejecutora, conforme al siguiente detalle:
A12: IMPUTACIÓN PRESUPUESTARIA
A13: CÓDIGO | O13: DENOMINACIÓN DE LA PARTIDA PRESUPUESTARIA | Q13: IMPORTE
A14: PR | B14: SB | C14: PY | D14: AC | E14: OB | F14: UG | G14: FIN | H14: FUN | I14: I | J14: P | K14: P | L14: SubP | M14: M | N14: FF
A15: 26 | D15: 1 | F15: 4901 | G15: 3 | H15: 1 | I15: 2 | J15: 4 | K15: 4 | M15: 1 | N15: 1.1 | O15: CUBIERTAS Y CAMARAS DE AIRE | Q15: 188800
A38: TOTAL DE PESOS: CIENTO OCHENTA Y OCHO MIL OCHOCIENTOS CON 00/100.- | Q38: =SUM(Q15:Q37) -> 188800
A40: JUSTIFICACIÓN:
A41: ='NP DPAIPD'!D8 -> ADQ. DEL RUBRO CUBIERTAS

Sheet NP DPAS
A1: NOTA DE PEDIDO | J1: N°
A3: JURISDICCIÓN: | D3: ='SAF 011'!C4 -> 040 - MINISTERIO DE SALUD
A4: SAF: | D4: ='SAF 011'!C5 -> 011 - DIRECCION PROVINCIAL DE ADMINISTRACION - MINISTERIO DE SALUD
A5: UNIDAD EJECUTORA: | D5: 476 - DIRECCION PROVINCIAL DE ASISTENCIA SANITARIA NIVEL I Y II
A6: DEPENDENCIA SOLICITANTE: | D6: 476 - DIRECCION PROVINCIAL DE ASISTENCIA SANITARIA NIVEL I Y II
A7: PERIODO UTILIZACIÓN: | D7: 3° TRIMESTRE 2022
A8: OBJETO: | D8: ADQ. DEL RUBRO CUBIERTAS
A10: Ítem | B10: Codigo Item | C10: DESCRIPCIÓN | H10: Adjunta Detalle Técnico | I10: Unidad Medida | J10: Precio Unitario Estimado | K10: Cantidad Solicitada
A12: 1 | B12: ='SAF 011'!B11 -> 2.4.4-6818.986 | C12: ='SAF 011'!E11 -> NEUMATICOS; VEHICULO: AMBULANCIA/FURGON/MINIBUS, CONSTRUCCION: RADIAL, ARMADO: S/CAMARA, MEDIDA: 205/75R16 | H12: NO | I12: ='SAF 011'!F11 -> UNIDAD | J12: ='SAF 011'!J11 -> 46200 | K12: 26
A13: 2 | B13: ='SAF 011'!B12 -> 2.4.4-6818.724 | C13: ='SAF 011'!E12 -> NEUMATICOS; VEHICULO: CAMIONETA, CONSTRUCCION: CON CLAVOS, ARMADO: S/CAMARA, MEDIDA: 215/75R16 | H13: NO | I13: ='SAF 011'!F12 -> UNIDAD | J13: ='SAF 011'!J12 -> 40550 | K13: 16
A14: 3 | B14: ='SAF 011'!B13 -> 2.4.4-6818.801 | C14: ='SAF 011'!E13 -> NEUMATICOS; VEHICULO: CAMIONETA, CONSTRUCCION: CON CLAVOS, ARMADO: S/CAMARA, MEDIDA: 265/70R16 | H14: NO | I14: ='SAF 011'!F13 -> UNIDAD | J14: ='SAF 011'!J13 -> 49200 | K14: 8
A15: 4 | B15: ='SAF 011'!B14 -> 2.4.4-6818.989 | C15: ='SAF 011'!E14 -> NEUMATICOS; VEHICULO: CAMIONETA, CONSTRUCCION: RADIAL, ARMADO: S/CAMARA, MEDIDA: 225/70 R17 | H15: NO | I15: ='SAF 011'!F14 -> UNIDAD | J15: ='SAF 011'!J14 -> 53600 | K15: 4
A16: 5 | B16: ='SAF 011'!B15 -> 2.4.4-6818.744 | C16: ='SAF 011'!E15 -> NEUMATICOS; VEHICULO: CAMIONETA, CONSTRUCCION: RADIAL, ARMADO: S/CAMARA, MEDIDA: 235/70R16 | H16: NO | I16: ='SAF 011'!F15 -> UNIDAD | J16: ='SAF 011'!J15 -> 47200 | K16: 4
A17: 6 | B17: ='SAF 011'!B17 -> 2.4.4-6818.751 | C17: ='SAF 011'!E17 -> NEUMATICOS; VEHICULO: CAMIONETA, CONSTRUCCION: RADIAL, ARMADO: S/CAMARA, MEDIDA: 245/65 R17 | H17: NO | I17: ='SAF 011'!F17 -> UNIDAD | J17: ='SAF 011'!J17 -> 50950 | K17: 20
A18: 7 | B18: ='SAF 011'!B18 -> 2.4.4-6818.530 | C18: ='SAF 011'!E18 -> NEUMATICOS; VEHICULO: CAMIONETA, CONSTRUCCION: RADIAL, ARMADO: S/CAMARA, MEDIDA: 245/70R16 | H18: NO | I18: ='SAF 011'!F18 -> UNIDAD | J18: ='SAF 011'!J18 -> 50950 | K18: 4
A20: Costo total estimado: PESOS TRES MILLONES OCHOCIENTOS SESENTA Y NUEVE MIL SEISCIENTOS CON 00/100.- | J20: =SUMPRODUCT(J12:J19,K12:K19) -> 3869600

Sheet APG DPAS
A1: EJERCICIO: | D1: 2022 | P1: AUTORIZACION PARA GASTAR
A4: JURISDICCIÓN: | G4: ='NP DPAS'!D3 -> 040 - MINISTERIO DE SALUD
A5: SAF: | G5: ='NP DPAS'!D4 -> 011 - DIRECCION PROVINCIAL DE ADMINISTRACION - MINISTERIO DE SALUD
A6: UNIDAD EJECUTORA: | G6: ='NP DPAS'!D5 -> 476 - DIRECCION PROVINCIAL DE ASISTENCIA SANITARIA NIVEL I Y II
A7: DEPENDENCIA SOLICITANTE: | G7: ='NP DPAS'!D6 -> 476 - DIRECCION PROVINCIAL DE ASISTENCIA SANITARIA NIVEL I Y II
A8: AUTORIZACIÓN:
A9: Señor Director de Administración o Titular del Servicio Administrativo Financiero:
A10: Autorizo la realización de los trámites correspondientes, a fin de proveer a este Organismo los bienes que se detallan en Nota de Pedido N°....... , afectando la erogación resultante a los créditos presupuestarios aprobados a favor de esta Unidad Ejecutora, conforme al siguiente detalle:
A12: IMPUTACIÓN PRESUPUESTARIA
A13: CÓDIGO | O13: DENOMINACIÓN DE LA PARTIDA PRESUPUESTARIA | Q13: IMPORTE
A14: PR | B14: SB | C14: PY | D14: AC | E14: OB | F14: UG | G14: FIN | H14: FUN | I14: I | J14: P | K14: P | L14: SubP | M14: M | N14: FF
A15: 21 | D15: 1 | F15: 4901 | G15: 3 | H15: 1 | I15: 2 | J15: 4 | K15: 4 | M15: 1 | N15: 1.1 | O15: CUBIERTAS Y CAMARAS DE AIRE | Q15: 3869600
A38: TOTAL DE PESOS: TRES MILLONES OCHOCIENTOS SESENTA Y NUEVE MIL SEISCIENTOS CON 00/100.- | Q38: =SUM(Q15:Q37) -> 3869600
A40: JUSTIFICACIÓN:
A41: ='NP DPAS'!D8 -> ADQ. DEL RUBRO CUBIERTAS

Sheet NP MS
A1: NOTA DE PEDIDO | J1: N°
A3: JURISDICCIÓN: | D3: ='SAF 011'!C4 -> 040 - MINISTERIO DE SALUD
A4: SAF: | D4: ='SAF 011'!C5 -> 011 - DIRECCION PROVINCIAL DE ADMINISTRACION - MINISTERIO DE SALUD
A5: UNIDAD EJECUTORA: | D5: 352 - MINISTERIO DE SALUD
A6: DEPENDENCIA SOLICITANTE: | D6: 352 - MINISTERIO DE SALUD
A7: PERIODO UTILIZACIÓN: | D7: 3° TRIMESTRE 2022
A8: OBJETO: | D8: ADQ. DEL RUBRO CUBIERTAS
A10: Ítem | B10: Codigo Item | C10: DESCRIPCIÓN | H10: Adjunta Detalle Técnico | I10: Unidad Medida | J10: Precio Unitario Estimado | K10: Cantidad Solicitada
A12: 1 | B12: ='SAF 011'!B20 -> 2.4.4-6818.890 | C12: ='SAF 011'!E20 -> NEUMATICOS; VEHICULO: CAMIONETA, CONSTRUCCION: RADIAL, ARMADO: SIN CAMARA, MEDIDA: 265/60R18 | H12: NO | I12: ='SAF 011'!F20 -> UNIDAD | J12: ='SAF 011'!J20 -> 79999 | K12: 2
A14: Costo total estimado: PESOS CIENTO CINCUENTA Y NUEVE MIL NOVECIENTOS NOVENTA Y OCHO CON 00/100.- | J14: =SUMPRODUCT(J12:J12,K12:K12) -> 159998

Sheet APG MS
A1: EJERCICIO: | D1: 2022 | P1: AUTORIZACION PARA GASTAR
A4: JURISDICCIÓN: | G4: ='NP MS'!D3 -> 040 - MINISTERIO DE SALUD
A5: SAF: | G5: ='NP MS'!D4 -> 011 - DIRECCION PROVINCIAL DE ADMINISTRACION - MINISTERIO DE SALUD
A6: UNIDAD EJECUTORA: | G6: ='NP MS'!D5 -> 352 - MINISTERIO DE SALUD
A7: DEPENDENCIA SOLICITANTE: | G7: ='NP MS'!D6 -> 352 - MINISTERIO DE SALUD
A8: AUTORIZACIÓN:
A9: Señor Director de Administración o Titular del Servicio Administrativo Financiero:
A10: Autorizo la realización de los trámites correspondientes, a fin de proveer a este Organismo los bienes que se detallan en Nota de Pedido N°....... , afectando la erogación resultante a los créditos presupuestarios aprobados a favor de esta Unidad Ejecutora, conforme al siguiente detalle:
A12: IMPUTACIÓN PRESUPUESTARIA
A13: CÓDIGO | O13: DENOMINACIÓN DE LA PARTIDA PRESUPUESTARIA | Q13: IMPORTE
A14: PR | B14: SB | C14: PY | D14: AC | E14: OB | F14: UG | G14: FIN | H14: FUN | I14: I | J14: P | K14: P | L14: SubP | M14: M | N14: FF
A15: 1 | D15: 1 | F15: 4901 | G15: 3 | H15: 1 | I15: 2 | J15: 4 | K15: 4 | M15: 1 | N15: 1.1 | O15: CUBIERTAS Y CAMARAS DE AIRE | Q15: 159998
A38: TOTAL DE PESOS: CIENTO CINCUENTA Y NUEVE MIL NOVECIENTOS NOVENTA Y OCHO CON 00/100.- | Q38: =SUM(Q15:Q37) -> 159998
A40: JUSTIFICACIÓN:
A41: ='NP MS'!D8 -> ADQ. DEL RUBRO CUBIERTAS
