Workbook

Sheet PNT
A1: Pedido de Necesidades Trimestrales
A2: JURISDICCION: | C2: =APG!F4 -> 15 - SECRETARIA DE ESTADO DE GABINETE
A3: SAF N°: | C3: =APG!F5 -> 21 - DIRECCION PROVINCIAL DE ADMINISTRACION FINANCIERA
A4: EJERCICIO: | C4: 2021
A5: TRIMESTRE: | C5: 2do. Trimestre
A6: ID | B6: CODIGO ITEM | C6: RUBRO DE COMPRA | D6: I.P.P. | E6: DESCRIPCION | F6: UNIDAD DE MEDIDA | G6: CANTIDAD | H6: PRECIO UNITARIO ESTIMADO | I6: IMPORTE TOTAL ESTIMADO
A7: 1 | B7: 2.5.6-793.31 | C7: COMBUSTIBLES Y LUBRICANTES | D7: 2.5.6 | E7: GAS OIL; PRESENTACION: POR LITRO, USO: MOTORES DIESEL, COMERCIALIZACION: GRADO 3, DESTINO: DPTO. S.F.V. DE CATAMARCA | F7: LITROS | G7: 12445 | H7: 137.5 | I7: =G7*H7 -> 1711187.5
A8: 2 | B8: 2.5.6-797.24 | C8: COMBUSTIBLES Y LUBRICANTES | D8: 2.5.6 | E8: NAFTA SUPER; TIPO: PREMIUN, OCTANO: 97, PRESENTACION: POR LITRO, DESTINO: DPTO. S.F.V. DE CATAMARCA, COMERCIALIZACION: SIN VALOR | F8: LITROS | G8: 10000 | H8: 139.3 | I8: =G8*H8 -> 1393000
A9: TOTAL RUBRO DE COMPRA: | I9: =SUM(I7:I8) -> 3104187.5
B11: Especificidades Item n° 1
B12: Descripcion Tecnica:
C13: GAS OIL; PRESENTACION: POR LITRO, USO: MOTORES DIESEL, COMERCIALIZACION: GRADO 3
B14: Plazo y Lugar de entrega:
C15: Plazo de Entrega: cinco (5) días habiles - Periodo de Utilizacion: 3 meses. Entrega de vales de 10 litros cada uno, según pliego. Lugar de Entrega: Casa de Gobierno, sito en Avda. Pte. Castillo esq. Maria Hayde de Varela, de esta ciudad capital.
B16: Calidad Minima esperada:
C17: que cumpla con todo lo solicitado en forma íntegra.
B18: Mantenimiento:
C19: treinta 30 dias
B21: Especificidades Item n° 2
B22: Descripcion Tecnica:
C23: NAFTA SUPER; TIPO: PREMIUN, OCTANO: 97, PRESENTACION: POR LITRO, COMERCIALIZACION: SIN VALOR
B24: Plazo y Lugar de entrega:
C25: Plazo de Entrega: cinco (5) días habiles - Periodo de Utilizacion: 3 meses. Entrega de vales de 10 litros cada uno, según pliego. Lugar de Entrega: Casa de Gobierno, sito en Avda. Pte. Castillo esq. Maria Hayde de Varela, de esta ciudad capital.
B26: Calidad Minima esperada:
C27: que cumpla con todo lo solicitado en forma íntegra.
B28: Mantenimiento:
C29: treinta 30 dias

Sheet APG
A1: EJERCICIO: 2022 | P1: AUTORIZACIÓN PARA
P2: GASTAR
A4: JURISDICCIÓN: | F4: 15 - SECRETARIA DE ESTADO DE GABINETE
A5: SAF: | F5: 21 - DIRECCION PROVINCIAL DE ADMINISTRACION FINANCIERA
A6: UNIDAD EJECUTORA: | F6: SECRETARIA DE ESTADO DE GABINETE
A7: DEPENDENCIA SOLICITANTE: | F7: DIRECCION PROVINCIAL DE ADMINISTRACION FINANCIERA
A8: AUTORIZACIÓN:
A9: Señor Director de Administración o Titular del Servicio Administrativo Financiero:
A10: Autorizo la realización de los trámites correspondientes, a fin de (proveer a este Organismo los bienes, servicios o ejecución de obras
A11: publicas que se detallan en Nota de Pedido N° 005/2022 ) afectando la erogacion resultante a los creditos presupuestarios
A12: aprobados a favor de esta Unidad Ejecutora, conforme el siguiente detalle:
A13: IMPUTACIÓN PRESUPUESTARIA
A14: CÓDIGO | O14: DENOMINACIÓN DE LA PARTIDA PRESUPUESTARIA | Q14: I M P O R T E
A15: PR | B15: SB | C15: PY | D15: AC | E15: OB | F15: UG | G15: FIN. | H15: FUN. | I15: I | J15: P | K15: P | L15: SUBP | M15: M | N15: FF
A16: 20 | D16: 1 | F16: 4901 | G16: 1 | H16: 130 | I16: 2 | J16: 5 | K16: 6 | M16: 1 | N16: 1.1 | O16: Combustibles y Lubricantes | Q16: 3104187.5 | U16: LTS
S17: NAFTA | T17: 139.3 | U17: 10000 | V17: =U17*T17 -> 1393000
S18: DIESEL | T18: 137.5 | U18: 12445 | V18: =U18*T18 -> 1711187.5
V19: =V18+V17 -> 3104187.5
A26: TOTAL DE PESOS: | E26: TRES MILLONES CIENTO CUATRO MIL CIENTO OCHENTA Y SIETE con 50/100 | Q26: =SUM(Q16:Q25) -> 3104187.5
A28: JUSTIFICACION:
A29: PARA LOS VEHICULOS DEPENDIENTES DE LA SECRETARIA DE ESTADO DE GABINETE

Sheet NP
A1: NOTA DE PEDIDO | Q1: N° 005/2021
A4: JURISDICCION: | E4: =PNT!C2 -> 15 - SECRETARIA DE ESTADO DE GABINETE
A5: SAF: | E5: =PNT!C3 -> 21 - DIRECCION PROVINCIAL DE ADMINISTRACION FINANCIERA
A6: UNIDAD EJECUTORA: | E6: =APG!F6 -> SECRETARIA DE ESTADO DE GABINETE
A7: DEPENDENCIA SOLICITANTE: | E7: DIRECCION PROVINCIAL DE ADMINISTRACION FINANCIERA
A8: PERIODO UTILIZACION: | E8: 2do TRIMESTRE - AÑO 2022
A9: OBJETO: | E9: ADQUISICION DE COMBUSTIBLE PARA LOS VEHICULOS DEPENDIENTES DE LA SECRETARIA DE ESTADO DE GABINETE
A11: ITEM | B11: Código Ítem | C11: DESCRIPCION | M11: Adjunta Detalle Técnico | O11: Unidad de Medida | Q11: Precio Unitario Estimado | S11: Cantidad Solicitada
A13: 1 | B13: =PNT!B7 -> 2.5.6-793.31 | C13: =PNT!E7 -> GAS OIL; PRESENTACION: POR LITRO, USO: MOTORES DIESEL, COMERCIALIZACION: GRADO 3, DESTINO: DPTO. S.F.V. DE CATAMARCA | M13: NO | O13: =PNT!F7 -> LITROS | Q13: =PNT!H7 -> 137.5 | S13: =PNT!G7 -> 12445
A14: 2 | B14: =PNT!B8 -> 2.5.6-797.24 | C14: =PNT!E8 -> NAFTA SUPER; TIPO: PREMIUN, OCTANO: 97, PRESENTACION: POR LITRO, DESTINO: DPTO. S.F.V. DE CATAMARCA, COMERCIALIZACION: SIN VALOR | M14: NO | O14: =PNT!F8 -> LITROS | Q14: =PNT!H8 -> 139.3 | S14: =PNT!G8 -> 10000
A15: Costo Total Estimado: | D15: =APG!E26 -> TRES MILLONES CIENTO CUATRO MIL CIENTO OCHENTA Y SIETE con 50/100 | Q15: =PNT!I9 -> 3104187.5
