Workbook

Sheet Necesidades Trimestrales
B2: Pedido de Necesidades Trimestrales
A4: JURISDICCION: | C4: 12 -Ministerio de Trabajo y Recursos Humanos
A5: SAF N°: | C5: 22 - Secretaria de Administración del Ministerio de Trabajo y Recursos Humanos
A6: EJERCICIO: | C6: 2021
A7: TRIMESTRE: | C7: 2
A9: ID | B9: CODIGO ITEM | C9: RUBRO DE COMPRA | D9: I.P.P. | E9: DESCRIPCION | F9: UNIDAD DE MEDIDA | G9: CANTIDAD | H9: PRECIO UNITARIO ESTIMADO | I9: IMPORTE TOTAL ESTIMADO
A10: 1 | B10: 4.3.6-3351.5 | C10: INFORMATICA | D10: =+LEFT(B10,5) -> 4.3.6 | E10: KIT PERIFERICOS P/PC; COMPONENTES: PARLANTES | F10: UNIDAD | G10: 11 | H10: 690 | I10: =+H10*G10 -> 7590
A11: 2 | B11: 4.3.6-6169.28 | C11: INFORMATICA | D11: =+LEFT(B11,5) -> 4.3.6 | E11: MONITORES; TIPO: ESTANDAR, CODIGO ETAP: MN-001, VERSION ETAP: INVIERNO 2005 (V 12.0) | F11: UNIDAD | G11: 11 | H11: 13799 | I11: =+H11*G11 -> 151789
A12: 3 | B12: 4.3.6-6160.4 | C12: INFORMATICA | D12: =+LEFT(B12,5) -> 4.3.6 | E12: COMPUTADORAS; CODIGO ETAP: PC-004, TIPO: DE ESCRITORIO AVANZADA, VERSION ETAP: VERANO 2001( V 6.0 ) | F12: UNIDAD | G12: 11 | H12: 55679 | I12: =+H12*G12 -> 612469
A13: 4 | B13: 4.3.6-6178.60 | C13: INFORMATICA | D13: =+LEFT(B13,5) -> 4.3.6 | E13: PLACAS DE RED; TIPO: PLACA WIFI EXTERNA P/USB, CODIGO ETAP: PQR-017, VERSION ETAP: 20.0 | F13: UNIDAD | G13: 11 | H13: 1170 | I13: =+H13*G13 -> 12870
A14: Costo Estimado Total: Son Pesos Setecientos Ochenta y Cuatro Mil Setecientos Dieciocho con 00/100 | I14: =SUM(I10:I13) -> 784718
B16: Ítem N° : 01
B17: Descripción técnica
C18: Parlantes portátiles conexión y alimentación USB - similar a Parlantes Pc Noga Ng-106
B20: Ítem N° : 02
B21: Descripción técnica
C22: Pantalla LED - Resolución mínima: HD - relación de aspecto 16:9 - tamaño de panel 19 ¨ - similar a Monitor LG 19M38A led 19" negro 100V/240V
B25: Ítem N° : 03
B26: Descripción técnica
C27: Gabinete slim - 8gb de RAM DDR4 - Ssd 240gb - CPU similar a Amd Ryzen 3 3200g - sistema operativo Windows 10 o superior - con kit teclado y mouse - similiar a Pc Escritorio Cx Slim 8gb Ssd 240gb
B30: Ítem N° : 04
B31: Descripción técnica
C32: Características similar a Placa De Red USB Wifi Tp-link Adaptador Tl-wn722n 150mbps
B36: Plazos y lugares de entrega
C37: a) FORMA DE LA ENTREGA: Libre de flete, acarreo y embalaje, como así también, de todo riesgo de pérdida o destrucción total o parcial, por causas ajenas a la Institución. en la Secretaria de Administración - Pabellón Nº 20 Ministerio de Trabajo y Recursos Humanos (CAPE), sito en Av. Presidente Castillo y Av. Venezuela - Capital - De 08 a 12 horas. b) PLAZO DE ENTREGA: El Oferente deberá establecer plazo de entrega de los elementos cotizados, debiendo ser expresado en días hábiles; que no podrá ser superior a cinco 5 días hábiles contados a partir de la recepción de la comunicación prevista en el Artículo 80° de del Reglamento Parcial N° 2 de la ley 4938.
B38: Calidad Mínima esperada
C39: Que Cumpla con lo Solicitado de Forma Integra.
B40: Mantenimiento
C41: 30 (treinta) días
B43: Garantía
C44: ANEXO II GARANTIA: El oferente deberá Indicar expresamente los términos de la garantía en los bienes ofrecidos como así también en las condiciones dadas por sus fabricantes y alcances de las mismas, como se detalla a continuación: 1) Extender el periodo de garantía del equipamiento contra eventuales defectos de fabricación, debidamente comprobados por un periodo de 12 (DOCE) meses. 2) Dentro del periodo de garantía las piezas o componentes que se comprueben a juicio de nuestros técnicos que presenten defectos de fabricación o fallas en su funcionamiento, deberán ser reparadas o sustituidas en parte o en su totalidad por el oferente, dejando constancia de su reparación o reemplazo. 3) Los periféricos como Mouse, parlantes y teclados, tienen una garantía de 06 (SEIS) meses desde la fecha de recepción definitiva de los mismos. 4) Los productos deben presentarse con su embalaje original y con todos sus accesorios (caja, manual, cables, drivers, etc.), sin daños físicos ni quemaduras, los cuales anulan la garantía. La garantía debe contemplar específicamente el reemplazo de microprocesador, placa madre o motherboard, módulos de memoria RAM, en caso de fallas propias de fabricación, debidamente comprobables, dentro de un plazo de 12 (meses) a partir del día de la recepción definitiva de los bienes.

Sheet  NotaPedido
A1: NOTA DE PEDIDO | J1: N° | K1: 20/2021
A3: JURISDICCIÓN: | D3: ='Necesidades Trimestrales'!C4 -> 12 -Ministerio de Trabajo y Recursos Humanos
A4: SAF: | D4: ='Necesidades Trimestrales'!C5 -> 22 - Secretaria de Administración del Ministerio de Trabajo y Recursos Humanos
A5: UNIDAD EJECUTORA: | D5: Ministerio de Trabajo y Recursos Humanos
A6: DEPENDENCIA SOLICITANTE: | D6: Ministerio de Trabajo y Recursos Humanos
A7: PERIODO UTILIZACIÓN: | D7: ='Necesidades Trimestrales'!C7 & "° Trimestre - Año " & 'Necesidades Trimestrales'!C6 -> 2° Trimestre - Año 2021
A8: OBJETO: | D8: Adquisición de Computadoras mas los implementos informaticos para este Ministerio.
A10: Ítem | B10: Codigo Item | C10: DESCRIPCIÓN | H10: Adjunta Detalle Técnico | I10: Unidad Medida | J10: Precio Unitario Estimado | K10: Cantidad Solicitada
A12: 1 | B12: =+'Necesidades Trimestrales'!B10 -> 4.3.6-3351.5 | C12: =+'Necesidades Trimestrales'!E10 -> KIT PERIFERICOS P/PC; COMPONENTES: PARLANTES | H12: SI | I12: ='Necesidades Trimestrales'!F12 -> UNIDAD | J12: =+'Necesidades Trimestrales'!H10 -> 690 | K12: =+'Necesidades Trimestrales'!G10 -> 11
A13: 3 | B13: =+'Necesidades Trimestrales'!B11 -> 4.3.6-6169.28 | C13: =+'Necesidades Trimestrales'!E11 -> MONITORES; TIPO: ESTANDAR, CODIGO ETAP: MN-001, VERSION ETAP: INVIERNO 2005 (V 12.0) | H13: SI | I13: UNIDAD | J13: =+'Necesidades Trimestrales'!H11 -> 13799 | K13: =+'Necesidades Trimestrales'!G11 -> 11
A14: 4 | B14: =+'Necesidades Trimestrales'!B12 -> 4.3.6-6160.4 | C14: =+'Necesidades Trimestrales'!E12 -> COMPUTADORAS; CODIGO ETAP: PC-004, TIPO: DE ESCRITORIO AVANZADA, VERSION ETAP: VERANO 2001( V 6.0 ) | H14: SI | I14: UNIDAD | J14: =+'Necesidades Trimestrales'!H12 -> 55679 | K14: =+'Necesidades Trimestrales'!G12 -> 11
A15: 5 | B15: =+'Necesidades Trimestrales'!B13 -> 4.3.6-6178.60 | C15: =+'Necesidades Trimestrales'!E13 -> PLACAS DE RED; TIPO: PLACA WIFI EXTERNA P/USB, CODIGO ETAP: PQR-017, VERSION ETAP: 20.0 | H15: SI | I15: UNIDAD | J15: =+'Necesidades Trimestrales'!H13 -> 1170 | K15: =+'Necesidades Trimestrales'!G13 -> 11
A16: =+'Necesidades Trimestrales'!A14:H14 -> Costo Estimado Total: Son Pesos Setecientos Ochenta y Cuatro Mil Setecientos Dieciocho con 00/100 | J16: =SUMPRODUCT(J12:J15,K12:K15) -> 784718

Sheet Autor Gastar
A1: EJERCICIO: | D1: ='Necesidades Trimestrales'!C6 -> 2021 | P1: AUTORIZACION PARA GASTAR
A4: JURISDICCIÓN: | G4: =' NotaPedido'!D3 -> 12 -Ministerio de Trabajo y Recursos Humanos
A5: SAF: | G5: =' NotaPedido'!D4 -> 22 - Secretaria de Administración del Ministerio de Trabajo y Recursos Humanos
A6: UNIDAD EJECUTORA: | G6: Ministerio de Trabajo y Recursos Humanos
A7: DEPENDENCIA SOLICITANTE: | G7: =' NotaPedido'!D6 -> Ministerio de Trabajo y Recursos Humanos
A8: AUTORIZACIÓN:
A9: Señor Jefe de Servicio Administrativo Financiero:
A10: ="Autorizo la realización de los trámites correspondientes, a fin de proveer a este Organismo los bienes y/o servicios que se detallan en Nota de Pedido N° " & ' NotaPedido'!K1&", afectando la erogación resultante a los créditos presupuestarios aprobados a favor de esta Unidad Ejecutora, conforme al siguiente detalle:" -> Autorizo la realización de los trámites correspondientes, a fin de proveer a este Organismo los bienes y/o servicios que se detallan en Nota de Pedido N° 20/2021, afectando la erogación resultante a los créditos presupuestarios aprobados a favor de esta Unidad Ejecutora, conforme al siguiente detalle:
A12: IMPUTACIÓN PRESUPUESTARIA
A13: CÓDIGO | O13: DENOMINACIÓN DE LA PARTIDA PRESUPUESTARIA | Q13: IMPORTE
A14: PR | B14: SB | C14: PY | D14: AC | E14: OB | F14: UG | G14: FIN | H14: FUN | I14: I | J14: P | K14: P | L14: SubP | M14: M | N14: FF
A15: 1 | B15: 0 | C15: 0 | D15: 1 | E15: 0 | F15: 4901 | G15: 3 | H15: 6 | I15: 4 | J15: 3 | K15: 6 | L15: 0 | M15: 1 | N15: 1.1 | O15: Equipos para Computación | Q15: ='Necesidades Trimestrales'!I14 -> 784718
A16: TOTAL DE PESOS: Setecientos Ochenta y Cuatro Mil Setecientos Dieciocho con 00/100.- | Q16: =SUM(Q15:Q15) -> 784718
A18: JUSTIFICACIÓN:
A19: =' NotaPedido'!D8 -> Adquisición de Computadoras mas los implementos informaticos para este Ministerio.
