Workbook

Sheet SAF 011
B2: Pedido de Necesidades Trimestrales
A4: JURISDICCION: | C4: 040 - MINISTERIO DE SALUD
A5: SAF N°: | C5: 011 - DIRECCION PROVINCIAL DE ADMINISTRACION - MINISTERIO DE SALUD
A6: EJERCICIO: | C6: 2022
A7: TRIMESTRE: | C7: PRIMERO
A9: ID | B9: CODIGO ITEM | C9: RUBRO DE COMPRA | D9: I.P.P. | E9: DESCRIPCION | F9: UNIDAD DE MEDIDA | G9: CANTIDAD TOTAL | H9: PRECIO UNITARIO ESTIMADO | I9: IMPORTE TOTAL ESTIMADO
A10: 1 | C10: PRODUCTOS MEDICOS/FARMACEUTICOS/LAB. | D10: 295 | E10: APOSITO ADHESIVO TRANSPARENTE 10 X 12 TIPO TEGADERM | F10: CAJA | G10: 1500 | H10: 74 | I10: 111000
A11: 2 | C11: PRODUCTOS MEDICOS/FARMACEUTICOS/LAB. | D11: 295 | E11: APOSITO ADHESIVO TRANSPARENTE 6 X 7 TIPO TEGADERM | F11: CAJA | G11: 500 | H11: 37 | I11: 18500
A12: 3 | C12: PRODUCTOS MEDICOS/FARMACEUTICOS/LAB. | D12: 295 | E12: EQUIPO PARA ADMINISTRACION DE SOLUCIONES MICROGOTERO TIPO V-17 CON ROLLER | F12: UNIDAD | G12: 3000 | H12: 55 | I12: 165000
A13: 4 | C13: PRODUCTOS MEDICOS/FARMACEUTICOS/LAB. | D13: 295 | E13: REGULADOR DE FLUJO MACROGOTERO CON GRADUACION DE 5 A 250 ML/HORA CON PUERTO DE INYECCION EN Y | F13: UNIDAD | G13: 100 | H13: 273 | I13: 27300
A14: 5 | C14: PRODUCTOS MEDICOS/FARMACEUTICOS/LAB. | D14: 295 | E14: SONDA FOLEY DOBLE VIA DE LATEX RECUBIERTA CON SILICONA Nº 14 | F14: UNIDAD | G14: 50 | H14: 110 | I14: 5500
A15: 6 | C15: PRODUCTOS MEDICOS/FARMACEUTICOS/LAB. | D15: 295 | E15: SONDA FOLEY DOBLE VIA DE LATEX RECUBIERTA CON SILICONA Nº 16 | F15: UNIDAD | G15: 200 | H15: 110 | I15: 22000
A16: 7 | C16: PRODUCTOS MEDICOS/FARMACEUTICOS/LAB. | D16: 295 | E16: SONDA FOLEY DOBLE VIA DE LATEX RECUBIERTA CON SILICONA Nº 18 | F16: UNIDAD | G16: 400 | H16: 110 | I16: 44000
A17: 8 | C17: PRODUCTOS MEDICOS/FARMACEUTICOS/LAB. | D17: 295 | E17: SONDA NASOGASTRICA K 31 | F17: UNIDAD | G17: 1000 | H17: 35 | I17: 35000
A18: 9 | C18: PRODUCTOS MEDICOS/FARMACEUTICOS/LAB. | D18: 295 | E18: SONDA NASOGASTRICA K 33 | F18: UNIDAD | G18: 1000 | H18: 35 | I18: 35000
A19: 10 | C19: PRODUCTOS MEDICOS/FARMACEUTICOS/LAB. | D19: 295 | E19: SONDA NASOGASTRICA K 35 | F19: UNIDAD | G19: 500 | H19: 35 | I19: 17500
A20: 11 | C20: PRODUCTOS MEDICOS/FARMACEUTICOS/LAB. | D20: 295 | E20: SONDA RECTAL DE PVC ADULTO N°20 | F20: UNIDAD | G20: 50 | H20: 45 | I20: 2250
A21: 12 | C21: PRODUCTOS MEDICOS/FARMACEUTICOS/LAB. | D21: 295 | E21: SONDA RECTAL DE PVC ADULTO N°26 | F21: UNIDAD | G21: 50 | H21: 45 | I21: 2250
E22: TOTAL RUBRO DESCARTABLE COMUN | I22: =SUM(I10:I21) -> 485300
C24: DETALLE TECNICO Y ESPECIFICACIONES | D24: ANEXO 1-Para oferentes de la Provincia de Catamarca deberán presentar Habilitación Provincial para comercializar el producto que cotizan. 2-Para el resto de oferentes deberán presentar Certificado de Inscripción de ANMAT vigente al momento de la oferta, el mismo deberá ser correspondiente al objeto de la contratación y de encontrarse vencido adjuntar la solicitud de renovación. 3-No se aceptarán ofertas de productos no registrados y autorizada su venta por ANMAT. Se deberá especificar en cada ítem de la propuesta, marca y número de certificado otorgado por dicho ente regulador. 4-Los productos deberán tener un vencimiento posterior a doce (12) meses a partir de la fecha de su recepción.
C26: Plazos de entrega | D26: veinte (20) dias habiles
C28: Lugar de Entrega: | D28: DIR. PROV. DE FARMACIA E INSUMOS - CHACABUCO N° 169 - en el horario de 8:00hs a 12:00hs de lunes a viernes
C30: Calidad Minima esperada
C32: Mantenimiento | D32: cuarenta y cinco (45) días

Sheet NP
A1: NOTA DE PEDIDO | J1: N° | K1: 07/2022
A3: JURISDICCIÓN: | D3: ='SAF 011'!C4 -> 040 - MINISTERIO DE SALUD
A4: SAF: | D4: ='SAF 011'!C5 -> 011 - DIRECCION PROVINCIAL DE ADMINISTRACION - MINISTERIO DE SALUD
A5: UNIDAD EJECUTORA: | D5: DIRECCION PROVINCIAL DE FARMACIA E INSUMOS
A6: DEPENDENCIA SOLICITANTE: | D6: DIRECCION PROVINCIAL DE FARMACIA E INSUMOS
A7: PERIODO UTILIZACIÓN: | D7: 1° TRIMESTRE 2022
A8: OBJETO: | D8: ADQUISICION DEL RUBRO DESCARTABLE COMUN
A10: Ítem | B10: Codigo Item | C10: DESCRIPCIÓN | H10: Adjunta Detalle Técnico | I10: Unidad Medida | J10: Precio Unitario Estimado | K10: Cantidad Solicitada
A12: 1 | C12: ='SAF 011'!E10 -> APOSITO ADHESIVO TRANSPARENTE 10 X 12 TIPO TEGADERM | H12: SI | I12: ='SAF 011'!F10 -> CAJA | J12: ='SAF 011'!H10 -> 74 | K12: ='SAF 011'!#REF! -> #REF! | M12: =+J12*K12 -> #REF!
A13: 2 | C13: ='SAF 011'!E11 -> APOSITO ADHESIVO TRANSPARENTE 6 X 7 TIPO TEGADERM | H13: SI | I13: ='SAF 011'!F11 -> CAJA | J13: ='SAF 011'!H11 -> 37 | K13: ='SAF 011'!#REF! -> #REF! | M13: =+J13*K13 -> #REF!
A14: 3 | C14: ='SAF 011'!E12 -> EQUIPO PARA ADMINISTRACION DE SOLUCIONES MICROGOTERO TIPO V-17 CON ROLLER | H14: SI | I14: ='SAF 011'!F12 -> UNIDAD | J14: ='SAF 011'!H12 -> 55 | K14: ='SAF 011'!#REF! -> #REF! | M14: =+J14*K14 -> #REF!
A15: 4 | C15: ='SAF 011'!E13 -> REGULADOR DE FLUJO MACROGOTERO CON GRADUACION DE 5 A 250 ML/HORA CON PUERTO DE INYECCION EN Y | H15: SI | I15: ='SAF 011'!F13 -> UNIDAD | J15: ='SAF 011'!H13 -> 273 | K15: ='SAF 011'!#REF! -> #REF! | M15: =+J15*K15 -> #REF!
A16: 5 | C16: ='SAF 011'!E14 -> SONDA FOLEY DOBLE VIA DE LATEX RECUBIERTA CON SILICONA Nº 14 | H16: SI | I16: ='SAF 011'!F14 -> UNIDAD | J16: ='SAF 011'!H14 -> 110 | K16: ='SAF 011'!#REF! -> #REF! | M16: =+J16*K16 -> #REF!
A17: 6 | C17: ='SAF 011'!E15 -> SONDA FOLEY DOBLE VIA DE LATEX RECUBIERTA CON SILICONA Nº 16 | H17: SI | I17: ='SAF 011'!F15 -> UNIDAD | J17: ='SAF 011'!H15 -> 110 | K17: ='SAF 011'!#REF! -> #REF! | M17: =+J17*K17 -> #REF!
A18: 7 | C18: ='SAF 011'!E16 -> SONDA FOLEY DOBLE VIA DE LATEX RECUBIERTA CON SILICONA Nº 18 | H18: SI | I18: ='SAF 011'!F16 -> UNIDAD | J18: ='SAF 011'!H16 -> 110 | K18: ='SAF 011'!#REF! -> #REF! | M18: =+J18*K18 -> #REF!
A19: 8 | C19: ='SAF 011'!E17 -> SONDA NASOGASTRICA K 31 | H19: SI | I19: ='SAF 011'!F17 -> UNIDAD | J19: ='SAF 011'!H17 -> 35 | K19: ='SAF 011'!#REF! -> #REF! | M19: =+J19*K19 -> #REF!
A20: 9 | C20: ='SAF 011'!E18 -> SONDA NASOGASTRICA K 33 | H20: SI | I20: ='SAF 011'!F18 -> UNIDAD | J20: ='SAF 011'!H18 -> 35 | K20: ='SAF 011'!#REF! -> #REF! | M20: =+J20*K20 -> #REF!
A21: 10 | C21: ='SAF 011'!E19 -> SONDA NASOGASTRICA K 35 | H21: SI | I21: ='SAF 011'!F19 -> UNIDAD | J21: ='SAF 011'!H19 -> 35 | K21: ='SAF 011'!#REF! -> #REF! | M21: =+J21*K21 -> #REF!
A22: 11 | C22: ='SAF 011'!E20 -> SONDA RECTAL DE PVC ADULTO N°20 | H22: SI | I22: ='SAF 011'!F20 -> UNIDAD | J22: ='SAF 011'!H20 -> 45 | K22: ='SAF 011'!#REF! -> #REF! | M22: =+J22*K22 -> #REF!
A23: 12 | C23: ='SAF 011'!E21 -> SONDA RECTAL DE PVC ADULTO N°26 | H23: SI | I23: ='SAF 011'!F21 -> UNIDAD | J23: ='SAF 011'!H21 -> 45 | K23: ='SAF 011'!#REF! -> #REF! | M23: =+J23*K23 -> #REF!
A25: Costo total estimado: CUATROCIENTOS OCHENTA Y CINCO MIL TRESCIENTOS CON 00/100.- | J25: =+M25 -> #REF! | M25: =SUM(M12:M24) -> #REF!

Sheet APG
A1: EJERCICIO: | D1: 2022 | P1: AUTORIZACION PARA GASTAR
A4: JURISDICCIÓN: | G4: =NP!D3 -> 040 - MINISTERIO DE SALUD
A5: SAF: | G5: =NP!D4 -> 011 - DIRECCION PROVINCIAL DE ADMINISTRACION - MINISTERIO DE SALUD
A6: UNIDAD EJECUTORA: | G6: =NP!D5 -> DIRECCION PROVINCIAL DE FARMACIA E INSUMOS
A7: DEPENDENCIA SOLICITANTE: | G7: =NP!D6 -> DIRECCION PROVINCIAL DE FARMACIA E INSUMOS
A8: AUTORIZACIÓN:
A9: Señor Director de Administración o Titular del Servicio Administrativo Financiero:
A10: Autorizo la realización de los trámites correspondientes, a fin de proveer a este Organismo los bienes que se detallan en Nota de Pedido N° 07/2022 afectando la erogación resultante a los créditos presupuestarios aprobados a favor de esta Unidad Ejecutora, conforme al siguiente detalle:
A12: IMPUTACIÓN PRESUPUESTARIA
A13: CÓDIGO | O13: DENOMINACIÓN DE LA PARTIDA PRESUPUESTARIA | Q13: IMPORTE
A14: PR | B14: SB | C14: PY | D14: AC | E14: OB | F14: UG | G14: FIN | H14: FUN | I14: I | J14: P | K14: P | L14: SubP | M14: M | N14: FF
A15: 30 | D15: 1 | F15: 4901 | G15: 3 | H15: 1 | I15: 2 | J15: 9 | K15: 5 | M15: 1 | N15: 1.1 | O15: UTILES MENORES MEDICOS, QUIRURGICOS Y DE LABORATORIO | Q15: =NP!M25 -> #REF!
A38: TOTAL DE PESOS: CUATROCIENTOS OCHENTA Y CINCO MIL TRESCIENTOS CON 00/100.- | Q38: =SUM(Q15:Q37) -> #REF!
A40: JUSTIFICACIÓN:
A41: =NP!D8 -> ADQUISICION DEL RUBRO DESCARTABLE COMUN
