Workbook

Sheet Necesidades Trimestrales
B2: Pedido de Necesidades Trimestrales
A4: JURISDICCION: | C4: 42-Ministerio de Salud
A5: SAF N°: | C5: 28- Maternidad Provincial 25 de Mayo
A6: EJERCICIO: | C6: 2020
A7: TRIMESTRE: | C7: 4to Trimestre
A9: ID | B9: CODIGO ITEM | C9: RUBRO DE COMPRA | D9: I.P.P. | E9: DESCRIPCION | F9: UNIDAD DE MEDIDA | G9: CANTIDAD | H9: PRECIO UNITARIO ESTIMADO | I9: IMPORTE TOTAL ESTIMADO
A10: 1 | C10: PROD. MEDICO/FARMACEUTICOS/LAB | D10: 2.9.5 | E10: AGUJA DESCARTABLE 40/8 | F10: UNIDAD | G10: 36000 | H10: 1.98 | I10: =G10*H10 -> 71280
A11: 2 | C11: PROD. MEDICO/FARMACEUTICOS/LAB | D11: 2.9.5 | E11: AGUJA DESCARTABLE 50/8 | F11: UNIDAD | G11: 1000 | H11: 198 | I11: =G11*H11 -> 198000
A12: 3 | C12: PROD. MEDICO/FARMACEUTICOS/LAB | D12: 2.9.5 | E12: ALGODÓN x 500 GRS.TIPO DONCELLA | F12: UNIDAD | G12: 1800 | H12: 348 | I12: =G12*H12 -> 626400
A13: 4 | C13: PROD. MEDICO/FARMACEUTICOS/LAB | D13: 2.9.5 | E13: BAJALENGUA X 100 UNIDADES | F13: UNIDAD | G13: 40 | H13: 148 | I13: =G13*H13 -> 5920
A14: 5 | C14: PROD. MEDICO/FARMACEUTICOS/LAB | D14: 2.9.5 | E14: BOTAS ALTAS DESCARTABLES DE 30 GRAMOS CON TIRA EL PAR | F14: UNIDAD | G14: 10000 | H14: 6.9 | I14: =G14*H14 -> 69000 | K14: ,
A15: 6 | C15: PROD. MEDICO/FARMACEUTICOS/LAB | D15: 2.9.5 | E15: CAMISOLINES DES. SMS CON MANGAS Y PUÑO DE 1,40 MTS. DE LARGO, 30 GRS. COLOR AZUL | F15: UNIDAD | G15: 8000 | H15: 49 | I15: =G15*H15 -> 392000
A16: 7 | C16: PROD. MEDICO/FARMACEUTICOS/LAB | D16: 2.9.5 | E16: CANULAS NASALES PARA OXIGENOTERAPIA - ADULTOS | F16: UNIDAD | G16: 300 | H16: 19 | I16: =G16*H16 -> 5700
A17: 8 | C17: PROD. MEDICO/FARMACEUTICOS/LAB | D17: 2.9.5 | E17: CANULAS NASALES PARA OXIGENOTERAPIA - NEONATALES | F17: UNIDAD | G17: 300 | H17: 22 | I17: =G17*H17 -> 6600
A18: 9 | C18: PROD. MEDICO/FARMACEUTICOS/LAB | D18: 2.9.5 | E18: CATETER INTRAVENOSO Nº 22 TIPO HOSPIRA/BD | F18: UNIDAD | G18: 100 | H18: 56 | I18: =G18*H18 -> 5600
A19: 10 | C19: PROD. MEDICO/FARMACEUTICOS/LAB | D19: 2.9.5 | E19: CATETER INTRAVENOSO Nº 24 TIPO HOSPIRA/BD | F19: UNIDAD | G19: 6000 | H19: 56 | I19: =G19*H19 -> 336000
A20: 11 | C20: PROD. MEDICO/FARMACEUTICOS/LAB | D20: 2.9.5 | E20: CATETER INTRAVENOSO Nº 26 TIPO HOSPIRA/BD | F20: UNIDAD | G20: 2000 | H20: 56 | I20: =G20*H20 -> 112000
A21: 12 | C21: PROD. MEDICO/FARMACEUTICOS/LAB | D21: 2.5.1 | E21: CLORHEXIDINA 2 % SOLUCION x 250 ml. | F21: UNIDAD | G21: 720 | H21: 623 | I21: =G21*H21 -> 448560
A22: 13 | C22: PROD. MEDICO/FARMACEUTICOS/LAB | D22: 2.5.1 | E22: CLORHEXIDINA 4% JABON x 500 ML CON VALVULA DISPENSADORA TIPO NOVARA | F22: UNIDAD | G22: 1600 | H22: 826 | I22: =G22*H22 -> 1321600
A23: 14 | C23: PROD. MEDICO/FARMACEUTICOS/LAB | D23: 2.5.1 | E23: DETERGENTE MULTIENZIMATICO x 5 LITROS TIPO ADOX DM3 PLUS | F23: UNIDAD | G23: 72 | H23: 1690 | I23: =G23*H23 -> 121680
A24: 15 | C24: PROD. MEDICO/FARMACEUTICOS/LAB | D24: 2.9.5 | E24: ELECTRODOS DESCARTABLES ADULTO TIPO 3M | F24: UNIDAD | G24: 5000 | H24: 12 | I24: =G24*H24 -> 60000
A25: 16 | C25: PROD. MEDICO/FARMACEUTICOS/LAB | D25: 2.9.5 | E25: EQUIPO PARA ADM. SOLUC. MICROGOTERO TIPO V-17c/ ROLLER | F25: UNIDAD | G25: 800 | H25: 29 | I25: =G25*H25 -> 23200
A26: 17 | C26: PROD. MEDICO/FARMACEUTICOS/LAB | D26: 2.9.5 | E26: EQUIPO PARA ADMINISTRACION DE SOLUCIONES MACROGOTERO TIPO V-14 CON ROLLER | F26: UNIDAD | G26: 7000 | H26: 31 | I26: =G26*H26 -> 217000
... A65: 56 | C65: PROD. MEDICO/FARMACEUTICOS/LAB | D65: 2.9.5 | E65: TELA ADHESIVA HIPOALERGENICA TRANSPORE 2,5 CM TIPO 3 M | F65: Unidad | G65: 360 | H65: 269 | I65: =G65*H65 -> 96840
B68: Especificidades Item N° :
B70: Descripción técnica
B72: Plazos y lugares de entrega
B75: Calidad Minima esperada
B77: Mantenimiento
B79: Garantia

Sheet  NotaPedido 249-20
A1: NOTA DE PEDIDO | J1: N° | K1: 287/2020
A3: JURISDICCIÓN: | D3: ='Necesidades Trimestrales'!C4 -> 42-Ministerio de Salud
A4: SAF: | D4: ='Necesidades Trimestrales'!C5 -> 28- Maternidad Provincial 25 de Mayo
A5: UNIDAD EJECUTORA: | D5: 169- Direccion Asistencial
A6: DEPENDENCIA SOLICITANTE: | D6: Servicio de Farmacia
A7: PERIODO UTILIZACIÓN: | D7: ='Necesidades Trimestrales'!C7 & " - Año " & 'Necesidades Trimestrales'!C6 -> 4to Trimestre - Año 2020
A8: OBJETO: | D8: ADQUISICION DESCARTABLES PARA FARMACIA
A10: Ítem | B10: Codigo Item | C10: DESCRIPCIÓN | H10: Adjunta Detalle Técnico | I10: Unidad Medida | J10: Precio Unitario Estimado | K10: Cantidad Solicitada
A12: 1 | B12: ='Necesidades Trimestrales'!B10 -> 0 | C12: ='Necesidades Trimestrales'!E10 -> AGUJA DESCARTABLE 40/8 | H12: NO | I12: ='Necesidades Trimestrales'!F10 -> UNIDAD | J12: ='Necesidades Trimestrales'!H10 -> 1.98 | K12: ='Necesidades Trimestrales'!G10 -> 36000
A13: 2 | B13: ='Necesidades Trimestrales'!B11 -> 0 | C13: ='Necesidades Trimestrales'!E11 -> AGUJA DESCARTABLE 50/8 | H13: NO | I13: ='Necesidades Trimestrales'!F11 -> UNIDAD | J13: ='Necesidades Trimestrales'!H11 -> 198 | K13: ='Necesidades Trimestrales'!G11 -> 1000
A14: 3 | B14: ='Necesidades Trimestrales'!B12 -> 0 | C14: ='Necesidades Trimestrales'!E12 -> ALGODÓN x 500 GRS.TIPO DONCELLA | H14: NO | I14: ='Necesidades Trimestrales'!F12 -> UNIDAD | J14: ='Necesidades Trimestrales'!H12 -> 348 | K14: ='Necesidades Trimestrales'!G12 -> 1800
A15: 4 | B15: ='Necesidades Trimestrales'!B13 -> 0 | C15: ='Necesidades Trimestrales'!E13 -> BAJALENGUA X 100 UNIDADES | H15: NO | I15: ='Necesidades Trimestrales'!F13 -> UNIDAD | J15: ='Necesidades Trimestrales'!H13 -> 148 | K15: ='Necesidades Trimestrales'!G13 -> 40
A16: 5 | B16: ='Necesidades Trimestrales'!B14 -> 0 | C16: ='Necesidades Trimestrales'!E14 -> BOTAS ALTAS DESCARTABLES DE 30 GRAMOS CON TIRA EL PAR | H16: NO | I16: ='Necesidades Trimestrales'!F14 -> UNIDAD | J16: ='Necesidades Trimestrales'!H14 -> 6.9 | K16: ='Necesidades Trimestrales'!G14 -> 10000
A17: 6 | B17: ='Necesidades Trimestrales'!B15 -> 0 | C17: ='Necesidades Trimestrales'!E15 -> CAMISOLINES DES. SMS CON MANGAS Y PUÑO DE 1,40 MTS. DE LARGO, 30 GRS. COLOR AZUL | H17: NO | I17: ='Necesidades Trimestrales'!F15 -> UNIDAD | J17: ='Necesidades Trimestrales'!H15 -> 49 | K17: ='Necesidades Trimestrales'!G15 -> 8000
A18: 7 | B18: ='Necesidades Trimestrales'!B16 -> 0 | C18: ='Necesidades Trimestrales'!E16 -> CANULAS NASALES PARA OXIGENOTERAPIA - ADULTOS | H18: NO | I18: ='Necesidades Trimestrales'!F16 -> UNIDAD | J18: ='Necesidades Trimestrales'!H16 -> 19 | K18: ='Necesidades Trimestrales'!G16 -> 300
A19: 8 | B19: ='Necesidades Trimestrales'!B17 -> 0 | C19: ='Necesidades Trimestrales'!E17 -> CANULAS NASALES PARA OXIGENOTERAPIA - NEONATALES | H19: NO | I19: ='Necesidades Trimestrales'!F17 -> UNIDAD | J19: ='Necesidades Trimestrales'!H17 -> 22 | K19: ='Necesidades Trimestrales'!G17 -> 300
A20: 9 | B20: ='Necesidades Trimestrales'!B18 -> 0 | C20: ='Necesidades Trimestrales'!E18 -> CATETER INTRAVENOSO Nº 22 TIPO HOSPIRA/BD | H20: NO | I20: ='Necesidades Trimestrales'!F18 -> UNIDAD | J20: ='Necesidades Trimestrales'!H18 -> 56 | K20: ='Necesidades Trimestrales'!G18 -> 100
A21: 10 | B21: ='Necesidades Trimestrales'!B19 -> 0 | C21: ='Necesidades Trimestrales'!E19 -> CATETER INTRAVENOSO Nº 24 TIPO HOSPIRA/BD | H21: NO | I21: ='Necesidades Trimestrales'!F19 -> UNIDAD | J21: ='Necesidades Trimestrales'!H19 -> 56 | K21: ='Necesidades Trimestrales'!G19 -> 6000
A22: 11 | B22: ='Necesidades Trimestrales'!B20 -> 0 | C22: ='Necesidades Trimestrales'!E20 -> CATETER INTRAVENOSO Nº 26 TIPO HOSPIRA/BD | H22: NO | I22: ='Necesidades Trimestrales'!F20 -> UNIDAD | J22: ='Necesidades Trimestrales'!H20 -> 56 | K22: ='Necesidades Trimestrales'!G20 -> 2000
A23: 12 | B23: ='Necesidades Trimestrales'!B21 -> 0 | C23: ='Necesidades Trimestrales'!E21 -> CLORHEXIDINA 2 % SOLUCION x 250 ml. | H23: NO | I23: ='Necesidades Trimestrales'!F21 -> UNIDAD | J23: ='Necesidades Trimestrales'!H21 -> 623 | K23: ='Necesidades Trimestrales'!G21 -> 720
... A67: 56 | B67: ='Necesidades Trimestrales'!B65 -> 0 | C67: ='Necesidades Trimestrales'!E65 -> TELA ADHESIVA HIPOALERGENICA TRANSPORE 2,5 CM TIPO 3 M | H67: NO | I67: ='Necesidades Trimestrales'!F65 -> Unidad | J67: ='Necesidades Trimestrales'!H65 -> 269 | K67: ='Necesidades Trimestrales'!G65 -> 360
A68: Costo total estimado: Siete millones novecientos cuarenta y ocho mil ciento noventa y dos con 00/100 | J68: =SUMPRODUCT(J12:J67,K12:K67) -> 7948192

Sheet Autor Gastar
A1: EJERCICIO: | D1: ='Necesidades Trimestrales'!C6 -> 2020 | P1: AUTORIZACION PARA GASTAR
A4: JURISDICCIÓN: | G4: =' NotaPedido 249-20'!D3 -> 42-Ministerio de Salud
A5: SAF: | G5: =' NotaPedido 249-20'!D4 -> 28- Maternidad Provincial 25 de Mayo
A6: UNIDAD EJECUTORA: | G6: =' NotaPedido 249-20'!D5 -> 169- Direccion Asistencial
A7: DEPENDENCIA SOLICITANTE: | G7: =' NotaPedido 249-20'!D6 -> Servicio de Farmacia
A8: AUTORIZACIÓN:
A9: Señor Jefe de Servicio Administrativo Financiero:
A10: ="Autorizo la realización de los trámites correspondientes, a fin de proveer a este Organismo los bienes y/o servicios que se detallan en Nota de Pedido N° " & ' NotaPedido 249-20'!K1&", afectando la erogación resultante a los créditos presupuestarios aprobados a favor de esta Unidad Ejecutora, conforme al siguiente detalle:" -> Autorizo la realización de los trámites correspondientes, a fin de proveer a este Organismo los bienes y/o servicios que se detallan en Nota de Pedido N° 287/2020, afectando la erogación resultante a los créditos presupuestarios aprobados a favor de esta Unidad Ejecutora, conforme al siguiente detalle:
A12: IMPUTACIÓN PRESUPUESTARIA
A13: CÓDIGO | O13: DENOMINACIÓN DE LA PARTIDA PRESUPUESTARIA | Q13: IMPORTE
A14: PR | B14: SB | C14: PY | D14: AC | E14: OB | F14: UG | G14: FIN | H14: FUN | I14: I | J14: P | K14: P | L14: SubP | M14: M | N14: FF
A15: 42 | D15: 2 | F15: 4901 | G15: 3 | H15: 1 | I15: 2 | J15: 5 | K15: 1 | M15: 1 | N15: 1.1 | O15: Compuestos Quimicos | Q15: 1937920
A16: 42 | D16: 2 | F16: 4901 | G16: 3 | H16: 1 | I16: 2 | J16: 9 | K16: 5 | M16: 1 | N16: 1.1 | O16: Utiles Menores Medico, Quirurgico y de Laboratorio | Q16: 6010272
A21: TOTAL DE PESOS: Siete millones novecientos cuarenta y ocho mil ciento noventa y dos con 00/100 | Q21: =SUM(Q15:Q20) -> 7948192
A23: JUSTIFICACIÓN:
A24: Para la adquisición de descartables, para ser destinados al Servico de Farmacia de Maternidad Provincial 25 de Mayo.
