Workbook

Sheet Necesidades Trimestrales
B2: Pedido de Necesidades Trimestrales
A4: JURISDICCION: | C4: 90 - Ministerio de Seguridad
A5: SAF N°: | C5: 19- DIRECCION PROVINCIAL DE ADMINISTRACION Y RRHH-MINISTERIO DE SEGURIDAD
A6: EJERCICIO: | C6: 2020
A7: TRIMESTRE: | C7: 4
A9: ID | B9: CODIGO ITEM | C9: RUBRO DE COMPRA | D9: I.P.P. | E9: DESCRIPCION | F9: UNIDAD DE MEDIDA | G9: CANTIDAD | H9: PRECIO UNITARIO ESTIMADO | I9: IMPORTE TOTAL ESTIMADO
A10: 1 | B10: 4.3.7-46.125 | C10: EQUIPO DE OFICINA Y MUEBLES | D10: =LEFT(B10,5) -> 4.3.7 | E10: SILLONES EJECUTIVOS; TAPIZADO: CUERO ECOLOGICO, ALTURA: REGULABLE, GIRATORIO: SI, MATERIAL: POLIAMIDA | F10: UNIDAD | G10: 1 | H10: 34421.5 | I10: =G10*H10 -> 34421.5
A11: 2 | B11: 4.3.7-46.126 | C11: EQUIPO DE OFICINA Y MUEBLES | D11: =LEFT(B11,5) -> 4.3.7 | E11: SILLONES EJECUTIVOS; TAPIZADO: TELA ECOLOGICA, ALTURA: REGULABLE, GIRATORIO: SI, MATERIAL: POLIAMIDA | F11: UNIDAD | G11: 35 | H11: 16699 | I11: =G11*H11 -> 584465 | K11: =I10+I11 -> 618886.5
A12: 3 | B12: 4.3.7-9082.14 | C12: EQUIPO DE OFICINA Y MUEBLES | D12: =LEFT(B12,5) -> 4.3.7 | E12: MUEBLES A MEDIDA; MATERIAL ESTRUCTURA: METAL, TERMINACION: PINTURA EPOXI | F12: UNIDAD | G12: 20 | H12: 18150 | I12: =G12*H12 -> 363000
I13: =SUM(I10:I12) -> 981886.5
B15: Especificidades Item N° 1:
B17: Descripción técnica
C18: SILLÓN EJECUTIVO CON CABEZAL O RESPALDO ALTO- APOYO LUMBAR GRADUABLE - REGULACION NEUMATICA DE ALTURA DEL ASIENTO - MECANISMO OSCILANTE DE RESPALDO CON POSICIONES DE AJUSTE Y CONTROL DE TENSION - CON APOYA BRAZOS - RUEDAS REVESTIDAS EN MATERIAL ELASTÓMERO - BASE COMPUESTA POR NAYLON Y FIBRA DE VIDRIO DE ALTA RESISTENCIA (POLIAMIDA) O DE SIMILAR CALIDAD Y RESISTENCIA.-
B20: Especificidades Item N° 2:
B22: Descripción técnica
C23: SILLA CON APOYA BRAZOS - RESPALDO MEDIO EN TELA - ASIENTO DE ESPUMA INYECTADA EN POLIURETANO - REGULACIÓN NEUMÁTICA DE ALTURA DEL ASIENTO - BASE COMPUESTA POR NAYLON Y FIBRA DE VIDRIO DE ALTA RESISTENCIA (POLIAMIDA)O DE SIMILAR CALIDAD Y RESISTENCIA.- | G23: interior | H23: 14230 | I23: =H23*H10 -> 489817945 | K23: =SUM(I23:I24) -> 1067603345
H24: 34600 | I24: =H24*H11 -> 577785400
B25: Especificidades Item N° 3: | G25: capital | H25: 50343 | I25: =H25*H10 -> 1.7328816e+09 | K25: =SUM(I25:I26) -> 3.278541e+09 | N25: =8800000/H10 -> 255.65417 | P25: =N25*70/100 -> 178.95792 | Q25: =P25*H11 -> 2988418.3 | R25: =SUM(Q25:Q26) -> 4269169
H26: 92560 | I26: =H26*H11 -> 1545659440 | P26: =N25-P25 -> 76.696251 | Q26: =P26*H11 -> 1280750.7
B27: Descripción técnica
C28: MEDIDA DEL MUEBLE: H 1800 X FRENTE 380 X PROF. 450 MM - CON O SIN PATAS - CANT.PUERTAS= 4 (CUATRO) C/CERRADURA INDIVIDUAL EN CADA UNA DE ELLAS - TERMINACIÓN EN PINTURA EPOXI.- | G28: and | H28: 1998 | I28: =H28*H10 -> 68774157 | K28: =SUM(I28:I29) -> 144253637
H29: 4520 | I29: =H29*H11 -> 75479480
B30: Plazo y Lugar de entrega: Diez (10) Días | G30: d | H30: 2730 | I30: =H30*H10 -> 93970695 | K30: =SUM(I30:I31) -> 212032625
C31: MINISTERIO DE SEGURIDAD - Ubicado en Calle Sarmiento 613 -Casa de Gobierno - SFVC | H31: 7070 | I31: =H31*H11 -> 118061930
B32: Calidad Minima esperada
C33: QUE CUMPLA CON TODO LO SOLICITADO EN FORMA INTEGRA - PRODUCTOS NUEVOS.-
B34: Mantenimiento:
C35: 30 (treinta) DÍAS.-
B36: Garantia:
C37: 12 MESES COMO MÍNIMO.-

Sheet  NotaPedido
A1: NOTA DE PEDIDO | J1: N° | K1: 04/2020
A3: JURISDICCIÓN: | D3: Ministerio de Seguridad
A4: SAF: | D4: 19- DIRECCION PROVINCIAL DE ADMINISTRACION Y RRHH-MINISTERIO DE SEGURIDAD
A5: UNIDAD EJECUTORA: | D5: Ministerio de Seguridad
A6: DEPENDENCIA SOLICITANTE: | D6: Ministerio de Seguridad
A7: PERIODO UTILIZACIÓN: | D7: ='Necesidades Trimestrales'!C7 & "° Trimestre - Año " & 'Necesidades Trimestrales'!C6 -> 4° Trimestre - Año 2020
A8: OBJETO: | D8: ADQUISICION DE MOBILIARIO CON DESTINO A EQUIPAR EL SISTEMA DE ATENCIÓN TELEFÓNICA DE EMERGENCIA 911 Y DEL CENTRO OPERATIVO DESPACHOS DE MÓVILES.-
A11: Ítem | B11: Codigo Item | C11: DESCRIPCIÓN | H11: Adjunta Detalle Técnico | I11: Unidad Medida | J11: Precio Unitario Estimado | K11: Cantidad Solicitada
A13: 1 | B13: =+'Necesidades Trimestrales'!B10 -> 4.3.7-46.125 | C13: =+'Necesidades Trimestrales'!E10 -> SILLONES EJECUTIVOS; TAPIZADO: CUERO ECOLOGICO, ALTURA: REGULABLE, GIRATORIO: SI, MATERIAL: POLIAMIDA | H13: SI | I13: =+'Necesidades Trimestrales'!F10 -> UNIDAD | J13: =+'Necesidades Trimestrales'!H10 -> 34421.5 | K13: =+'Necesidades Trimestrales'!G10 -> 1
A14: 2 | B14: =+'Necesidades Trimestrales'!B11 -> 4.3.7-46.126 | C14: =+'Necesidades Trimestrales'!E11 -> SILLONES EJECUTIVOS; TAPIZADO: TELA ECOLOGICA, ALTURA: REGULABLE, GIRATORIO: SI, MATERIAL: POLIAMIDA | H14: SI | I14: =+'Necesidades Trimestrales'!F11 -> UNIDAD | J14: =+'Necesidades Trimestrales'!H11 -> 16699 | K14: =+'Necesidades Trimestrales'!G11 -> 35
A15: 3 | B15: =+'Necesidades Trimestrales'!B12 -> 4.3.7-9082.14 | C15: =+'Necesidades Trimestrales'!E12 -> MUEBLES A MEDIDA; MATERIAL ESTRUCTURA: METAL, TERMINACION: PINTURA EPOXI | H15: SI | I15: =+'Necesidades Trimestrales'!F12 -> UNIDAD | J15: =+'Necesidades Trimestrales'!H12 -> 18150 | K15: =+'Necesidades Trimestrales'!G12 -> 20
A16: Costo total estimado: NOVECIENTOS OCHENTA Y UN MIL, OCHOCIENTOS OCHENTA Y SEIS CON 50/100.- | J16: ='Necesidades Trimestrales'!I13 -> 981886.5

Sheet Autor Gastar
A1: EJERCICIO: | D1: ='Necesidades Trimestrales'!C6 -> 2020 | P1: AUTORIZACION PARA GASTAR
A4: JURISDICCIÓN: | G4: =' NotaPedido'!D3 -> Ministerio de Seguridad
A5: SAF: | G5: =' NotaPedido'!D4 -> 19- DIRECCION PROVINCIAL DE ADMINISTRACION Y RRHH-MINISTERIO DE SEGURIDAD
A6: UNIDAD EJECUTORA: | G6: =' NotaPedido'!D5 -> Ministerio de Seguridad
A7: DEPENDENCIA SOLICITANTE: | G7: =' NotaPedido'!D6 -> Ministerio de Seguridad
A8: AUTORIZACIÓN:
A9: Señor Jefe de Servicio Administrativo Financiero:
A10: ="Autorizo la realización de los trámites correspondientes, a fin de proveer a este Organismo los bienes y/o servicios que se detallan en Nota de Pedido N° " & ' NotaPedido'!K1&", afectando la erogación resultante a los créditos presupuestarios aprobados a favor de esta Unidad Ejecutora, conforme al siguiente detalle:" -> Autorizo la realización de los trámites correspondientes, a fin de proveer a este Organismo los bienes y/o servicios que se detallan en Nota de Pedido N° 04/2020, afectando la erogación resultante a los créditos presupuestarios aprobados a favor de esta Unidad Ejecutora, conforme al siguiente detalle:
A12: IMPUTACIÓN PRESUPUESTARIA
A13: CÓDIGO | O13: DENOMINACIÓN DE LA PARTIDA PRESUPUESTARIA | Q13: IMPORTE
A14: PR | B14: SB | C14: PY | D14: AC | E14: OB | F14: UG | G14: FIN | H14: FUN | I14: I | J14: P | K14: P | L14: SubP | M14: M | N14: FF
A15: 1 | B15: 0 | C15: 0 | D15: 1 | E15: 0 | F15: 4901 | G15: 2 | H15: 1 | I15: 4 | J15: 3 | K15: 7 | L15: 0 | M15: 1 | N15: 1.1 | O15: Equipos de Oficina y Muebles | Q15: ='Necesidades Trimestrales'!I13 -> 981886.5
Y17: ID | Z17: CODIGO ITEM | AA17: RUBRO DE COMPRA | AB17: I.P.P. | AC17: DESCRIPCION | AD17: UNIDAD DE MEDIDA | AE17: CANTIDAD | AF17: PRECIO UNITARIO ESTIMADO | AG17: IMPORTE TOTAL ESTIMADO
Y18: 1 | Z18: 2.5.6-797.15 | AA18: COMBUSTIBLES Y LUBRICANTES | AC18: NAFTA SUPER; TIPO: SUPER, OCTANO: 95, PRESENTACION: X LITRO, DESTINO: SIN VALOR | AD18: LITROS | AE18: 18426 | AF18: 65.12 | AG18: =AF18*AE18 -> 1199901.1
Y19: 2 | Z19: 2.5.6-793.29 | AA19: COMBUSTIBLES Y LUBRICANTES | AC19: GAS OIL; PRESENTACION: POR LITRO, USO: MOTORES DIESEL, COMERCIALIZACION: GRADO 3 | AD19: LITROS | AE19: 29825 | AF19: 60.35 | AG19: =AE19*AF19 -> 1799938.8
Y20: Costo total estimado: | AG20: =SUM(AG18:AG19) -> 2999839.9
Z22: Especificidades Item N° 1:
A23: TOTAL DE PESOS: NOVECIENTOS OCHENTA Y UN MIL, OCHOCIENTOS OCHENTA Y SEIS CON 50/100.- | Q23: =SUM(Q15:Q19) -> 981886.5
A25: JUSTIFICACIÓN:
A26: PARA LA ADQUISICION DE MOBILIARIO CON DESTINO A EQUIPAR EL SISTEMA DE ATENCIÓN TELEFÓNICA DE EMERGENCIA 911 Y DEL CENTRO OPERATIVO DESPACHOS DE MÓVILES.-
