Workbook

Sheet SAF 011
A1: 2022
B2: Pedido de Necesidades Trimestrales
A4: JURISDICCION: | C4: 040 - MINISTERIO DE SALUD
A5: SAF N°: | C5: 011 - DIRECCION PROVINCIAL DE ADMINISTRACION - MINISTERIO DE SALUD
A6: EJERCICIO: | C6: 2022
A7: TRIMESTRE: | C7: PRIMERO
A9: ID | B9: CODIGO ITEM | C9: RUBRO DE COMPRA | D9: I.P.P. | E9: DESCRIPCION | F9: UNIDAD DE MEDIDA | G9: SECRETARIA DE ADMINISTRACION | H9: TOTAL S.A. | I9: SMPyPS | J9: TOTAL SMPyPS | K9: DIR. LAB. CENTRAL | L9: TOTAL DE LAB CENTRAL | M9: BCO DE SANGRE | N9: TOTAL BANCO DE SANGRE | O9: APS | P9: TOTAL A.P.S. | Q9: DIR DE CANCER | R9: TOTAL DE DIR DE CANCER | S9: FARMACIA | T9: TOTAL FARMACIA | U9: ODONTOLOGIA | V9: TOTAL DE ODONTOLOG | W9: SAME | X9: TOTAL SAME | Y9: HPTAL MALBRAN | Z9: TOTAL HPTAL MALBRAN | AA9: MATERNIDAD E INFANCIA | AB9: TOTAL MATERNIDAD E INFANCIA | AC9: SASP | AD9: TOTAL SASP | AE9: SALUD Y MEDIO AMBIENTE | AF9: TOTAL SALUD Y MEDIO AMBIENTE | AG9: VECTORES Y ZOONOSIS | AH9: TOTAL DE VECT Y ZOON | AI9: CRONICAS | AJ9: TOTAL CRONICAS | AK9: CUR | AL9: TOTAL CUR | AM9: SPyGS | AN9: TOTAL SPyGS | AO9: SALUD MENTAL | AP9: TOTAL SALUD MENTAL | AQ9: AREAS Y DPAS | AR9: TOTAL DPAS | AS9: EPIDEMIOLOGIA | AT9: TOTAL EPIDEMIOLOGIA | AU9: AREA 1 | AV9: TOTAL AREA 1 | AW9: CANTIDAD TOTAL | AX9: PRECIO UNITARIO | AY9: IMPORTE TOTAL ESTIMADO
A10: 1 | C10: PRODUCTOS MEDICOS/FARMACEUTICOS/LAB. | D10: 2.5.2 | E10: Acetato de goserelin depot | F10: Jeringa Prellenada | Q10: 10 | R10: =+Q10*AX10 -> 333150 | T10: =+S10*AX10 -> 0 | AW10: =+AQ10+AO10+AM10+AK10+AI10+AG10+AE10+AC10+AA10+Y10+W10+U10+S10+Q10+O10+M10+K10+I10+AS10+G10+AU10 -> 10 | AX10: 33315 | AY10: =+AW10*AX10 -> 333150
A11: 2 | C11: PRODUCTOS MEDICOS/FARMACEUTICOS/LAB. | D11: 2.5.2 | E11: Azacitidina 100 mg | F11: Frasco- ampolla | Q11: 14 | R11: =+Q11*AX11 -> 60760 | T11: =+S11*AX11 -> 0 | AW11: =+AQ11+AO11+AM11+AK11+AI11+AG11+AE11+AC11+AA11+Y11+W11+U11+S11+Q11+O11+M11+K11+I11+AS11+G11+AU11 -> 14 | AX11: 4340 | AY11: =+AW11*AX11 -> 60760
A12: 3 | C12: PRODUCTOS MEDICOS/FARMACEUTICOS/LAB. | D12: 2.5.2 | E12: Bevacizumab 100 mg | F12: Frasco -ampolla | Q12: 8 | R12: =+Q12*AX12 -> 408080 | T12: =+S12*AX12 -> 0 | AW12: =+AQ12+AO12+AM12+AK12+AI12+AG12+AE12+AC12+AA12+Y12+W12+U12+S12+Q12+O12+M12+K12+I12+AS12+G12+AU12 -> 8 | AX12: 51010 | AY12: =+AW12*AX12 -> 408080
A13: 4 | C13: PRODUCTOS MEDICOS/FARMACEUTICOS/LAB. | D13: 2.5.2 | E13: Bevacizumab 400 mg | F13: Frasco -ampolla | Q13: 8 | R13: =+Q13*AX13 -> 1486480 | T13: =+S13*AX13 -> 0 | AW13: =+AQ13+AO13+AM13+AK13+AI13+AG13+AE13+AC13+AA13+Y13+W13+U13+S13+Q13+O13+M13+K13+I13+AS13+G13+AU13 -> 8 | AX13: 185810 | AY13: =+AW13*AX13 -> 1486480
A14: 5 | C14: PRODUCTOS MEDICOS/FARMACEUTICOS/LAB. | D14: 2.5.2 | E14: Fulvestrant 250 mg x 2 ampollas | F14: Frasco -ampolla | Q14: 3 | R14: =+Q14*AX14 -> 40545 | T14: =+S14*AX14 -> 0 | AW14: =+AQ14+AO14+AM14+AK14+AI14+AG14+AE14+AC14+AA14+Y14+W14+U14+S14+Q14+O14+M14+K14+I14+AS14+G14+AU14 -> 3 | AX14: 13515 | AY14: =+AW14*AX14 -> 40545
A15: 6 | C15: PRODUCTOS MEDICOS/FARMACEUTICOS/LAB. | D15: 2.5.2 | E15: imatinib 100 mg x 180 comp | F15: CAJA | Q15: 5 | R15: =+Q15*AX15 -> 18500 | T15: =+S15*AX15 -> 0 | AW15: =+AQ15+AO15+AM15+AK15+AI15+AG15+AE15+AC15+AA15+Y15+W15+U15+S15+Q15+O15+M15+K15+I15+AS15+G15+AU15 -> 5 | AX15: 3700 | AY15: =+AW15*AX15 -> 18500
A16: 7 | C16: PRODUCTOS MEDICOS/FARMACEUTICOS/LAB. | D16: 2.5.2 | E16: imatinib 400 mg x 30 comp | F16: CAJA | Q16: 5 | R16: =+Q16*AX16 -> 19200 | T16: =+S16*AX16 -> 0 | AW16: =+AQ16+AO16+AM16+AK16+AI16+AG16+AE16+AC16+AA16+Y16+W16+U16+S16+Q16+O16+M16+K16+I16+AS16+G16+AU16 -> 5 | AX16: 3840 | AY16: =+AW16*AX16 -> 19200
A17: 8 | C17: PRODUCTOS MEDICOS/FARMACEUTICOS/LAB. | D17: 2.5.2 | E17: Lenalidomida 25 mg x 21 caps | F17: CAJA | Q17: 2 | R17: =+Q17*AX17 -> 400160 | T17: =+S17*AX17 -> 0 | AW17: 3 | AX17: 200080 | AY17: =+AW17*AX17 -> 600240
A18: 9 | C18: PRODUCTOS MEDICOS/FARMACEUTICOS/LAB. | D18: 2.5.2 | E18: nilotinib 150 x 120 comp | F18: CAJA | Q18: 5 | R18: =+Q18*AX18 -> 1689800 | T18: =+S18*AX18 -> 0 | AW18: =+AQ18+AO18+AM18+AK18+AI18+AG18+AE18+AC18+AA18+Y18+W18+U18+S18+Q18+O18+M18+K18+I18+AS18+G18+AU18 -> 5 | AX18: 337960 | AY18: =+AW18*AX18 -> 1689800
A19: 10 | C19: PRODUCTOS MEDICOS/FARMACEUTICOS/LAB. | D19: 2.5.2 | E19: nilotinib 200 x 120 comp | F19: CAJA | Q19: 5 | R19: =+Q19*AX19 -> 2461700 | T19: =+S19*AX19 -> 0 | AW19: =+AQ19+AO19+AM19+AK19+AI19+AG19+AE19+AC19+AA19+Y19+W19+U19+S19+Q19+O19+M19+K19+I19+AS19+G19+AU19 -> 5 | AX19: 492340 | AY19: =+AW19*AX19 -> 2461700
A20: 11 | C20: PRODUCTOS MEDICOS/FARMACEUTICOS/LAB. | D20: 2.5.2 | E20: pazopanib 200 mg x 30 comp | F20: CAJA | Q20: 2 | R20: =+Q20*AX20 -> 24700 | T20: =+S20*AX20 -> 0 | AW20: 5 | AX20: 12350 | AY20: =+AW20*AX20 -> 61750
A21: 12 | C21: PRODUCTOS MEDICOS/FARMACEUTICOS/LAB. | D21: 2.5.2 | E21: Pembrolizumab 100 mg | F21: Vial Inyectable | Q21: 10 | R21: =+Q21*AX21 -> 3552631.6 | AW21: =+AQ21+AO21+AM21+AK21+AI21+AG21+AE21+AC21+AA21+Y21+W21+U21+S21+Q21+O21+M21+K21+I21+AS21+G21+AU21 -> 10 | AX21: 355263.16 | AY21: =+AW21*AX21 -> 3552631.6
A22: 13 | C22: PRODUCTOS MEDICOS/FARMACEUTICOS/LAB. | D22: 2.5.2 | E22: pertuzumab 420 mg | F22: Vial Inyectable | Q22: 5 | R22: =+Q22*AX22 -> 2157400 | T22: =+S22*AX22 -> 0 | AD22: =+AC22*AX22 -> 0 | AW22: =+AQ22+AO22+AM22+AK22+AI22+AG22+AE22+AC22+AA22+Y22+W22+U22+S22+Q22+O22+M22+K22+I22+AS22+G22+AU22 -> 5 | AX22: 431480 | AY22: =+AW22*AX22 -> 2157400
A23: 14 | C23: PRODUCTOS MEDICOS/FARMACEUTICOS/LAB. | D23: 2.5.2 | E23: Regorafenib 40 mg tab.3 x 28 comp (84 comp) | F23: CAJA | Q23: 2 | R23: =+Q23*AX23 -> 500000 | T23: =+S23*AX23 -> 0 | AW23: =+AQ23+AO23+AM23+AK23+AI23+AG23+AE23+AC23+AA23+Y23+W23+U23+S23+Q23+O23+M23+K23+I23+AS23+G23+AU23 -> 2 | AX23: 250000 | AY23: =+AW23*AX23 -> 500000
A24: 15 | C24: PRODUCTOS MEDICOS/FARMACEUTICOS/LAB. | D24: 2.5.2 | E24: sunitinib 25 mg x 28 caps | F24: CAJA | Q24: 2 | R24: =+Q24*AX24 -> 915696 | T24: =+S24*AX24 -> 0 | AW24: =+AQ24+AO24+AM24+AK24+AI24+AG24+AE24+AC24+AA24+Y24+W24+U24+S24+Q24+O24+M24+K24+I24+AS24+G24+AU24 -> 2 | AX24: 457848 | AY24: =+AW24*AX24 -> 915696
A25: 16 | C25: PRODUCTOS MEDICOS/FARMACEUTICOS/LAB. | D25: 2.5.2 | E25: Trastuzumab 440MG. | F25: Frasco -ampolla | Q25: 5 | R25: =+Q25*AX25 -> 813250 | T25: =+S25*AX25 -> 0 | AW25: =+AQ25+AO25+AM25+AK25+AI25+AG25+AE25+AC25+AA25+Y25+W25+U25+S25+Q25+O25+M25+K25+I25+AS25+G25+AU25 -> 5 | AX25: 162650 | AY25: =+AW25*AX25 -> 813250
E26: TOTAL RUBRO MEDICAMENTOS ONCOLOGICOS | T26: =+S26*AX26 -> 0 | AY26: =+SUM(AY10:AY25) -> 15119183
C28: DETALLE TECNICO Y ESPECIFICACIONES | D28: ANEXO 1-Para oferentes de la Provincia de Catamarca deberán presentar Habilitación Provincial para comercializar el producto que cotizan. 2-Para el resto de oferentes deberán presentar Certificado de Inscripción de ANMAT vigente al momento de la oferta, el mismo deberá ser correspondiente al objeto de la contratación y de encontrarse vencido adjuntar la solicitud de renovación. 3-No se aceptarán ofertas de productos no registrados y autorizada su venta por ANMAT. Se deberá especificar en cada ítem de la propuesta, marca y número de certificado otorgado por dicho ente regulador. 4-Los productos deberán tener un vencimiento posterior a doce (12) meses a partir de la fecha de su recepción.
C30: Plazos de entrega | D30: veinte (20) dias habiles
C32: Lugar de Entrega: | D32: DIR. PROV. DE CANCER - CHACABUCO N° 169 - en el horario de 8:00hs a 12:00hs de lunes a viernes
C34: Calidad Minima esperada
C36: Mantenimiento | D36: cuarenta y cinco (45) días

Sheet NP
A1: NOTA DE PEDIDO | J1: N° | K1: 01/2022
A3: JURISDICCIÓN: | D3: ='SAF 011'!C4 -> 040 - MINISTERIO DE SALUD
A4: SAF: | D4: ='SAF 011'!C5 -> 011 - DIRECCION PROVINCIAL DE ADMINISTRACION - MINISTERIO DE SALUD
A5: UNIDAD EJECUTORA: | D5: DIRECCION PROVINCIAL DE CANCER
A6: DEPENDENCIA SOLICITANTE: | D6: DIRECCION PROVINCIAL DE CANCER
A7: PERIODO UTILIZACIÓN: | D7: 1° TRIMESTRE 2022
A8: OBJETO: | D8: ADQUISICION DEL RUBRO MEDICAMENTOS ONCOLOGICOS
A10: Ítem | B10: Codigo Item | C10: DESCRIPCIÓN | H10: Adjunta Detalle Técnico | I10: Unidad Medida | J10: Precio Unitario Estimado | K10: Cantidad Solicitada
A12: 1 | C12: ='SAF 011'!E10 -> Acetato de goserelin depot | H12: NO | I12: =+'SAF 011'!F10 -> Jeringa Prellenada | J12: ='SAF 011'!AX10 -> 33315 | K12: =+'SAF 011'!AW10 -> 10 | M12: =+J12*K12 -> 333150
A13: 2 | C13: ='SAF 011'!E11 -> Azacitidina 100 mg | H13: NO | I13: =+'SAF 011'!F11 -> Frasco- ampolla | J13: ='SAF 011'!AX11 -> 4340 | K13: =+'SAF 011'!AW11 -> 14 | M13: =+J13*K13 -> 60760
A14: 3 | C14: ='SAF 011'!E12 -> Bevacizumab 100 mg | H14: NO | I14: =+'SAF 011'!F12 -> Frasco -ampolla | J14: ='SAF 011'!AX12 -> 51010 | K14: =+'SAF 011'!AW12 -> 8 | M14: =+J14*K14 -> 408080
A15: 4 | C15: ='SAF 011'!E13 -> Bevacizumab 400 mg | H15: NO | I15: =+'SAF 011'!F13 -> Frasco -ampolla | J15: ='SAF 011'!AX13 -> 185810 | K15: =+'SAF 011'!AW13 -> 8 | M15: =+J15*K15 -> 1486480
A16: 5 | C16: ='SAF 011'!E14 -> Fulvestrant 250 mg x 2 ampollas | H16: NO | I16: =+'SAF 011'!F14 -> Frasco -ampolla | J16: ='SAF 011'!AX14 -> 13515 | K16: =+'SAF 011'!AW14 -> 3 | M16: =+J16*K16 -> 40545
A17: 6 | C17: ='SAF 011'!E15 -> imatinib 100 mg x 180 comp | H17: NO | I17: =+'SAF 011'!F15 -> CAJA | J17: ='SAF 011'!AX15 -> 3700 | K17: =+'SAF 011'!AW15 -> 5 | M17: =+J17*K17 -> 18500
A18: 7 | C18: ='SAF 011'!E16 -> imatinib 400 mg x 30 comp | H18: NO | I18: =+'SAF 011'!F16 -> CAJA | J18: ='SAF 011'!AX16 -> 3840 | K18: =+'SAF 011'!AW16 -> 5 | M18: =+J18*K18 -> 19200
A19: 8 | C19: ='SAF 011'!E17 -> Lenalidomida 25 mg x 21 caps | H19: NO | I19: =+'SAF 011'!F17 -> CAJA | J19: ='SAF 011'!AX17 -> 200080 | K19: =+'SAF 011'!AW17 -> 3 | M19: =+J19*K19 -> 600240
A20: 9 | C20: ='SAF 011'!E18 -> nilotinib 150 x 120 comp | H20: NO | I20: =+'SAF 011'!F18 -> CAJA | J20: ='SAF 011'!AX18 -> 337960 | K20: =+'SAF 011'!AW18 -> 5 | M20: =+J20*K20 -> 1689800
A21: 10 | C21: ='SAF 011'!E19 -> nilotinib 200 x 120 comp | H21: NO | I21: =+'SAF 011'!F19 -> CAJA | J21: ='SAF 011'!AX19 -> 492340 | K21: =+'SAF 011'!AW19 -> 5 | M21: =+J21*K21 -> 2461700
A22: 11 | C22: ='SAF 011'!E20 -> pazopanib 200 mg x 30 comp | H22: NO | I22: =+'SAF 011'!F20 -> CAJA | J22: ='SAF 011'!AX20 -> 12350 | K22: =+'SAF 011'!AW20 -> 5 | M22: =+J22*K22 -> 61750
A23: 12 | C23: ='SAF 011'!E21 -> Pembrolizumab 100 mg | H23: NO | I23: =+'SAF 011'!F21 -> Vial Inyectable | J23: ='SAF 011'!AX21 -> 355263.16 | K23: =+'SAF 011'!AW21 -> 10 | M23: =+J23*K23 -> 3552631.6
... A27: 16 | C27: ='SAF 011'!E25 -> Trastuzumab 440MG. | H27: NO | I27: =+'SAF 011'!F25 -> Frasco -ampolla | J27: ='SAF 011'!AX25 -> 162650 | K27: =+'SAF 011'!AW25 -> 5 | M27: =+J27*K27 -> 813250
A29: Costo total estimado: QUINCE MILLONES CIENTO DIECINUEVE MIL CIENTO OCHENTA Y DOS CON 60/100.- | J29: =+M29 -> 15119183 | M29: =SUM(M12:M28) -> 15119183

Sheet APG
A1: EJERCICIO: | D1: 2022 | P1: AUTORIZACION PARA GASTAR
A4: JURISDICCIÓN: | G4: =NP!D3 -> 040 - MINISTERIO DE SALUD
A5: SAF: | G5: =NP!D4 -> 011 - DIRECCION PROVINCIAL DE ADMINISTRACION - MINISTERIO DE SALUD
A6: UNIDAD EJECUTORA: | G6: =NP!D5 -> DIRECCION PROVINCIAL DE CANCER
A7: DEPENDENCIA SOLICITANTE: | G7: =NP!D6 -> DIRECCION PROVINCIAL DE CANCER
A8: AUTORIZACIÓN:
A9: Señor Director de Administración o Titular del Servicio Administrativo Financiero:
A10: Autorizo la realización de los trámites correspondientes, a fin de proveer a este Organismo los bienes que se detallan en Nota de Pedido N° 01/2022 afectando la erogación resultante a los créditos presupuestarios aprobados a favor de esta Unidad Ejecutora, conforme al siguiente detalle:
A12: IMPUTACIÓN PRESUPUESTARIA
A13: CÓDIGO | O13: DENOMINACIÓN DE LA PARTIDA PRESUPUESTARIA | Q13: IMPORTE
A14: PR | B14: SB | C14: PY | D14: AC | E14: OB | F14: UG | G14: FIN | H14: FUN | I14: I | J14: P | K14: P | L14: SubP | M14: M | N14: FF
A15: 44 | D15: 1 | F15: 4901 | G15: 3 | H15: 1 | I15: 2 | J15: 5 | K15: 2 | M15: 1 | N15: 1.1 | O15: PRODUCTOS FARMACEUTICOS Y MEDICINALES | Q15: =NP!M29 -> 15119183
A38: TOTAL DE PESOS: QUINCE MILLONES CIENTO DIECINUEVE MIL CIENTO OCHENTA Y DOS CON 60/100.- | Q38: =SUM(Q15:Q37) -> 15119183
A40: JUSTIFICACIÓN:
A41: =NP!D8 -> ADQUISICION DEL RUBRO MEDICAMENTOS ONCOLOGICOS
