Workbook

Sheet Necesidades Trimestrales
B2: Pedido de Necesidades Trimestrales
A4: JURISDICCION: | C4: 040 - Ministerio de Salud
A5: SAF N°: | C5: 28- Maternidad Provincial 25 de Mayo
A6: EJERCICIO: | C6: 2022
A7: TRIMESTRE: | C7: 2
A9: ID | B9: CODIGO ITEM | C9: RUBRO DE COMPRA | D9: I.P.P. | E9: DESCRIPCION | F9: UNIDAD DE MEDIDA | G9: CANTIDAD | H9: PRECIO UNITARIO ESTIMADO | I9: IMPORTE TOTAL ESTIMADO
A10: 1 | B10: 2.5.2-5520.5 | C10: PROD.MEDICO/FARMACEUTICOS/LAB | D10: 2.5.2 | E10: VASELINA; TIPO: LIQUIDA, PRESENTACION: ENVASE X 1000 mL | F10: unidad | G10: 40 | H10: 850 | I10: =+H10*G10 -> 34000
A11: 2 | B11: 2.5.2-3259.11 | C11: PROD.MEDICO/FARMACEUTICOS/LAB | D11: 2.5.2 | E11: DIGESTIVOS; TIPO: MONODROGA, DROGA GENERICA: ACIDO URSODESOXICOLICO, FORMA FARMACEUTICA: COMPRIMIDO, PRESENTACION: 150 MGR | F11: comprimido | G11: 90 | H11: 76.95 | I11: =+H11*G11 -> 6925.5
A12: 3 | B12: 2.5.2-1901.13 | C12: PROD.MEDICO/FARMACEUTICOS/LAB | D12: 2.5.2 | E12: VITAMINAS; TIPO: ASOCIACION, DROGA GENERICA: VIT.A +D+C, FORMA FARMACEUTICA: GOTA, PRESENTACION: 20 mL | F12: gotero | G12: 1800 | H12: 175 | I12: =+H12*G12 -> 315000
A13: 4 | B13: 2.5.2-1901.130 | C13: PROD.MEDICO/FARMACEUTICOS/LAB | D13: 2.5.2 | E13: VITAMINAS; TIPO: MONODROGA, DROGA GENERICA: VITAMINA D3 2000 UI/ML, FORMA FARMACEUTICA: SOLUCION, PRESENTACION: 2 ML | F13: frasco | G13: 30 | H13: 958 | I13: =+H13*G13 -> 28740
A14: 5 | B14: 2.5.2-3259.14 | C14: PROD.MEDICO/FARMACEUTICOS/LAB | D14: 2.5.2 | E14: DIGESTIVOS; TIPO: MONODROGA, DROGA GENERICA: ACIDO URSODEOXICOLICO, FORMA FARMACEUTICA: COMPRIMIDO, PRESENTACION: 300 MGR | F14: comprimido | G14: 90 | H14: 128.8 | I14: =+H14*G14 -> 11592
A15: 6 | B15: 2.5.2-6910.11 | C15: PROD.MEDICO/FARMACEUTICOS/LAB | D15: 2.5.2 | E15: ANTIEMETICOS; TIPO: MONODROGA, DROGA GENERICA: DOMPERIDONA 1%, FORMA FARMACEUTICA: GOTAS, PRESENTACION: ENVASE X 20 ML | F15: gotero | G15: 20 | H15: 180 | I15: =+H15*G15 -> 3600
A16: 7 | B16: 2.5.2-1865.11 | C16: PROD.MEDICO/FARMACEUTICOS/LAB | D16: 2.5.2 | E16: ANTIEPILEPTICOS; TIPO: MONODROGA, DROGA GENERICA: CLONAZEPAN, FORMA FARMACEUTICA: COMPRIMIDO, PRESENTACION: 0.50 mGr | F16: comprimido | G16: 400 | H16: 4.3 | I16: =+H16*G16 -> 1720
A17: 8 | B17: 2.5.2-1838.1 | C17: PROD.MEDICO/FARMACEUTICOS/LAB | D17: 2.5.2 | E17: INOTROPICOS; TIPO: MONODROGA, FORMA FARMACEUTICA: COMPRIMIDO, PRESENTACION: 0,25 mGr, DROGA GENERICA: DIGOXINA | F17: comprimido | G17: 30 | H17: 7.8 | I17: =+H17*G17 -> 234
A18: 9 | B18: 2.5.2-1872.56 | C18: PROD.MEDICO/FARMACEUTICOS/LAB | D18: 2.5.2 | E18: ANTIANEMICOS; TIPO: MONODROGA, DROGA GENERICA: HIERRO DEXTRAN 50 mGr/ML, FORMA FARMACEUTICA: AMPOLLA, PRESENTACION: 2 mL | F18: ampolla | G18: 50 | H18: 484 | I18: =+H18*G18 -> 24200
A19: 10 | B19: 2.5.2-1839.38 | C19: PROD.MEDICO/FARMACEUTICOS/LAB | D19: 2.5.2 | E19: VASODILATADORES CORONARIOS; TIPO: MONODROGA, DROGA GENERICA: DINITRATO DE ISOSORBIDE 5 mGr, FORMA FARMACEUTICA: COMPRIMIDO, PRESENTACION: ENVASE X 30 UN | F19: caja | G19: 2 | H19: 1199 | I19: =+H19*G19 -> 2398
A20: 11 | B20: 2.5.2-4817.44 | C20: PROD.MEDICO/FARMACEUTICOS/LAB | D20: 2.5.2 | E20: ANTIHIPERTENSIVOS; TIPO: MONODROGA, DROGA GENERICA: NIFEDIPINA 30 MG, FORMA FARMACEUTICA: COMPRIMIDO, PRESENTACION: UNIDAD | F20: comprimido | G20: 300 | H20: 23 | I20: =+H20*G20 -> 6900
A21: 12 | B21: 2.5.2-1837.64 | C21: PROD.MEDICO/FARMACEUTICOS/LAB | D21: 2.5.2 | E21: HIPOTENSORES; TIPO: MONODROGA, DROGA GENERICA: NITROPRUSIATO DE SODIO, FORMA FARMACEUTICA: FRASCO AMPOLLA, PRESENTACION: ENVASE X 50 mGr | F21: ampolla | G21: 20 | H21: 950 | I21: =+H21*G21 -> 19000
... A23: 14 | B23: 2.1.1-4227.55 | C23: PROD.MEDICO/FARMACEUTICOS/LAB | D23: 2.5.2 | E23: SUPLEMENTOS DIETARIOS; TIPO: MONODROGA, DROGA GENERICA: TRIGLICER CADENA MEDIA, PRESENTACION: ENVASE X 500 CM3 | F23: frasco | G23: 20 | H23: 10670 | I23: =+H23*G23 -> 213400
B26: ITEMS 10
B27: Especificidades: VASODILATADORES CORONARIOS; TIPO: MONODROGA, DROGA GENERICA: DINITRATO DE ISOSORBIDE 5 mGr, FORMA FARMACEUTICA: COMPRIMIDO, PRESENTACION: ENVASE X 30 UN COMPRIMIDO SUBLINGUAL
B28: Lugar de Entrega:SERVICIO DE FARMACIA DE 08:00 A 13:00HS., DEBIENDO CORRER LOS GASTOS DE FLETES, ACARREO, CARGA, DESCARGA Y SEGURO A CARGO DEL ADJUDICATARIO.
B30: Plazo de entrega: 10 (DIEZ) DIAS HABILES
B31: Calidad Minima esperada:
B32: Mantenimiento: 45(CUARENTA Y CINCO) DIAS HABILES

Sheet  NotaPedido
A1: NOTA DE PEDIDO | J1: N° | K1: 51/2022
A3: JURISDICCIÓN: | D3: ='Necesidades Trimestrales'!C4 -> 040 - Ministerio de Salud
A4: SAF: | D4: ='Necesidades Trimestrales'!C5 -> 28- Maternidad Provincial 25 de Mayo
A5: UNIDAD EJECUTORA: | D5: 169-Direccion Asistencial
A6: DEPENDENCIA SOLICITANTE: | D6: Servicio de Farmacia
A7: PERIODO UTILIZACIÓN: | D7: Trimestral
A8: OBJETO: | D8: Adquisición de Medicamentos
A10: Ítem | B10: Codigo Item | C10: DESCRIPCIÓN | H10: Adjunta Detalle Técnico | I10: Unidad Medida | J10: Precio Unitario Estimado | K10: Cantidad Solicitada
A12: =+'Necesidades Trimestrales'!A10 -> 1 | B12: =+'Necesidades Trimestrales'!B10 -> 2.5.2-5520.5 | C12: =+'Necesidades Trimestrales'!E10 -> VASELINA; TIPO: LIQUIDA, PRESENTACION: ENVASE X 1000 mL | H12: NO | I12: =+'Necesidades Trimestrales'!F10 -> unidad | J12: =+'Necesidades Trimestrales'!H10 -> 850 | K12: =+'Necesidades Trimestrales'!G10 -> 40
A13: =+'Necesidades Trimestrales'!A11 -> 2 | B13: =+'Necesidades Trimestrales'!B11 -> 2.5.2-3259.11 | C13: =+'Necesidades Trimestrales'!E11 -> DIGESTIVOS; TIPO: MONODROGA, DROGA GENERICA: ACIDO URSODESOXICOLICO, FORMA FARMACEUTICA: COMPRIMIDO, PRESENTACION: 150 MGR | H13: NO | I13: =+'Necesidades Trimestrales'!F11 -> comprimido | J13: =+'Necesidades Trimestrales'!H11 -> 76.95 | K13: =+'Necesidades Trimestrales'!G11 -> 90
A14: =+'Necesidades Trimestrales'!A12 -> 3 | B14: =+'Necesidades Trimestrales'!B12 -> 2.5.2-1901.13 | C14: =+'Necesidades Trimestrales'!E12 -> VITAMINAS; TIPO: ASOCIACION, DROGA GENERICA: VIT.A +D+C, FORMA FARMACEUTICA: GOTA, PRESENTACION: 20 mL | H14: NO | I14: =+'Necesidades Trimestrales'!F12 -> gotero | J14: =+'Necesidades Trimestrales'!H12 -> 175 | K14: =+'Necesidades Trimestrales'!G12 -> 1800
A15: =+'Necesidades Trimestrales'!A13 -> 4 | B15: =+'Necesidades Trimestrales'!B13 -> 2.5.2-1901.130 | C15: =+'Necesidades Trimestrales'!E13 -> VITAMINAS; TIPO: MONODROGA, DROGA GENERICA: VITAMINA D3 2000 UI/ML, FORMA FARMACEUTICA: SOLUCION, PRESENTACION: 2 ML | H15: NO | I15: =+'Necesidades Trimestrales'!F13 -> frasco | J15: =+'Necesidades Trimestrales'!H13 -> 958 | K15: =+'Necesidades Trimestrales'!G13 -> 30
A16: =+'Necesidades Trimestrales'!A14 -> 5 | B16: =+'Necesidades Trimestrales'!B14 -> 2.5.2-3259.14 | C16: =+'Necesidades Trimestrales'!E14 -> DIGESTIVOS; TIPO: MONODROGA, DROGA GENERICA: ACIDO URSODEOXICOLICO, FORMA FARMACEUTICA: COMPRIMIDO, PRESENTACION: 300 MGR | H16: NO | I16: =+'Necesidades Trimestrales'!F14 -> comprimido | J16: =+'Necesidades Trimestrales'!H14 -> 128.8 | K16: =+'Necesidades Trimestrales'!G14 -> 90
A17: =+'Necesidades Trimestrales'!A15 -> 6 | B17: =+'Necesidades Trimestrales'!B15 -> 2.5.2-6910.11 | C17: =+'Necesidades Trimestrales'!E15 -> ANTIEMETICOS; TIPO: MONODROGA, DROGA GENERICA: DOMPERIDONA 1%, FORMA FARMACEUTICA: GOTAS, PRESENTACION: ENVASE X 20 ML | H17: NO | I17: =+'Necesidades Trimestrales'!F15 -> gotero | J17: =+'Necesidades Trimestrales'!H15 -> 180 | K17: =+'Necesidades Trimestrales'!G15 -> 20
A18: =+'Necesidades Trimestrales'!A16 -> 7 | B18: =+'Necesidades Trimestrales'!B16 -> 2.5.2-1865.11 | C18: =+'Necesidades Trimestrales'!E16 -> ANTIEPILEPTICOS; TIPO: MONODROGA, DROGA GENERICA: CLONAZEPAN, FORMA FARMACEUTICA: COMPRIMIDO, PRESENTACION: 0.50 mGr | H18: NO | I18: =+'Necesidades Trimestrales'!F16 -> comprimido | J18: =+'Necesidades Trimestrales'!H16 -> 4.3 | K18: =+'Necesidades Trimestrales'!G16 -> 400
A19: =+'Necesidades Trimestrales'!A17 -> 8 | B19: =+'Necesidades Trimestrales'!B17 -> 2.5.2-1838.1 | C19: =+'Necesidades Trimestrales'!E17 -> INOTROPICOS; TIPO: MONODROGA, FORMA FARMACEUTICA: COMPRIMIDO, PRESENTACION: 0,25 mGr, DROGA GENERICA: DIGOXINA | H19: NO | I19: =+'Necesidades Trimestrales'!F17 -> comprimido | J19: =+'Necesidades Trimestrales'!H17 -> 7.8 | K19: =+'Necesidades Trimestrales'!G17 -> 30
A20: =+'Necesidades Trimestrales'!A18 -> 9 | B20: =+'Necesidades Trimestrales'!B18 -> 2.5.2-1872.56 | C20: =+'Necesidades Trimestrales'!E18 -> ANTIANEMICOS; TIPO: MONODROGA, DROGA GENERICA: HIERRO DEXTRAN 50 mGr/ML, FORMA FARMACEUTICA: AMPOLLA, PRESENTACION: 2 mL | H20: NO | I20: =+'Necesidades Trimestrales'!F18 -> ampolla | J20: =+'Necesidades Trimestrales'!H18 -> 484 | K20: =+'Necesidades Trimestrales'!G18 -> 50
A21: =+'Necesidades Trimestrales'!A19 -> 10 | B21: =+'Necesidades Trimestrales'!B19 -> 2.5.2-1839.38 | C21: =+'Necesidades Trimestrales'!E19 -> VASODILATADORES CORONARIOS; TIPO: MONODROGA, DROGA GENERICA: DINITRATO DE ISOSORBIDE 5 mGr, FORMA FARMACEUTICA: COMPRIMIDO, PRESENTACION: ENVASE X 30 UN | H21: SI | I21: =+'Necesidades Trimestrales'!F19 -> caja | J21: =+'Necesidades Trimestrales'!H19 -> 1199 | K21: =+'Necesidades Trimestrales'!G19 -> 2
A22: =+'Necesidades Trimestrales'!A20 -> 11 | B22: =+'Necesidades Trimestrales'!B20 -> 2.5.2-4817.44 | C22: =+'Necesidades Trimestrales'!E20 -> ANTIHIPERTENSIVOS; TIPO: MONODROGA, DROGA GENERICA: NIFEDIPINA 30 MG, FORMA FARMACEUTICA: COMPRIMIDO, PRESENTACION: UNIDAD | H22: NO | I22: =+'Necesidades Trimestrales'!F20 -> comprimido | J22: =+'Necesidades Trimestrales'!H20 -> 23 | K22: =+'Necesidades Trimestrales'!G20 -> 300
A23: =+'Necesidades Trimestrales'!A21 -> 12 | B23: =+'Necesidades Trimestrales'!B21 -> 2.5.2-1837.64 | C23: =+'Necesidades Trimestrales'!E21 -> HIPOTENSORES; TIPO: MONODROGA, DROGA GENERICA: NITROPRUSIATO DE SODIO, FORMA FARMACEUTICA: FRASCO AMPOLLA, PRESENTACION: ENVASE X 50 mGr | H23: NO | I23: =+'Necesidades Trimestrales'!F21 -> ampolla | J23: =+'Necesidades Trimestrales'!H21 -> 950 | K23: =+'Necesidades Trimestrales'!G21 -> 20
A24: =+'Necesidades Trimestrales'!A22 -> 13 | B24: =+'Necesidades Trimestrales'!B22 -> 2.5.2-1821.259 | C24: ='Necesidades Trimestrales'!$E$22 -> ANTIBIOTICOS P/PERSONAS; TIPO: MONODROGA, DROGA GENERICA: DOXICILINA, FORMA FARMACEUTICA: COMPRIMIDO, PRESENTACION: 100 mGr | H24: NO | I24: =+'Necesidades Trimestrales'!F22 -> comprimido | J24: =+'Necesidades Trimestrales'!H22 -> 18 | K24: =+'Necesidades Trimestrales'!G22 -> 60
A25: =+'Necesidades Trimestrales'!A23 -> 14 | B25: =+'Necesidades Trimestrales'!B23 -> 2.1.1-4227.55 | C25: =+'Necesidades Trimestrales'!E23 -> SUPLEMENTOS DIETARIOS; TIPO: MONODROGA, DROGA GENERICA: TRIGLICER CADENA MEDIA, PRESENTACION: ENVASE X 500 CM3 | H25: NO | I25: =+'Necesidades Trimestrales'!F23 -> frasco | J25: =+'Necesidades Trimestrales'!H23 -> 10670 | K25: =+'Necesidades Trimestrales'!G23 -> 20
A26: Costo total estimado: SEISCIENTOS SESENTA Y OCHO MIL SETECIENTOS OCHENTA Y NUEVE CON 50/100. | J26: =SUMPRODUCT(J12:J25,K12:K25) -> 668789.5

Sheet Autor Gastar
A1: EJERCICIO: | D1: ='Necesidades Trimestrales'!C6 -> 2022 | P1: AUTORIZACION PARA GASTAR
A4: JURISDICCIÓN: | G4: =' NotaPedido'!D3 -> 040 - Ministerio de Salud
A5: SAF: | G5: =' NotaPedido'!D4 -> 28- Maternidad Provincial 25 de Mayo
A6: UNIDAD EJECUTORA: | G6: =' NotaPedido'!D5 -> 169-Direccion Asistencial
A7: DEPENDENCIA SOLICITANTE: | G7: =' NotaPedido'!D6 -> Servicio de Farmacia
A8: AUTORIZACIÓN:
A9: Señor Jefe de Servicio Administrativo Financiero:
A10: ="Autorizo la realización de los trámites correspondientes, a fin de proveer a este Organismo los bienes y/o servicios que se detallan en Nota de Pedido N° " & ' NotaPedido'!K1&", afectando la erogación resultante a los créditos presupuestarios aprobados a favor de esta Unidad Ejecutora, conforme al siguiente detalle:" -> Autorizo la realización de los trámites correspondientes, a fin de proveer a este Organismo los bienes y/o servicios que se detallan en Nota de Pedido N° 51/2022, afectando la erogación resultante a los créditos presupuestarios aprobados a favor de esta Unidad Ejecutora, conforme al siguiente detalle:
A12: IMPUTACIÓN PRESUPUESTARIA
A13: CÓDIGO | O13: DENOMINACIÓN DE LA PARTIDA PRESUPUESTARIA | Q13: IMPORTE
A14: PR | B14: SB | C14: PY | D14: AC | E14: OB | F14: UG | G14: FIN | H14: FUN | I14: I | J14: P | K14: P | L14: SubP | M14: M | N14: FF
A15: 42 | D15: 2 | F15: 4901 | G15: 3 | H15: 310 | I15: 2 | J15: 5 | K15: 2 | M15: 1 | N15: 1.1 | O15: PRODUCTOS FARMACEUTICOS Y MEDICINALES | Q15: 668789.5
A23: TOTAL DE PESOS: SEISCIENTOS SESENTA Y OCHO MIL SETECIENTOS OCHENTA Y NUEVE CON 50/100 . | Q23: =SUM(Q15:Q22) -> 668789.5
A25: JUSTIFICACIÓN:
A26: Para la adquisición de Medicamentos destinados al Servico de Farmacia de la Maternidad Provincial 25 de Mayo
