Workbook

Sheet Necesidades Trimestrales
B2: Pedido de Necesidades Trimestrales
A4: JURISDICCION: | C4: 040 - Ministerio de Salud
A5: SAF N°: | C5: 24 - HOPITAL DE NIÑOS EVA PERON
A6: EJERCICIO: | C6: 2022
A7: TRIMESTRE: | C7: 1
A9: ID | B9: CODIGO ITEM | C9: RUBRO DE COMPRA | D9: I.P.P. | E9: DESCRIPCION | F9: UNIDAD DE MEDIDA | G9: CANTIDAD | H9: PRECIO UNITARIO ESTIMADO | I9: IMPORTE TOTAL ESTIMADO
A10: 1 | D10: 295 | E10: AEROCAMARA CON MASCARA COMPLETA PEDIATRICA | F10: UNIDAD | G10: 500 | H10: 460 | I10: =+G10*H10 -> 230000
A11: 2 | D11: 295 | E11: CAMARA HUMIDIFICADORA DESCARTABLE TIPO GGM o FISHER PAIKEL | F11: UNIDAD | G11: 300 | H11: 7390 | I11: =+G11*H11 -> 2217000
A12: 3 | D12: 295 | E12: CAMARA HUMIDIFICADORA REUTILIZABLE Tipo GGM Modelo 4809R1V | F12: UNIDAD | G12: 10 | H12: 19788 | I12: =+G12*H12 -> 197880
A13: 4 | D13: 295 | E13: CANULA NASAL DE ALTO FLUJO TIPO OPTIFLOW INFANTIL F&P OPT 316 | F13: UNIDAD | G13: 30 | H13: 11650 | I13: =+G13*H13 -> 349500
A14: 5 | D14: 295 | E14: CANULA NASAL DE ALTO FLUJO TIPO OPTIFLOW PEDIATRICA F&P OPT 318 | F14: UNIDAD | G14: 30 | H14: 11650 | I14: =+G14*H14 -> 349500
A15: 6 | D15: 295 | E15: CANULA NASAL PARA ALTO FLUJO TIPO GGM ADULTO 5 mm 4825R1V TAMANO M | F15: UNIDAD | G15: 10 | H15: 5200 | I15: =+G15*H15 -> 52000
A16: 7 | D16: 295 | E16: CANULA NASAL PARA ALTO FLUJO TIPO GGM ADULTO 6 mm 4826R1V TAMANO L | F16: UNIDAD | G16: 10 | H16: 5200 | I16: =+G16*H16 -> 52000
A17: 8 | D17: 295 | E17: CANULA NASAL PARA ALTO FLUJO TIPO GGM NEO 3.5 mm 4828 r1v | F17: UNIDAD | G17: 30 | H17: 5200 | I17: =+G17*H17 -> 156000
A18: 9 | D18: 295 | E18: CANULA NASAL PARA ALTO FLUJO TIPO GGM PEDIATRICA 4mm 4824R1V | F18: UNIDAD | G18: 30 | H18: 5200 | I18: =+G18*H18 -> 156000
A19: 10 | D19: 295 | E19: CANULA NASAL PARA ALTO FLUJO TIPO OPT844 / OPT 944 FISHER PAYKEL | F19: UNIDAD | G19: 10 | H19: 11650 | I19: =+G19*H19 -> 116500
A20: 11 | D20: 295 | E20: CANULA NASAL PARA ALTO FLUJO TIPO OPT846/OPT 946 FISHER PAYKEL | F20: UNIDAD | G20: 10 | H20: 11650 | I20: =+G20*H20 -> 116500
A21: 12 | D21: 295 | E21: CANULA NASAL PARA OXIGENOTERAPIA ADULTO | F21: UNIDAD | G21: 50 | H21: 85.9 | I21: =+G21*H21 -> 4295
... A63: 54 | D63: 295 | E63: VARA ESCHMANN N°11 mm | F63: UNIDAD | G63: 10 | H63: 1923.61 | I63: =+G63*H63 -> 19236.1
B66: Plazos y lugares de entrega
B67: Lugar de Entrega: SERVICIO DE FARMACIA -HOSPITAL INT. DE NIÑOS – AV. VIRGEN DEL VALLE N° 1050-CATAMARCA DE 8:00 A 12:00HS., DEBIENDO CORRER LOS GASTOS DE FLETES, ACARREO, CARGA, DESCARGA Y SEGURO A CARGO DEL ADJUDICATARIO.
B69: Plazo de entrega: Dentro de los diez (10) días habiles de notificada la Orden de Compra
B70: Mantenimiento de Oferta: 45 dias habiles
B72: Especificidades Item N° 31:
B73: Descripción técnica
B74: Para AIRVO 2.
B75: Especificidades Item N° 32:
B76: Descripción técnica: CON RAMAL INSPIRATORIO CALENTADO
B78: Especificidades Item N° 33:
B79: Descripción técnica: CON RAMAL ISNPIRATORIO CALENTADO
A80: |

Sheet  NotaPedido
A1: NOTA DE PEDIDO | J1: N° | K1: 012-2022
A3: JURISDICCIÓN: | D3: ='Necesidades Trimestrales'!C4 -> 040 - Ministerio de Salud
A4: SAF: | D4: ='Necesidades Trimestrales'!C5 -> 24 - HOPITAL DE NIÑOS EVA PERON
A5: UNIDAD EJECUTORA: | D5: =+D4 -> 24 - HOPITAL DE NIÑOS EVA PERON
A6: DEPENDENCIA SOLICITANTE: | D6: =+D5 -> 24 - HOPITAL DE NIÑOS EVA PERON
A7: PERIODO UTILIZACIÓN: | D7: Semestral
A8: OBJETO: | D8: Adquisición de TERAPIA RESPIRATORIA
A10: Ítem | B10: Codigo Item | C10: DESCRIPCIÓN | H10: Adjunta Detalle Técnico | I10: Unidad Medida | J10: Precio Unitario Estimado | K10: Cantidad Solicitada
A12: 1 | C12: =+'Necesidades Trimestrales'!E10 -> AEROCAMARA CON MASCARA COMPLETA PEDIATRICA | H12: NO | I12: =+'Necesidades Trimestrales'!F10 -> UNIDAD | J12: =+'Necesidades Trimestrales'!H10 -> 460 | K12: =+'Necesidades Trimestrales'!G10 -> 500
A13: 2 | C13: =+'Necesidades Trimestrales'!E11 -> CAMARA HUMIDIFICADORA DESCARTABLE TIPO GGM o FISHER PAIKEL | H13: NO | I13: =+'Necesidades Trimestrales'!F11 -> UNIDAD | J13: =+'Necesidades Trimestrales'!H11 -> 7390 | K13: =+'Necesidades Trimestrales'!G11 -> 300
A14: 3 | C14: =+'Necesidades Trimestrales'!E12 -> CAMARA HUMIDIFICADORA REUTILIZABLE Tipo GGM Modelo 4809R1V | H14: NO | I14: =+'Necesidades Trimestrales'!F12 -> UNIDAD | J14: =+'Necesidades Trimestrales'!H12 -> 19788 | K14: =+'Necesidades Trimestrales'!G12 -> 10
A15: 4 | C15: =+'Necesidades Trimestrales'!E13 -> CANULA NASAL DE ALTO FLUJO TIPO OPTIFLOW INFANTIL F&P OPT 316 | H15: NO | I15: =+'Necesidades Trimestrales'!F13 -> UNIDAD | J15: =+'Necesidades Trimestrales'!H13 -> 11650 | K15: =+'Necesidades Trimestrales'!G13 -> 30
A16: 5 | C16: =+'Necesidades Trimestrales'!E14 -> CANULA NASAL DE ALTO FLUJO TIPO OPTIFLOW PEDIATRICA F&P OPT 318 | H16: NO | I16: =+'Necesidades Trimestrales'!F14 -> UNIDAD | J16: =+'Necesidades Trimestrales'!H14 -> 11650 | K16: =+'Necesidades Trimestrales'!G14 -> 30
A17: 6 | C17: =+'Necesidades Trimestrales'!E15 -> CANULA NASAL PARA ALTO FLUJO TIPO GGM ADULTO 5 mm 4825R1V TAMANO M | H17: NO | I17: =+'Necesidades Trimestrales'!F15 -> UNIDAD | J17: =+'Necesidades Trimestrales'!H15 -> 5200 | K17: =+'Necesidades Trimestrales'!G15 -> 10
A18: 7 | C18: =+'Necesidades Trimestrales'!E16 -> CANULA NASAL PARA ALTO FLUJO TIPO GGM ADULTO 6 mm 4826R1V TAMANO L | H18: NO | I18: =+'Necesidades Trimestrales'!F16 -> UNIDAD | J18: =+'Necesidades Trimestrales'!H16 -> 5200 | K18: =+'Necesidades Trimestrales'!G16 -> 10
A19: 8 | C19: =+'Necesidades Trimestrales'!E17 -> CANULA NASAL PARA ALTO FLUJO TIPO GGM NEO 3.5 mm 4828 r1v | H19: NO | I19: =+'Necesidades Trimestrales'!F17 -> UNIDAD | J19: =+'Necesidades Trimestrales'!H17 -> 5200 | K19: =+'Necesidades Trimestrales'!G17 -> 30
A20: 9 | C20: =+'Necesidades Trimestrales'!E18 -> CANULA NASAL PARA ALTO FLUJO TIPO GGM PEDIATRICA 4mm 4824R1V | H20: NO | I20: =+'Necesidades Trimestrales'!F18 -> UNIDAD | J20: =+'Necesidades Trimestrales'!H18 -> 5200 | K20: =+'Necesidades Trimestrales'!G18 -> 30
A21: 10 | C21: =+'Necesidades Trimestrales'!E19 -> CANULA NASAL PARA ALTO FLUJO TIPO OPT844 / OPT 944 FISHER PAYKEL | H21: NO | I21: =+'Necesidades Trimestrales'!F19 -> UNIDAD | J21: =+'Necesidades Trimestrales'!H19 -> 11650 | K21: =+'Necesidades Trimestrales'!G19 -> 10
A22: 11 | C22: =+'Necesidades Trimestrales'!E20 -> CANULA NASAL PARA ALTO FLUJO TIPO OPT846/OPT 946 FISHER PAYKEL | H22: NO | I22: =+'Necesidades Trimestrales'!F20 -> UNIDAD | J22: =+'Necesidades Trimestrales'!H20 -> 11650 | K22: =+'Necesidades Trimestrales'!G20 -> 10
A23: 12 | C23: =+'Necesidades Trimestrales'!E21 -> CANULA NASAL PARA OXIGENOTERAPIA ADULTO | H23: NO | I23: =+'Necesidades Trimestrales'!F21 -> UNIDAD | J23: =+'Necesidades Trimestrales'!H21 -> 85.9 | K23: =+'Necesidades Trimestrales'!G21 -> 50
... A65: 54 | C65: =+'Necesidades Trimestrales'!E63 -> VARA ESCHMANN N°11 mm | H65: NO | I65: =+'Necesidades Trimestrales'!F63 -> UNIDAD | J65: =+'Necesidades Trimestrales'!H63 -> 1923.61 | K65: =+'Necesidades Trimestrales'!G63 -> 10
A66: Costo total estimado: Siete Millones Quinientos veintiseis mil siescientos noventa y tres con 30/100. | J66: =SUMPRODUCT(J12:J65,K12:K65) -> 7526693.3

Sheet Autor Gastar
A1: EJERCICIO: | D1: ='Necesidades Trimestrales'!C6 -> 2022 | P1: AUTORIZACION PARA GASTAR
A4: JURISDICCIÓN: | G4: =' NotaPedido'!D3 -> 040 - Ministerio de Salud
A5: SAF: | G5: =' NotaPedido'!D4 -> 24 - HOPITAL DE NIÑOS EVA PERON
A6: UNIDAD EJECUTORA: | G6: =' NotaPedido'!D5 -> 24 - HOPITAL DE NIÑOS EVA PERON
A7: DEPENDENCIA SOLICITANTE: | G7: =' NotaPedido'!D6 -> 24 - HOPITAL DE NIÑOS EVA PERON
A8: AUTORIZACIÓN:
A9: Señor Jefe de Servicio Administrativo Financiero:
A10: ="Autorizo la realización de los trámites correspondientes, a fin de proveer a este Organismo los bienes y/o servicios que se detallan en Nota de Pedido N° " & ' NotaPedido'!K1&", afectando la erogación resultante a los créditos presupuestarios aprobados a favor de esta Unidad Ejecutora, conforme al siguiente detalle:" -> Autorizo la realización de los trámites correspondientes, a fin de proveer a este Organismo los bienes y/o servicios que se detallan en Nota de Pedido N° 012-2022, afectando la erogación resultante a los créditos presupuestarios aprobados a favor de esta Unidad Ejecutora, conforme al siguiente detalle:
A12: IMPUTACIÓN PRESUPUESTARIA
A13: CÓDIGO | O13: DENOMINACIÓN DE LA PARTIDA PRESUPUESTARIA | Q13: IMPORTE
A14: PR | B14: SB | C14: PY | D14: AC | E14: OB | F14: UG | G14: FIN | H14: FUN | I14: I | J14: P | K14: P | L14: SubP | M14: M | N14: FF
A15: 36 | D15: 1 | F15: 4901 | G15: 3 | H15: 310 | I15: 2 | J15: 9 | K15: 5 | M15: 1 | N15: 1.1 | O15: UTILES MENORES MEDICO, QUIRURGICO Y DE LABORATORIO | Q15: 7526693.3
A22: TOTAL DE PESOS: Siete Millones Quinientos veintiseis mil siescientos noventa y tres con 30/100. | Q22: =SUM(Q15:Q21) -> 7526693.3
A24: JUSTIFICACIÓN:
A25: Para la adquisición de Insumos paraTerapia Respiratoria destinados al Servicio de Farmacia del Hospital Interzonal de Niños Eva Peron, para el normal funcionamiento del organismo.
