Workbook

Sheet SAF 011 - NECESIDAD TRIMESTRAL
A1: 2022
B2: Pedido de Necesidades Trimestrales
A4: JURISDICCION: | C4: 040 - MINISTERIO DE SALUD
A5: SAF N°: | C5: 011 - DIRECCION PROVINCIAL DE ADMINISTRACION - MINISTERIO DE SALUD
A6: EJERCICIO: | C6: 2022
A7: TRIMESTRE: | C7: CUARTO
A9: ID | B9: CODIGO ITEM | C9: RUBRO DE COMPRA | D9: I.P.P. | E9: DESCRIPCION | F9: UNIDAD DE MEDIDA | G9: MS | H9: TOTAL MS | I9: CANTIDAD TOTAL | J9: PRECIO UNITARIO ESTIMADO | K9: IMPORTE TOTAL ESTIMADO | L9: ESPECIFICACION TECNICA
A10: 1 | B10: 4.3.3-9496.1 | C10: EQUIPOS | D10: 4.3.3 | E10: SISTEMA DE ANESTESIA; TIPO: DE DOS GASES, USO: CIRUGIA, ELEMENTO: MESA DE ANESTESIA COMPLETA | F10: UNIDAD | G10: 3 | H10: =+G10*J10 -> 13050600 | I10: =+G10 -> 3 | J10: 4350200 | K10: =+I10*J10 -> 13050600 | L10: EQUIPO FIJO ANALOGICO
A11: TOTAL RUBRO EQUIPOS | K11: =+SUM(K10:K10) -> 13050600
C14: ESPECIFICIDADES Y DETALLE TECNICO: | D14: VER ANEXO I | I14: 142 | J14: =+H14*I14 -> 0
C15: * ADJUNTAR FOLLETERIA, MANUALES Y/O CUALQUIER OTRA DOCUMENTACION QUE EL PROVEEDOR ESTIME NECESARIO PARA ACLARAR EL BIEN COTIZADO | I15: 142 | J15: =+H15*I15 -> 0
I16: 142 | J16: =+H16*I16 -> 0
C17: Plazos de entrega: | D17: Entregas parciales a los: quince (15), veinticinco (25) y treinta y cinco (35) dias habiles. | I17: 142 | J17: =+H17*I17 -> 0
C19: Lugar de Entrega: | D19: SEGÚN DETALLE ADJUNTO. DEBIENDO CORRER LOS GASTOS DE FLETES, ACARREO, CARGA, DESCARGA, SEGURO E INSTALACION A CARGO DEL ADJUDICATARIO.
C21: Capacitacion: | D21: Dentro de los cinco (5) dias habiles, una vez instalado el equipo en los lugares especificados en el esquema adjunto, se debe capacitar a los usuarios designados según su especialidad (profesional de la salud y servicio tecnico)
C23: Calidad Minima esperada:
C25: Mantenimiento: | D25: sesenta (60) dias
C27: Garantia: | D27: un (1) año a partir de la instalacion del equipo. Incluye mantenimiento preventivo por lo menos cada cuatro meses durante el año de garantía.

Sheet ENTREGAS
A1: EQUIPOS DE ANESTESIA: PLAZOS Y LUGARES DE ENTREGA - ESQUEMA DE CAPACITACION.
A3: ORDEN | B3: CENTRO DE SALUD | C3: DIAS HABILES
C4: 15 | D4: 25 | E4: 35
A5: 1 | B5: HOSPITAL DE SANTA MARIA (1) | C5: X
B6: HOSP. REGIONAL LUIS ALBERTO - VARGAS 1 DE MAYO 269
A7: 2 | B7: HOSPITAL DE RECREO (2) | D7: X
B8: HOSP. ZONAL LIBORIO FORTE - BOULEVARD KIRCHNER Y RUTA 20
A9: 3 | B9: HOSPITAL DE TINOGASTA (3) | E9: X
B10: HOSP. SAN JUAN BAUTISTA - MORENO 568

Sheet NP
A1: NOTA DE PEDIDO | J1: N° | K1: XX/2022
A3: JURISDICCIÓN: | D3: 040 - MINISTERIO DE SALUD
A4: SAF: | D4: 011 - DIRECCION PROVINCIAL DE ADMINISTRACION DEL MINISTERIO DE SALUD
A5: UNIDAD EJECUTORA: | D5: 352 - MINISTERIO DE SALUD
A6: DEPENDENCIA SOLICITANTE: | D6: 352 - MINISTERIO DE SALUD
A7: PERIODO UTILIZACIÓN: | D7: DIEZ (10) AÑOS
A8: OBJETO: | D8: ADQUISICION DE MAQUINAS DE ANESTESIA CON DESTINO A HOSPITALES DE LA PROVINCIA.-
A10: Ítem | B10: Codigo Item | C10: DESCRIPCIÓN | H10: Adjunta Detalle Técnico | I10: Unidad Medida | J10: Precio Unitario Estimado | K10: Cantidad Solicitada
A12: 1 | B12: ='SAF 011 - NECESIDAD TRIMESTRAL'!B10 -> 4.3.3-9496.1 | C12: ='SAF 011 - NECESIDAD TRIMESTRAL'!E10 -> SISTEMA DE ANESTESIA; TIPO: DE DOS GASES, USO: CIRUGIA, ELEMENTO: MESA DE ANESTESIA COMPLETA | H12: SI | I12: ='SAF 011 - NECESIDAD TRIMESTRAL'!F10 -> UNIDAD | J12: ='SAF 011 - NECESIDAD TRIMESTRAL'!J10 -> 4350200 | K12: ='SAF 011 - NECESIDAD TRIMESTRAL'!G10 -> 3
A14: Costo total estimado: PESOS TRECE MILLONES CINCUENTA MIL SEISCIENTOS CON 00/100.- | J14: =SUMPRODUCT(J12:J12,K12:K12) -> 13050600

Sheet APG
A1: EJERCICIO: | D1: 2022 | P1: AUTORIZACION PARA GASTAR
A4: JURISDICCIÓN: | G4: =NP!D3 -> 040 - MINISTERIO DE SALUD
A5: SAF: | G5: =NP!D4 -> 011 - DIRECCION PROVINCIAL DE ADMINISTRACION DEL MINISTERIO DE SALUD
A6: UNIDAD EJECUTORA: | G6: =NP!D5 -> 352 - MINISTERIO DE SALUD
A7: DEPENDENCIA SOLICITANTE: | G7: =NP!D6 -> 352 - MINISTERIO DE SALUD
A8: AUTORIZACIÓN:
A9: Señor Director de Administración o Titular del Servicio Administrativo Financiero:
A10: Autorizo la realización de los trámites correspondientes, a fin de proveer a este Organismo los bienes, servicios o ejecución de obras públicas que se detallan en Nota de Pedido N° XX/2022 , afectando la erogación resultante a los créditos presupuestarios aprobados a favor de esta Unidad Ejecutora, conforme al siguiente detalle:
A12: IMPUTACIÓN PRESUPUESTARIA
A13: CÓDIGO | O13: DENOMINACIÓN DE LA PARTIDA PRESUPUESTARIA | Q13: IMPORTE
A14: PR | B14: SB | C14: PY | D14: AC | E14: OB | F14: UG | G14: FIN | H14: FUN | I14: I | J14: P | K14: P | L14: SubP | M14: M | N14: FF
A15: 1 | D15: 1 | F15: 4901 | G15: 3 | H15: 1 | I15: 4 | J15: 3 | K15: 3 | M15: 1 | N15: 1.1 | O15: EQUIPOS SANITARIOS Y DE LABORATORIO | Q15: =NP!J14 -> 13050600
A38: TOTAL DE PESOS: TRECE MILLONES CINCUENTA MIL SEISCIENTOS CON 00/100.- | Q38: =SUM(Q15:Q37) -> 13050600
A40: JUSTIFICACIÓN:
A41: =NP!D8 -> ADQUISICION DE MAQUINAS DE ANESTESIA CON DESTINO A HOSPITALES DE LA PROVINCIA.-
