Workbook

Sheet Necesidades Trimestrales
B1: Pedido de Necesidades Trimestrales
A3: JURISDICCION: | C3: 90 - Ministerio de Seguridad
A4: SAF N°: | C4: 7 - Direccion Provincial de Administracion de la Policia de Catamarca
A5: EJERCICIO: | C5: 2021
A6: TRIMESTRE: | C6: 2
A8: ID | B8: CODIGO ITEM | C8: RUBRO DE COMPRA | D8: I.P.P. | E8: DESCRIPCION | F8: UNIDAD DE MEDIDA | G8: CANTIDAD | H8: PRECIO UNITARIO ESTIMADO | I8: IMPORTE TOTAL ESTIMADO
A9: 1 | B9: 2.9.2-317.5 | C9: LIBRERIA,PAP. Y UTILES OFICINA | D9: 2.9.2 | E9: BOLIGRAFOS; TRAZO 1,0mm | F9: UNIDAD | G9: 5000 | H9: 32.6 | I9: =G9*H9 -> 163000
A10: 2 | B10: 2.9.2-262.5 | C10: LIBRERIA,PAP. Y UTILES OFICINA | D10: 2.9.2 | E10: ADHESIVOS P/PAPEL; TIPO: COLA VINILICA, PRESENTACION: 500 GR | F10: UNIDAD | G10: 500 | H10: 155.7 | I10: =G10*H10 -> 77850
A11: 3 | B11: 2.9.2-1153.130 | C11: LIBRERIA,PAP. Y UTILES OFICINA | D11: 2.9.2 | E11: CINTAS ADHESIVAS; TIPO: EMBALAR, ANCHO: 48 mm, LARGO: 100 M, MATERIAL: POLIPROPILENO, ACCESORIO: SIN | F11: UNIDAD | G11: 1500 | H11: 125.5 | I11: =G11*H11 -> 188250
A12: 4 | B12: 2.9.2-852.5 | C12: LIBRERIA,PAP. Y UTILES OFICINA | D12: 2.9.2 | E12: BROCHES DORADOS; N° PATAS: 2, N°: 10, PRESENTACION: CAJA X 100 UNIDADES, CANTIDAD PATAS: 2, NUMERO: 10 | F12: CAJA | G12: 200 | H12: 216.6 | I12: =G12*H12 -> 43320
A13: 5 | B13: 2.9.2-852.7 | C13: LIBRERIA,PAP. Y UTILES OFICINA | D13: 2.9.2 | E13: BROCHES DORADOS; N° PATAS: 2, N°: 14, PRESENTACION: CAJA X 100 UNIDADES, CANTIDAD PATAS: 2, NUMERO: 14 | F13: CAJA | G13: 200 | H13: 444.4 | I13: =G13*H13 -> 88880
A14: 6 | B14: 2.9.2-261.14 | C14: LIBRERIA,PAP. Y UTILES OFICINA | D14: 2.9.2 | E14: ABROCHADORAS DE PAPEL; TIPO: PINZA, P/BROCHES: 10/50, MATERIAL: METALICA, MEDIDA: 10/50 | F14: UNIDAD | G14: 100 | H14: 947.9 | I14: =G14*H14 -> 94790
A15: 7 | B15: 2.9.2-848.20 | C15: LIBRERIA,PAP. Y UTILES OFICINA | D15: 2.9.2 | E15: LAPIZ; TIPO: 2HB, COLOR: NEGRO | F15: UNIDAD | G15: 500 | H15: 14.99 | I15: =G15*H15 -> 7495
A16: 8 | B16: 2.9.2-674.9 | C16: LIBRERIA,PAP. Y UTILES OFICINA | D16: 2.9.2 | E16: REGLAS GRADUADAS; TIPO: PLANA, MATERIAL: PLASTICO, LONG.DE CUERPO: 30 Cm | F16: UNIDAD | G16: 500 | H16: 38.19 | I16: =G16*H16 -> 19095
A17: 9 | B17: 2.9.2-1616.118 | C17: LIBRERIA,PAP. Y UTILES OFICINA | D17: 2.9.2 | E17: MARCADORES; TIPO: INDELEBLE, TRAZO: FINO, PUNTA: REDONDA, COLOR: NEGRO, RECARGABLE: NO | F17: UNIDAD | G17: 500 | H17: 126.9 | I17: =G17*H17 -> 63450
A18: 10 | B18: 2.9.2-1616.174 | C18: LIBRERIA,PAP. Y UTILES OFICINA | D18: 2.9.2 | E18: MARCADORES; TIPO: P/METALES, TRAZO: MEDIO, PUNTA: REDONDA, RECARGABLE: NO | F18: UNIDAD | G18: 500 | H18: 115.05 | I18: =G18*H18 -> 57525
A19: 11 | B19: 2.9.2-1354.15 | C19: LIBRERIA,PAP. Y UTILES OFICINA | D19: 2.9.2 | E19: RESALTADORES; PUNTA: 3 PLANA mm, ACCESORIO: SIN, COLOR: VERDE, TIPO PUNTA: 3 PLANA mm | F19: UNIDAD | G19: 500 | H19: 55.56 | I19: =G19*H19 -> 27780
A20: 12 | B20: 2.9.2-323.3 | C20: LIBRERIA,PAP. Y UTILES OFICINA | D20: 2.9.2 | E20: CORRECTORES DE ESCRITURA; ENVASE: LAPIZ (PUNTA METAL), PRESENTACION: LAPIZ (PUNTA METAL) X 10 mL, CAPACIDAD: 10 mL | F20: UNIDAD | G20: 1500 | H20: 31.9 | I20: =G20*H20 -> 47850
... A28: 20 | B28: 2.9.2-661.47 | C28: LIBRERIA,PAP. Y UTILES OFICINA | D28: 2.9.2 | E28: GOMAS DE BORRAR; USO: LAPIZ Y TINTA, DIMENSION: 1 X 5 Cm, MATERIAL: CAUCHO, PRESENTACION: ENVASE X 40 UN | F28: CAJA | G28: 200 | H28: 1104 | I28: =G28*H28 -> 220800
A29: 21 | B29: 2.3.1-6563.1009 | C29: LIBRERIA,PAP. Y UTILES OFICINA | D29: 2.3.1 | E29: PAPELES EN HOJA; TIPO DE PAPEL: BLANCO, DIMENSION: OFICIO, GRAMAJE: 80 GR, PRESENTACION: ENVASE X 500 HOJAS, CERTIFICADO FORESTAL (GFS): SIN, PORC. FIBRAS RECICLADAS: 0 %, CERT. FIBRA ALTERNATIVA (FCA): SIN | F29: UNIDAD | G29: 800 | H29: 663.38 | I29: =+G29*H29 -> 530704
I30: =SUM(I9:I29) -> 1949171
B32: Especificidades:
B34: Descripción técnica Item 1:
C35: BOLIGRAFO PUNTA MEDIANA, TRASO GRUESO (1MM), COLORE AZUL
B37: Descripción técnica Item 15
C38: CARPETAS; COLOR: AZUL, TIPO: TAPA TRANSPARENTE, PRESENTACION: UNIDAD, SUJECION: BROCHE TIPO NEPACO, MATERIAL: PVC, TAMAÑO: OFICIO
B40: Descripción técnica Item 19
C41: TABLA PORTA BLOCK TAMAÑO OFICIO, CON CLIP SUJETADOR METALICO
B44: Plazos y lugares de entrega
C45: a) LUGAR DE ENTREGA: Departamento Logística, sito en Av. Felix Avellaneda RP N° 33 KM 2., SUMALAO - VALLE VIEJO. De 08 a 12 horas. b) FORMA DE LA ENTREGA: Libre de flete, acarreo y embalaje, como así también, de todo riesgo de pérdida o destrucción total o parcial, por causas ajenas a la Institución. c) PLAZO DE ENTREGA: El Oferente deberá establecer plazo de entrega de los elementos cotizados, debiendo ser expresado en días hábiles; que no podrá ser superior a cinco (5) días hábiles, contados a partir de la recepción de la comunicación prevista en el Artículo 80° de del Reglamento Parcial N° 2 de la ley 4938.
B47: Calidad Minima esperada
C48: Que Cumpla con lo Solicitado de Forma Integra.
B51: Mantenimiento
C52: 30 (treinta) días
B53: Garantia

Sheet  NotaPedido
A1: NOTA DE PEDIDO | J1: N° | K1: 19/2021
A3: JURISDICCIÓN: | D3: ='Necesidades Trimestrales'!C4 -> 7 - Direccion Provincial de Administracion de la Policia de Catamarca
A4: SAF: | D4: ='Necesidades Trimestrales'!C5 -> 2021
A5: UNIDAD EJECUTORA: | D5: Policia de la Provincia de Catamarca
A6: DEPENDENCIA SOLICITANTE: | D6: División Intendencia Departamento Logistica
A7: PERIODO UTILIZACIÓN: | D7: ='Necesidades Trimestrales'!C6 & "° Trimestre - Año " &'Necesidades Trimestrales'!C5 -> 2° Trimestre - Año 2021
A8: OBJETO: | D8: Adquisición de Útiles de escritorio destinados a las dependencias policiales
A10: Ítem | B10: Codigo Item | C10: DESCRIPCIÓN | H10: Adjunta Detalle Técnico | I10: Unidad Medida | J10: Precio Unitario Estimado | K10: Cantidad Solicitada
A12: ='Necesidades Trimestrales'!A9 -> 1 | B12: ='Necesidades Trimestrales'!B9 -> 2.9.2-317.5 | C12: ='Necesidades Trimestrales'!E9 -> BOLIGRAFOS; TRAZO 1,0mm | H12: SI | I12: ='Necesidades Trimestrales'!F9 -> UNIDAD | J12: ='Necesidades Trimestrales'!H9 -> 32.6 | K12: ='Necesidades Trimestrales'!G9 -> 5000
A13: ='Necesidades Trimestrales'!A10 -> 2 | B13: ='Necesidades Trimestrales'!B10 -> 2.9.2-262.5 | C13: ='Necesidades Trimestrales'!E10 -> ADHESIVOS P/PAPEL; TIPO: COLA VINILICA, PRESENTACION: 500 GR | H13: NO | I13: ='Necesidades Trimestrales'!F10 -> UNIDAD | J13: ='Necesidades Trimestrales'!H10 -> 155.7 | K13: ='Necesidades Trimestrales'!G10 -> 500
A14: ='Necesidades Trimestrales'!A11 -> 3 | B14: ='Necesidades Trimestrales'!B11 -> 2.9.2-1153.130 | C14: ='Necesidades Trimestrales'!E11 -> CINTAS ADHESIVAS; TIPO: EMBALAR, ANCHO: 48 mm, LARGO: 100 M, MATERIAL: POLIPROPILENO, ACCESORIO: SIN | H14: NO | I14: ='Necesidades Trimestrales'!F11 -> UNIDAD | J14: ='Necesidades Trimestrales'!H11 -> 125.5 | K14: ='Necesidades Trimestrales'!G11 -> 1500
A15: ='Necesidades Trimestrales'!A12 -> 4 | B15: ='Necesidades Trimestrales'!B12 -> 2.9.2-852.5 | C15: ='Necesidades Trimestrales'!E12 -> BROCHES DORADOS; N° PATAS: 2, N°: 10, PRESENTACION: CAJA X 100 UNIDADES, CANTIDAD PATAS: 2, NUMERO: 10 | H15: NO | I15: ='Necesidades Trimestrales'!F12 -> CAJA | J15: ='Necesidades Trimestrales'!H12 -> 216.6 | K15: ='Necesidades Trimestrales'!G12 -> 200
A16: ='Necesidades Trimestrales'!A13 -> 5 | B16: ='Necesidades Trimestrales'!B13 -> 2.9.2-852.7 | C16: ='Necesidades Trimestrales'!E13 -> BROCHES DORADOS; N° PATAS: 2, N°: 14, PRESENTACION: CAJA X 100 UNIDADES, CANTIDAD PATAS: 2, NUMERO: 14 | H16: NO | I16: ='Necesidades Trimestrales'!F13 -> CAJA | J16: ='Necesidades Trimestrales'!H13 -> 444.4 | K16: ='Necesidades Trimestrales'!G13 -> 200
A17: ='Necesidades Trimestrales'!A14 -> 6 | B17: ='Necesidades Trimestrales'!B14 -> 2.9.2-261.14 | C17: ='Necesidades Trimestrales'!E14 -> ABROCHADORAS DE PAPEL; TIPO: PINZA, P/BROCHES: 10/50, MATERIAL: METALICA, MEDIDA: 10/50 | H17: NO | I17: ='Necesidades Trimestrales'!F14 -> UNIDAD | J17: ='Necesidades Trimestrales'!H14 -> 947.9 | K17: ='Necesidades Trimestrales'!G14 -> 100
A18: ='Necesidades Trimestrales'!A15 -> 7 | B18: ='Necesidades Trimestrales'!B15 -> 2.9.2-848.20 | C18: ='Necesidades Trimestrales'!E15 -> LAPIZ; TIPO: 2HB, COLOR: NEGRO | H18: NO | I18: ='Necesidades Trimestrales'!F15 -> UNIDAD | J18: ='Necesidades Trimestrales'!H15 -> 14.99 | K18: ='Necesidades Trimestrales'!G15 -> 500
A19: ='Necesidades Trimestrales'!A16 -> 8 | B19: ='Necesidades Trimestrales'!B16 -> 2.9.2-674.9 | C19: ='Necesidades Trimestrales'!E16 -> REGLAS GRADUADAS; TIPO: PLANA, MATERIAL: PLASTICO, LONG.DE CUERPO: 30 Cm | H19: NO | I19: ='Necesidades Trimestrales'!F16 -> UNIDAD | J19: ='Necesidades Trimestrales'!H16 -> 38.19 | K19: ='Necesidades Trimestrales'!G16 -> 500
A20: ='Necesidades Trimestrales'!A17 -> 9 | B20: ='Necesidades Trimestrales'!B17 -> 2.9.2-1616.118 | C20: ='Necesidades Trimestrales'!E17 -> MARCADORES; TIPO: INDELEBLE, TRAZO: FINO, PUNTA: REDONDA, COLOR: NEGRO, RECARGABLE: NO | H20: NO | I20: ='Necesidades Trimestrales'!F17 -> UNIDAD | J20: ='Necesidades Trimestrales'!H17 -> 126.9 | K20: ='Necesidades Trimestrales'!G17 -> 500
A21: ='Necesidades Trimestrales'!A18 -> 10 | B21: ='Necesidades Trimestrales'!B18 -> 2.9.2-1616.174 | C21: ='Necesidades Trimestrales'!E18 -> MARCADORES; TIPO: P/METALES, TRAZO: MEDIO, PUNTA: REDONDA, RECARGABLE: NO | H21: NO | I21: ='Necesidades Trimestrales'!F18 -> UNIDAD | J21: ='Necesidades Trimestrales'!H18 -> 115.05 | K21: ='Necesidades Trimestrales'!G18 -> 500
A22: ='Necesidades Trimestrales'!A19 -> 11 | B22: ='Necesidades Trimestrales'!B19 -> 2.9.2-1354.15 | C22: ='Necesidades Trimestrales'!E19 -> RESALTADORES; PUNTA: 3 PLANA mm, ACCESORIO: SIN, COLOR: VERDE, TIPO PUNTA: 3 PLANA mm | H22: NO | I22: ='Necesidades Trimestrales'!F19 -> UNIDAD | J22: ='Necesidades Trimestrales'!H19 -> 55.56 | K22: ='Necesidades Trimestrales'!G19 -> 500
A23: ='Necesidades Trimestrales'!A20 -> 12 | B23: ='Necesidades Trimestrales'!B20 -> 2.9.2-323.3 | C23: ='Necesidades Trimestrales'!E20 -> CORRECTORES DE ESCRITURA; ENVASE: LAPIZ (PUNTA METAL), PRESENTACION: LAPIZ (PUNTA METAL) X 10 mL, CAPACIDAD: 10 mL | H23: NO | I23: ='Necesidades Trimestrales'!F20 -> UNIDAD | J23: ='Necesidades Trimestrales'!H20 -> 31.9 | K23: ='Necesidades Trimestrales'!G20 -> 1500
... A30: ='Necesidades Trimestrales'!A27 -> 19 | B30: ='Necesidades Trimestrales'!B27 -> 2.9.2-5254.1 | C30: ='Necesidades Trimestrales'!E27 -> PORTA PLANILLA; MATERIAL: ACRILICO, TAMAÑO: OFICIO, PRESENTACION: POR UNIDAD | H30: SI | I30: ='Necesidades Trimestrales'!F27 -> UNIDAD | J30: ='Necesidades Trimestrales'!H27 -> 260.9 | K30: ='Necesidades Trimestrales'!G27 -> 200
A31: ='Necesidades Trimestrales'!A29 -> 21 | B31: ='Necesidades Trimestrales'!B29 -> 2.3.1-6563.1009 | C31: ='Necesidades Trimestrales'!E29 -> PAPELES EN HOJA; TIPO DE PAPEL: BLANCO, DIMENSION: OFICIO, GRAMAJE: 80 GR, PRESENTACION: ENVASE X 500 HOJAS, CERTIFICADO FORESTAL (GFS): SIN, PORC. FIBRAS RECICLADAS: 0 %, CERT. FIBRA ALTERNATIVA (FCA): SIN | H31: NO | I31: ='Necesidades Trimestrales'!F29 -> UNIDAD | J31: ='Necesidades Trimestrales'!H29 -> 663.38 | K31: ='Necesidades Trimestrales'!G29 -> 800
A32: Costo total estimado: son Pesos Un Millon Cuatrocientos Diecioho Mil Cuatrocientos Sesenta y Siete con 00/100.- | J32: =SUMPRODUCT(J12:J31,K12:K31) -> 1728371

Sheet Autor Gastar
A1: EJERCICIO: | D1: ='Necesidades Trimestrales'!C5 -> 2021 | P1: AUTORIZACION PARA GASTAR
A4: JURISDICCIÓN: | G4: =' NotaPedido'!D3 -> 7 - Direccion Provincial de Administracion de la Policia de Catamarca
A5: SAF: | G5: =' NotaPedido'!D4 -> 2021
A6: UNIDAD EJECUTORA: | G6: =' NotaPedido'!D5 -> Policia de la Provincia de Catamarca
A7: DEPENDENCIA SOLICITANTE: | G7: =' NotaPedido'!D6 -> División Intendencia Departamento Logistica
A8: AUTORIZACIÓN:
A9: Señor Jefe de Servicio Administrativo Financiero:
A10: ="Autorizo la realización de los trámites correspondientes, a fin de proveer a este Organismo los bienes y/o servicios que se detallan en Nota de Pedido N° " & ' NotaPedido'!K1&", afectando la erogación resultante a los créditos presupuestarios aprobados a favor de esta Unidad Ejecutora, conforme al siguiente detalle:" -> Autorizo la realización de los trámites correspondientes, a fin de proveer a este Organismo los bienes y/o servicios que se detallan en Nota de Pedido N° 19/2021, afectando la erogación resultante a los créditos presupuestarios aprobados a favor de esta Unidad Ejecutora, conforme al siguiente detalle:
A12: IMPUTACIÓN PRESUPUESTARIA
A13: CÓDIGO | O13: DENOMINACIÓN DE LA PARTIDA PRESUPUESTARIA | Q13: IMPORTE
A14: PR | B14: SB | C14: PY | D14: AC | E14: OB | F14: UG | G14: FIN | H14: FUN | I14: I | J14: P | K14: P | L14: SubP | M14: M | N14: FF
A15: 16 | B15: 0 | C15: 0 | D15: 1 | E15: 0 | F15: 10 | G15: 2 | H15: 1 | I15: =LEFT('Necesidades Trimestrales'!D10,1) -> 2 | J15: =MID('Necesidades Trimestrales'!D10,3,1) -> 9 | K15: =RIGHT('Necesidades Trimestrales'!D10,1) -> 2 | L15: 0 | M15: 1 | N15: 1.1 | O15: Útiles de Escritorio Oficina y Enseñanza | Q15: ='Necesidades Trimestrales'!I30 -> 1949171 | S15: 0
A16: TOTAL DE PESOS: Pesos Un Millon Cuatrocientos Diecioho Mil Cuatrocientos Sesenta y Siete con 00/100.- | Q16: =SUM(Q15:Q15) -> 1949171
A18: JUSTIFICACIÓN:
A19: Para la adquisición de útiles de escritorio destinados a las dependencias policiales
