Workbook

Sheet SAF 011
A1: 2022
B2: Pedido de Necesidades Trimestrales
A4: JURISDICCION: | C4: 040 - MINISTERIO DE SALUD
A5: SAF N°: | C5: 011 - DIRECCION PROVINCIAL DE ADMINISTRACION - MINISTERIO DE SALUD
A6: EJERCICIO: | C6: 2022
A7: TRIMESTRE: | C7: PRIMERO
A9: ID | B9: CODIGO ITEM | C9: RUBRO DE COMPRA | D9: I.P.P. | E9: DESCRIPCION | F9: UNIDAD DE MEDIDA | G9: SECRETARIA DE ADMINISTRACION | H9: TOTAL S.A. | I9: SMPyPS | J9: TOTAL SMPyPS | K9: DIR. LAB. CENTRAL | L9: TOTAL DE LAB CENTRAL | M9: BCO DE SANGRE | N9: TOTAL BANCO DE SANGRE | O9: APS | P9: TOTAL A.P.S. | Q9: DIR DE CANCER | R9: TOTAL DE DIR DE CANCER | S9: FARMACIA | T9: TOTAL FARMACIA | U9: ODONTOLOGIA | V9: TOTAL DE ODONTOLOG | W9: SAME | X9: TOTAL SAME | Y9: HPTAL MALBRAN | Z9: TOTAL HPTAL MALBRAN | AA9: MATERNIDAD E INFANCIA | AB9: TOTAL MATERNIDAD E INFANCIA | AC9: SASP | AD9: TOTAL SASP | AE9: SALUD Y MEDIO AMBIENTE | AF9: TOTAL SALUD Y MEDIO AMBIENTE | AG9: VECTORES Y ZOONOSIS | AH9: TOTAL DE VECT Y ZOON | AI9: CRONICAS | AJ9: TOTAL CRONICAS | AK9: CUR | AL9: TOTAL CUR | AM9: SPyGS | AN9: TOTAL SPyGS | AO9: SALUD MENTAL | AP9: TOTAL SALUD MENTAL | AQ9: AREAS Y DPAS | AR9: TOTAL DPAS | AS9: EPIDEMIOLOGIA | AT9: TOTAL EPIDEMIOLOGIA | AU9: AREA 1 | AV9: TOTAL AREA 1 | AW9: CANTIDAD TOTAL | AX9: PRECIO UNITARIO ESTIMADO | AY9: IMPORTE TOTAL ESTIMADO | AZ9: ESPECIFICACION TECNICA
A10: 1 | C10: PROD. MEDICO/FARMACEUTICOS/LAB | D10: 2.5.2 | E10: AMINIFILINA 240 MG AMPOLLA X 10 ML | F10: AMPOLLA | S10: 500 | T10: =+S10*AX10 -> 49000 | AW10: =+AQ10+AO10+AM10+AK10+AI10+AG10+AE10+AC10+AA10+Y10+W10+U10+S10+Q10+O10+M10+K10+I10+AS10+G10+AU10 -> 500 | AX10: 98 | AY10: =+AW10*AX10 -> 49000
A11: 2 | C11: PROD. MEDICO/FARMACEUTICOS/LAB | D11: 2.5.2 | E11: APOSITO HIDROCOLOIDE CUADRADO 10 X 10 CM | F11: UNIDAD | S11: 50 | T11: =+S11*AX11 -> 27565 | AW11: =+AQ11+AO11+AM11+AK11+AI11+AG11+AE11+AC11+AA11+Y11+W11+U11+S11+Q11+O11+M11+K11+I11+AS11+G11+AU11 -> 50 | AX11: 551.3 | AY11: =+AW11*AX11 -> 27565
A12: 3 | C12: PROD. MEDICO/FARMACEUTICOS/LAB | D12: 2.5.2 | E12: BETAMETASONA G 12 MG ( 6 MG ACETATO/6 MG FOSFATO ) AMPOLLA | F12: AMPOLLA | S12: 5000 | T12: =+S12*AX12 -> 1900000 | AW12: =+AQ12+AO12+AM12+AK12+AI12+AG12+AE12+AC12+AA12+Y12+W12+U12+S12+Q12+O12+M12+K12+I12+AS12+G12+AU12 -> 5000 | AX12: 380 | AY12: =+AW12*AX12 -> 1900000
A13: 4 | C13: PROD. MEDICO/FARMACEUTICOS/LAB | D13: 2.5.2 | E13: BUDESONIDE AEROSOL 200 MCG/PUFF ( 100 DOSIS ) | F13: UNIDAD | S13: 1000 | T13: =+S13*AX13 -> 780000 | AW13: =+AQ13+AO13+AM13+AK13+AI13+AG13+AE13+AC13+AA13+Y13+W13+U13+S13+Q13+O13+M13+K13+I13+AS13+G13+AU13 -> 1000 | AX13: 780 | AY13: =+AW13*AX13 -> 780000
A14: 5 | C14: PROD. MEDICO/FARMACEUTICOS/LAB | D14: 2.5.2 | E14: DEXAMETASONA 8 MG AMPOLLA x 2 ml | F14: AMPOLLA | S14: 60000 | T14: =+S14*AX14 -> 3720000 | AW14: =+AQ14+AO14+AM14+AK14+AI14+AG14+AE14+AC14+AA14+Y14+W14+U14+S14+Q14+O14+M14+K14+I14+AS14+G14+AU14 -> 60000 | AX14: 62 | AY14: =+AW14*AX14 -> 3720000
A15: 6 | C15: PROD. MEDICO/FARMACEUTICOS/LAB | D15: 2.5.2 | E15: DIFENHIDRAMINA 0,25% JARABE | F15: FRASCO | S15: 16000 | T15: =+S15*AX15 -> 2688000 | AW15: =+AQ15+AO15+AM15+AK15+AI15+AG15+AE15+AC15+AA15+Y15+W15+U15+S15+Q15+O15+M15+K15+I15+AS15+G15+AU15 -> 16000 | AX15: 168 | AY15: =+AW15*AX15 -> 2688000
A16: 7 | C16: PROD. MEDICO/FARMACEUTICOS/LAB | D16: 2.5.2 | E16: DIFENILHIDRAMINA 10MG AMPOLLA x 5 ml | F16: AMPOLLA | S16: 5000 | T16: =+S16*AX16 -> 275000 | AW16: =+AQ16+AO16+AM16+AK16+AI16+AG16+AE16+AC16+AA16+Y16+W16+U16+S16+Q16+O16+M16+K16+I16+AS16+G16+AU16 -> 5000 | AX16: 55 | AY16: =+AW16*AX16 -> 275000
A17: 8 | C17: PROD. MEDICO/FARMACEUTICOS/LAB | D17: 2.5.2 | E17: ERGONOVINA AMPOLLA x 2 ml | F17: AMPOLLA | S17: 1000 | T17: =+S17*AX17 -> 60320 | AW17: =+AQ17+AO17+AM17+AK17+AI17+AG17+AE17+AC17+AA17+Y17+W17+U17+S17+Q17+O17+M17+K17+I17+AS17+G17+AU17 -> 1000 | AX17: 60.32 | AY17: =+AW17*AX17 -> 60320
A18: 9 | C18: PROD. MEDICO/FARMACEUTICOS/LAB | D18: 2.5.2 | E18: ISOXUPRINA 10 MG/ 2 ML. AMPOLLA | F18: AMPOLLA | S18: 2000 | T18: =+S18*AX18 -> 90000 | AW18: =+AQ18+AO18+AM18+AK18+AI18+AG18+AE18+AC18+AA18+Y18+W18+U18+S18+Q18+O18+M18+K18+I18+AS18+G18+AU18 -> 2000 | AX18: 45 | AY18: =+AW18*AX18 -> 90000
A19: 10 | C19: PROD. MEDICO/FARMACEUTICOS/LAB | D19: 2.5.2 | E19: LEVOTIROXINA 100 MG COMPRIMIDOS | F19: COMPRIMIDO | S19: 10000 | T19: =+S19*AX19 -> 178000 | AW19: =+AQ19+AO19+AM19+AK19+AI19+AG19+AE19+AC19+AA19+Y19+W19+U19+S19+Q19+O19+M19+K19+I19+AS19+G19+AU19 -> 10000 | AX19: 17.8 | AY19: =+AW19*AX19 -> 178000
A20: 11 | C20: PROD. MEDICO/FARMACEUTICOS/LAB | D20: 2.5.2 | E20: LEVOTIROXINA 25 MG COMPRIMIDOS | F20: COMPRIMIDO | S20: 10000 | T20: =+S20*AX20 -> 74500 | AW20: =+AQ20+AO20+AM20+AK20+AI20+AG20+AE20+AC20+AA20+Y20+W20+U20+S20+Q20+O20+M20+K20+I20+AS20+G20+AU20 -> 10000 | AX20: 7.45 | AY20: =+AW20*AX20 -> 74500
A21: 12 | C21: PROD. MEDICO/FARMACEUTICOS/LAB | D21: 2.5.2 | E21: LEVOTIROXINA 75 MG COMPRIMIDOS | F21: COMPRIMIDO | S21: 20000 | T21: =+S21*AX21 -> 238000 | AW21: =+AQ21+AO21+AM21+AK21+AI21+AG21+AE21+AC21+AA21+Y21+W21+U21+S21+Q21+O21+M21+K21+I21+AS21+G21+AU21 -> 20000 | AX21: 11.9 | AY21: =+AW21*AX21 -> 238000
... A29: 20 | C29: PROD. MEDICO/FARMACEUTICOS/LAB | D29: 2.5.2 | E29: VASELINA SOLIDA X 1KG | F29: UNIDAD | S29: 30 | T29: =+S29*AX29 -> 46238.4 | AW29: =+AQ29+AO29+AM29+AK29+AI29+AG29+AE29+AC29+AA29+Y29+W29+U29+S29+Q29+O29+M29+K29+I29+AS29+G29+AU29 -> 30 | AX29: 1541.28 | AY29: =+AW29*AX29 -> 46238.4
E30: TOTAL RUBRO TERAPIA DERMATOLOGICA/SISTEMA GENITOURINARIO Y HORMONAS SEXUALES /HORMONAS SISTEMICAS /CORTICOIDES SISTEMICOS/RESPIRATORIO/ANTIHISTAMINICOS | AY30: =+SUM(AY10:AY29) -> 15549491
C32: DETALLE TECNICO Y ESPECIFICACIONES | D32: ANEXO 1-Para oferentes de la Provincia de Catamarca deberán presentar Habilitación Provincial para comercializar el producto que cotizan. 2-Para el resto de oferentes deberán presentar Certificado de Inscripción de ANMAT vigente al momento de la oferta, el mismo deberá ser correspondiente al objeto de la contratación y de encontrarse vencido adjuntar la solicitud de renovación. 3-No se aceptarán ofertas de productos no registrados y autorizada su venta por ANMAT. Se deberá especificar en cada ítem de la propuesta, marca y número de certificado otorgado por dicho ente regulador. 4-Los productos deberán tener un vencimiento posterior a doce (12) meses a partir de la fecha de su recepción.
C34: Plazos de entrega | D34: veinte (20) dias habiles
C36: Lugar de Entrega: | D36: DIR. PROV. DE FARMACIA E INSUMOS - CHACABUCO N° 169 - en el horario de 8:00hs a 12:00hs de lunes a viernes
C38: Calidad Minima esperada
C40: Mantenimiento | D40: cuarenta y cinco (45) días

Sheet NP
A1: NOTA DE PEDIDO | J1: N° | K1: 04/2022
A3: JURISDICCIÓN: | D3: ='SAF 011'!C4 -> 040 - MINISTERIO DE SALUD
A4: SAF: | D4: ='SAF 011'!C5 -> 011 - DIRECCION PROVINCIAL DE ADMINISTRACION - MINISTERIO DE SALUD
A5: UNIDAD EJECUTORA: | D5: DIRECCION PROVINCIAL DE FARMACIA E INSUMOS
A6: DEPENDENCIA SOLICITANTE: | D6: DIRECCION PROVINCIAL DE FARMACIA E INSUMOS
A7: PERIODO UTILIZACIÓN: | D7: CUATRIMESTRAL
A8: OBJETO: | D8: ADQUISICION DEL RUBRO TERAPIA DERMATOLOGICA/SISTEMA GENITOURINARIO Y HORMONAS SEXUALES /HORMONAS SISTEMICAS /CORTICOIDES SISTEMICOS/RESPIRATORIO/ANTIHISTAMINICOS
A10: Ítem | B10: Codigo Item | C10: DESCRIPCIÓN | H10: Adjunta Detalle Técnico | I10: Unidad Medida | J10: Precio Unitario Estimado | K10: Cantidad Solicitada
A12: 1 | C12: ='SAF 011'!E10 -> AMINIFILINA 240 MG AMPOLLA X 10 ML | H12: SI | I12: ='SAF 011'!F10 -> AMPOLLA | J12: ='SAF 011'!AX10 -> 98 | K12: ='SAF 011'!S10 -> 500 | M12: =+J12*K12 -> 49000
A13: 2 | C13: ='SAF 011'!E11 -> APOSITO HIDROCOLOIDE CUADRADO 10 X 10 CM | H13: SI | I13: ='SAF 011'!F11 -> UNIDAD | J13: ='SAF 011'!AX11 -> 551.3 | K13: ='SAF 011'!S11 -> 50 | M13: =+J13*K13 -> 27565
A14: 3 | C14: ='SAF 011'!E12 -> BETAMETASONA G 12 MG ( 6 MG ACETATO/6 MG FOSFATO ) AMPOLLA | H14: SI | I14: ='SAF 011'!F12 -> AMPOLLA | J14: ='SAF 011'!AX12 -> 380 | K14: ='SAF 011'!S12 -> 5000 | M14: =+J14*K14 -> 1900000
A15: 4 | C15: ='SAF 011'!E13 -> BUDESONIDE AEROSOL 200 MCG/PUFF ( 100 DOSIS ) | H15: SI | I15: ='SAF 011'!F13 -> UNIDAD | J15: ='SAF 011'!AX13 -> 780 | K15: ='SAF 011'!S13 -> 1000 | M15: =+J15*K15 -> 780000
A16: 5 | C16: ='SAF 011'!E14 -> DEXAMETASONA 8 MG AMPOLLA x 2 ml | H16: SI | I16: ='SAF 011'!F14 -> AMPOLLA | J16: ='SAF 011'!AX14 -> 62 | K16: ='SAF 011'!S14 -> 60000 | M16: =+J16*K16 -> 3720000
A17: 6 | C17: ='SAF 011'!E15 -> DIFENHIDRAMINA 0,25% JARABE | H17: SI | I17: ='SAF 011'!F15 -> FRASCO | J17: ='SAF 011'!AX15 -> 168 | K17: ='SAF 011'!S15 -> 16000 | M17: =+J17*K17 -> 2688000
A18: 7 | C18: ='SAF 011'!E16 -> DIFENILHIDRAMINA 10MG AMPOLLA x 5 ml | H18: SI | I18: ='SAF 011'!F16 -> AMPOLLA | J18: ='SAF 011'!AX16 -> 55 | K18: ='SAF 011'!S16 -> 5000 | M18: =+J18*K18 -> 275000
A19: 8 | C19: ='SAF 011'!E17 -> ERGONOVINA AMPOLLA x 2 ml | H19: SI | I19: ='SAF 011'!F17 -> AMPOLLA | J19: ='SAF 011'!AX17 -> 60.32 | K19: ='SAF 011'!S17 -> 1000 | M19: =+J19*K19 -> 60320
A20: 9 | C20: ='SAF 011'!E18 -> ISOXUPRINA 10 MG/ 2 ML. AMPOLLA | H20: SI | I20: ='SAF 011'!F18 -> AMPOLLA | J20: ='SAF 011'!AX18 -> 45 | K20: ='SAF 011'!S18 -> 2000 | M20: =+J20*K20 -> 90000
A21: 10 | C21: ='SAF 011'!E19 -> LEVOTIROXINA 100 MG COMPRIMIDOS | H21: SI | I21: ='SAF 011'!F19 -> COMPRIMIDO | J21: ='SAF 011'!AX19 -> 17.8 | K21: ='SAF 011'!S19 -> 10000 | M21: =+J21*K21 -> 178000
A22: 11 | C22: ='SAF 011'!E20 -> LEVOTIROXINA 25 MG COMPRIMIDOS | H22: SI | I22: ='SAF 011'!F20 -> COMPRIMIDO | J22: ='SAF 011'!AX20 -> 7.45 | K22: ='SAF 011'!S20 -> 10000 | M22: =+J22*K22 -> 74500
A23: 12 | C23: ='SAF 011'!E21 -> LEVOTIROXINA 75 MG COMPRIMIDOS | H23: SI | I23: ='SAF 011'!F21 -> COMPRIMIDO | J23: ='SAF 011'!AX21 -> 11.9 | K23: ='SAF 011'!S21 -> 20000 | M23: =+J23*K23 -> 238000
... A31: 20 | C31: ='SAF 011'!E29 -> VASELINA SOLIDA X 1KG | H31: SI | I31: ='SAF 011'!F29 -> UNIDAD | J31: ='SAF 011'!AX29 -> 1541.28 | K31: ='SAF 011'!S29 -> 30 | M31: =+J31*K31 -> 46238.4
A33: Costo total estimado: QUINCE MILLONES QUINIENTOS CUARENTA Y NUEVE MIL CUATROCIENTOS NOVENTA Y UNO CON 40/100.- | J33: =+M33 -> 15549491 | M33: =SUM(M12:M32) -> 15549491

Sheet APG
A1: EJERCICIO: | D1: 2022 | P1: AUTORIZACION PARA GASTAR
A4: JURISDICCIÓN: | G4: =NP!D3 -> 040 - MINISTERIO DE SALUD
A5: SAF: | G5: =NP!D4 -> 011 - DIRECCION PROVINCIAL DE ADMINISTRACION - MINISTERIO DE SALUD
A6: UNIDAD EJECUTORA: | G6: =NP!D5 -> DIRECCION PROVINCIAL DE FARMACIA E INSUMOS
A7: DEPENDENCIA SOLICITANTE: | G7: =NP!D6 -> DIRECCION PROVINCIAL DE FARMACIA E INSUMOS
A8: AUTORIZACIÓN:
A9: Señor Director de Administración o Titular del Servicio Administrativo Financiero:
A10: Autorizo la realización de los trámites correspondientes, a fin de proveer a este Organismo los bienes que se detallan en Nota de Pedido N° 04/2022 afectando la erogación resultante a los créditos presupuestarios aprobados a favor de esta Unidad Ejecutora, conforme al siguiente detalle:
A12: IMPUTACIÓN PRESUPUESTARIA
A13: CÓDIGO | O13: DENOMINACIÓN DE LA PARTIDA PRESUPUESTARIA | Q13: IMPORTE
A14: PR | B14: SB | C14: PY | D14: AC | E14: OB | F14: UG | G14: FIN | H14: FUN | I14: I | J14: P | K14: P | L14: SubP | M14: M | N14: FF
A15: 30 | D15: 1 | F15: 4901 | G15: 3 | H15: 1 | I15: 2 | J15: 5 | K15: 2 | M15: 1 | N15: 1.1 | O15: PRODUCTOS FARMACEUTICOS Y MEDICINALES | Q15: =NP!M33 -> 15549491
A38: TOTAL DE PESOS: QUINCE MILLONES QUINIENTOS CUARENTA Y NUEVE MIL CUATROCIENTOS NOVENTA Y UNO CON 40/100.- | Q38: =SUM(Q15:Q37) -> 15549491
A40: JUSTIFICACIÓN:
A41: =NP!D8 -> ADQUISICION DEL RUBRO TERAPIA DERMATOLOGICA/SISTEMA GENITOURINARIO Y HORMONAS SEXUALES /HORMONAS SISTEMICAS /CORTICOIDES SISTEMICOS/RESPIRATORIO/ANTIHISTAMINICOS
