Workbook

Sheet Necesidades Trimestrales
B2: Pedido de Necesidades Trimestrales
A4: JURISDICCION: | C4: 90 - Ministerio de Seguridad
A5: SAF N°: | C5: 7- Dirección Provincial de Administración de la Policía de la Provincia de Catamarca
A6: EJERCICIO: | C6: 2022
A7: TRIMESTRE: | C7: 1
A9: ID | B9: CODIGO ITEM | C9: RUBRO DE COMPRA | D9: I.P.P. | E9: DESCRIPCION | F9: UNIDAD DE MEDIDA | G9: CANTIDAD | H9: PRECIO UNITARIO ESTIMADO | I9: IMPORTE TOTAL ESTIMADO
A10: 1 | B10: 2.1.1-482.69 | C10: ALIMENTOS | D10: 2.1.1 | E10: HARINAS; TIPO: MAIZ, PRESENTACION: ENVASE X 1 Kg, MATERIAL ENVASE: PAPEL, CERTICADO FORESTAL (GFS): SIN, ELEM. TRANSPORTE: SIN, MATERIAL ELEM. TRANSPORTE: SIN, LIBRE DE GLUTEN: NO | F10: UNIDAD | G10: 100 | H10: 170 | I10: =(G10*H10) -> 17000
A11: 2 | B11: 2.1.1-454.25 | C11: ALIMENTOS | D11: 2.1.1 | E11: YERBAS; PALO: CON, PESO: 1 Kg, MATERIAL ENVASE : PAPEL, CERTIFICADO FORESTAL (GFS): CON, ELEM. TRANSPORTE: SIN, MATERIAL ELEM. TRANSPORTE: SIN, LIBRE DE GLUTEN: SI | F11: UNIDAD | G11: 100 | H11: 490 | I11: =(G11*H11) -> 49000
A12: 3 | B12: 2.1.1-439.67 | C12: ALIMENTOS | D12: 2.1.1 | E12: ACEITES COMESTIBLES; TIPO: GIRASOL, PRESENTACION: ENVASE X 900 CM3, MATERIAL ENVASE: PLASTICO 1 (PET), ELEM. TRANSPORTE: SIN, MATERIAL ELEM. TRANSPORTE : SIN, LIBRE DE GLUTEN: NO | F12: UNIDAD | G12: 250 | H12: 290 | I12: =(G12*H12) -> 72500
A13: 4 | B13: 2.1.1-708.23 | C13: ALIMENTOS | D13: 2.1.1 | E13: CONSERVAS PESCADO Y FRUTOS MAR; ESTADO: AL NATURAL, PESO: 380 GR, ENVASE: LATA, TIPO: CABALLA, ESPECIE: CABALLA | F13: UNIDAD | G13: 200 | H13: 198 | I13: =(G13*H13) -> 39600
A14: 5 | B14: 2.1.1-435.60 | C14: ALIMENTOS | D14: 2.1.1 | E14: ARROZ; TIPO GRANO: LARGO-FINO, TIPO: BLANCO, PROCESO: SIN CASCARA, PRESENTACION: BOLSA X 1 Kg, MATERIAL ENVASE: PLASTICO, CERTIFICADO FORESTAL (GFS): SIN, ELEM. TRANSPORTE: SIN, MATERIAL ELEM. TRANSPORTE: SIN, LIBRE DE GLUTEN: SI | F14: UNIDAD | G14: 150 | H14: 190 | I14: =(G14*H14) -> 28500
A15: 6 | B15: 2.1.1-482.81 | C15: ALIMENTOS | D15: 2.1.1 | E15: HARINAS; TIPO: LEUDANTE, PRESENTACION: ENVASE X 1 Kg, MATERIAL ENVASE: PAPEL, CERTICADO FORESTAL (GFS): SIN, ELEM. TRANSPORTE: SIN, MATERIAL ELEM. TRANSPORTE: SIN, LIBRE DE GLUTEN: NO | F15: UNIDAD | G15: 100 | H15: 185 | I15: =(G15*H15) -> 18500
A16: 7 | B16: 2.1.1-509.10 | C16: ALIMENTOS | D16: 2.1.1 | E16: PURE; TIPO: DE TOMATE, ENVASE: CAJA DE CARTON, PESO: 530 GR | F16: UNIDAD | G16: 200 | H16: 89 | I16: =(G16*H16) -> 17800
A17: 8 | B17: 2.1.1-706.6 | C17: ALIMENTOS | D17: 2.1.1 | E17: MATE COCIDO; ENVASE: CAJA CARTON, PRESENTACION: ENSOBRADO, SAQUITOS P/CAJA: 100 UN, PESO X SAQ.: 3 GR | F17: UNIDAD | G17: 200 | H17: 215 | I17: =(G17*H17) -> 43000
A18: 9 | B18: 2.1.1-511.11 | C18: ALIMENTOS | D18: 2.1.1 | E18: TE; SAQUITOS 2G P/CAJA: 100, PRESENTACION: EN SAQUITOS, PESO: SIN VALOR, TIPO: SIN VALOR | F18: UNIDAD | G18: 200 | H18: 270 | I18: =(G18*H18) -> 54000
A19: 10 | B19: 2.1.1-481.38 | C19: ALIMENTOS | D19: 2.1.1 | E19: AZUCARES; TIPO: "A" COMUN, ESTADO: MOLIDA, PESO: 1 Kg, MATERIAL ENVASE: PLASTICO, CERTIFICADO FORESTAL (GFS): SIN, ELEM. TRANSPORTE: SIN, MATERIAL ELEM. TRANSPORTE: SIN | F19: UNIDAD | G19: 400 | H19: 150 | I19: =(G19*H19) -> 60000
A20: 11 | B20: 2.1.1-709.25 | C20: ALIMENTOS | D20: 2.1.1 | E20: CAFE; ENVASE: SAQUITO EN CAJA X 20 SOBRE, CONTENIDO: 7 GR, ESTADO: MOLIDO, PROCESO: TORRADO, TIPO: FUERTE, PRESENTACION: 20 X ENVASE X 7 GR | F20: UNIDAD | G20: 100 | H20: 315 | I20: =(G20*H20) -> 31500
I21: =SUM(I10:I20) -> 431400
B22: Especificidades:
B31: Plazos y lugares de entrega
C32: a) LUGAR DE ENTREGA: DPTO LOGISTICA sito en Av. Felix Avellaneda Km 2 RP nº 33, SUMALAO, VALLE VIEJO. b) FORMA DE LA ENTREGA: Libre de flete, acarreo y embalaje, como así también, de todo riesgo de pérdida o destrucción total o parcial, por causas ajenas a la Institución. c) PLAZO DE ENTREGA: El Oferente deberá establecer plazo de entrega de los elementos cotizados, debiendo ser expresado en días hábiles; que no podrá ser superior a cinco (5) días hábiles, contados a partir de la recepción de la comunicación prevista en el Artículo 80° de del Reglamento Pracial N° 2 de la ley 4938.
B34: Calidad Minima esperada
C35: Que Cumpla con lo Solicitado de Forma Integra.
B38: Mantenimiento
C39: 30 días
B40: Garantia
C41: *

Sheet  NotaPedido
A1: NOTA DE PEDIDO | J1: N° | K1: 81/2021
A3: JURISDICCIÓN: | D3: ='Necesidades Trimestrales'!C4 -> 90 - Ministerio de Seguridad
A4: SAF: | D4: ='Necesidades Trimestrales'!C5 -> 7- Dirección Provincial de Administración de la Policía de la Provincia de Catamarca
A5: UNIDAD EJECUTORA: | D5: Policía de la Provincia de Catamarca
A6: DEPENDENCIA SOLICITANTE: | D6: División Intendencia, Departamento Logística
A7: PERIODO UTILIZACIÓN: | D7: 3er trimestre Año 2021.-
A8: OBJETO: | D8: Adquisición de Uniformes de Fajina para el personal policial.
A10: Ítem | B10: Codigo Item | C10: DESCRIPCIÓN | H10: Adjunta Detalle Técnico | I10: Unidad Medida | J10: Precio Unitario Estimado | K10: Cantidad Solicitada
A12: 1 | B12: ='Necesidades Trimestrales'!#REF! -> #REF! | C12: ='Necesidades Trimestrales'!#REF! -> #REF! | H12: SI | I12: ='Necesidades Trimestrales'!#REF! -> #REF! | J12: ='Necesidades Trimestrales'!#REF! -> #REF! | K12: ='Necesidades Trimestrales'!#REF! -> #REF!
B13: ='Necesidades Trimestrales'!#REF! -> #REF! | C13: ='Necesidades Trimestrales'!#REF! -> #REF! | H13: SI | I13: ='Necesidades Trimestrales'!#REF! -> #REF! | J13: ='Necesidades Trimestrales'!#REF! -> #REF! | K13: ='Necesidades Trimestrales'!#REF! -> #REF!
A14: 3 | B14: ='Necesidades Trimestrales'!#REF! -> #REF! | C14: ='Necesidades Trimestrales'!#REF! -> #REF! | H14: SI | I14: ='Necesidades Trimestrales'!#REF! -> #REF! | J14: ='Necesidades Trimestrales'!#REF! -> #REF! | K14: ='Necesidades Trimestrales'!#REF! -> #REF!
A15: Costo total estimado: Pesos Cinco Millones Doscientos Mil con 00/100.- | J15: ='Necesidades Trimestrales'!#REF! -> #REF!

Sheet Autor Gastar
A1: EJERCICIO: | D1: ='Necesidades Trimestrales'!C6 -> 2022 | P1: AUTORIZACION PARA GASTAR
A4: JURISDICCIÓN: | G4: =' NotaPedido'!D3 -> 90 - Ministerio de Seguridad
A5: SAF: | G5: =' NotaPedido'!D4 -> 7- Dirección Provincial de Administración de la Policía de la Provincia de Catamarca
A6: UNIDAD EJECUTORA: | G6: =' NotaPedido'!D5 -> Policía de la Provincia de Catamarca
A7: DEPENDENCIA SOLICITANTE: | G7: =' NotaPedido'!D6 -> División Intendencia, Departamento Logística
A8: AUTORIZACIÓN:
A9: Señor Jefe de Servicio Administrativo Financiero:
A10: ="Autorizo la realización de los trámites correspondientes, a fin de proveer a este Organismo los bienes y/o servicios que se detallan en Nota de Pedido N° " &' NotaPedido'!K1&", afectando la erogación resultante a los créditos presupuestarios aprobados a favor de esta Unidad Ejecutora, conforme al siguiente detalle:" -> Autorizo la realización de los trámites correspondientes, a fin de proveer a este Organismo los bienes y/o servicios que se detallan en Nota de Pedido N° 81/2021, afectando la erogación resultante a los créditos presupuestarios aprobados a favor de esta Unidad Ejecutora, conforme al siguiente detalle:
A12: IMPUTACIÓN PRESUPUESTARIA
A13: CÓDIGO | O13: DENOMINACIÓN DE LA PARTIDA PRESUPUESTARIA | Q13: IMPORTE
A14: PR | B14: SB | C14: PY | D14: AC | E14: OB | F14: UG | G14: FIN | H14: FUN | I14: I | J14: P | K14: P | L14: SubP | M14: M | N14: FF
A15: 16 | B15: 0 | C15: 0 | D15: 1 | E15: 0 | F15: 10 | G15: 2 | H15: 210 | I15: 2 | J15: 9 | K15: 1 | L15: 0 | M15: 1 | N15: 1.1 | O15: ='Necesidades Trimestrales'!#REF! -> #REF! | Q15: =' NotaPedido'!J15 -> #REF!
A16: TOTAL DE PESOS: Treinta y Cuatro Mil Novecientos Cincuenta con 00/100.- | Q16: =Q15 -> #REF!
A18: JUSTIFICACIÓN:
A19: =' NotaPedido'!D8 -> Adquisición de Uniformes de Fajina para el personal policial.
