Workbook

Sheet SAF 011
A1: 2022
B2: Pedido de Necesidades Trimestrales
A4: JURISDICCION: | C4: 040 - MINISTERIO DE SALUD
A5: SAF N°: | C5: 011 - DIRECCION PROVINCIAL DE ADMINISTRACION - MINISTERIO DE SALUD
A6: EJERCICIO: | C6: 2022
A7: TRIMESTRE: | C7: TERCERO
A9: ID | B9: CODIGO ITEM | C9: RUBRO DE COMPRA | D9: I.P.P. | E9: DESCRIPCION | F9: UNIDAD DE MEDIDA | G9: SECRETARIA DE ADMINISTRACION | H9: TOTAL S.A. | I9: SMPyPS | J9: TOTAL SMPyPS | K9: DIR. LAB. CENTRAL | L9: TOTAL DE LAB CENTRAL | M9: BCO DE SANGRE | N9: TOTAL BANCO DE SANGRE | O9: APS | P9: TOTAL A.P.S. | Q9: DIR DE CANCER | R9: TOTAL DE DIR DE CANCER | S9: FARMACIA | T9: TOTAL FARMACIA | U9: ODONTOLOGIA | V9: TOTAL DE ODONTOLOG | W9: SAME | X9: TOTAL SAME | Y9: UAI | Z9: TOTAL UAI | AA9: MATERNIDAD E INFANCIA | AB9: TOTAL MATERNIDAD E INFANCIA | AC9: SASP | AD9: TOTAL SASP | AE9: SALUD Y MEDIO AMBIENTE | AF9: TOTAL SALUD Y MEDIO AMBIENTE | AG9: VECTORES Y ZOONOSIS | AH9: TOTAL DE VECT Y ZOON | AI9: DISCAPACIDAD | AJ9: TOTAL DISCAPACIDAD | AK9: REG Y CONTROL EN SALUD | AL9: TOTAL REG Y CONTROL EN SALUD | AM9: SPyGS | AN9: TOTAL SPyGS | AO9: SALUD MENTAL | AP9: TOTAL SALUD MENTAL | AQ9: AREAS Y DPAS | AR9: TOTAL DPAS | AS9: EPIDEMIOLOGIA | AT9: TOTAL EPIDEMIOLOGIA | AU9: MS | AV9: TOTAL MS | AW9: SUMAR | AX9: TOTAL SUMAR | AY9: CANTIDAD TOTAL | AZ9: PRECIO UNITARIO ESTIMADO | BA9: IMPORTE TOTAL ESTIMADO | BB9: ESPECIFICACION TECNICA
A10: 1 | B10: 2.5.2-3956.66 | C10: PRODUCTOS FARMACEUTICOS Y MEDICINALES | D10: 2.5.2 | E10: ANTINEOPLASICOS; TIPO: MONODROGA, DROGA GENERICA: ASPARAGINASA PEGILADA, FORMA FARMACEUTICA: FRASCO AMPOLLA, PRESENTACION: ENVASE X 3750 UI | F10: AMPOLLA | Q10: 2 | R10: =+Q10*AZ10 -> 1233460 | AY10: =+AQ10+AO10+AM10+AK10+AI10+AG10+AE10+AC10+AA10+Y10+W10+U10+S10+Q10+O10+M10+K10+I10+AS10+G10+AU10+AW10 -> 2 | AZ10: 616730 | BA10: =+AY10*AZ10 -> 1233460
A11: 2 | B11: 2.5.2-3956.30 | C11: PRODUCTOS FARMACEUTICOS Y MEDICINALES | D11: 2.5.2 | E11: ANTINEOPLASICOS; TIPO: MONODROGA, DROGA GENERICA: BORTEZOMIB, FORMA FARMACEUTICA: AMPOLLA, PRESENTACION: ENVASE X 3,5 MGR | F11: AMPOLLA | Q11: 2 | R11: =+Q11*AZ11 -> 9360 | AY11: =+AQ11+AO11+AM11+AK11+AI11+AG11+AE11+AC11+AA11+Y11+W11+U11+S11+Q11+O11+M11+K11+I11+AS11+G11+AU11+AW11 -> 2 | AZ11: 4680 | BA11: =+AY11*AZ11 -> 9360
A12: 3 | B12: 2.5.2-3956.65 | C12: PRODUCTOS FARMACEUTICOS Y MEDICINALES | D12: 2.5.2 | E12: ANTINEOPLASICOS; TIPO: MONODROGA, DROGA GENERICA: BRENTUXIMAB, FORMA FARMACEUTICA: AMPOLLA, PRESENTACION: UNIDAD | F12: AMPOLLA | Q12: 1 | R12: =+Q12*AZ12 -> 828100 | AY12: =+AQ12+AO12+AM12+AK12+AI12+AG12+AE12+AC12+AA12+Y12+W12+U12+S12+Q12+O12+M12+K12+I12+AS12+G12+AU12+AW12 -> 1 | AZ12: 828100 | BA12: =+AY12*AZ12 -> 828100
A13: 4 | B13: 2.5.2-3956.63 | C13: PRODUCTOS FARMACEUTICOS Y MEDICINALES | D13: 2.5.2 | E13: ANTINEOPLASICOS; TIPO: MONODROGA, DROGA GENERICA: PEMBROLIZUMAB, FORMA FARMACEUTICA: AMPOLLA, PRESENTACION: UNIDAD | F13: AMPOLLA | Q13: 6 | R13: =+Q13*AZ13 -> 2399436.6 | AY13: =+AQ13+AO13+AM13+AK13+AI13+AG13+AE13+AC13+AA13+Y13+W13+U13+S13+Q13+O13+M13+K13+I13+AS13+G13+AU13+AW13 -> 6 | AZ13: 399906.1 | BA13: =+AY13*AZ13 -> 2399436.6
A14: 5 | B14: 2.5.2-3956.22 | C14: PRODUCTOS FARMACEUTICOS Y MEDICINALES | D14: 2.5.2 | E14: ANTINEOPLASICOS; TIPO: MONODROGA, DROGA GENERICA: TRANTUZUMAB, FORMA FARMACEUTICA: AMPOLLA, PRESENTACION: ENVASE X 440 mGr | F14: AMPOLLA | Q14: 8 | R14: =+Q14*AZ14 -> 1577950 | AN14: =+AM14*AZ14 -> 0 | AY14: =+AQ14+AO14+AM14+AK14+AI14+AG14+AE14+AC14+AA14+Y14+W14+U14+S14+Q14+O14+M14+K14+I14+AS14+G14+AU14+AW14 -> 8 | AZ14: 197243.75 | BA14: =+AY14*AZ14 -> 1577950
A15: 6 | B15: 2.5.2-1894.102 | C15: PRODUCTOS FARMACEUTICOS Y MEDICINALES | D15: 2.5.2 | E15: CITOSTATICOS; TIPO: MONODROGA, DROGA GENERICA: BEVACIZUMAB 400 MG, FORMA FARMACEUTICA: VIAL X 16 mL, PRESENTACION: UNIDAD | F15: AMPOLLA | Q15: 5 | R15: =+Q15*AZ15 -> 38700 | AY15: =+AQ15+AO15+AM15+AK15+AI15+AG15+AE15+AC15+AA15+Y15+W15+U15+S15+Q15+O15+M15+K15+I15+AS15+G15+AU15+AW15 -> 5 | AZ15: 7740 | BA15: =+AY15*AZ15 -> 38700
A16: 7 | B16: 2.5.2-1894.125 | C16: PRODUCTOS FARMACEUTICOS Y MEDICINALES | D16: 2.5.2 | E16: CITOSTATICOS; TIPO: MONODROGA, DROGA GENERICA: PERTUZUMAB 420 MG, FORMA FARMACEUTICA: AMPOLLA, PRESENTACION: ENVASE X 14 ML | F16: AMPOLLA | Q16: 8 | R16: =+Q16*AZ16 -> 4222377.6 | AY16: =+AQ16+AO16+AM16+AK16+AI16+AG16+AE16+AC16+AA16+Y16+W16+U16+S16+Q16+O16+M16+K16+I16+AS16+G16+AU16+AW16 -> 8 | AZ16: 527797.2 | BA16: =+AY16*AZ16 -> 4222377.6
A17: 8 | B17: 2.5.2-1894.126 | C17: PRODUCTOS FARMACEUTICOS Y MEDICINALES | D17: 2.5.2 | E17: CITOSTATICOS; TIPO: MONODROGA, DROGA GENERICA: TRASTUZUMAB 600 MG, FORMA FARMACEUTICA: AMPOLLA, PRESENTACION: ENVASE X 5 ML | F17: SUBCUTANEO | Q17: 2 | R17: =+Q17*AZ17 -> 594000 | AN17: =+AM17*AZ17 -> 0 | AY17: =+AQ17+AO17+AM17+AK17+AI17+AG17+AE17+AC17+AA17+Y17+W17+U17+S17+Q17+O17+M17+K17+I17+AS17+G17+AU17+AW17 -> 2 | AZ17: 297000 | BA17: =+AY17*AZ17 -> 594000
A18: 9 | B18: 2.5.2-1913.9 | C18: PRODUCTOS FARMACEUTICOS Y MEDICINALES | D18: 2.5.2 | E18: SULFONAMIDA-QUIMIOTERAPICO; TIPO: MONODROGA, DROGA GENERICA: DACTINOMICINA, FORMA FARMACEUTICA: AMPOLLA, PRESENTACION: 0,5 mGr | F18: AMPOLLA | Q18: 3 | R18: =+Q18*AZ18 -> 275670 | AN18: =+AM18*AZ18 -> 0 | AY18: =+AQ18+AO18+AM18+AK18+AI18+AG18+AE18+AC18+AA18+Y18+W18+U18+S18+Q18+O18+M18+K18+I18+AS18+G18+AU18+AW18 -> 3 | AZ18: 91890 | BA18: =+AY18*AZ18 -> 275670
A19: TOTAL RUBRO MEDICAMENTOS ONCOLOGICOS | R19: =SUM(R10:R18) -> 11179054 | AN19: =+AM19*AZ19 -> 0 | BA19: =SUM(BA10:BA18) -> 11179054
C22: DETALLE TECNICO Y ESPECIFICACIONES | D22: ANEXO 1-Para oferentes de la Provincia de Catamarca deberán presentar Habilitación Provincial para comercializar el producto que cotizan. 2-Para el resto de oferentes deberán presentar Certificado de Inscripción de ANMAT vigente al momento de la oferta, el mismo deberá ser correspondiente al objeto de la contratación y de encontrarse vencido adjuntar la solicitud de renovación. 3-No se aceptarán ofertas de productos no registrados y autorizada su venta por ANMAT. Se deberá especificar en cada ítem de la propuesta, marca y número de certificado otorgado por dicho ente regulador. 4-Los productos deberán tener un vencimiento posterior a doce (12) meses a partir de la fecha de su recepción.
C24: Plazos de entrega | D24: diez (10) dias habiles
C26: Lugar de Entrega: | D26: DIR. PROV. DE CANCER - CHACABUCO N° 169 - en el horario de 8:00hs a 12:00hs de lunes a viernes
C28: Calidad Minima esperada
C30: Mantenimiento | D30: cuarenta y cinco (45) días

Sheet NP
A1: NOTA DE PEDIDO | J1: N° | K1: XX/2022
A3: JURISDICCIÓN: | D3: ='SAF 011'!C4 -> 040 - MINISTERIO DE SALUD
A4: SAF: | D4: ='SAF 011'!C5 -> 011 - DIRECCION PROVINCIAL DE ADMINISTRACION - MINISTERIO DE SALUD
A5: UNIDAD EJECUTORA: | D5: 159 - DIRECCION PROVINCIAL DE CANCER
A6: DEPENDENCIA SOLICITANTE: | D6: 159 - DIRECCION PROVINCIAL DE CANCER
A7: PERIODO UTILIZACIÓN: | D7: TRES (3) MESES
A8: OBJETO: | D8: ADQ. DEL RUBRO MEDICAMENTOS ONCOLOGICOS
A10: Ítem | B10: Codigo Item | C10: DESCRIPCIÓN | H10: Adjunta Detalle Técnico | I10: Unidad Medida | J10: Precio Unitario Estimado | K10: Cantidad Solicitada
A12: 1 | B12: ='SAF 011'!B10 -> 2.5.2-3956.66 | C12: ='SAF 011'!E10 -> ANTINEOPLASICOS; TIPO: MONODROGA, DROGA GENERICA: ASPARAGINASA PEGILADA, FORMA FARMACEUTICA: FRASCO AMPOLLA, PRESENTACION: ENVASE X 3750 UI | H12: NO | I12: ='SAF 011'!F10 -> AMPOLLA | J12: ='SAF 011'!AZ10 -> 616730 | K12: ='SAF 011'!Q10 -> 2 | L12: =B12='SAF 011'!B10 -> TRUE | M12: =C12='SAF 011'!E10 -> TRUE | N12: =J12*K12-'SAF 011'!BA10 -> 0
A13: 2 | B13: ='SAF 011'!B11 -> 2.5.2-3956.30 | C13: ='SAF 011'!E11 -> ANTINEOPLASICOS; TIPO: MONODROGA, DROGA GENERICA: BORTEZOMIB, FORMA FARMACEUTICA: AMPOLLA, PRESENTACION: ENVASE X 3,5 MGR | H13: NO | I13: ='SAF 011'!F11 -> AMPOLLA | J13: ='SAF 011'!AZ11 -> 4680 | K13: ='SAF 011'!Q11 -> 2 | L13: =B13='SAF 011'!B11 -> TRUE | M13: =C13='SAF 011'!E11 -> TRUE | N13: =J13*K13-'SAF 011'!BA11 -> 0
A14: 3 | B14: ='SAF 011'!B12 -> 2.5.2-3956.65 | C14: ='SAF 011'!E12 -> ANTINEOPLASICOS; TIPO: MONODROGA, DROGA GENERICA: BRENTUXIMAB, FORMA FARMACEUTICA: AMPOLLA, PRESENTACION: UNIDAD | H14: NO | I14: ='SAF 011'!F12 -> AMPOLLA | J14: ='SAF 011'!AZ12 -> 828100 | K14: ='SAF 011'!Q12 -> 1 | L14: =B14='SAF 011'!B12 -> TRUE | M14: =C14='SAF 011'!E12 -> TRUE | N14: =J14*K14-'SAF 011'!BA12 -> 0
A15: 4 | B15: ='SAF 011'!B13 -> 2.5.2-3956.63 | C15: ='SAF 011'!E13 -> ANTINEOPLASICOS; TIPO: MONODROGA, DROGA GENERICA: PEMBROLIZUMAB, FORMA FARMACEUTICA: AMPOLLA, PRESENTACION: UNIDAD | H15: NO | I15: ='SAF 011'!F13 -> AMPOLLA | J15: ='SAF 011'!AZ13 -> 399906.1 | K15: ='SAF 011'!Q13 -> 6 | L15: =B15='SAF 011'!B13 -> TRUE | M15: =C15='SAF 011'!E13 -> TRUE | N15: =J15*K15-'SAF 011'!BA13 -> 0
A16: 5 | B16: ='SAF 011'!B14 -> 2.5.2-3956.22 | C16: ='SAF 011'!E14 -> ANTINEOPLASICOS; TIPO: MONODROGA, DROGA GENERICA: TRANTUZUMAB, FORMA FARMACEUTICA: AMPOLLA, PRESENTACION: ENVASE X 440 mGr | H16: NO | I16: ='SAF 011'!F14 -> AMPOLLA | J16: ='SAF 011'!AZ14 -> 197243.75 | K16: ='SAF 011'!Q14 -> 8 | L16: =B16='SAF 011'!B14 -> TRUE | M16: =C16='SAF 011'!E14 -> TRUE | N16: =J16*K16-'SAF 011'!BA14 -> 0
A17: 6 | B17: ='SAF 011'!B15 -> 2.5.2-1894.102 | C17: ='SAF 011'!E15 -> CITOSTATICOS; TIPO: MONODROGA, DROGA GENERICA: BEVACIZUMAB 400 MG, FORMA FARMACEUTICA: VIAL X 16 mL, PRESENTACION: UNIDAD | H17: NO | I17: ='SAF 011'!F15 -> AMPOLLA | J17: ='SAF 011'!AZ15 -> 7740 | K17: ='SAF 011'!Q15 -> 5 | L17: =B17='SAF 011'!B15 -> TRUE | M17: =C17='SAF 011'!E15 -> TRUE | N17: =J17*K17-'SAF 011'!BA15 -> 0
A18: 7 | B18: ='SAF 011'!B16 -> 2.5.2-1894.125 | C18: ='SAF 011'!E16 -> CITOSTATICOS; TIPO: MONODROGA, DROGA GENERICA: PERTUZUMAB 420 MG, FORMA FARMACEUTICA: AMPOLLA, PRESENTACION: ENVASE X 14 ML | H18: NO | I18: ='SAF 011'!F16 -> AMPOLLA | J18: ='SAF 011'!AZ16 -> 527797.2 | K18: ='SAF 011'!Q16 -> 8 | L18: =B18='SAF 011'!B16 -> TRUE | M18: =C18='SAF 011'!E16 -> TRUE | N18: =J18*K18-'SAF 011'!BA16 -> 0
A19: 8 | B19: ='SAF 011'!B17 -> 2.5.2-1894.126 | C19: ='SAF 011'!E17 -> CITOSTATICOS; TIPO: MONODROGA, DROGA GENERICA: TRASTUZUMAB 600 MG, FORMA FARMACEUTICA: AMPOLLA, PRESENTACION: ENVASE X 5 ML | H19: NO | I19: ='SAF 011'!F17 -> SUBCUTANEO | J19: ='SAF 011'!AZ17 -> 297000 | K19: ='SAF 011'!Q17 -> 2 | L19: =B19='SAF 011'!B17 -> TRUE | M19: =C19='SAF 011'!E17 -> TRUE | N19: =J19*K19-'SAF 011'!BA17 -> 0
A20: 9 | B20: ='SAF 011'!B18 -> 2.5.2-1913.9 | C20: ='SAF 011'!E18 -> SULFONAMIDA-QUIMIOTERAPICO; TIPO: MONODROGA, DROGA GENERICA: DACTINOMICINA, FORMA FARMACEUTICA: AMPOLLA, PRESENTACION: 0,5 mGr | H20: NO | I20: ='SAF 011'!F18 -> AMPOLLA | J20: ='SAF 011'!AZ18 -> 91890 | K20: ='SAF 011'!Q18 -> 3 | L20: =B20='SAF 011'!B18 -> TRUE | M20: =C20='SAF 011'!E18 -> TRUE | N20: =J20*K20-'SAF 011'!BA18 -> 0
A22: Costo total estimado: PESOS ONCE MILLONES CIENTO SETENTA Y NUEVE MIL CINCUENTA Y CUATRO CON 20/100.- | J22: =SUMPRODUCT(J12:J20,K12:K20) -> 11179054

Sheet APG
A1: EJERCICIO: | D1: 2022 | P1: AUTORIZACION PARA GASTAR
A4: JURISDICCIÓN: | G4: =NP!D3 -> 040 - MINISTERIO DE SALUD
A5: SAF: | G5: =NP!D4 -> 011 - DIRECCION PROVINCIAL DE ADMINISTRACION - MINISTERIO DE SALUD
A6: UNIDAD EJECUTORA: | G6: =NP!D5 -> 159 - DIRECCION PROVINCIAL DE CANCER
A7: DEPENDENCIA SOLICITANTE: | G7: =NP!D6 -> 159 - DIRECCION PROVINCIAL DE CANCER
A8: AUTORIZACIÓN:
A9: Señor Director de Administración o Titular del Servicio Administrativo Financiero:
A10: Autorizo la realización de los trámites correspondientes, a fin de proveer a este Organismo los bienes que se detallan en Nota de Pedido N° XX/2022, afectando la erogación resultante a los créditos presupuestarios aprobados a favor de esta Unidad Ejecutora, conforme al siguiente detalle:
A12: IMPUTACIÓN PRESUPUESTARIA
A13: CÓDIGO | O13: DENOMINACIÓN DE LA PARTIDA PRESUPUESTARIA | Q13: IMPORTE
A14: PR | B14: SB | C14: PY | D14: AC | E14: OB | F14: UG | G14: FIN | H14: FUN | I14: I | J14: P | K14: P | L14: SubP | M14: M | N14: FF
A15: 44 | D15: 1 | F15: 4901 | G15: 3 | H15: 1 | I15: 2 | J15: 5 | K15: 2 | M15: 1 | N15: 1.1 | O15: PRODUCTOS FARMACEUTICOS Y MEDICINALES | Q15: =NP!J22 -> 11179054
A38: TOTAL DE PESOS: ONCE MILLONES CIENTO SETENTA Y NUEVE MIL CINCUENTA Y CUATRO CON 00/100 | Q38: =SUM(Q15:Q37) -> 11179054
A40: JUSTIFICACIÓN:
A41: =NP!D8 -> ADQ. DEL RUBRO MEDICAMENTOS ONCOLOGICOS
