Workbook

Sheet Necesidades Trimestrales
B2: Pedido de Necesidades Trimestrales
A4: JURISDICCION: | C4: 40 - Ministerio de Salud
A5: SAF N°: | C5: 23 - Hospital Interzonal San Juan Bautista
A6: EJERCICIO: | C6: 2022
A7: TRIMESTRE: | C7: 2
A9: ID | B9: CODIGO ITEM | C9: RUBRO DE COMPRA | D9: I.P.P. | E9: DESCRIPCION | F9: UNIDAD DE MEDIDA | G9: CANTIDAD | H9: PRECIO UNITARIO ESTIMADO | I9: IMPORTE TOTAL ESTIMADO
A10: 1 | B10: 2.5.2-1875.74 | C10: PROD. MEDICO/FARMACEUTICOS/LAB | D10: 252 | E10: ANTIASMATICO BRONCODILATADOR; TIPO: MONODROGA, DROGA GENERICA: AMINOFILINA 240MGR, FORMA FARMACEUTICA: AMPOLLA, PRESENTACION: ENVASE X 10 ML | F10: AMPOLLA | G10: 100 | H10: 86 | I10: =G10*H10 -> 8600
A11: 2 | B11: 2.5.2-1855.83 | C11: PROD. MEDICO/FARMACEUTICOS/LAB | D11: 252 | E11: CORTICOESTEROIDES; TIPO: ASOCIACION, DROGA GENERICA: BETAMETASONA ACETATO+FOSFATO, FORMA FARMACEUTICA: AMPOLLA, PRESENTACION: ENVASE X 2 mL | F11: AMPOLLA | G11: 400 | H11: 447 | I11: =G11*H11 -> 178800
A12: 3 | B12: 2.5.2-2476.50 | C12: PROD. MEDICO/FARMACEUTICOS/LAB | D12: 252 | E12: ANTIALERGICOS-ANTIHISTAMINICOS; TIPO: MONODROGA, DROGA GENERICA: BUDESONIDA 1 MG/ML, FORMA FARMACEUTICA: GOTAS, PRESENTACION: ENVASE X 20 mL | F12: ENVASE | G12: 20 | H12: 327 | I12: =G12*H12 -> 6540
A13: 4 | B13: 2.5.2-2198.3 | C13: PROD. MEDICO/FARMACEUTICOS/LAB | D13: 252 | E13: ANTIDIURETICOS; DROGA GENERICA: DESMOPRESINA, FORMA FARMACEUTICA: AMPOLLA, PRESENTACION: 1 mL, TIPO: MONODROGA | F13: AMPOLLA | G13: 20 | H13: 1125.7 | I13: =G13*H13 -> 22514
A14: 5 | B14: 2.5.2-2476.44 | C14: PROD. MEDICO/FARMACEUTICOS/LAB | D14: 252 | E14: ANTIALERGICOS-ANTIHISTAMINICOS; TIPO: MONODROGA, DROGA GENERICA: DIFENHIDRAMINA, FORMA FARMACEUTICA: AMPOLLA, PRESENTACION: 10 mGr | F14: AMPOLLA | G14: 6000 | H14: 55 | I14: =G14*H14 -> 330000
A15: 6 | B15: 2.5.2-1875.108 | C15: PROD. MEDICO/FARMACEUTICOS/LAB | D15: 252 | E15: ANTIASMATICO BRONCODILATADOR; TIPO: MONODROGA, DROGA GENERICA: BROMURO DE IPRATROPIO 20 µGr, FORMA FARMACEUTICA: AEROSOL, PRESENTACION: UNIDAD | F15: UNIDAD | G15: 50 | H15: 966 | I15: =G15*H15 -> 48300
A16: 7 | B16: 2.5.2-1875.9 | C16: PROD. MEDICO/FARMACEUTICOS/LAB | D16: 252 | E16: ANTIASMATICO BRONCODILATADOR; TIPO: MONODROGA, DROGA GENERICA: BROMURO DE IPRATROPIO, FORMA FARMACEUTICA: SOLUCION, PRESENTACION: 20 mL | F16: GOTERO | G16: 50 | H16: 98 | I16: =G16*H16 -> 4900
A17: 8 | B17: 2.5.2-5559.10 | C17: PROD. MEDICO/FARMACEUTICOS/LAB | D17: 252 | E17: NORMALIZADORES TIROIDEOS; TIPO: MONODROGA, PRESENTACION: UNIDAD, DROGA GENERICA: LEVOTIROXINA 100 µGr, FORMA FARMACEUTICA: COMPRIMIDO | F17: COMPRIMIDO | G17: 300 | H17: 17.8 | I17: =G17*H17 -> 5340
A18: 9 | B18: 2.5.2-1821.487 | C18: PROD. MEDICO/FARMACEUTICOS/LAB | D18: 252 | E18: ANTIBIOTICOS P/PERSONAS; TIPO: MONODROGA, DROGA GENERICA: METRONIDAZOL, FORMA FARMACEUTICA: OVULO, PRESENTACION: UNIDAD | F18: UNIDAD | G18: 200 | H18: 47.24 | I18: =G18*H18 -> 9448
A19: 10 | B19: 2.5.2-1851.29 | C19: PROD. MEDICO/FARMACEUTICOS/LAB | D19: 252 | E19: GENITOURINARIO; TIPO: MONODROGA, DROGA GENÉRICA: NISTATINA, FORMA FARMACEÚTICA: COMPRIMIDO VAGINAL, PRESENTACIÓN: 100000 UI | F19: COMPRIMIDO | G19: 200 | H19: 22.7 | I19: =G19*H19 -> 4540
A20: 11 | B20: 2.5.2-1723.122 | C20: PROD. MEDICO/FARMACEUTICOS/LAB | D20: 252 | E20: ANTISEPTICOS LOCALES P/PERSONA; TIPO: MONODROGA, DROGA GENERICA: NITROFURAZONA, FORMA FARMACEUTICA: APOSITO, PRESENTACION: ENVASE X 20 UN | F20: CAJA | G20: 200 | H20: 663 | I20: =G20*H20 -> 132600
A21: 12 | B21: 2.5.2-1883.189 | C21: PROD. MEDICO/FARMACEUTICOS/LAB | D21: 252 | E21: ANESTÉSICOS LOCALES; TIPO: ANALGÉSICO LOCAL Y ANTIBACTERIANO, DROGA GENÉRICA: LIDOCAÍNA + SULFADIAZINA + VITAMINA A, FORMA FARMACEÚTICA: CREMA, PRESENTACIÓN: ENVASE X 100 GR | F21: ENVASE | G21: 80 | H21: 1120 | I21: =G21*H21 -> 89600
A22: 13 | B22: 2.5.2-2481.3 | C22: PROD. MEDICO/FARMACEUTICOS/LAB | D22: 252 | E22: LAXANTES; TIPO: MONODROGA, DROGA GENERICA: VASELINA, FORMA FARMACEUTICA: SOLIDO, PRESENTACION: 1000 GR | F22: UNIDAD | G22: 3 | H22: 1260 | I22: =G22*H22 -> 3780
C24: Presentar copia certificada de Resolución de Habilitación expedida por la Subsecretaria de Asistencia en Salud Publica o copia certificada de Certificado de Habilitación de Establecimiento y/o copia certificada de Certificado de Transito Interjurisdiccional emitido por A.N.M.A.T, el que correspondiere conforme a la situación de cada establecimiento cotizante (Laboratorio, Droguería, etc.), en caso de corresponder. Indicar Marca y Numero de Certificado de ANMAT por ítem.VENCIMIENTO DE MEDICAMENTOS: UN PLAZO NO MENOR A 24 MESES DE LA FECHA DE RECEPCION. | F24: REVEER PLAZO DE 24 MESES
C25: PLAZO DE MANTENIMIENTO DE OFERTA: 45 DIAS HABILES
C26: PLAZO DE ENTREGA: 20 DIAS CORRIDOS EN EL SERVICIO DE FARMACIA - AVDA. ILLIA Y MARIANO MORENO - DEBIENDO CORRER LOS GASTOS DE FLETES, ACARREO, CARGA, DESCARGA Y SEGURO A CARGO DEL ADJUDICATARIO. | F26: DIAS CORRDIOS
B28: Especificidades Item N° 1:
B30: Descripción técnica
B32: Plazos y lugares de entrega
C33: 20 dias corridos - Servicio de Farmacia del HISJB - DEBIENDO CORRER LOS GASTOS DE FLETES, ACARREO, CARGA, DESCARGA Y SEGURO A CARGO DEL ADJUDICATARIO.
B35: Calidad Minima esperada
B37: Mantenimiento
C38: 45 dias habiles
B39: Garantia

Sheet NotaPedido
A1: NOTA DE PEDIDO | J1: DOCFI 2022 - 00874678 -CAT-DASIS#HSJB
A3: JURISDICCIÓN: | D3: ='Necesidades Trimestrales'!C4 -> 40 - Ministerio de Salud
A4: SAF: | D4: ='Necesidades Trimestrales'!C5 -> 23 - Hospital Interzonal San Juan Bautista
A5: UNIDAD EJECUTORA: | D5: 168 - Direccion Asistencial
A6: DEPENDENCIA SOLICITANTE: | D6: Servicio de Farmacia
A7: PERIODO UTILIZACIÓN: | D7: ='Necesidades Trimestrales'!C7 & "° Trimestre - Año " & 'Necesidades Trimestrales'!C6 -> 2° Trimestre - Año 2022
A8: OBJETO: | D8: Adquisición de Medicamentos para Sistema Genitourinario y otros
A10: Ítem | B10: Codigo Item | C10: DESCRIPCIÓN | H10: Adjunta Detalle Técnico | I10: Unidad Medida | J10: Precio Unitario Estimado | K10: Cantidad Solicitada
A12: 1 | B12: ='Necesidades Trimestrales'!B10 -> 2.5.2-1875.74 | C12: ='Necesidades Trimestrales'!E10 -> ANTIASMATICO BRONCODILATADOR; TIPO: MONODROGA, DROGA GENERICA: AMINOFILINA 240MGR, FORMA FARMACEUTICA: AMPOLLA, PRESENTACION: ENVASE X 10 ML | H12: NO | I12: ='Necesidades Trimestrales'!F10 -> AMPOLLA | J12: ='Necesidades Trimestrales'!H10 -> 86 | K12: ='Necesidades Trimestrales'!G10 -> 100
A13: 2 | B13: ='Necesidades Trimestrales'!B11 -> 2.5.2-1855.83 | C13: ='Necesidades Trimestrales'!E11 -> CORTICOESTEROIDES; TIPO: ASOCIACION, DROGA GENERICA: BETAMETASONA ACETATO+FOSFATO, FORMA FARMACEUTICA: AMPOLLA, PRESENTACION: ENVASE X 2 mL | H13: NO | I13: ='Necesidades Trimestrales'!F11 -> AMPOLLA | J13: ='Necesidades Trimestrales'!H11 -> 447 | K13: ='Necesidades Trimestrales'!G11 -> 400
A14: 3 | B14: ='Necesidades Trimestrales'!B12 -> 2.5.2-2476.50 | C14: ='Necesidades Trimestrales'!E12 -> ANTIALERGICOS-ANTIHISTAMINICOS; TIPO: MONODROGA, DROGA GENERICA: BUDESONIDA 1 MG/ML, FORMA FARMACEUTICA: GOTAS, PRESENTACION: ENVASE X 20 mL | H14: NO | I14: ='Necesidades Trimestrales'!F12 -> ENVASE | J14: ='Necesidades Trimestrales'!H12 -> 327 | K14: ='Necesidades Trimestrales'!G12 -> 20
A15: 4 | B15: ='Necesidades Trimestrales'!B13 -> 2.5.2-2198.3 | C15: ='Necesidades Trimestrales'!E13 -> ANTIDIURETICOS; DROGA GENERICA: DESMOPRESINA, FORMA FARMACEUTICA: AMPOLLA, PRESENTACION: 1 mL, TIPO: MONODROGA | H15: NO | I15: ='Necesidades Trimestrales'!F13 -> AMPOLLA | J15: ='Necesidades Trimestrales'!H13 -> 1125.7 | K15: ='Necesidades Trimestrales'!G13 -> 20
A16: 5 | B16: ='Necesidades Trimestrales'!B14 -> 2.5.2-2476.44 | C16: ='Necesidades Trimestrales'!E14 -> ANTIALERGICOS-ANTIHISTAMINICOS; TIPO: MONODROGA, DROGA GENERICA: DIFENHIDRAMINA, FORMA FARMACEUTICA: AMPOLLA, PRESENTACION: 10 mGr | H16: NO | I16: ='Necesidades Trimestrales'!F14 -> AMPOLLA | J16: ='Necesidades Trimestrales'!H14 -> 55 | K16: ='Necesidades Trimestrales'!G14 -> 6000
A17: 6 | B17: ='Necesidades Trimestrales'!B15 -> 2.5.2-1875.108 | C17: ='Necesidades Trimestrales'!E15 -> ANTIASMATICO BRONCODILATADOR; TIPO: MONODROGA, DROGA GENERICA: BROMURO DE IPRATROPIO 20 µGr, FORMA FARMACEUTICA: AEROSOL, PRESENTACION: UNIDAD | H17: NO | I17: ='Necesidades Trimestrales'!F15 -> UNIDAD | J17: ='Necesidades Trimestrales'!H15 -> 966 | K17: ='Necesidades Trimestrales'!G15 -> 50
A18: 7 | B18: ='Necesidades Trimestrales'!B16 -> 2.5.2-1875.9 | C18: ='Necesidades Trimestrales'!E16 -> ANTIASMATICO BRONCODILATADOR; TIPO: MONODROGA, DROGA GENERICA: BROMURO DE IPRATROPIO, FORMA FARMACEUTICA: SOLUCION, PRESENTACION: 20 mL | H18: NO | I18: ='Necesidades Trimestrales'!F16 -> GOTERO | J18: ='Necesidades Trimestrales'!H16 -> 98 | K18: ='Necesidades Trimestrales'!G16 -> 50
A19: 8 | B19: ='Necesidades Trimestrales'!B17 -> 2.5.2-5559.10 | C19: ='Necesidades Trimestrales'!E17 -> NORMALIZADORES TIROIDEOS; TIPO: MONODROGA, PRESENTACION: UNIDAD, DROGA GENERICA: LEVOTIROXINA 100 µGr, FORMA FARMACEUTICA: COMPRIMIDO | H19: NO | I19: ='Necesidades Trimestrales'!F17 -> COMPRIMIDO | J19: ='Necesidades Trimestrales'!H17 -> 17.8 | K19: ='Necesidades Trimestrales'!G17 -> 300
A20: 9 | B20: ='Necesidades Trimestrales'!B18 -> 2.5.2-1821.487 | C20: ='Necesidades Trimestrales'!E18 -> ANTIBIOTICOS P/PERSONAS; TIPO: MONODROGA, DROGA GENERICA: METRONIDAZOL, FORMA FARMACEUTICA: OVULO, PRESENTACION: UNIDAD | H20: NO | I20: ='Necesidades Trimestrales'!F18 -> UNIDAD | J20: ='Necesidades Trimestrales'!H18 -> 47.24 | K20: ='Necesidades Trimestrales'!G18 -> 200
A21: 10 | B21: ='Necesidades Trimestrales'!B19 -> 2.5.2-1851.29 | C21: ='Necesidades Trimestrales'!E19 -> GENITOURINARIO; TIPO: MONODROGA, DROGA GENÉRICA: NISTATINA, FORMA FARMACEÚTICA: COMPRIMIDO VAGINAL, PRESENTACIÓN: 100000 UI | H21: NO | I21: ='Necesidades Trimestrales'!F19 -> COMPRIMIDO | J21: ='Necesidades Trimestrales'!H19 -> 22.7 | K21: ='Necesidades Trimestrales'!G19 -> 200
A22: 11 | B22: ='Necesidades Trimestrales'!B20 -> 2.5.2-1723.122 | C22: ='Necesidades Trimestrales'!E20 -> ANTISEPTICOS LOCALES P/PERSONA; TIPO: MONODROGA, DROGA GENERICA: NITROFURAZONA, FORMA FARMACEUTICA: APOSITO, PRESENTACION: ENVASE X 20 UN | H22: NO | I22: ='Necesidades Trimestrales'!F20 -> CAJA | J22: ='Necesidades Trimestrales'!H20 -> 663 | K22: ='Necesidades Trimestrales'!G20 -> 200
A23: 12 | B23: ='Necesidades Trimestrales'!B21 -> 2.5.2-1883.189 | C23: ='Necesidades Trimestrales'!E21 -> ANESTÉSICOS LOCALES; TIPO: ANALGÉSICO LOCAL Y ANTIBACTERIANO, DROGA GENÉRICA: LIDOCAÍNA + SULFADIAZINA + VITAMINA A, FORMA FARMACEÚTICA: CREMA, PRESENTACIÓN: ENVASE X 100 GR | H23: NO | I23: ='Necesidades Trimestrales'!F21 -> ENVASE | J23: ='Necesidades Trimestrales'!H21 -> 1120 | K23: ='Necesidades Trimestrales'!G21 -> 80
A24: 13 | B24: ='Necesidades Trimestrales'!B22 -> 2.5.2-2481.3 | C24: ='Necesidades Trimestrales'!E22 -> LAXANTES; TIPO: MONODROGA, DROGA GENERICA: VASELINA, FORMA FARMACEUTICA: SOLIDO, PRESENTACION: 1000 GR | H24: NO | I24: ='Necesidades Trimestrales'!F22 -> UNIDAD | J24: ='Necesidades Trimestrales'!H22 -> 1260 | K24: ='Necesidades Trimestrales'!G22 -> 3
A25: Costo total estimado: ochocientos cuarenta y cuatro mil novecientos sesenta y dos con 00/100.--- | J25: =SUMPRODUCT(J12:J24,K12:K24) -> 844962

Sheet Autor Gastar
A1: EJERCICIO: | D1: ='Necesidades Trimestrales'!C6 -> 2022 | P1: AUTORIZACION PARA GASTAR
A4: JURISDICCIÓN: | G4: =NotaPedido!D3 -> 40 - Ministerio de Salud
A5: SAF: | G5: =NotaPedido!D4 -> 23 - Hospital Interzonal San Juan Bautista
A6: UNIDAD EJECUTORA: | G6: =NotaPedido!D5 -> 168 - Direccion Asistencial
A7: DEPENDENCIA SOLICITANTE: | G7: =NotaPedido!D6 -> Servicio de Farmacia
A8: AUTORIZACIÓN:
A9: Señor Jefe de Servicio Administrativo Financiero:
A10: "Autorizo la realización de los trámites correspondientes, a fin de proveer a este Organismo los bienes y/o servicios que se detallan en Nota de Pedido N° DOCFI 2022 - 00874678-CAT-DASIS#HSJB, afectando la erogación resultante a los créditos presupuestarios aprobados a favor de esta Unidad Ejecutora, conforme al siguiente detalle:"
A12: IMPUTACIÓN PRESUPUESTARIA
A13: CÓDIGO | O13: DENOMINACIÓN DE LA PARTIDA PRESUPUESTARIA | Q13: IMPORTE
A14: PR | B14: SB | C14: PY | D14: AC | E14: OB | F14: UG | G14: FIN | H14: FUN | I14: I | J14: P | K14: P | L14: SubP | M14: M | N14: FF
A15: 33 | D15: 2 | F15: 4901 | G15: 3 | H15: 3.1 | I15: 2 | J15: 5 | K15: 2 | M15: 1 | N15: 1.1 | O15: Productos Farmaceuticos y Medicinales | Q15: 844962
A23: TOTAL DE PESOS: OCHOCIENTOS CUARENTA Y CUATRO MIL NOVECIENTOS SESENTA Y DOS CON 00/100.--- | Q23: =SUM(Q15:Q22) -> 844962
A25: JUSTIFICACIÓN:
A26: ="Para la "& NotaPedido!D8 &" para ser destinados al " & NotaPedido!D6 &" del HISJB del Ministerio de Salud." -> Para la Adquisición de Medicamentos para Sistema Genitourinario y otros para ser destinados al Servicio de Farmacia del HISJB del Ministerio de Salud.
