Workbook

Sheet Necesidades Trimestrales
B2: Pedido de Necesidades Trimestrales
A4: JURISDICCION: | C4: 040 - Ministerio de Salud
A5: SAF N°: | C5: 024 - Hospital Interzonal de Niños
A6: EJERCICIO: | C6: 2021
A7: TRIMESTRE: | C7: 2
A9: ID | B9: CODIGO ITEM | C9: RUBRO DE COMPRA | D9: I.P.P. | E9: DESCRIPCION | F9: UNIDAD DE MEDIDA | G9: CANTIDAD | H9: PRECIO UNITARIO ESTIMADO | I9: IMPORTE TOTAL ESTIMADO
A10: 1 | C10: PROD. MEDICO/ FARMACEUTICOS/LAB | D10: 252 | E10: ACETIL CISTEINA 600 MG COMPRIMIDO EFERVESCENTE | F10: UNIDAD | G10: 200 | H10: 55 | I10: =+G10*H10 -> 11000
A11: 2 | C11: PROD. MEDICO/ FARMACEUTICOS/LAB | D11: 252 | E11: ACICLOVIR 500 MG FCO AMPOLLA | F11: UNIDAD | G11: 300 | H11: 384 | I11: =+G11*H11 -> 115200
A12: 3 | C12: PROD. MEDICO/ FARMACEUTICOS/LAB | D12: 252 | E12: ACICLOVIR 80 MG/ML SUSPENSIÓN X 200ML | F12: UNIDAD | G12: 20 | H12: 456.25 | I12: =+G12*H12 -> 9125
A13: 4 | C13: PROD. MEDICO/ FARMACEUTICOS/LAB | D13: 252 | E13: ACIDO ACETIL SALICILICO 100 MG COMPRIMIDO | F13: UNIDAD | G13: 1000 | H13: 0.98 | I13: =+G13*H13 -> 980
A14: 5 | C14: PROD. MEDICO/ FARMACEUTICOS/LAB | D14: 252 | E14: AMIKACINA 500 MG AMPOLLA | F14: UNIDAD | G14: 300 | H14: 58 | I14: =+G14*H14 -> 17400
A15: 6 | C15: PROD. MEDICO/ FARMACEUTICOS/LAB | D15: 252 | E15: AMOXICILINA 400 MG + CLAULANICO 57 MG SUSPENSIÓN | F15: UNIDAD | G15: 200 | H15: 324.9 | I15: =+G15*H15 -> 64980
A16: 7 | C16: PROD. MEDICO/ FARMACEUTICOS/LAB | D16: 252 | E16: AMOXICILINA + CLAVULANICO 1 G COMPRIMIDO | F16: UNIDAD | G16: 2000 | H16: 34 | I16: =+G16*H16 -> 68000
A17: 8 | C17: PROD. MEDICO/ FARMACEUTICOS/LAB | D17: 252 | E17: ANFOTERICINA B VIAL 50 MG | F17: UNIDAD | G17: 10 | H17: 609.6 | I17: =+G17*H17 -> 6096
A18: 9 | C18: PROD. MEDICO/ FARMACEUTICOS/LAB | D18: 252 | E18: ATRACURIUM 50 MG AMPOLLA | F18: UNIDAD | G18: 300 | H18: 732 | I18: =+G18*H18 -> 219600
A19: 10 | C19: PROD. MEDICO/ FARMACEUTICOS/LAB | D19: 252 | E19: AZITROMICINA 200 MG / 5 ML SUSPENCION | F19: UNIDAD | G19: 100 | H19: 230 | I19: =+G19*H19 -> 23000
A20: 11 | C20: PROD. MEDICO/ FARMACEUTICOS/LAB | D20: 252 | E20: AZITROMICINA 500 MG COMPRIMIDOS | F20: UNIDAD | G20: 3000 | H20: 35 | I20: =+G20*H20 -> 105000
A21: 12 | C21: PROD. MEDICO/ FARMACEUTICOS/LAB | D21: 252 | E21: BUDESONIDE AEROSOL 200 MCG/PUFF ( 100 DOSIS ) | F21: UNIDAD | G21: 100 | H21: 482.31 | I21: =+G21*H21 -> 48231
... A96: 87 | C96: PROD. MEDICO/ FARMACEUTICOS/LAB | D96: 252 | E96: VITAMINA C 2 GR COMPRIMIDO EFERVESCENTES | F96: UNIDAD | G96: 1000 | H96: 49 | I96: =+G96*H96 -> 49000
B98: Plazos y lugares de entrega
B99: Lugar de Entrega: SERVICIO DE FARMACIA -HOSPITAL INT. DE NIÑOS – AV. VIRGEN DEL VALLE N° 1050-CATAMARCA DE 8:00 A 12:00HS., DEBIENDO CORRER LOS GASTOS DE FLETES, ACARREO, CARGA, DESCARGA Y SEGURO A CARGO DEL ADJUDICATARIO.
B101: Plazo de entrega: Dentro de los 20 días corridos de notificada la Orden de Compra.
B102: Mantenimiento: 45 dias habiles

Sheet  NotaPedido
A1: NOTA DE PEDIDO | J1: N° | K1: 090/2021
A3: JURISDICCIÓN: | D3: ='Necesidades Trimestrales'!C4 -> 040 - Ministerio de Salud
A4: SAF: | D4: ='Necesidades Trimestrales'!C5 -> 024 - Hospital Interzonal de Niños
A5: UNIDAD EJECUTORA: | D5: 024 - Hospital Interzonal de Niños
A6: DEPENDENCIA SOLICITANTE: | D6: Servicio de Farmacia
A7: PERIODO UTILIZACIÓN: | D7: ='Necesidades Trimestrales'!C7 & "° Trimestre - Año " & 'Necesidades Trimestrales'!C6 -> 2° Trimestre - Año 2021
A8: OBJETO: | D8: Medicamentos Uso Covid
A10: Ítem | B10: Codigo Item | C10: DESCRIPCIÓN | H10: Adjunta Detalle Técnico | I10: Unidad Medida | J10: Precio Unitario Estimado | K10: Cantidad Solicitada
A12: 1 | C12: ='Necesidades Trimestrales'!E10 -> ACETIL CISTEINA 600 MG COMPRIMIDO EFERVESCENTE | H12: NO | I12: ='Necesidades Trimestrales'!F10 -> UNIDAD | J12: =+'Necesidades Trimestrales'!H10 -> 55 | K12: =+'Necesidades Trimestrales'!G10 -> 200
A13: 2 | C13: ='Necesidades Trimestrales'!E11 -> ACICLOVIR 500 MG FCO AMPOLLA | H13: NO | I13: ='Necesidades Trimestrales'!F11 -> UNIDAD | J13: =+'Necesidades Trimestrales'!H11 -> 384 | K13: =+'Necesidades Trimestrales'!G11 -> 300
A14: 3 | C14: ='Necesidades Trimestrales'!E12 -> ACICLOVIR 80 MG/ML SUSPENSIÓN X 200ML | H14: NO | I14: ='Necesidades Trimestrales'!F12 -> UNIDAD | J14: =+'Necesidades Trimestrales'!H12 -> 456.25 | K14: =+'Necesidades Trimestrales'!G12 -> 20
A15: 4 | C15: ='Necesidades Trimestrales'!E13 -> ACIDO ACETIL SALICILICO 100 MG COMPRIMIDO | H15: SI | I15: ='Necesidades Trimestrales'!F13 -> UNIDAD | J15: =+'Necesidades Trimestrales'!H13 -> 0.98 | K15: =+'Necesidades Trimestrales'!G13 -> 1000
A16: 5 | C16: ='Necesidades Trimestrales'!E14 -> AMIKACINA 500 MG AMPOLLA | H16: SI | I16: ='Necesidades Trimestrales'!F43 -> UNIDAD | J16: =+'Necesidades Trimestrales'!H14 -> 58 | K16: =+'Necesidades Trimestrales'!G14 -> 300
A17: 6 | C17: ='Necesidades Trimestrales'!E15 -> AMOXICILINA 400 MG + CLAULANICO 57 MG SUSPENSIÓN | H17: NO | I17: ='Necesidades Trimestrales'!F44 -> UNIDAD | J17: =+'Necesidades Trimestrales'!H15 -> 324.9 | K17: =+'Necesidades Trimestrales'!G15 -> 200
A18: 7 | C18: ='Necesidades Trimestrales'!E16 -> AMOXICILINA + CLAVULANICO 1 G COMPRIMIDO | H18: NO | I18: ='Necesidades Trimestrales'!F45 -> UNIDAD | J18: =+'Necesidades Trimestrales'!H16 -> 34 | K18: =+'Necesidades Trimestrales'!G16 -> 2000
A19: 8 | C19: ='Necesidades Trimestrales'!E17 -> ANFOTERICINA B VIAL 50 MG | H19: NO | I19: ='Necesidades Trimestrales'!F46 -> UNIDAD | J19: =+'Necesidades Trimestrales'!H17 -> 609.6 | K19: =+'Necesidades Trimestrales'!G17 -> 10
A20: 9 | C20: ='Necesidades Trimestrales'!E18 -> ATRACURIUM 50 MG AMPOLLA | H20: NO | I20: ='Necesidades Trimestrales'!F47 -> UNIDAD | J20: =+'Necesidades Trimestrales'!H18 -> 732 | K20: =+'Necesidades Trimestrales'!G18 -> 300
A21: 10 | C21: ='Necesidades Trimestrales'!E19 -> AZITROMICINA 200 MG / 5 ML SUSPENCION | H21: NO | I21: ='Necesidades Trimestrales'!F48 -> UNIDAD | J21: =+'Necesidades Trimestrales'!H19 -> 230 | K21: =+'Necesidades Trimestrales'!G19 -> 100
A22: 11 | C22: ='Necesidades Trimestrales'!E20 -> AZITROMICINA 500 MG COMPRIMIDOS | H22: NO | I22: ='Necesidades Trimestrales'!F49 -> UNIDAD | J22: =+'Necesidades Trimestrales'!H20 -> 35 | K22: =+'Necesidades Trimestrales'!G20 -> 3000
A23: 12 | C23: ='Necesidades Trimestrales'!E21 -> BUDESONIDE AEROSOL 200 MCG/PUFF ( 100 DOSIS ) | H23: NO | I23: ='Necesidades Trimestrales'!F50 -> UNIDAD | J23: =+'Necesidades Trimestrales'!H21 -> 482.31 | K23: =+'Necesidades Trimestrales'!G21 -> 100
A24: 13 | C24: ='Necesidades Trimestrales'!E22 -> BUDESONIDE SOLUCION 0,1% | H24: NO | I24: ='Necesidades Trimestrales'!F51 -> UNIDAD | J24: =+'Necesidades Trimestrales'!H22 -> 225 | K24: =+'Necesidades Trimestrales'!G22 -> 300
A25: 14 | C25: ='Necesidades Trimestrales'!E23 -> CEFTAZIDIMA 1G FCO AMPOLLA | H25: NO | I25: ='Necesidades Trimestrales'!F52 -> UNIDAD | J25: =+'Necesidades Trimestrales'!H23 -> 196.9 | K25: =+'Necesidades Trimestrales'!G23 -> 1000
A26: 15 | C26: ='Necesidades Trimestrales'!E24 -> CEFTRIAXONA 1 GR FCO AMPOLLA * | H26: NO | I26: ='Necesidades Trimestrales'!F53 -> UNIDAD | J26: =+'Necesidades Trimestrales'!H24 -> 120 | K26: =+'Necesidades Trimestrales'!G24 -> 1000
A27: 16 | C27: ='Necesidades Trimestrales'!E25 -> CLARITROMICINA 250 MG SUSPENSIÓN X 90 ML | H27: NO | I27: ='Necesidades Trimestrales'!F54 -> UNIDAD | J27: =+'Necesidades Trimestrales'!H25 -> 560 | K27: =+'Necesidades Trimestrales'!G25 -> 300
... A98: 87 | C98: ='Necesidades Trimestrales'!E96 -> VITAMINA C 2 GR COMPRIMIDO EFERVESCENTES | H98: NO | I98: ='Necesidades Trimestrales'!F125 -> 0 | J98: =+'Necesidades Trimestrales'!H96 -> 49 | K98: =+'Necesidades Trimestrales'!G96 -> 1000
A99: Costo total estimado: Trece Millones Cuatrocientos Cuarenta y Ocho Mil dieciseis con 00/100. | J99: =SUMPRODUCT(J12:J98,K12:K98) -> 13448016

Sheet Autor Gastar
A1: EJERCICIO: | D1: ='Necesidades Trimestrales'!C6 -> 2021 | P1: AUTORIZACION PARA GASTAR
A4: JURISDICCIÓN: | G4: =' NotaPedido'!D3 -> 040 - Ministerio de Salud
A5: SAF: | G5: =' NotaPedido'!D4 -> 024 - Hospital Interzonal de Niños
A6: UNIDAD EJECUTORA: | G6: =' NotaPedido'!D5 -> 024 - Hospital Interzonal de Niños
A7: DEPENDENCIA SOLICITANTE: | G7: Servicio de Farmacia
A8: AUTORIZACIÓN:
A9: Señor Jefe de Servicio Administrativo Financiero:
A10: ="Autorizo la realización de los trámites correspondientes, a fin de proveer a este Organismo los bienes y/o servicios que se detallan en Nota de Pedido N° " & ' NotaPedido'!K1&", afectando la erogación resultante a los créditos presupuestarios aprobados a favor de esta Unidad Ejecutora, conforme al siguiente detalle:" -> Autorizo la realización de los trámites correspondientes, a fin de proveer a este Organismo los bienes y/o servicios que se detallan en Nota de Pedido N° 090/2021, afectando la erogación resultante a los créditos presupuestarios aprobados a favor de esta Unidad Ejecutora, conforme al siguiente detalle:
A12: IMPUTACIÓN PRESUPUESTARIA
A13: CÓDIGO | O13: DENOMINACIÓN DE LA PARTIDA PRESUPUESTARIA | Q13: IMPORTE
A14: PR | B14: SB | C14: PY | D14: AC | E14: OB | F14: UG | G14: FIN | H14: FUN | I14: I | J14: P | K14: P | L14: SubP | M14: M | N14: FF
A15: 36 | D15: 1 | F15: 4901 | G15: 3 | H15: 310 | I15: 2 | J15: 5 | K15: 2 | M15: 1 | N15: 1.1 | O15: PRODUCTOS FARMACEUTICOS Y MEDICINALES | Q15: 13448016
A21: TOTAL DE PESOS: Trece Millones Cuatrocientos Cuarenta y Ocho Mil dieciseis con 00/100.. | Q21: =SUM(Q15:Q20) -> 13448016
A23: JUSTIFICACIÓN:
A24: Para la adquisición de Medicamentos uso Covid destinados al Servicio de Farmacia del Hospital Interzonal de Niños Eva Peron, para el normal funcionamiento del organismo.
