Workbook

Sheet Necesidades Trimestrales
B2: Pedido de Necesidades Trimestrales
A4: JURISDICCION: | C4: 040 - Ministerio de Salud
A5: SAF N°: | C5: 024 - Hospital Interzonal de Niños
A6: EJERCICIO: | C6: 2020
A7: TRIMESTRE: | C7: 4
A9: ID | B9: CODIGO ITEM | C9: RUBRO DE COMPRA | D9: I.P.P. | E9: DESCRIPCION | F9: UNIDAD DE MEDIDA | G9: CANTIDAD | H9: PRECIO UNITARIO ESTIMADO | I9: IMPORTE TOTAL ESTIMADO
A10: 1 | B10: 2.5.2-5143.14 | C10: PROD. MEDICO/FARMACEUTICOS/LAB | D10: 252 | E10: IONOMEROS VITREOS; USO: RESTAURACION, PRESENTACION: LIQUIDO X10ML - POLVO X 15 GRS, FORMA DE PRESENTACION: POLVO - LIQUIDO, ESTADO: POLVO - LIQUIDO | F10: CAJA | G10: 6 | H10: 2150 | I10: =+G10*H10 -> 12900
A11: 2 | B11: 2.5.2-5143.34 | C11: PROD. MEDICO/FARMACEUTICOS/LAB | D11: 252 | E11: IONOMEROS VITREOS; USO: TIPO II OBTURACION, PRESENTACION: AVIO 12,5 GRS/8,5 ML, FORMA DE PRESENTACION: POLVO - LIQUIDO | F11: PAQUETE | G11: 4 | H11: 7400 | I11: =+G11*H11 -> 29600
A12: 3 | B12: 2.9.5-5514.20 | C12: PROD. MEDICO/FARMACEUTICOS/LAB | D12: 295 | E12: PASTAS P/ODONTOLOGIA; USO: OBTURACION, TIPO: COMPOSITE MICROHIBRIDO, PRESENTACION: JERINGA X 4 GR | F12: UNIDAD | G12: 2 | H12: 380 | I12: =+G12*H12 -> 760
A13: 4 | B13: 2.5.2-5525.1 | C13: PROD. MEDICO/FARMACEUTICOS/LAB | D13: 252 | E13: SELLADORES P/ODONTOLOGIA; USO: FOSAS Y FISURAS, PRESENTACION: ENVASE X 6 mL | F13: UNIDAD | G13: 3 | H13: 930 | I13: =+G13*H13 -> 2790
A14: 5 | B14: 2.9.5-5144.423 | C14: PROD. MEDICO/FARMACEUTICOS/LAB | D14: 295 | E14: INSTRUMENTAL ODONTOLOGICO; TIPO: CEPILLO BROCHITA CONTRA ANG, DESCARTABLE: NO, PRESENTACION: UNIDAD UN | F14: UNIDAD | G14: 10 | H14: 110 | I14: =+G14*H14 -> 1100
A15: 6 | B15: 2.9.5-5514.7 | C15: PROD. MEDICO/FARMACEUTICOS/LAB | D15: 295 | E15: PASTAS P/ODONTOLOGIA; USO: P/LIMPIEZA, TIPO: SIN FLUOR, PRESENTACION: ENVASE X 45 GR | F15: UNIDAD | G15: 1 | H15: 310 | I15: =+G15*H15 -> 310
A16: 7 | B16: 2.9.5-2886.136 | C16: PROD. MEDICO/FARMACEUTICOS/LAB | D16: 295 | E16: HILOS DE SUTURA; PRESENTACION: UNIDAD, MATERIAL: NAILON C/AGUJA CURVA 60 MM, MEDIDA: 2/0 | F16: UNIDAD | G16: 24 | H16: 160 | I16: =+G16*H16 -> 3840
A17: 8 | B17: 2.9.5-5144.568 | C17: PROD. MEDICO/FARMACEUTICOS/LAB | D17: 295 | E17: INSTRUMENTAL ODONTOLOGICO; TIPO: TIRA P/PULIR. COMPOSITE-GR MED, DESCARTABLE: SI, PRESENTACION: ENVASE X 50 UN | F17: CAJA | G17: 2 | H17: 505 | I17: =+G17*H17 -> 1010
A18: 9 | B18: 2.9.5-5144.537 | C18: PROD. MEDICO/FARMACEUTICOS/LAB | D18: 295 | E18: INSTRUMENTAL ODONTOLOGICO; TIPO: TIRA P/PULIR AMALGAMA, DESCARTABLE: SI, PRESENTACION: 2 UNIDADES | F18: CAJA | G18: 6 | H18: 970 | I18: =+G18*H18 -> 5820
A19: 10 | B19: 2.9.5-5144.271 | C19: PROD. MEDICO/FARMACEUTICOS/LAB | D19: 295 | E19: INSTRUMENTAL ODONTOLOGICO; TIPO: TIRA DE CELULOIDE, DESCARTABLE: SI, PRESENTACION: CAJA X 100 UN | F19: CAJA | G19: 1 | H19: 130 | I19: =+G19*H19 -> 130
A20: 11 | B20: 2.5.2-5142.14 | C20: PROD. MEDICO/FARMACEUTICOS/LAB | D20: 252 | E20: TOPICOS ODONTOLOGICOS; DROGA GENERICA: PAPAINA, PRESENTACION: ENVASE X 3 mL, FORMA DE PRESENTACION: GEL | F20: UNIDAD | G20: 1 | H20: 1290 | I20: =+G20*H20 -> 1290
A21: 12 | B21: 2.9.5-5144.415 | C21: PROD. MEDICO/FARMACEUTICOS/LAB | D21: 295 | E21: INSTRUMENTAL ODONTOLOGICO; TIPO: GOMA DIQUE, DESCARTABLE: SI, PRESENTACION: ENVASE X 50 UN | F21: CAJA | G21: 2 | H21: 1240 | I21: =+G21*H21 -> 2480
... A74: 65 | B74: 2.9.5-5144.551 | C74: PROD. MEDICO/FARMACEUTICOS/LAB | D74: 295 | E74: INSTRUMENTAL ODONTOLOGICO; TIPO: PIEDRA DIAMANTE REDONDA MED., DESCARTABLE: NO, PRESENTACION: UNIDAD | F74: UNIDAD | G74: 10 | H74: 340 | I74: =+G74*H74 -> 3400
B77: Plazos y lugares de entrega
B78: Lugar de Entrega: SERVICIO DE ODONTOLOGIA -HOSPITAL INT. DE NIÑOS – AV. VIRGEN DEL VALLE N° 1050-CATAMARCA DE 8:00 A 12:00HS., DEBIENDO CORRER LOS GASTOS DE FLETES, ACARREO, CARGA, DESCARGA Y SEGURO A CARGO DEL ADJUDICATARIO.
B80: Plazo de mantenimiento de Oferta: 30 Días
B81: Plazo de entrega: Dentro de los 10 días de notificada la Orden de Compra
B82: Plazo Min de vencimiento: 1 año
B88: Especificidades Item N° 17 y 18:
B90: Descripción técnica
C91: MTWO ROTATORIO
B94: Especificidades Item N° 51:
B96: Descripción técnica
C97: MOLARES INFERIORES

Sheet  NotaPedido
A1: NOTA DE PEDIDO | J1: N° | K1: 480/2020
A3: JURISDICCIÓN: | D3: ='Necesidades Trimestrales'!C4 -> 040 - Ministerio de Salud
A4: SAF: | D4: ='Necesidades Trimestrales'!C5 -> 024 - Hospital Interzonal de Niños
A5: UNIDAD EJECUTORA: | D5: 024 - Hospital Interzonal de Niños
A6: DEPENDENCIA SOLICITANTE: | D6: Servicio de Odontologia
A7: PERIODO UTILIZACIÓN: | D7: ='Necesidades Trimestrales'!C7 & "° Trimestre - Año " & 'Necesidades Trimestrales'!C6 -> 4° Trimestre - Año 2020
A8: OBJETO: | D8: Adquisición de Insumos Odontologicos
A10: Ítem | B10: Codigo Item | C10: DESCRIPCIÓN | H10: Adjunta Detalle Técnico | I10: Unidad Medida | J10: Precio Unitario Estimado | K10: Cantidad Solicitada
A12: 1 | B12: ='Necesidades Trimestrales'!B10 -> 2.5.2-5143.14 | C12: ='Necesidades Trimestrales'!E10 -> IONOMEROS VITREOS; USO: RESTAURACION, PRESENTACION: LIQUIDO X10ML - POLVO X 15 GRS, FORMA DE PRESENTACION: POLVO - LIQUIDO, ESTADO: POLVO - LIQUIDO | H12: NO | I12: ='Necesidades Trimestrales'!F10 -> CAJA | J12: ='Necesidades Trimestrales'!H10 -> 2150 | K12: ='Necesidades Trimestrales'!G10 -> 6
A13: 2 | B13: ='Necesidades Trimestrales'!B11 -> 2.5.2-5143.34 | C13: ='Necesidades Trimestrales'!E11 -> IONOMEROS VITREOS; USO: TIPO II OBTURACION, PRESENTACION: AVIO 12,5 GRS/8,5 ML, FORMA DE PRESENTACION: POLVO - LIQUIDO | H13: NO | I13: ='Necesidades Trimestrales'!F11 -> PAQUETE | J13: ='Necesidades Trimestrales'!H11 -> 7400 | K13: ='Necesidades Trimestrales'!G11 -> 4
A14: 3 | B14: ='Necesidades Trimestrales'!B12 -> 2.9.5-5514.20 | C14: ='Necesidades Trimestrales'!E12 -> PASTAS P/ODONTOLOGIA; USO: OBTURACION, TIPO: COMPOSITE MICROHIBRIDO, PRESENTACION: JERINGA X 4 GR | H14: NO | I14: ='Necesidades Trimestrales'!F12 -> UNIDAD | J14: ='Necesidades Trimestrales'!H12 -> 380 | K14: ='Necesidades Trimestrales'!G12 -> 2
A15: 4 | B15: ='Necesidades Trimestrales'!B13 -> 2.5.2-5525.1 | C15: ='Necesidades Trimestrales'!E13 -> SELLADORES P/ODONTOLOGIA; USO: FOSAS Y FISURAS, PRESENTACION: ENVASE X 6 mL | H15: NO | I15: ='Necesidades Trimestrales'!F13 -> UNIDAD | J15: ='Necesidades Trimestrales'!H13 -> 930 | K15: ='Necesidades Trimestrales'!G13 -> 3
A16: 5 | B16: ='Necesidades Trimestrales'!B14 -> 2.9.5-5144.423 | C16: ='Necesidades Trimestrales'!E14 -> INSTRUMENTAL ODONTOLOGICO; TIPO: CEPILLO BROCHITA CONTRA ANG, DESCARTABLE: NO, PRESENTACION: UNIDAD UN | H16: NO | I16: ='Necesidades Trimestrales'!F14 -> UNIDAD | J16: ='Necesidades Trimestrales'!H14 -> 110 | K16: ='Necesidades Trimestrales'!G14 -> 10
A17: 6 | B17: ='Necesidades Trimestrales'!B15 -> 2.9.5-5514.7 | C17: ='Necesidades Trimestrales'!E15 -> PASTAS P/ODONTOLOGIA; USO: P/LIMPIEZA, TIPO: SIN FLUOR, PRESENTACION: ENVASE X 45 GR | H17: NO | I17: ='Necesidades Trimestrales'!F15 -> UNIDAD | J17: ='Necesidades Trimestrales'!H15 -> 310 | K17: ='Necesidades Trimestrales'!G15 -> 1
A18: 7 | B18: ='Necesidades Trimestrales'!B16 -> 2.9.5-2886.136 | C18: ='Necesidades Trimestrales'!E16 -> HILOS DE SUTURA; PRESENTACION: UNIDAD, MATERIAL: NAILON C/AGUJA CURVA 60 MM, MEDIDA: 2/0 | H18: NO | I18: ='Necesidades Trimestrales'!F16 -> UNIDAD | J18: ='Necesidades Trimestrales'!H16 -> 160 | K18: ='Necesidades Trimestrales'!G16 -> 24
A19: 8 | B19: ='Necesidades Trimestrales'!B17 -> 2.9.5-5144.568 | C19: ='Necesidades Trimestrales'!E17 -> INSTRUMENTAL ODONTOLOGICO; TIPO: TIRA P/PULIR. COMPOSITE-GR MED, DESCARTABLE: SI, PRESENTACION: ENVASE X 50 UN | H19: NO | I19: ='Necesidades Trimestrales'!F17 -> CAJA | J19: ='Necesidades Trimestrales'!H17 -> 505 | K19: ='Necesidades Trimestrales'!G17 -> 2
A20: 9 | B20: ='Necesidades Trimestrales'!B18 -> 2.9.5-5144.537 | C20: ='Necesidades Trimestrales'!E18 -> INSTRUMENTAL ODONTOLOGICO; TIPO: TIRA P/PULIR AMALGAMA, DESCARTABLE: SI, PRESENTACION: 2 UNIDADES | H20: NO | I20: ='Necesidades Trimestrales'!F18 -> CAJA | J20: ='Necesidades Trimestrales'!H18 -> 970 | K20: ='Necesidades Trimestrales'!G18 -> 6
A21: 10 | B21: ='Necesidades Trimestrales'!B19 -> 2.9.5-5144.271 | C21: ='Necesidades Trimestrales'!E19 -> INSTRUMENTAL ODONTOLOGICO; TIPO: TIRA DE CELULOIDE, DESCARTABLE: SI, PRESENTACION: CAJA X 100 UN | H21: NO | I21: ='Necesidades Trimestrales'!F19 -> CAJA | J21: ='Necesidades Trimestrales'!H19 -> 130 | K21: ='Necesidades Trimestrales'!G19 -> 1
A22: 11 | B22: ='Necesidades Trimestrales'!B20 -> 2.5.2-5142.14 | C22: ='Necesidades Trimestrales'!E20 -> TOPICOS ODONTOLOGICOS; DROGA GENERICA: PAPAINA, PRESENTACION: ENVASE X 3 mL, FORMA DE PRESENTACION: GEL | H22: NO | I22: ='Necesidades Trimestrales'!F20 -> UNIDAD | J22: ='Necesidades Trimestrales'!H20 -> 1290 | K22: ='Necesidades Trimestrales'!G20 -> 1
A23: 12 | B23: ='Necesidades Trimestrales'!B21 -> 2.9.5-5144.415 | C23: ='Necesidades Trimestrales'!E21 -> INSTRUMENTAL ODONTOLOGICO; TIPO: GOMA DIQUE, DESCARTABLE: SI, PRESENTACION: ENVASE X 50 UN | H23: NO | I23: ='Necesidades Trimestrales'!F21 -> CAJA | J23: ='Necesidades Trimestrales'!H21 -> 1240 | K23: ='Necesidades Trimestrales'!G21 -> 2
... A76: 65 | B76: ='Necesidades Trimestrales'!B74 -> 2.9.5-5144.551 | C76: ='Necesidades Trimestrales'!E74 -> INSTRUMENTAL ODONTOLOGICO; TIPO: PIEDRA DIAMANTE REDONDA MED., DESCARTABLE: NO, PRESENTACION: UNIDAD | H76: NO | I76: ='Necesidades Trimestrales'!F74 -> UNIDAD | J76: ='Necesidades Trimestrales'!H74 -> 340 | K76: ='Necesidades Trimestrales'!G74 -> 10
A77: Costo total estimado: | J77: =SUMPRODUCT(J12:J76,K12:K76) -> 250540

Sheet Autor Gastar
A1: EJERCICIO: | D1: ='Necesidades Trimestrales'!C6 -> 2020 | P1: AUTORIZACION PARA GASTAR
A4: JURISDICCIÓN: | G4: =' NotaPedido'!D3 -> 040 - Ministerio de Salud
A5: SAF: | G5: =' NotaPedido'!D4 -> 024 - Hospital Interzonal de Niños
A6: UNIDAD EJECUTORA: | G6: =' NotaPedido'!D5 -> 024 - Hospital Interzonal de Niños
A7: DEPENDENCIA SOLICITANTE: | G7: =' NotaPedido'!D6 -> Servicio de Odontologia
A8: AUTORIZACIÓN:
A9: Señor Jefe de Servicio Administrativo Financiero:
A10: ="Autorizo la realización de los trámites correspondientes, a fin de proveer a este Organismo los bienes y/o servicios que se detallan en Nota de Pedido N° " & ' NotaPedido'!K1&", afectando la erogación resultante a los créditos presupuestarios aprobados a favor de esta Unidad Ejecutora, conforme al siguiente detalle:" -> Autorizo la realización de los trámites correspondientes, a fin de proveer a este Organismo los bienes y/o servicios que se detallan en Nota de Pedido N° 480/2020, afectando la erogación resultante a los créditos presupuestarios aprobados a favor de esta Unidad Ejecutora, conforme al siguiente detalle:
A12: IMPUTACIÓN PRESUPUESTARIA
A13: CÓDIGO | O13: DENOMINACIÓN DE LA PARTIDA PRESUPUESTARIA | Q13: IMPORTE
A14: PR | B14: SB | C14: PY | D14: AC | E14: OB | F14: UG | G14: FIN | H14: FUN | I14: I | J14: P | K14: P | L14: SubP | M14: M | N14: FF
A15: 36 | D15: 1 | F15: 4901 | G15: 3 | H15: 310 | I15: =LEFT('Necesidades Trimestrales'!D10,1) -> 2 | J15: 5 | K15: =RIGHT('Necesidades Trimestrales'!D10,1) -> 2 | M15: 1 | N15: 1.1 | O15: Productos Farmaceuticos y Medicinales | Q15: 100690
A16: 36 | D16: 1 | F16: 4901 | G16: 3 | H16: 310 | I16: =LEFT('Necesidades Trimestrales'!D12,1) -> 2 | J16: 9 | K16: 5 | M16: 1 | N16: 1.1 | O16: Utiles Menores Medicos, Quirurgico y Laboratorio | Q16: 149850
A22: TOTAL DE PESOS: DOSCIENTOS CINCUENTA MIL QUINIENTOS CUARENTA CON 00/100. | Q22: =SUM(Q15:Q21) -> 250540
A24: JUSTIFICACIÓN:
A25: Para la adquisición de Insumos Varios destinados al servico de Odontologia del Hospital Interzonal de Niños Eva Peron, para el normal funcionamiento del organismo.
