Workbook

Sheet Necesidades Trimestrales
B2: Pedido de Necesidades Trimestrales
A4: JURISDICCION: | C4: 40 - Ministerio de Salud
A5: SAF N°: | C5: 23 - Hospital Interzonal San Juan Bautista
A6: EJERCICIO: | C6: 2022
A7: TRIMESTRE: | C7: 3
A9: ID | B9: CODIGO ITEM | C9: RUBRO DE COMPRA | D9: I.P.P. | E9: DESCRIPCION | F9: UNIDAD DE MEDIDA | G9: CANTIDAD | H9: PRECIO UNITARIO ESTIMADO | I9: IMPORTE TOTAL ESTIMADO
A10: 1 | B10: 2.9.5-9265.3 | C10: PROD. MEDICO/FARMACEUTICOS/LAB | D10: 295 | E10: BOLSAS P/HEMOTERAPIA; TIPO: TRIPLE P/ EXTRACCION DE SANGRE, CAPACIDAD: 450 mL, ACCESORIO: GUIA + AGUJA | F10: UNIDAD | G10: 600 | H10: 1510 | I10: 906000
A11: 2 | B11: 2.9.5-2694.24 | C11: PROD. MEDICO/FARMACEUTICOS/LAB | D11: 295 | E11: BOLSAS P/TRANSFUSIONES SANGRE; CAPACIDAD: 400 mL, SOLUCIONES: SIN, TIPO: TRANSFERENCIA | F11: UNIDAD | G11: 400 | H11: 465 | I11: 186000
A12: 3 | B12: 2.9.5-7900.10 | C12: PROD. MEDICO/FARMACEUTICOS/LAB | D12: 295 | E12: BOLSAS P/ILEOSTOMIA; MATERIAL: PLASTICO DESCARTABLE, MEDIDA: SIN VALOR | F12: UNIDAD | G12: 30 | H12: 265 | I12: 7950
A13: 4 | B13: 2.9.5-8220.15 | C13: PROD. MEDICO/FARMACEUTICOS/LAB | D13: 295 | E13: CANASTILLAS DE DORMIA; TIPO: HELICOIDAL, DIMENSION: 2.8 mm, USO: P/EXTRACCION DE CALCULOS | F13: UNIDAD | G13: 8 | H13: 55600 | I13: 444800
A14: 5 | B14: 2.9.5-2161.586 | C14: PROD. MEDICO/FARMACEUTICOS/LAB | D14: 295 | E14: CATETERES/SONDAS; NUMERO: 4,7 FR X 26 CM, TIPO: DOBLE J COOK | F14: UNIDAD | G14: 6 | H14: 13500 | I14: 81000
A15: 6 | B15: 2.9.5-2161.147 | C15: PROD. MEDICO/FARMACEUTICOS/LAB | D15: 295 | E15: CATETERES/SONDAS; NUMERO: 3, TIPO: FOGARTY | F15: UNIDAD | G15: 2 | H15: 4500 | I15: 9000
A16: 7 | B16: 2.9.5-2161.519 | C16: PROD. MEDICO/FARMACEUTICOS/LAB | D16: 295 | E16: CATETERES/SONDAS; NUMERO: 4 , TIPO: FOGARTY | F16: UNIDAD | G16: 2 | H16: 4500 | I16: 9000
A17: 8 | B17: 2.9.5-2161.148 | C17: PROD. MEDICO/FARMACEUTICOS/LAB | D17: 295 | E17: CATETERES/SONDAS; NUMERO: 5, TIPO: FOGARTY | F17: UNIDAD | G17: 2 | H17: 4500 | I17: 9000
A18: 9 | B18: 2.9.5-2161.358 | C18: PROD. MEDICO/FARMACEUTICOS/LAB | D18: 295 | E18: CATETERES/SONDAS; NUMERO: 12 FR X 20 CM , TIPO: DOBLE LUMEN HEMODIALISIS SUBCLAVIA | F18: UNIDAD | G18: 90 | H18: 26000 | I18: 2340000
A19: 10 | B19: 2.9.5-2161.568 | C19: PROD. MEDICO/FARMACEUTICOS/LAB | D19: 295 | E19: CATETERES/SONDAS; NUMERO: SEGÚN PLIEGO, TIPO: PERMANENTE PORT-A- CATH | F19: UNIDAD | G19: 4 | H19: 28000 | I19: 112000
A20: 11 | B20: 2.9.5-5294.5 | C20: PROD. MEDICO/FARMACEUTICOS/LAB | D20: 252 | E20: CERAS P/HUESOS; USO: HEMOSTASIA, PRESENTACION: UNIDAD ESTERIL DE 2,5 GR | F20: UNIDAD | G20: 180 | H20: 488 | I20: 87840
A21: 12 | B21: 2.9.5-6379.9 | C21: PROD. MEDICO/FARMACEUTICOS/LAB | D21: 295 | E21: CLAVIJAS DE CIRUGÍA; TIPO: STEIMANN; DIÁMETRO: 3,5 MM; MATERIAL: ACERO INOXIDABLE; PRESENTACIÓN: UNIDAD | F21: UNIDAD | G21: 30 | H21: 470.6 | I21: 14118
... A30: 21 | B30: 2.9.5-6286.5 | C30: PROD. MEDICO/FARMACEUTICOS/LAB | D30: 295 | E30: HEMOSTATICOS ABSORBIBLES; TIPO: SURGIEL, MEDIDA: 5 X 7,5 Cm, PRESENTACION: UNIDAD | F30: UNIDAD | G30: 96 | H30: 4900 | I30: 470400
B32: Presentar copia certificada de Resolución de Habilitación expedida por la Subsecretaria de Asistencia en Salud Publica o copia certificada de Certificado de Habilitación de Establecimiento y/o copia certificada de Certificado de Transito Interjurisdiccional emitido por A.N.M.A.T, el que correspondiere conforme a la situación de cada establecimiento cotizante (Laboratorio, Droguería, etc.), en caso de corresponder. Indicar Marca y Numero de Certificado de ANMAT por ítem. VENCIMIENTO DE LOS PRESENTES INSUMOS: UN PLAZO NO MENOR A 12 MESES DE LA FECHA DE RECEPCION
B33: PLAZO DE MANTENIMIENTO DE LA OFERTA: 45 DIAS HABILES
B34: PLAZO DE ENTREGA: 15 DIAS HABILES - SERVICIO DE FARMACIA - ADVA. ILLIA Y MARIANO MORENO - DE LUNES A VIERNES DE 08:00 A 11:00 HORAS DEBIENDO CORRER LOS GASTOS DE FLETES, ACARREO, CARGA, DESCARGA Y SEGURO A CARGO DEL ADJUDICATARIO.
B37: Especificidades: ITEMS NUM 1 CON CFD-SADMAN ( CITRATO,FOSFATO,DEXTROSA , CLORURO SODICO, ADENINA, DEXTROSA, MANITOL )
B39: Especificidades: ITEMS 3 TIPO COLOPLAST COD 5985
B40: Especificidades: ITEMS 4 TIPO FUJIFILM MEDWORCK 2,8 mm
B41: Especificidades:ITEMS 5 y 19 tipo COOK
B42: Especificidades: ITEMS 14 TIPO SPONGOSTAN ESTÁNDAR 5 X 7 X 1 CM ETHICON
B43: Especificidades: ITEMS 16 GUIA ARTERIAL CON HEPARINA Y TRANSDUCTOR DE PRESION P 0.8 TIPO NIPRO
B44: Especificidades: ITEMS 17 GUIA VENOSA Y TRANSDUCTOR DE PRESION P 0.8 TIPO NIPRO
B45: Especificidades: ITEMS 18 TIPO ETHICON
B46: Especificidades: ITEMS 20 TIPO RIVERO

Sheet NotaPedido
A1: NOTA DE PEDIDO 104 | J1: N°
A3: JURISDICCIÓN: | D3: ='Necesidades Trimestrales'!C4 -> 40 - Ministerio de Salud
A4: SAF: | D4: ='Necesidades Trimestrales'!C5 -> 23 - Hospital Interzonal San Juan Bautista
A5: UNIDAD EJECUTORA: | D5: 168 - Direccion Asistencial
A6: DEPENDENCIA SOLICITANTE: | D6: Servicio de Farmacia
A7: PERIODO UTILIZACIÓN: | D7: SEMESTRAL
A8: OBJETO: | D8: Adquisición de Descartables Complejos
A10: Ítem | B10: Codigo Item | C10: DESCRIPCIÓN | H10: Adjunta Detalle Técnico | I10: Unidad Medida | J10: Precio Unitario Estimado | K10: Cantidad Solicitada
A12: 1 | B12: ='Necesidades Trimestrales'!B10 -> 2.9.5-9265.3 | C12: ='Necesidades Trimestrales'!E10 -> BOLSAS P/HEMOTERAPIA; TIPO: TRIPLE P/ EXTRACCION DE SANGRE, CAPACIDAD: 450 mL, ACCESORIO: GUIA + AGUJA | H12: NO | I12: ='Necesidades Trimestrales'!F10 -> UNIDAD | J12: ='Necesidades Trimestrales'!H10 -> 1510 | K12: ='Necesidades Trimestrales'!G10 -> 600
A13: 2 | B13: ='Necesidades Trimestrales'!B11 -> 2.9.5-2694.24 | C13: ='Necesidades Trimestrales'!E11 -> BOLSAS P/TRANSFUSIONES SANGRE; CAPACIDAD: 400 mL, SOLUCIONES: SIN, TIPO: TRANSFERENCIA | H13: NO | I13: ='Necesidades Trimestrales'!F11 -> UNIDAD | J13: ='Necesidades Trimestrales'!H11 -> 465 | K13: ='Necesidades Trimestrales'!G11 -> 400
A14: 3 | B14: ='Necesidades Trimestrales'!B12 -> 2.9.5-7900.10 | C14: ='Necesidades Trimestrales'!E12 -> BOLSAS P/ILEOSTOMIA; MATERIAL: PLASTICO DESCARTABLE, MEDIDA: SIN VALOR | H14: NO | I14: ='Necesidades Trimestrales'!F12 -> UNIDAD | J14: ='Necesidades Trimestrales'!H12 -> 265 | K14: ='Necesidades Trimestrales'!G12 -> 30
A15: 4 | B15: ='Necesidades Trimestrales'!B13 -> 2.9.5-8220.15 | C15: ='Necesidades Trimestrales'!E13 -> CANASTILLAS DE DORMIA; TIPO: HELICOIDAL, DIMENSION: 2.8 mm, USO: P/EXTRACCION DE CALCULOS | H15: NO | I15: ='Necesidades Trimestrales'!F13 -> UNIDAD | J15: ='Necesidades Trimestrales'!H13 -> 55600 | K15: ='Necesidades Trimestrales'!G13 -> 8
A16: 5 | B16: ='Necesidades Trimestrales'!B14 -> 2.9.5-2161.586 | C16: ='Necesidades Trimestrales'!E14 -> CATETERES/SONDAS; NUMERO: 4,7 FR X 26 CM, TIPO: DOBLE J COOK | H16: NO | I16: ='Necesidades Trimestrales'!F14 -> UNIDAD | J16: ='Necesidades Trimestrales'!H14 -> 13500 | K16: ='Necesidades Trimestrales'!G14 -> 6
A17: 6 | B17: ='Necesidades Trimestrales'!B15 -> 2.9.5-2161.147 | C17: ='Necesidades Trimestrales'!E15 -> CATETERES/SONDAS; NUMERO: 3, TIPO: FOGARTY | H17: NO | I17: ='Necesidades Trimestrales'!F15 -> UNIDAD | J17: ='Necesidades Trimestrales'!H15 -> 4500 | K17: ='Necesidades Trimestrales'!G15 -> 2
A18: 7 | B18: ='Necesidades Trimestrales'!B16 -> 2.9.5-2161.519 | C18: ='Necesidades Trimestrales'!E16 -> CATETERES/SONDAS; NUMERO: 4 , TIPO: FOGARTY | H18: NO | I18: ='Necesidades Trimestrales'!F16 -> UNIDAD | J18: ='Necesidades Trimestrales'!H16 -> 4500 | K18: ='Necesidades Trimestrales'!G16 -> 2
A19: 8 | B19: ='Necesidades Trimestrales'!B17 -> 2.9.5-2161.148 | C19: ='Necesidades Trimestrales'!E17 -> CATETERES/SONDAS; NUMERO: 5, TIPO: FOGARTY | H19: NO | I19: ='Necesidades Trimestrales'!F17 -> UNIDAD | J19: ='Necesidades Trimestrales'!H17 -> 4500 | K19: ='Necesidades Trimestrales'!G17 -> 2
A20: 9 | B20: ='Necesidades Trimestrales'!B18 -> 2.9.5-2161.358 | C20: ='Necesidades Trimestrales'!E18 -> CATETERES/SONDAS; NUMERO: 12 FR X 20 CM , TIPO: DOBLE LUMEN HEMODIALISIS SUBCLAVIA | H20: NO | I20: ='Necesidades Trimestrales'!F18 -> UNIDAD | J20: ='Necesidades Trimestrales'!H18 -> 26000 | K20: ='Necesidades Trimestrales'!G18 -> 90
A21: 10 | B21: ='Necesidades Trimestrales'!B19 -> 2.9.5-2161.568 | C21: ='Necesidades Trimestrales'!E19 -> CATETERES/SONDAS; NUMERO: SEGÚN PLIEGO, TIPO: PERMANENTE PORT-A- CATH | H21: NO | I21: ='Necesidades Trimestrales'!F19 -> UNIDAD | J21: ='Necesidades Trimestrales'!H19 -> 28000 | K21: ='Necesidades Trimestrales'!G19 -> 4
A22: 11 | B22: ='Necesidades Trimestrales'!B20 -> 2.9.5-5294.5 | C22: ='Necesidades Trimestrales'!E20 -> CERAS P/HUESOS; USO: HEMOSTASIA, PRESENTACION: UNIDAD ESTERIL DE 2,5 GR | H22: NO | I22: ='Necesidades Trimestrales'!F20 -> UNIDAD | J22: ='Necesidades Trimestrales'!H20 -> 488 | K22: ='Necesidades Trimestrales'!G20 -> 180
A23: 12 | B23: ='Necesidades Trimestrales'!B21 -> 2.9.5-6379.9 | C23: ='Necesidades Trimestrales'!E21 -> CLAVIJAS DE CIRUGÍA; TIPO: STEIMANN; DIÁMETRO: 3,5 MM; MATERIAL: ACERO INOXIDABLE; PRESENTACIÓN: UNIDAD | H23: NO | I23: ='Necesidades Trimestrales'!F21 -> UNIDAD | J23: ='Necesidades Trimestrales'!H21 -> 470.6 | K23: ='Necesidades Trimestrales'!G21 -> 30
... A32: 21 | B32: ='Necesidades Trimestrales'!B30 -> 2.9.5-6286.5 | C32: ='Necesidades Trimestrales'!E30 -> HEMOSTATICOS ABSORBIBLES; TIPO: SURGIEL, MEDIDA: 5 X 7,5 Cm, PRESENTACION: UNIDAD | H32: NO | I32: ='Necesidades Trimestrales'!F30 -> UNIDAD | J32: ='Necesidades Trimestrales'!H30 -> 4900 | K32: ='Necesidades Trimestrales'!G30 -> 96
A33: Costo total estimado: SEIS MILLONES NOVECIENTOS CUARENTA Y TRES MIL CUATROCIENTOS TREINTA Y CINCO CON 20/100.- | J33: =SUMPRODUCT(J12:J32,K12:K32) -> 6943435.2

Sheet Autor Gastar
A1: EJERCICIO: | D1: ='Necesidades Trimestrales'!C6 -> 2022 | P1: AUTORIZACION PARA GASTAR
A4: JURISDICCIÓN: | G4: =NotaPedido!D3 -> 40 - Ministerio de Salud
A5: SAF: | G5: =NotaPedido!D4 -> 23 - Hospital Interzonal San Juan Bautista
A6: UNIDAD EJECUTORA: | G6: =NotaPedido!D5 -> 168 - Direccion Asistencial
A7: DEPENDENCIA SOLICITANTE: | G7: =NotaPedido!D6 -> Servicio de Farmacia
A8: AUTORIZACIÓN:
A9: Señor Jefe de Servicio Administrativo Financiero:
A10: ="Autorizo la realización de los trámites correspondientes, a fin de proveer a este Organismo los bienes y/o servicios que se detallan en Nota de Pedido N° " & NotaPedido!K1&", afectando la erogación resultante a los créditos presupuestarios aprobados a favor de esta Unidad Ejecutora, conforme al siguiente detalle:" -> Autorizo la realización de los trámites correspondientes, a fin de proveer a este Organismo los bienes y/o servicios que se detallan en Nota de Pedido N° , afectando la erogación resultante a los créditos presupuestarios aprobados a favor de esta Unidad Ejecutora, conforme al siguiente detalle:
A12: IMPUTACIÓN PRESUPUESTARIA
A13: CÓDIGO | O13: DENOMINACIÓN DE LA PARTIDA PRESUPUESTARIA | Q13: IMPORTE
A14: PR | B14: SB | C14: PY | D14: AC | E14: OB | F14: UG | G14: FIN | H14: FUN | I14: I | J14: P | K14: P | L14: SubP | M14: M | N14: FF
A15: 33 | D15: 2 | F15: 4901 | G15: 3 | H15: 3.1 | I15: 2 | J15: 5 | K15: 2 | M15: 1 | N15: 1.1 | O15: Productos Farmaceuticos y Medicinales | Q15: 87840
A16: 33 | D16: 2 | F16: 4901 | G16: 3 | H16: 3.1 | I16: 2 | J16: 9 | K16: 5 | M16: 1 | N16: 1.1 | O16: Utiles Menores Med. Quir. y de Lab. | Q16: 6855595.2
A22: TOTAL DE PESOS: SEIS MILLONES NOVECIENTOS CUARENTA Y TRES MIL CUATROCIENTOS TREINTA Y CINCO CON 20/100.--- | Q22: =SUM(Q15:Q21) -> 6943435.2
A24: JUSTIFICACIÓN:
A25: ="Para la "& NotaPedido!D8 &" para ser destinados al " & NotaPedido!D6 &" del HISJB del Ministerio de Salud." -> Para la Adquisición de Descartables Complejos para ser destinados al Servicio de Farmacia del HISJB del Ministerio de Salud.
