Workbook

Sheet PROGRAMACION TRIMESTRAL
B2: Pedido de Necesidades Trimestrales
A4: JURISDICCION: | C4: 40-Ministerio de Salud
A5: SAF N°: | C5: 28- Maternidad Provincial 25 de Mayo
A6: EJERCICIO: | C6: 2021
A7: TRIMESTRE: | C7: 4
A9: ID | B9: CODIGO ITEM | C9: RUBRO | D9: I.P.P. | E9: DESCRIPCION | F9: UNIDAD DE MEDIDA | G9: CANTIDAD | H9: PRECIO UNITARIO ESTIMADO | I9: IMPORTE TOTAL ESTIMADO
A10: 1 | C10: PROD.MEDICO/FARMACEUTICO/LAB | D10: 2.5.2 | E10: Formula Lactea en polvo con proteina parcialmente hidrolizada. Sin lactosa. Presentacion en lata por 400 gramos | F10: UNIDAD | G10: 10 | H10: 1822 | I10: =H10*G10 -> 18220
A11: 2 | C11: PROD.MEDICO/FARMACEUTICO/LAB | D11: 2.5.2 | E11: Formula Lactea en polvo con proteina totalmente hidrolizada. Sin lactosa. Presentacion en lata por 400 gramos | F11: UNIDAD | G11: 4 | H11: 1820 | I11: =H11*G11 -> 7280
A12: 3 | C12: PROD.MEDICO/FARMACEUTICO/LAB | D12: 2.5.2 | E12: Formula Lactea liquida de inicio para niños de 0 a 6 meses. Con ARA y DHA sin agregado de azucar. Presentacion tetrapáck de 200 ml | F12: UNIDAD | G12: 2700 | H12: 34.2 | I12: =H12*G12 -> 92340
A13: 4 | C13: PROD.MEDICO/FARMACEUTICO/LAB | D13: 2.5.2 | E13: Formula Lactea liquida para RN prematuro o bajo peso. Con ARA y DHA. Presentacion botella x 70 ml | F13: UNIDAD | G13: 2640 | H13: 178 | I13: =H13*G13 -> 469920
C15: Especificidades Item N° 1 al 4:
C17: Plazo de Entrega : | E17: 20 dias corridos desde la firma del instrumento contractual
C19: Lugares de entrega: | D19: SECTOR DE NUTRICION-MATERNIDAD PROVINCIAL 25 DE MAYO , HERNADO DE PEDRAZA 1650-
C21: Hora de entrega: | E21: 8 a 10 Hs
C23: Calidad Minima esperada
C25: Mantenimiento
D26: 30 dias .
C27: Garantia

Sheet  NotaPedido
A1: NOTA DE PEDIDO | J1: N° | K1: 136/2021
A3: JURISDICCIÓN: | D3: ='PROGRAMACION TRIMESTRAL'!C4 -> 40-Ministerio de Salud
A4: SAF: | D4: ='PROGRAMACION TRIMESTRAL'!C5 -> 28- Maternidad Provincial 25 de Mayo
A5: UNIDAD EJECUTORA: | D5: 169-Direccion Asistencial
A6: DEPENDENCIA SOLICITANTE: | D6: Servicio de Nutricion
A7: PERIODO UTILIZACIÓN: | D7: ='PROGRAMACION TRIMESTRAL'!C7 & "° Trimestre - Año " & 'PROGRAMACION TRIMESTRAL'!C6 -> 4° Trimestre - Año 2021
A8: OBJETO: | D8: Adquisicion de Formulas lacteas para el servicio de Nutricion
A10: Ítem | B10: Codigo Item | C10: DESCRIPCIÓN | H10: Adjunta Detalle Técnico | I10: Unidad Medida | J10: Precio Unitario Estimado | K10: Cantidad Solicitada
A12: ='PROGRAMACION TRIMESTRAL'!A10 -> 1 | B12: ='PROGRAMACION TRIMESTRAL'!B10 -> 0 | C12: ='PROGRAMACION TRIMESTRAL'!E10 -> Formula Lactea en polvo con proteina parcialmente hidrolizada. Sin lactosa. Presentacion en lata por 400 gramos | H12: SI | I12: ='PROGRAMACION TRIMESTRAL'!F10 -> UNIDAD | J12: ='PROGRAMACION TRIMESTRAL'!H10 -> 1822 | K12: ='PROGRAMACION TRIMESTRAL'!G10 -> 10
A13: ='PROGRAMACION TRIMESTRAL'!A11 -> 2 | B13: ='PROGRAMACION TRIMESTRAL'!B11 -> 0 | C13: ='PROGRAMACION TRIMESTRAL'!E11 -> Formula Lactea en polvo con proteina totalmente hidrolizada. Sin lactosa. Presentacion en lata por 400 gramos | H13: SI | I13: ='PROGRAMACION TRIMESTRAL'!F11 -> UNIDAD | J13: ='PROGRAMACION TRIMESTRAL'!H11 -> 1820 | K13: ='PROGRAMACION TRIMESTRAL'!G11 -> 4
A14: ='PROGRAMACION TRIMESTRAL'!A12 -> 3 | B14: ='PROGRAMACION TRIMESTRAL'!B12 -> 0 | C14: ='PROGRAMACION TRIMESTRAL'!E12 -> Formula Lactea liquida de inicio para niños de 0 a 6 meses. Con ARA y DHA sin agregado de azucar. Presentacion tetrapáck de 200 ml | H14: SI | I14: ='PROGRAMACION TRIMESTRAL'!F12 -> UNIDAD | J14: ='PROGRAMACION TRIMESTRAL'!H12 -> 34.2 | K14: ='PROGRAMACION TRIMESTRAL'!G12 -> 2700
A15: ='PROGRAMACION TRIMESTRAL'!A13 -> 4 | B15: ='PROGRAMACION TRIMESTRAL'!B13 -> 0 | C15: ='PROGRAMACION TRIMESTRAL'!E13 -> Formula Lactea liquida para RN prematuro o bajo peso. Con ARA y DHA. Presentacion botella x 70 ml | H15: SI | I15: ='PROGRAMACION TRIMESTRAL'!F13 -> UNIDAD | J15: ='PROGRAMACION TRIMESTRAL'!H13 -> 178 | K15: ='PROGRAMACION TRIMESTRAL'!G13 -> 2640
A16: Costo total estimado: QUINIENTOS OCHENTA Y SIETE MIL SETECIENTOS SESENTA CON 00/100 | J16: =SUMPRODUCT(J12:J15*K12:K15) -> 587760

Sheet Autor Gastar
A1: EJERCICIO: | D1: ='PROGRAMACION TRIMESTRAL'!C6 -> 2021 | P1: AUTORIZACION PARA GASTAR
A4: JURISDICCIÓN: | G4: =' NotaPedido'!D3 -> 40-Ministerio de Salud
A5: SAF: | G5: =' NotaPedido'!D4 -> 28- Maternidad Provincial 25 de Mayo
A6: UNIDAD EJECUTORA: | G6: =' NotaPedido'!D5 -> 169-Direccion Asistencial
A7: DEPENDENCIA SOLICITANTE: | G7: =' NotaPedido'!D6 -> Servicio de Nutricion
A8: AUTORIZACIÓN:
A9: Señor Jefe de Servicio Administrativo Financiero:
A10: ="Autorizo la realización de los trámites correspondientes, a fin de proveer a este Organismo los bienes y/o servicios que se detallan en Nota de Pedido N° " & ' NotaPedido'!K1&", afectando la erogación resultante a los créditos presupuestarios aprobados a favor de esta Unidad Ejecutora, conforme al siguiente detalle:" -> Autorizo la realización de los trámites correspondientes, a fin de proveer a este Organismo los bienes y/o servicios que se detallan en Nota de Pedido N° 136/2021, afectando la erogación resultante a los créditos presupuestarios aprobados a favor de esta Unidad Ejecutora, conforme al siguiente detalle:
A12: IMPUTACIÓN PRESUPUESTARIA
A13: CÓDIGO | O13: DENOMINACIÓN DE LA PARTIDA PRESUPUESTARIA | Q13: IMPORTE
A14: PR | B14: SB | C14: PY | D14: AC | E14: OB | F14: UG | G14: FIN | H14: FUN | I14: I | J14: P | K14: P | L14: SubP | M14: M | N14: FF
A15: 42 | D15: 2 | F15: 4901 | G15: 3 | H15: 1 | I15: 2 | J15: 5 | K15: 2 | M15: 1 | N15: 1.1 | O15: Productos farmaceuticos y medicinales | Q15: 587760
A19: TOTAL DE PESOS: QUINIENTOS OCHENTA Y SIETE MIL SETECIENTOS SESENTA CON 00/100 | Q19: =SUM(Q15:Q18) -> 587760
A21: JUSTIFICACIÓN:
A22: Para la Adquisición de Formulas lacteas para ser destinados al Servicio de Nutricion de la Maternidad Provincial 25 de Mayo del Ministerio de Salud.
