Workbook

Sheet Necesidades Trimestrales
B1: Pedido de Necesidades Trimestrales
A3: JURISDICCION: | C3: 50 - MINISTERIO DE EDUCACIÓN
A4: SAF N°: | C4: 26 - DIRECCIÓN PROVINCIAL DE ADMINISTRACIÓN
A5: EJERCICIO: | C5: 2021
A6: TRIMESTRE: | C6: 4
A8: ID | B8: CODIGO ITEM | C8: RUBRO DE COMPRA | D8: I.P.P. | E8: DESCRIPCION | F8: UNIDAD DE MEDIDA | G8: CANTIDAD | H8: PRECIO UNITARIO ESTIMADO | I8: IMPORTE TOTAL ESTIMADO
A9: 1 | B9: ='NDP 47'!C10 -> 2.9.2-848.11 | C9: LIBRERIA,PAP. Y UTILES OFICINA | D9: 2.9.2 | E9: ='NDP 47'!D10 -> LAPIZ; TIPO: HB, COLOR: NEGRO | F9: Unidad | G9: ='NDP 47'!H10 -> 2500 | H9: ='NDP 47'!G10 -> 30 | I9: =G9*H9 -> 75000
A10: 2 | B10: ='NDP 47'!C11 -> 2.9.2-696.18 | C10: LIBRERIA,PAP. Y UTILES OFICINA | D10: 2.9.2 | E10: ='NDP 47'!D11 -> SACAPUNTAS; MATERIAL: PLASTICO, FIJACION: SIN, NUMERO: UNIVERSAL, CANTIDAD DE BOCAS: 1, TIPO: ESCOLAR | F10: Unidad | G10: ='NDP 47'!H11 -> 3000 | H10: ='NDP 47'!G11 -> 60 | I10: =G10*H10 -> 180000
A11: 3 | B11: ='NDP 47'!C12 -> 2.9.2-3283.9 | C11: LIBRERIA,PAP. Y UTILES OFICINA | D11: 2.9.2 | E11: ='NDP 47'!D12 -> JUEGO DE LAPICES; TIPO: DE COLORES, PRESENTACION: CAJA X 12 UN - | F11: Caja | G11: ='NDP 47'!H12 -> 3000 | H11: ='NDP 47'!G12 -> 215.4 | I11: =G11*H11 -> 646200
A12: 4 | B12: ='NDP 47'!C13 -> 2.9.2-1358.356 | C12: LIBRERIA,PAP. Y UTILES OFICINA | D12: 2.9.2 | E12: ='NDP 47'!D13 -> CARPETAS; MATERIAL: CARTON FORRADO C/ PLASTICO, TAMAÑO: Nº 5 | F12: Unidad | G12: ='NDP 47'!H13 -> 3000 | H12: ='NDP 47'!G13 -> 141 | I12: =G12*H12 -> 423000
A13: 5 | B13: ='NDP 47'!C14 -> 2.9.2-2034.26 | C13: LIBRERIA,PAP. Y UTILES OFICINA | D13: 2.9.2 | E13: ='NDP 47'!D14 -> PORTA UTILES; MATERIAL: LONETA, DIMENSION: 15 X 20 Cm, CIERRE: CORDON, PRESENTACION: UNIDAD | F13: Unidad | G13: ='NDP 47'!H14 -> 3000 | H13: ='NDP 47'!G14 -> 282.31 | I13: =G13*H13 -> 846930
A14: 6 | B14: ='NDP 47'!C15 -> 2.9.2-368.15 | C14: LIBRERIA,PAP. Y UTILES OFICINA | D14: 2.9.2 | E14: ='NDP 47'!D15 -> ESCUADRAS; MODELO: 45°-20 Cm, MATERIAL: PLASTICO, ANGULO: 45°-20 Cm | F14: Unidad | G14: ='NDP 47'!H15 -> 3000 | H14: ='NDP 47'!G15 -> 152 | I14: =G14*H14 -> 456000
A15: 7 | B15: ='NDP 47'!C16 -> 2.9.2-1789.2 | C15: LIBRERIA,PAP. Y UTILES OFICINA | D15: 2.9.2 | E15: ='NDP 47'!D16 -> ANILLOS P/CARPETAS; DIAMETRO: 51 mm, MATERIAL: ACERO INOXIDABLE | F15: Unidad | G15: ='NDP 47'!H16 -> 12000 | H15: ='NDP 47'!G16 -> 25 | I15: =G15*H15 -> 300000
A16: 8 | B16: ='NDP 47'!C17 -> 2.9.2-758.3 | C16: LIBRERIA,PAP. Y UTILES OFICINA | D16: 2.9.2 | E16: ='NDP 47'!D17 -> TIJERAS P/CORTAR PAPELES; LONG.DE CUERPO: 12.5 Cm, MATERIAL: ACERO INOXIDABLE, MANGO: SIN VALOR, CUCHILLA: REDONDEADAS | F16: Unidad | G16: ='NDP 47'!H17 -> 3000 | H16: ='NDP 47'!G17 -> 125 | I16: =G16*H16 -> 375000
A17: 9 | B17: ='NDP 47'!C18 -> 4.3.5-5563.59 | C17: EQUIPOS | D17: 4.3.5 | E17: ='NDP 47'!D18 -> PIZARRONES; MATERIAL: MADERA, SOPORTE: SOBRE PARED, DIMENSION PLANO: 2,30 X 1,20 M, | F17: Unidad | G17: ='NDP 47'!H18 -> 10 | H17: ='NDP 47'!G18 -> 11000 | I17: =G17*H17 -> 110000
A18: 10 | B18: ='NDP 47'!C19 -> 4.3.7-1785.1 | C18: EQUIPO DE OFICINA Y MUEBLES | D18: 4.3.7 | E18: ='NDP 47'!D19 -> MAPOTECAS; TIPO: COLGANTE, TERMINACION: PINTADO SINTETICO, ALTO: 105 Cm, MATERIAL: METAL, PROFUNDIDAD: 52,50 Cm, ANCHO: 133 Cm. | F18: Unidad | G18: ='NDP 47'!H19 -> 10 | H18: ='NDP 47'!G19 -> 3600 | I18: =G18*H18 -> 36000
A19: 11 | B19: ='NDP 47'!C20 -> 4.3.7-61.3 | C19: EQUIPO DE OFICINA Y MUEBLES | D19: 4.3.7 | E19: ='NDP 47'!D20 -> CALCULADORAS ELECTRONICAS; FUNCION: CIENTIFICA, TAMAÑO: BOLSILLO, ALIMENTACION: BATERIAS | F19: Unidad | G19: ='NDP 47'!H20 -> 10 | H19: ='NDP 47'!G20 -> 2700 | I19: =G19*H19 -> 27000
B22: Especificidades Items N° 1 a 11:
B23: Descripción técnica
C24: Items N° 3: tamaño largo
C25: Items N° 4: dos tapas, colores varios
C26: Item N° 5: Cartuchera de loneta con cierre. Medidas aproximadas 15 X 20 Cm
C27: Item N° 10 : Mapoteca colgante para clase en aula: 4 de America (2 politicos y 2 fisico), 3 Planisferio (2 politicos y 1 fisico), 3 de Argentina (2 politicos y 1 fisico)
B28: Plazos y lugares de entrega
C29: El plazo de entrega no podrá ser superior a los diez (10) días hábiles a partir de la fecha de recepción de la respectiva Orden de Compra en el domicilio especial electrónico constituido, en virtud del método de contratación. La entrega de dichos bienes se realizará en la Dirección de Administración del Ministerio de Educación, sito en Avenida Republica de Venezuela S/N° - CAPE- Pabellón N° 15 San Fernando del Valle de Catamarca. Se presentará Remito que deberá cumplimentar lo dispuesto por la R.G. AFIP 1415/03, sin excepción.
B31: Calidad Minima esperada
B32: Mantenimiento: 30 días corridos
B33: Garantia

Sheet NDP 47
B1: NOTA DE PEDIDO | H1: N° 47-21
B3: JURISDICCIÓN: | E3: MINISTERIO DE EDUCACIÓN
B4: SAF: | E4: 26
B5: UNIDAD EJECUTORA: | E5: MINISTERIO DE EDUCACIÓN
B6: DEPENDENCIA SOLICITANTE: | E6: MINISTERIO DE EDUCACIÓN
B7: PERIODO UTILIZACIÓN: | E7: 3 (TRES) MESES
B8: OBJETO: | E8: ADQUISICIÓN DE KITS ESCOLARES
B9: ID | C9: CODIGO ITEM | D9: DESCRIPCION | E9: Adjunta Detalle Técnico | F9: UNIDAD DE MEDIDA | G9: PRECIO UNITARIO ESTIMADO | H9: CANTIDAD
B10: 1 | C10: 2.9.2-848.11 | D10: LAPIZ; TIPO: HB, COLOR: NEGRO | E10: NO | F10: Unidad | G10: 30 | H10: 2500 | I10: =G10*H10 -> 75000
B11: 2 | C11: 2.9.2-696.18 | D11: SACAPUNTAS; MATERIAL: PLASTICO, FIJACION: SIN, NUMERO: UNIVERSAL, CANTIDAD DE BOCAS: 1, TIPO: ESCOLAR | E11: NO | F11: Unidad | G11: 60 | H11: 3000 | I11: =G11*H11 -> 180000
B12: 3 | C12: 2.9.2-3283.9 | D12: JUEGO DE LAPICES; TIPO: DE COLORES, PRESENTACION: CAJA X 12 UN - | E12: NO | F12: Caja | G12: 215.4 | H12: 3000 | I12: =G12*H12 -> 646200
B13: 4 | C13: 2.9.2-1358.356 | D13: CARPETAS; MATERIAL: CARTON FORRADO C/ PLASTICO, TAMAÑO: Nº 5 | E13: NO | F13: Unidad | G13: 141 | H13: 3000 | I13: =G13*H13 -> 423000
B14: 5 | C14: 2.9.2-2034.26 | D14: PORTA UTILES; MATERIAL: LONETA, DIMENSION: 15 X 20 Cm, CIERRE: CORDON, PRESENTACION: UNIDAD | E14: NO | F14: Unidad | G14: 282.31 | H14: 3000 | I14: =G14*H14 -> 846930
B15: 6 | C15: 2.9.2-368.15 | D15: ESCUADRAS; MODELO: 45°-20 Cm, MATERIAL: PLASTICO, ANGULO: 45°-20 Cm | E15: NO | F15: Unidad | G15: 152 | H15: 3000 | I15: =G15*H15 -> 456000
B16: 7 | C16: 2.9.2-1789.2 | D16: ANILLOS P/CARPETAS; DIAMETRO: 51 mm, MATERIAL: ACERO INOXIDABLE | E16: NO | F16: Unidad | G16: 25 | H16: 12000 | I16: =G16*H16 -> 300000
B17: 8 | C17: 2.9.2-758.3 | D17: TIJERAS P/CORTAR PAPELES; LONG.DE CUERPO: 12.5 Cm, MATERIAL: ACERO INOXIDABLE, MANGO: SIN VALOR, CUCHILLA: REDONDEADAS | E17: NO | F17: Unidad | G17: 125 | H17: 3000 | I17: =G17*H17 -> 375000
B18: 9 | C18: 4.3.5-5563.59 | D18: PIZARRONES; MATERIAL: MADERA, SOPORTE: SOBRE PARED, DIMENSION PLANO: 2,30 X 1,20 M, | E18: NO | F18: Unidad | G18: 11000 | H18: 10 | I18: =G18*H18 -> 110000
B19: 10 | C19: 4.3.7-1785.1 | D19: MAPOTECAS; TIPO: COLGANTE, TERMINACION: PINTADO SINTETICO, ALTO: 105 Cm, MATERIAL: METAL, PROFUNDIDAD: 52,50 Cm, ANCHO: 133 Cm. | E19: NO | F19: Unidad | G19: 3600 | H19: 10 | I19: =G19*H19 -> 36000
B20: 11 | C20: 4.3.7-61.3 | D20: CALCULADORAS ELECTRONICAS; FUNCION: CIENTIFICA, TAMAÑO: BOLSILLO, ALIMENTACION: BATERIAS | E20: NO | F20: Unidad | G20: 2700 | H20: 10 | I20: =G20*H20 -> 27000
B21: Costo total estimado: TRES MILLONES CUATROCIENTOS SETENTA Y CINCO MIL CIENTO TREINTA CON 00/100 | H21: =SUM(I10:I20) -> 3475130

Sheet APG
A1: EJERCICIO: | D1: 2021 | P1: AUTORIZACIÓN PARA GASTAR
A4: JURISDICCIÓN: | G4: MINISTERIO DE EDUCACIÓN
A5: SAF: | G5: 26
A6: UNIDAD EJECUTORA: | G6: MINISTERIO DE EDUCACIÓN
A7: DEPENDENCIA SOLICITANTE: | G7: MINISTERIO DE EDUCACIÓN
A8: AUTORIZACIÓN:
A9: Señor Director de Administración o Titular del Servicio Administrativo Financiero:
A10: Autorizo la realización de los trámites correspondientes, a fin de proveer a este Organismo los bienes que se detallan en Nota de Pedido N° 47/21, afectando la erogación resultante a los créditos presupuestarios aprobados a favor de esta Unidad Ejecutora, conforme al siguiente detalle:
A12: IMPUTACIÓN PRESUPUESTARIA
A13: CÓDIGO | O13: DENOMINACIÓN DE LA PARTIDA PRESUPUESTARIA | Q13: IMPORTE
A14: PR | B14: SB | C14: PY | D14: AC | E14: OB | F14: UG | G14: FIN | H14: FUN | I14: I | J14: P | K14: P | L14: SubP | M14: M | N14: FF
A15: 1 | B15: 0 | C15: 0 | D15: 1 | E15: 0 | F15: 4901 | G15: 3 | H15: 4 | I15: 2 | J15: 9 | K15: 2 | L15: 0 | M15: 1 | N15: 1.1 | O15: ÚTILES DE ESC., OFICINA Y ENSEÑANZA | Q15: ='NDP 47'!I10+'NDP 47'!I11+'NDP 47'!I12+'NDP 47'!I13+'NDP 47'!I14+'NDP 47'!I15+'NDP 47'!I16+'NDP 47'!I17 -> 3302130
A16: 1 | B16: 0 | C16: 0 | D16: 1 | E16: 0 | F16: 4901 | G16: 3 | H16: 4 | I16: 4 | J16: 3 | K16: 5 | L16: 0 | M16: 1 | N16: 1.1 | O16: EQUIPO EDUCACIONAL Y RECREATIVO | Q16: ='NDP 47'!I18 -> 110000
A17: 1 | B17: 0 | C17: 0 | D17: 1 | E17: 0 | F17: 4901 | G17: 3 | H17: 4 | I17: 4 | J17: 3 | K17: 7 | L17: 0 | M17: 1 | N17: 1.1 | O17: EQUIPO DE OFICINA Y MUEBLES | Q17: ='NDP 47'!I19+'NDP 47'!I20 -> 63000
A21: TOTAL DE PESOS:TRES MILLONES CUATROCIENTOS SETENTA Y CINCO MIL CIENTO TREINTA CON 00/100 | Q21: =SUM(Q15:Q20) -> 3475130
A23: JUSTIFICACIÓN:
A24: ADQUISICIÓN DE KITS ESCOLARES CON DESTINO A ESTUDIANTES DE NIVEL SECUNDARIO DE LA PROVINCIA.-
