Workbook

Sheet SAF 011 - NECESIDAD TRIMESTRAL
A1: 2022
B2: Pedido de Necesidades Trimestrales
A4: JURISDICCION: | B4: 040 - MINISTERIO DE SALUD
A5: SAF N°: | B5: 011 - DIRECCION PROVINCIAL DE ADMINISTRACION - MINISTERIO DE SALUD
A6: EJERCICIO: | B6: 2022
A7: TRIMESTRE: | B7: TERCERO
A9: ID | B9: CODIGO ITEM | C9: RUBRO DE COMPRA | D9: I.P.P. | E9: DESCRIPCION | F9: UNIDAD DE MEDIDA | G9: CANTIDAD TOTAL | H9: PRECIO UNITARIO ESTIMADO | I9: IMPORTE TOTAL ESTIMADO
A10: 1 | B10: 4.3.7-2001.22 | C10: EQUIPO DE OFICINA Y MUEBLES | D10: 437 | E10: BANQUETAS/TABURETES; TERMINACION: METAL, DIMENSION: 0,6 X 0,3, RESPALDO: SIN, GIRATORIA: NO, APOYABRAZO: SIN, PATAS: 4, ALTURA: REGULABLE, MATERIAL: METAL | F10: UNIDAD | G10: 10 | H10: 15500 | I10: =+G10*H10 -> 155000
A11: 2 | B11: 4.3.7-1404.22 | C11: EQUIPO DE OFICINA Y MUEBLES | D11: 437 | E11: ESTANTERIAS; MATERIAL: METAL, DIMENSION: 205 X 60 Cm, ALTURA: 260 Cm, ESTANTES: 6 UN, CAPACIDAD POR ESTANTE: SIN VALOR | F11: UNIDAD | G11: 30 | H11: 40000 | I11: =+G11*H11 -> 1200000
A12: 3 | B12: 4.3.7-4500.4 | C12: EQUIPO DE OFICINA Y MUEBLES | D12: 437 | E12: GAVETEROS; MATERIAL: METAL, ALTURA: 240 Cm, ANCHO: 110 Cm, PROFUNDIDAD: 36 Cm, TERMINACION: ESMALTE, CANTIDAD DE CAJONES: 32 | F12: UNIDAD | G12: 100 | H12: 9000 | I12: =+G12*H12 -> 900000
A13: 4 | B13: 4.3.7-5446.1 | C13: EQUIPO DE OFICINA Y MUEBLES | D13: 437 | E13: MESAS P/CAMAS; BASE: ACERO INOXIDABLE, ALTURA: REGULABLE, DIMENSION DE TAPA: 50 X 80 Cm, MATERIAL DE TAPA: LAMINADA EN MELAMINA, SUPERFICIE APOYO: 50 X 80 Cm | F13: UNIDAD | G13: 100 | H13: 12000 | I13: =+G13*H13 -> 1200000
A14: 5 | B14: 4.3.7-1880.1 | C14: EQUIPO DE OFICINA Y MUEBLES | D14: 437 | E14: RELOJES; TAMAÑO: 30 X 25 Cm, ALIMENTACION: ELECTRICA, MECANISMO: ANALOGICO, TIPO: DE PARED, MATERIAL: PLASTICO | F14: UNIDAD | G14: 30 | H14: 2300 | I14: =+G14*H14 -> 69000
A15: 6 | B15: 2.9.1-2661.8 | C15: ELEMENTOS DE LIMPIEZA | D15: 291 | E15: TACHOS DE RESIDUOS; MATERIAL: PLASTICO, SECCION: CIRCULAR, DIMENSION: 119 L, TAPA: CON | F15: UNIDAD | G15: 200 | H15: 17250 | I15: =+G15*H15 -> 3450000
A16: 7 | B16: 4.3.7-1832.16 | C16: EQUIPO DE OFICINA Y MUEBLES | D16: 437 | E16: VITRINAS; ESTRUCTURA: MADERA, ALTURA: 170 Cm, ANCHO: 132 Cm, PROFUNDIDAD: 43 Cm, ESTANTE: CON, MATERIAL ESTRUCTURA: MADERA, PUERTA: 2 DE VIDRIO Y MADERA, PUERTAS: 2 DE VIDRIO Y MADERA | F16: UNIDAD | G16: 80 | H16: 53500 | I16: =+G16*H16 -> 4280000
E17: TOTAL RUBRO MUEBLES Y ARTICULOS DEL HOGAR | I17: =+SUM(I10:I16) -> 11254000
C20: ESPECIFICADES Y DETALLE TECNICO:
C21: * ADJUNTAR FOLLETERIA, MANUALES Y/O CUALQUIER OTRA DOCUMENTACION QUE EL PROVEEDOR ESTIME NECESARIO PARA ACLARAR EL BIEN COTIZADO
C23: Plazos de entrega: | D23: veinte (20) dias habiles
C25: Lugar de Entrega: | D25: MINISTERIO DE SALUD - CHACABUCO N° 169 - en el horario de 8:00hs a 12:00hs de lunes a viernes
C27: Calidad Minima esperada:
C29: Garantia: | D29: un (1) año
C31: Mantenimiento: | D31: cuarenta y cinco (45) días
C35: ESPECIFICIDADES ITEM 1
C36: =#REF! -> #REF!
C38: ESPECIFICIDADES ITEM 2
C39: =#REF! -> #REF!
C41: ESPECIFICIDADES ITEM 3
C42: =#REF! -> #REF!
C44: ESPECIFICIDADES ITEM 4
C45: =#REF! -> #REF!
C47: ESPECIFICIDADES ITEM 5
C48: =#REF! -> #REF!
C50: ESPECIFICIDADES ITEM 6
C51: =#REF! -> #REF!
C53: ESPECIFICIDADES ITEM 7
C54: =#REF! -> #REF!

Sheet NP
A1: NOTA DE PEDIDO | J1: N° | K1: XX/2022
A3: JURISDICCIÓN: | D3: 040 - MINISTERIO DE SALUD
A4: SAF: | D4: 011 - DIRECCION PROVINCIAL DE ADMINISTRACION DEL MINISTERIO DE SALUD
A5: UNIDAD EJECUTORA: | D5: 352 - MINISTERIO DE SALUD
A6: DEPENDENCIA SOLICITANTE: | D6: 352 - MINISTERIO DE SALUD
A7: PERIODO UTILIZACIÓN: | D7: 3er TRIMESTRE 2022
A8: OBJETO: | D8: ADQUISICION DE DESIERTOS Y FRACASADOS DE EQUIPAMIENTO PARA HOSPITALES DE LA PROVINCIA (ART. DEL HOGAR Y MUEBLES)
A10: Ítem | B10: Codigo Item | C10: DESCRIPCIÓN | H10: Adjunta Detalle Técnico | I10: Unidad Medida | J10: Precio Unitario Estimado | K10: Cantidad Solicitada
M11: 291 | N11: 437
A12: 1 | B12: ='SAF 011 - NECESIDAD TRIMESTRAL'!B10 -> 4.3.7-2001.22 | C12: ='SAF 011 - NECESIDAD TRIMESTRAL'!E10 -> BANQUETAS/TABURETES; TERMINACION: METAL, DIMENSION: 0,6 X 0,3, RESPALDO: SIN, GIRATORIA: NO, APOYABRAZO: SIN, PATAS: 4, ALTURA: REGULABLE, MATERIAL: METAL | H12: SI | I12: ='SAF 011 - NECESIDAD TRIMESTRAL'!F10 -> UNIDAD | J12: 15500 | K12: =+'SAF 011 - NECESIDAD TRIMESTRAL'!G10 -> 10 | N12: =+J12*K12 -> 155000
A13: 2 | B13: ='SAF 011 - NECESIDAD TRIMESTRAL'!B11 -> 4.3.7-1404.22 | C13: ='SAF 011 - NECESIDAD TRIMESTRAL'!E11 -> ESTANTERIAS; MATERIAL: METAL, DIMENSION: 205 X 60 Cm, ALTURA: 260 Cm, ESTANTES: 6 UN, CAPACIDAD POR ESTANTE: SIN VALOR | H13: SI | I13: ='SAF 011 - NECESIDAD TRIMESTRAL'!F11 -> UNIDAD | J13: 40000 | K13: =+'SAF 011 - NECESIDAD TRIMESTRAL'!G11 -> 30 | N13: =+J13*K13 -> 1200000
A14: 3 | B14: ='SAF 011 - NECESIDAD TRIMESTRAL'!B12 -> 4.3.7-4500.4 | C14: ='SAF 011 - NECESIDAD TRIMESTRAL'!E12 -> GAVETEROS; MATERIAL: METAL, ALTURA: 240 Cm, ANCHO: 110 Cm, PROFUNDIDAD: 36 Cm, TERMINACION: ESMALTE, CANTIDAD DE CAJONES: 32 | H14: SI | I14: ='SAF 011 - NECESIDAD TRIMESTRAL'!F12 -> UNIDAD | J14: 9000 | K14: =+'SAF 011 - NECESIDAD TRIMESTRAL'!G12 -> 100 | N14: =+J14*K14 -> 900000
A15: 4 | B15: ='SAF 011 - NECESIDAD TRIMESTRAL'!B13 -> 4.3.7-5446.1 | C15: ='SAF 011 - NECESIDAD TRIMESTRAL'!E13 -> MESAS P/CAMAS; BASE: ACERO INOXIDABLE, ALTURA: REGULABLE, DIMENSION DE TAPA: 50 X 80 Cm, MATERIAL DE TAPA: LAMINADA EN MELAMINA, SUPERFICIE APOYO: 50 X 80 Cm | H15: SI | I15: ='SAF 011 - NECESIDAD TRIMESTRAL'!F13 -> UNIDAD | J15: 12000 | K15: =+'SAF 011 - NECESIDAD TRIMESTRAL'!G13 -> 100 | N15: =+J15*K15 -> 1200000
A16: 5 | B16: ='SAF 011 - NECESIDAD TRIMESTRAL'!B14 -> 4.3.7-1880.1 | C16: ='SAF 011 - NECESIDAD TRIMESTRAL'!E14 -> RELOJES; TAMAÑO: 30 X 25 Cm, ALIMENTACION: ELECTRICA, MECANISMO: ANALOGICO, TIPO: DE PARED, MATERIAL: PLASTICO | H16: SI | I16: ='SAF 011 - NECESIDAD TRIMESTRAL'!F14 -> UNIDAD | J16: 2300 | K16: =+'SAF 011 - NECESIDAD TRIMESTRAL'!G14 -> 30 | N16: =+J16*K16 -> 69000
A17: 6 | B17: ='SAF 011 - NECESIDAD TRIMESTRAL'!B15 -> 2.9.1-2661.8 | C17: ='SAF 011 - NECESIDAD TRIMESTRAL'!E15 -> TACHOS DE RESIDUOS; MATERIAL: PLASTICO, SECCION: CIRCULAR, DIMENSION: 119 L, TAPA: CON | H17: SI | I17: ='SAF 011 - NECESIDAD TRIMESTRAL'!F15 -> UNIDAD | J17: 17250 | K17: =+'SAF 011 - NECESIDAD TRIMESTRAL'!G15 -> 200 | M17: =+J17*K17 -> 3450000
A18: 7 | B18: ='SAF 011 - NECESIDAD TRIMESTRAL'!B16 -> 4.3.7-1832.16 | C18: ='SAF 011 - NECESIDAD TRIMESTRAL'!E16 -> VITRINAS; ESTRUCTURA: MADERA, ALTURA: 170 Cm, ANCHO: 132 Cm, PROFUNDIDAD: 43 Cm, ESTANTE: CON, MATERIAL ESTRUCTURA: MADERA, PUERTA: 2 DE VIDRIO Y MADERA, PUERTAS: 2 DE VIDRIO Y MADERA | H18: SI | I18: ='SAF 011 - NECESIDAD TRIMESTRAL'!F16 -> UNIDAD | J18: 53500 | K18: =+'SAF 011 - NECESIDAD TRIMESTRAL'!G16 -> 80 | N18: =+J18*K18 -> 4280000
A20: Costo total estimado: PESOS ONCE MILLONES DOSCIENTOS CINCUENTA Y CUATRO MIL CON 00/100.- | J20: =SUMPRODUCT(J12:J18,K12:K18) -> 11254000 | M20: =SUM(M12:M19) -> 3450000 | N20: =SUM(N12:N19) -> 7804000 | O20: =SUM(M20:N20) -> 11254000

Sheet APG
A1: EJERCICIO: | D1: 2022 | P1: AUTORIZACION PARA GASTAR
A4: JURISDICCIÓN: | G4: =NP!D3 -> 040 - MINISTERIO DE SALUD
A5: SAF: | G5: =NP!D4 -> 011 - DIRECCION PROVINCIAL DE ADMINISTRACION DEL MINISTERIO DE SALUD
A6: UNIDAD EJECUTORA: | G6: =NP!D5 -> 352 - MINISTERIO DE SALUD
A7: DEPENDENCIA SOLICITANTE: | G7: =NP!D6 -> 352 - MINISTERIO DE SALUD
A8: AUTORIZACIÓN:
A9: Señor Director de Administración o Titular del Servicio Administrativo Financiero:
A10: Autorizo la realización de los trámites correspondientes, a fin de proveer a este Organismo los bienes, servicios o ejecución de obras públicas que se detallan en Nota de Pedido N° XX/2022 , afectando la erogación resultante a los créditos presupuestarios aprobados a favor de esta Unidad Ejecutora, conforme al siguiente detalle:
A12: IMPUTACIÓN PRESUPUESTARIA
A13: CÓDIGO | O13: DENOMINACIÓN DE LA PARTIDA PRESUPUESTARIA | Q13: IMPORTE
A14: PR | B14: SB | C14: PY | D14: AC | E14: OB | F14: UG | G14: FIN | H14: FUN | I14: I | J14: P | K14: P | L14: SubP | M14: M | N14: FF
A15: 1 | D15: 1 | F15: 4901 | G15: 3 | H15: 1 | I15: 2 | J15: 9 | K15: 1 | M15: 1 | N15: 1.1 | O15: ELEMENTOS DE LIMPIEZA | Q15: 3450000
A16: 1 | D16: 1 | F16: 4901 | G16: 3 | H16: 1 | I16: 4 | J16: 3 | K16: 7 | M16: 1 | N16: 1.1 | O16: EQUIPOS DE OFICINA Y MUEBLES | Q16: 7804000
A35: TOTAL DE PESOS: ONCE MILLONES DOSCIENTOS CINCUENTA Y CUATRO MIL CON 00/100.- | Q35: =SUM(Q15:Q34) -> 11254000
A37: JUSTIFICACIÓN:
A38: =NP!D8 -> ADQUISICION DE DESIERTOS Y FRACASADOS DE EQUIPAMIENTO PARA HOSPITALES DE LA PROVINCIA (ART. DEL HOGAR Y MUEBLES)
