Workbook

Sheet Necesidades Trimestrales
B2: Pedido de Necesidades Trimestrales
A4: JURISDICCION: | C4: 42-Ministerio de Salud
A5: SAF N°: | C5: 28- Maternidad Provincial 25 de Mayo
A6: EJERCICIO: | C6: 2020
A7: TRIMESTRE: | C7: 4to Trimestre
A9: ID | B9: CODIGO ITEM | C9: RUBRO DE COMPRA | D9: I.P.P. | E9: DESCRIPCION | F9: UNIDAD DE MEDIDA | G9: CANTIDAD | H9: PRECIO UNITARIO ESTIMADO | I9: IMPORTE TOTAL ESTIMADO
A10: 1 | C10: PROD. MEDICO/FARMACEUTICOS/LAB | D10: 2.5.2 | E10: ALBUMINA 20% X 50 ML | F10: UNIDAD | G10: 120 | H10: 2800 | I10: =G10*H10 -> 336000
A11: 2 | C11: PROD. MEDICO/FARMACEUTICOS/LAB | D11: 2.5.2 | E11: AMOXICILINA 500 MG COMPRIMIDO | F11: UNIDAD | G11: 1000 | H11: 10.4 | I11: =G11*H11 -> 10400
A12: 3 | C12: PROD. MEDICO/FARMACEUTICOS/LAB | D12: 2.5.2 | E12: AMPICILINA 1G FCO AMPOLLA | F12: UNIDAD | G12: 2000 | H12: 16 | I12: =G12*H12 -> 32000
A13: 4 | C13: PROD. MEDICO/FARMACEUTICOS/LAB | D13: 2.5.2 | E13: AZITROMICINA 500 MG COMPRIMIDOS | F13: UNIDAD | G13: 1200 | H13: 77.6 | I13: =G13*H13 -> 93120 | K13: ,
A14: 5 | C14: PROD. MEDICO/FARMACEUTICOS/LAB | D14: 2.5.2 | E14: BUPIVACAINA 5 MG / ML AMPOLLA DE 4 ML CON AGUJA 27 G X 3 1/2 CON INTRODUCTOR TIPO DURACAINE 0,5 % HIPERBARICA SCOTT CASARRA | F14: UNIDAD | G14: 960 | H14: 1850 | I14: =G14*H14 -> 1776000
A15: 6 | C15: PROD. MEDICO/FARMACEUTICOS/LAB | D15: 2.5.2 | E15: CEFALEXINA 500 MG COMPRIMIDOS | F15: UNIDAD | G15: 6000 | H15: 28.7 | I15: =G15*H15 -> 172200
A16: 7 | C16: PROD. MEDICO/FARMACEUTICOS/LAB | D16: 2.5.2 | E16: CILASTATIM IMIPENEM FRASCO AMPOLLA TIPO RICHET FRASCO QUE PERMITA RECONSTITUCION Y DOSIFICACION PARA EL SERVICIO DE NEONATOLOGIA | F16: UNIDAD | G16: 360 | H16: 1540 | I16: =G16*H16 -> 554400
A17: 8 | C17: PROD. MEDICO/FARMACEUTICOS/LAB | D17: 2.5.2 | E17: CLARITROMICINA 250 MG SUSPENSIÓN X 60 ML | F17: UNIDAD | G17: 50 | H17: 980 | I17: =G17*H17 -> 49000
A18: 9 | C18: PROD. MEDICO/FARMACEUTICOS/LAB | D18: 2.5.2 | E18: CLONAZEPAM 0,5 MG. COMPRIMIDOS | F18: UNIDAD | G18: 1000 | H18: 4.6 | I18: =G18*H18 -> 4600
A19: 10 | C19: PROD. MEDICO/FARMACEUTICOS/LAB | D19: 2.5.2 | E19: CLORURO DE POTASIO 223 MG/ML AMPOLLA | F19: UNIDAD | G19: 800 | H19: 69.6 | I19: =G19*H19 -> 55680
A20: 11 | C20: PROD. MEDICO/FARMACEUTICOS/LAB | D20: 2.5.2 | E20: DIAZEPAM 10 MG. AMPOLLA | F20: UNIDAD | G20: 200 | H20: 89.3 | I20: =G20*H20 -> 17860
A21: 12 | C21: PROD. MEDICO/FARMACEUTICOS/LAB | D21: 2.5.2 | E21: DOBUTAMINA 250 MG. F/A X1 X 20 ML | F21: UNIDAD | G21: 25 | H21: 930 | I21: =G21*H21 -> 23250
A22: 13 | C22: PROD. MEDICO/FARMACEUTICOS/LAB | D22: 2.5.2 | E22: ENALAPRIL 10 MG COMPRIMIDO | F22: UNIDAD | G22: 1000 | H22: 4.9 | I22: =G22*H22 -> 4900
A23: 14 | C23: PROD. MEDICO/FARMACEUTICOS/LAB | D23: 2.5.2 | E23: ETILEFRINA 10 MG. AMPOLLAS | F23: UNIDAD | G23: 1000 | H23: 132.1 | I23: =G23*H23 -> 132100
A24: 15 | C24: PROD. MEDICO/FARMACEUTICOS/LAB | D24: 2.5.2 | E24: FENITOINA 100 MG COMPRIMIDO | F24: UNIDAD | G24: 200 | H24: 13.6 | I24: =G24*H24 -> 2720
A25: 16 | C25: PROD. MEDICO/FARMACEUTICOS/LAB | D25: 2.5.2 | E25: FENOBARBITAL 100 MG. AMPOLLAS | F25: UNIDAD | G25: 100 | H25: 620.2 | I25: =G25*H25 -> 62020
... A44: 35 | C44: PROD. MEDICO/FARMACEUTICOS/LAB | D44: 2.5.2 | E44: VITAMINA K 10 MG AMPOLLA | F44: UNIDAD | G44: 200 | H44: 98.1 | I44: =G44*H44 -> 19620
B53: Especificidades Item N° :
B55: Descripción técnica
B57: Plazos y lugares de entrega
B60: Calidad Minima esperada
B62: Mantenimiento
B64: Garantia

Sheet  NotaPedido 288-20
A1: NOTA DE PEDIDO | J1: N° | K1: 288/2020
A3: JURISDICCIÓN: | D3: ='Necesidades Trimestrales'!C4 -> 42-Ministerio de Salud
A4: SAF: | D4: ='Necesidades Trimestrales'!C5 -> 28- Maternidad Provincial 25 de Mayo
A5: UNIDAD EJECUTORA: | D5: 169- Direccion Asistencial
A6: DEPENDENCIA SOLICITANTE: | D6: Servicio de Farmacia
A7: PERIODO UTILIZACIÓN: | D7: ='Necesidades Trimestrales'!C7 & " - Año " & 'Necesidades Trimestrales'!C6 -> 4to Trimestre - Año 2020
A8: OBJETO: | D8: ADQUISICION DE MEDICAMENTOS PARA FARMACIA
A10: Ítem | B10: Codigo Item | C10: DESCRIPCIÓN | H10: Adjunta Detalle Técnico | I10: Unidad Medida | J10: Precio Unitario Estimado | K10: Cantidad Solicitada
A12: 1 | B12: ='Necesidades Trimestrales'!B10 -> 0 | C12: ='Necesidades Trimestrales'!E10 -> ALBUMINA 20% X 50 ML | H12: NO | I12: ='Necesidades Trimestrales'!F10 -> UNIDAD | J12: ='Necesidades Trimestrales'!H10 -> 2800 | K12: ='Necesidades Trimestrales'!G10 -> 120
A13: 2 | B13: ='Necesidades Trimestrales'!B11 -> 0 | C13: ='Necesidades Trimestrales'!E11 -> AMOXICILINA 500 MG COMPRIMIDO | H13: NO | I13: ='Necesidades Trimestrales'!F11 -> UNIDAD | J13: ='Necesidades Trimestrales'!H11 -> 10.4 | K13: ='Necesidades Trimestrales'!G11 -> 1000
A14: 3 | B14: ='Necesidades Trimestrales'!B12 -> 0 | C14: ='Necesidades Trimestrales'!E12 -> AMPICILINA 1G FCO AMPOLLA | H14: NO | I14: ='Necesidades Trimestrales'!F12 -> UNIDAD | J14: ='Necesidades Trimestrales'!H12 -> 16 | K14: ='Necesidades Trimestrales'!G12 -> 2000
A15: 4 | B15: ='Necesidades Trimestrales'!B13 -> 0 | C15: ='Necesidades Trimestrales'!E13 -> AZITROMICINA 500 MG COMPRIMIDOS | H15: NO | I15: ='Necesidades Trimestrales'!F13 -> UNIDAD | J15: ='Necesidades Trimestrales'!H13 -> 77.6 | K15: ='Necesidades Trimestrales'!G13 -> 1200
A16: 5 | B16: ='Necesidades Trimestrales'!B14 -> 0 | C16: ='Necesidades Trimestrales'!E14 -> BUPIVACAINA 5 MG / ML AMPOLLA DE 4 ML CON AGUJA 27 G X 3 1/2 CON INTRODUCTOR TIPO DURACAINE 0,5 % HIPERBARICA SCOTT CASARRA | H16: NO | I16: ='Necesidades Trimestrales'!F14 -> UNIDAD | J16: ='Necesidades Trimestrales'!H14 -> 1850 | K16: ='Necesidades Trimestrales'!G14 -> 960
A17: 6 | B17: ='Necesidades Trimestrales'!B15 -> 0 | C17: ='Necesidades Trimestrales'!E15 -> CEFALEXINA 500 MG COMPRIMIDOS | H17: NO | I17: ='Necesidades Trimestrales'!F15 -> UNIDAD | J17: ='Necesidades Trimestrales'!H15 -> 28.7 | K17: ='Necesidades Trimestrales'!G15 -> 6000
A18: 7 | B18: ='Necesidades Trimestrales'!B16 -> 0 | C18: ='Necesidades Trimestrales'!E16 -> CILASTATIM IMIPENEM FRASCO AMPOLLA TIPO RICHET FRASCO QUE PERMITA RECONSTITUCION Y DOSIFICACION PARA EL SERVICIO DE NEONATOLOGIA | H18: NO | I18: ='Necesidades Trimestrales'!F16 -> UNIDAD | J18: ='Necesidades Trimestrales'!H16 -> 1540 | K18: ='Necesidades Trimestrales'!G16 -> 360
A19: 8 | B19: ='Necesidades Trimestrales'!B17 -> 0 | C19: ='Necesidades Trimestrales'!E17 -> CLARITROMICINA 250 MG SUSPENSIÓN X 60 ML | H19: NO | I19: ='Necesidades Trimestrales'!F17 -> UNIDAD | J19: ='Necesidades Trimestrales'!H17 -> 980 | K19: ='Necesidades Trimestrales'!G17 -> 50
A20: 9 | B20: ='Necesidades Trimestrales'!B18 -> 0 | C20: ='Necesidades Trimestrales'!E18 -> CLONAZEPAM 0,5 MG. COMPRIMIDOS | H20: NO | I20: ='Necesidades Trimestrales'!F18 -> UNIDAD | J20: ='Necesidades Trimestrales'!H18 -> 4.6 | K20: ='Necesidades Trimestrales'!G18 -> 1000
A21: 10 | B21: ='Necesidades Trimestrales'!B19 -> 0 | C21: ='Necesidades Trimestrales'!E19 -> CLORURO DE POTASIO 223 MG/ML AMPOLLA | H21: NO | I21: ='Necesidades Trimestrales'!F19 -> UNIDAD | J21: ='Necesidades Trimestrales'!H19 -> 69.6 | K21: ='Necesidades Trimestrales'!G19 -> 800
A22: 11 | B22: ='Necesidades Trimestrales'!B20 -> 0 | C22: ='Necesidades Trimestrales'!E20 -> DIAZEPAM 10 MG. AMPOLLA | H22: NO | I22: ='Necesidades Trimestrales'!F20 -> UNIDAD | J22: ='Necesidades Trimestrales'!H20 -> 89.3 | K22: ='Necesidades Trimestrales'!G20 -> 200
A23: 12 | B23: ='Necesidades Trimestrales'!B21 -> 0 | C23: ='Necesidades Trimestrales'!E21 -> DOBUTAMINA 250 MG. F/A X1 X 20 ML | H23: NO | I23: ='Necesidades Trimestrales'!F21 -> UNIDAD | J23: ='Necesidades Trimestrales'!H21 -> 930 | K23: ='Necesidades Trimestrales'!G21 -> 25
... A46: 35 | B46: ='Necesidades Trimestrales'!B44 -> 0 | C46: ='Necesidades Trimestrales'!E44 -> VITAMINA K 10 MG AMPOLLA | H46: NO | I46: ='Necesidades Trimestrales'!F44 -> UNIDAD | J46: ='Necesidades Trimestrales'!H44 -> 98.1 | K46: ='Necesidades Trimestrales'!G44 -> 200
A47: Costo total estimado: Nueve Millones Siscientos treinta y dos mil cuatricientos setenta y ocho con 00/100 | J47: =SUMPRODUCT(J12:J46,K12:K46) -> 9632478
B50: Lugar de entrega: Servicio de Farmacia de Maternidad Provincial 25 de Mayo-Herando de Pedraza 1.650
B51: Horario de entrega: de 8:00 a 12:00 hs.
B52: Plazo de entrega: Quince (15) dias habiles

Sheet Autor Gastar
A1: EJERCICIO: | D1: ='Necesidades Trimestrales'!C6 -> 2020 | P1: AUTORIZACION PARA GASTAR
A4: JURISDICCIÓN: | G4: =' NotaPedido 288-20'!D3 -> 42-Ministerio de Salud
A5: SAF: | G5: =' NotaPedido 288-20'!D4 -> 28- Maternidad Provincial 25 de Mayo
A6: UNIDAD EJECUTORA: | G6: =' NotaPedido 288-20'!D5 -> 169- Direccion Asistencial
A7: DEPENDENCIA SOLICITANTE: | G7: =' NotaPedido 288-20'!D6 -> Servicio de Farmacia
A8: AUTORIZACIÓN:
A9: Señor Jefe de Servicio Administrativo Financiero:
A10: ="Autorizo la realización de los trámites correspondientes, a fin de proveer a este Organismo los bienes y/o servicios que se detallan en Nota de Pedido N° " & ' NotaPedido 288-20'!K1&", afectando la erogación resultante a los créditos presupuestarios aprobados a favor de esta Unidad Ejecutora, conforme al siguiente detalle:" -> Autorizo la realización de los trámites correspondientes, a fin de proveer a este Organismo los bienes y/o servicios que se detallan en Nota de Pedido N° 288/2020, afectando la erogación resultante a los créditos presupuestarios aprobados a favor de esta Unidad Ejecutora, conforme al siguiente detalle:
A12: IMPUTACIÓN PRESUPUESTARIA
A13: CÓDIGO | O13: DENOMINACIÓN DE LA PARTIDA PRESUPUESTARIA | Q13: IMPORTE
A14: PR | B14: SB | C14: PY | D14: AC | E14: OB | F14: UG | G14: FIN | H14: FUN | I14: I | J14: P | K14: P | L14: SubP | M14: M | N14: FF
A15: 42 | D15: 2 | F15: 4901 | G15: 3 | H15: 1 | I15: 2 | J15: 5 | K15: 2 | M15: 1 | N15: 1.1 | O15: Productos faramceuticos y medicinales | Q15: 9632478
A21: TOTAL DE PESOS: Nueve millones saiscientos treinta y dos mil cuatrocientos setenta y ocho con 00/100 | Q21: =SUM(Q15:Q20) -> 9632478
A23: JUSTIFICACIÓN:
A24: Para la adquisición de medicamentos, para ser destinados al Servico de Farmacia de Maternidad Provicial 25 de Mayo.
