Workbook

Sheet SAF 011
A1: 2022
B2: Pedido de Necesidades Trimestrales
A4: JURISDICCION: | C4: 040 - MINISTERIO DE SALUD
A5: SAF N°: | C5: 011 - DIRECCION PROVINCIAL DE ADMINISTRACION - MINISTERIO DE SALUD
A6: EJERCICIO: | C6: 2022
A7: TRIMESTRE: | C7: TERCERO
A9: ID | B9: CODIGO ITEM | C9: RUBRO DE COMPRA | D9: I.P.P. | E9: DESCRIPCION | F9: UNIDAD DE MEDIDA | G9: CANTIDAD TOTAL | H9: PRECIO UNITARIO ESTIMADO | I9: IMPORTE TOTAL ESTIMADO | J9: ESPECIFICACION TECNICA
A10: 1 | B10: 2.1.1-7915.14 | C10: ALIMENTOS | D10: 2.1.1 | E10: AGUA POTABLE; TIPO: POTABILIZADA SIN GASIFICAR; PRESENTACION: SEGÚN PLIEGO, MATERIAL ENVASE: SEGÚN PLIEGO, TIPO ENVASE: SEGÚN PLIEGO | F10: BIDON | G10: 1470 | H10: 600 | I10: 882000 | J10: - Proveer con los bidones 100 dispenser aprox. de agua fria y caliente, incluyendo el mantenimiento de los mismos, hasta 5 días posteriores a la última entrega de bidones. La entrega deberá ser libre de flete, acarreo, embalaje y libre de cualquier riesgo de pérdida o destrucción total o parcialpor causas ajenas a la instalación. - Indicar marca comercial - Cumplir con los requisitos establecidos por el Código Alimentario Argentino (ley 18.284 modificaciones y reglamentaciones) - Contar con habilitacion bromatologica para este tipo de bienes.
E11: TOTAL RUBRO ALIMENTOS (BIDONES DE AGUA) | I11: =+I10 -> 882000
C14: Descripción técnica Item 1 | D14: - Proveer con los bidones 100 dispenser aprox. de agua fria y caliente, incluyendo el mantenimiento de los mismos, hasta 5 días posteriores a la última entrega de bidones. La entrega deberá ser libre de flete, acarreo, embalaje y libre de cualquier riesgo de pérdida o destrucción total o parcialpor causas ajenas a la instalación.
D15: - Indicar marca comercial.
D16: - Cumplir con los requisitos establecidos por el Código Alimentario Argentino (ley 18.284 modificaciones y reglamentaciones) para este tipo de bienes.
D17: - Contar con habilitacion bromatologica.
C19: Plazos de entrega: | D19: SEMANAL, siendo la 1° entregabdentro de los cinco (5) dias hábiles de notificada la Orden de Compra. Pago: MENSUAL.
D20: Se realizará la entrega de 123 bidones de 20 Lts. En las primeras 3 semanas y, 124 bidones de 20 lts. En la última semana de cada mes, lo que hace la suma de de 490 bidones mensuales que representaun total de 1470 bidones trimestrales.
C21: Lugar de Entrega: | D21: SECRETARIA DE AMINISTRACION - CHACABUCO N° 169 - en el horario de 8:00 hs a 12:00 hs de lunes a viernes
C23: Calidad Minima esperada: | D23: ALTA
C25: Mantenimiento: | D25: CUARENTA Y CINCO (45) DÍAS.

Sheet NP SMPyPS
A1: NOTA DE PEDIDO | J1: N°
A3: JURISDICCIÓN: | D3: ='SAF 011'!C4 -> 040 - MINISTERIO DE SALUD
A4: SAF: | D4: ='SAF 011'!C5 -> 011 - DIRECCION PROVINCIAL DE ADMINISTRACION - MINISTERIO DE SALUD
A5: UNIDAD EJECUTORA: | D5: 744 - SECRETARIA DE MEDICINA PREVENTIVA Y PROMOCION EN SALUD
A6: DEPENDENCIA SOLICITANTE: | D6: 744 - SECRETARIA DE MEDICINA PREVENTIVA Y PROMOCION EN SALUD
A7: PERIODO UTILIZACIÓN: | D7: TRES (3) MESES
A8: OBJETO: | D8: ADQ. DEL RUBRO ALIMENTOS PARA PERSONAS (BIDONES DE AGUA)
A10: Ítem | B10: Codigo Item | C10: DESCRIPCIÓN | H10: Adjunta Detalle Técnico | I10: Unidad Medida | J10: Precio Unitario Estimado | K10: Cantidad Solicitada
A12: 1 | B12: ='SAF 011'!B10 -> 2.1.1-7915.14 | C12: ='SAF 011'!E10 -> AGUA POTABLE; TIPO: POTABILIZADA SIN GASIFICAR; PRESENTACION: SEGÚN PLIEGO, MATERIAL ENVASE: SEGÚN PLIEGO, TIPO ENVASE: SEGÚN PLIEGO | H12: NO | I12: UNIDAD | J12: ='SAF 011'!H10 -> 600 | K12: ='SAF 011'!#REF! -> #REF!
A14: Costo total estimado: PESOS SETENTA Y CINCO MIL CON 00/100.- | J14: =+J12*K12 -> #REF!

Sheet APG SMPyPS
A1: EJERCICIO: | D1: 2022 | P1: AUTORIZACION PARA GASTAR
A4: JURISDICCIÓN: | G4: ='NP SMPyPS'!D3 -> 040 - MINISTERIO DE SALUD
A5: SAF: | G5: ='NP SMPyPS'!D4 -> 011 - DIRECCION PROVINCIAL DE ADMINISTRACION - MINISTERIO DE SALUD
A6: UNIDAD EJECUTORA: | G6: ='NP SMPyPS'!D5 -> 744 - SECRETARIA DE MEDICINA PREVENTIVA Y PROMOCION EN SALUD
A7: DEPENDENCIA SOLICITANTE: | G7: ='NP SMPyPS'!D6 -> 744 - SECRETARIA DE MEDICINA PREVENTIVA Y PROMOCION EN SALUD
A8: AUTORIZACIÓN:
A9: Señor Director de Administración o Titular del Servicio Administrativo Financiero:
A10: Autorizo la realización de los trámites correspondientes, a fin de proveer a este Organismo los bienes que se detallan en Nota de Pedido N°....... , afectando la erogación resultante a los créditos presupuestarios aprobados a favor de esta Unidad Ejecutora, conforme al siguiente detalle:
A12: IMPUTACIÓN PRESUPUESTARIA
A13: CÓDIGO | O13: DENOMINACIÓN DE LA PARTIDA PRESUPUESTARIA | Q13: IMPORTE
A14: PR | B14: SB | C14: PY | D14: AC | E14: OB | F14: UG | G14: FIN | H14: FUN | I14: I | J14: P | K14: P | L14: SubP | M14: M | N14: FF
A15: 4 | D15: 1 | F15: 4901 | G15: 1 | H15: 3 | I15: 2 | J15: 1 | K15: 1 | M15: 1 | N15: 1.1 | O15: ALIMENTOS PARA PERSONAS | Q15: 5000
A16: 4 | D16: 2 | F16: 4901 | G16: 3 | H16: 1 | I16: 2 | J16: 1 | K16: 1 | M16: 1 | N16: 1.1 | O16: ALIMENTOS PARA PERSONAS | Q16: 70000
A38: TOTAL DE PESOS: SETENTA Y CINCO MIL CON 00/100.- | Q38: =SUM(Q15:Q37) -> 75000
A40: JUSTIFICACIÓN:
A41: ='NP SMPyPS'!D8 -> ADQ. DEL RUBRO ALIMENTOS PARA PERSONAS (BIDONES DE AGUA)

Sheet NP Lab.
A1: NOTA DE PEDIDO | J1: N°
A3: JURISDICCIÓN: | D3: ='SAF 011'!C4 -> 040 - MINISTERIO DE SALUD
A4: SAF: | D4: ='SAF 011'!C5 -> 011 - DIRECCION PROVINCIAL DE ADMINISTRACION - MINISTERIO DE SALUD
A5: UNIDAD EJECUTORA: | D5: 468 - DIRECCIÓN PROVINCIAL DE LABORATORIO
A6: DEPENDENCIA SOLICITANTE: | D6: 468 - DIRECCIÓN PROVINCIAL DE LABORATORIO
A7: PERIODO UTILIZACIÓN: | D7: TRES (3) MESES
A8: OBJETO: | D8: ADQ. DEL RUBRO ALIMENTOS PARA PERSONAS (BIDONES DE AGUA)
A10: Ítem | B10: Codigo Item | C10: DESCRIPCIÓN | H10: Adjunta Detalle Técnico | I10: Unidad Medida | J10: Precio Unitario Estimado | K10: Cantidad Solicitada
A12: 1 | B12: ='SAF 011'!B10 -> 2.1.1-7915.14 | C12: ='SAF 011'!E10 -> AGUA POTABLE; TIPO: POTABILIZADA SIN GASIFICAR; PRESENTACION: SEGÚN PLIEGO, MATERIAL ENVASE: SEGÚN PLIEGO, TIPO ENVASE: SEGÚN PLIEGO | H12: NO | I12: UNIDAD | J12: ='SAF 011'!H10 -> 600 | K12: 40
A14: Costo total estimado: PESOS VEINTICUATRO MIL CON 00/100.- | J14: =+J12*K12 -> 24000

Sheet APG Lab.
A1: EJERCICIO: | D1: 2022 | P1: AUTORIZACION PARA GASTAR
A4: JURISDICCIÓN: | G4: ='NP SMPyPS'!D3 -> 040 - MINISTERIO DE SALUD
A5: SAF: | G5: ='NP SMPyPS'!D4 -> 011 - DIRECCION PROVINCIAL DE ADMINISTRACION - MINISTERIO DE SALUD
A6: UNIDAD EJECUTORA: | G6: 468 - DIRECCIÓN PROVINCIAL DE LABORATORIO
A7: DEPENDENCIA SOLICITANTE: | G7: 468 - DIRECCIÓN PROVINCIAL DE LABORATORIO
A8: AUTORIZACIÓN:
A9: Señor Director de Administración o Titular del Servicio Administrativo Financiero:
A10: Autorizo la realización de los trámites correspondientes, a fin de proveer a este Organismo los bienes que se detallan en Nota de Pedido N°....... , afectando la erogación resultante a los créditos presupuestarios aprobados a favor de esta Unidad Ejecutora, conforme al siguiente detalle:
A12: IMPUTACIÓN PRESUPUESTARIA
A13: CÓDIGO | O13: DENOMINACIÓN DE LA PARTIDA PRESUPUESTARIA | Q13: IMPORTE
A14: PR | B14: SB | C14: PY | D14: AC | E14: OB | F14: UG | G14: FIN | H14: FUN | I14: I | J14: P | K14: P | L14: SubP | M14: M | N14: FF
A15: 62 | D15: 1 | F15: 4901 | G15: 1 | H15: 3 | I15: 2 | J15: 1 | K15: 1 | M15: 1 | N15: 1.1 | O15: ALIMENTOS PARA PERSONAS | Q15: 24000
A38: TOTAL DE PESOS: VEINTICUATRO MIL CON 00/100.- | Q38: =SUM(Q15:Q37) -> 24000
A40: JUSTIFICACIÓN:
A41: ='NP SMPyPS'!D8 -> ADQ. DEL RUBRO ALIMENTOS PARA PERSONAS (BIDONES DE AGUA)

Sheet NP DPBS
A1: NOTA DE PEDIDO | J1: N°
A3: JURISDICCIÓN: | D3: ='SAF 011'!C4 -> 040 - MINISTERIO DE SALUD
A4: SAF: | D4: ='SAF 011'!C5 -> 011 - DIRECCION PROVINCIAL DE ADMINISTRACION - MINISTERIO DE SALUD
A5: UNIDAD EJECUTORA: | D5: 747 - DIRECCION PROVINCIAL BANCO DE SANGRE
A6: DEPENDENCIA SOLICITANTE: | D6: 747 - DIRECCION PROVINCIAL BANCO DE SANGRE
A7: PERIODO UTILIZACIÓN: | D7: TRES (3) MESES
A8: OBJETO: | D8: ADQ. DEL RUBRO ALIMENTOS PARA PERSONAS (BIDONES DE AGUA)
A10: Ítem | B10: Codigo Item | C10: DESCRIPCIÓN | H10: Adjunta Detalle Técnico | I10: Unidad Medida | J10: Precio Unitario Estimado | K10: Cantidad Solicitada
A12: 1 | B12: ='SAF 011'!B10 -> 2.1.1-7915.14 | C12: ='SAF 011'!E10 -> AGUA POTABLE; TIPO: POTABILIZADA SIN GASIFICAR; PRESENTACION: SEGÚN PLIEGO, MATERIAL ENVASE: SEGÚN PLIEGO, TIPO ENVASE: SEGÚN PLIEGO | H12: NO | I12: UNIDAD | J12: ='SAF 011'!H10 -> 600 | K12: ='SAF 011'!#REF! -> #REF!
A14: Costo total estimado: PESOS SESENTA MIL CON 00/100.- | J14: =+J12*K12 -> #REF!

Sheet APG DPBS
A1: EJERCICIO: | D1: 2022 | P1: AUTORIZACION PARA GASTAR
A4: JURISDICCIÓN: | G4: ='NP DPBS'!D3 -> 040 - MINISTERIO DE SALUD
A5: SAF: | G5: ='NP DPBS'!D4 -> 011 - DIRECCION PROVINCIAL DE ADMINISTRACION - MINISTERIO DE SALUD
A6: UNIDAD EJECUTORA: | G6: ='NP DPBS'!D5 -> 747 - DIRECCION PROVINCIAL BANCO DE SANGRE
A7: DEPENDENCIA SOLICITANTE: | G7: ='NP DPBS'!D6 -> 747 - DIRECCION PROVINCIAL BANCO DE SANGRE
A8: AUTORIZACIÓN:
A9: Señor Director de Administración o Titular del Servicio Administrativo Financiero:
A10: Autorizo la realización de los trámites correspondientes, a fin de proveer a este Organismo los bienes que se detallan en Nota de Pedido N°....... , afectando la erogación resultante a los créditos presupuestarios aprobados a favor de esta Unidad Ejecutora, conforme al siguiente detalle:
A12: IMPUTACIÓN PRESUPUESTARIA
A13: CÓDIGO | O13: DENOMINACIÓN DE LA PARTIDA PRESUPUESTARIA | Q13: IMPORTE
A14: PR | B14: SB | C14: PY | D14: AC | E14: OB | F14: UG | G14: FIN | H14: FUN | I14: I | J14: P | K14: P | L14: SubP | M14: M | N14: FF
A15: 27 | D15: 1 | F15: 4901 | G15: 3 | H15: 1 | I15: 2 | J15: 1 | K15: 1 | M15: 1 | N15: 1.1 | O15: ALIMENTOS PARA PERSONAS | Q15: ='NP DPBS'!J14 -> #REF!
A38: TOTAL DE PESOS: SESENTA MIL CON 00/100.- | Q38: =SUM(Q15:Q37) -> #REF!
A40: JUSTIFICACIÓN:
A41: ='NP DPBS'!D8 -> ADQ. DEL RUBRO ALIMENTOS PARA PERSONAS (BIDONES DE AGUA)

Sheet NP DPMIA
A1: NOTA DE PEDIDO | J1: N°
A3: JURISDICCIÓN: | D3: ='SAF 011'!C4 -> 040 - MINISTERIO DE SALUD
A4: SAF: | D4: ='SAF 011'!C5 -> 011 - DIRECCION PROVINCIAL DE ADMINISTRACION - MINISTERIO DE SALUD
A5: UNIDAD EJECUTORA: | D5: 162 - DIRECCION PROVINCIAL MATERNIDAD, INFANCIA Y ADOLESCENCIA
A6: DEPENDENCIA SOLICITANTE: | D6: 162 - DIRECCION PROVINCIAL MATERNIDAD, INFANCIA Y ADOLESCENCIA
A7: PERIODO UTILIZACIÓN: | D7: TRES (3) MESES
A8: OBJETO: | D8: ADQ. DEL RUBRO ALIMENTOS PARA PERSONAS (BIDONES DE AGUA)
A10: Ítem | B10: Codigo Item | C10: DESCRIPCIÓN | H10: Adjunta Detalle Técnico | I10: Unidad Medida | J10: Precio Unitario Estimado | K10: Cantidad Solicitada
A12: 1 | B12: ='SAF 011'!B10 -> 2.1.1-7915.14 | C12: ='SAF 011'!E10 -> AGUA POTABLE; TIPO: POTABILIZADA SIN GASIFICAR; PRESENTACION: SEGÚN PLIEGO, MATERIAL ENVASE: SEGÚN PLIEGO, TIPO ENVASE: SEGÚN PLIEGO | H12: NO | I12: UNIDAD | J12: ='SAF 011'!H10 -> 600 | K12: ='SAF 011'!#REF! -> #REF!
A14: Costo total estimado: PESOS CIENTO VEINTE MIL CON 00/100.- | J14: =+J12*K12 -> #REF!

Sheet APG DPMIA
A1: EJERCICIO: | D1: 2022 | P1: AUTORIZACION PARA GASTAR
A4: JURISDICCIÓN: | G4: ='NP DPMIA'!D3 -> 040 - MINISTERIO DE SALUD
A5: SAF: | G5: ='NP DPMIA'!D4 -> 011 - DIRECCION PROVINCIAL DE ADMINISTRACION - MINISTERIO DE SALUD
A6: UNIDAD EJECUTORA: | G6: ='NP DPMIA'!D5 -> 162 - DIRECCION PROVINCIAL MATERNIDAD, INFANCIA Y ADOLESCENCIA
A7: DEPENDENCIA SOLICITANTE: | G7: ='NP DPMIA'!D6 -> 162 - DIRECCION PROVINCIAL MATERNIDAD, INFANCIA Y ADOLESCENCIA
A8: AUTORIZACIÓN:
A9: Señor Director de Administración o Titular del Servicio Administrativo Financiero:
A10: Autorizo la realización de los trámites correspondientes, a fin de proveer a este Organismo los bienes que se detallan en Nota de Pedido N°....... , afectando la erogación resultante a los créditos presupuestarios aprobados a favor de esta Unidad Ejecutora, conforme al siguiente detalle:
A12: IMPUTACIÓN PRESUPUESTARIA
A13: CÓDIGO | O13: DENOMINACIÓN DE LA PARTIDA PRESUPUESTARIA | Q13: IMPORTE
A14: PR | B14: SB | C14: PY | D14: AC | E14: OB | F14: UG | G14: FIN | H14: FUN | I14: I | J14: P | K14: P | L14: SubP | M14: M | N14: FF
A15: 20 | D15: 1 | F15: 4901 | G15: 3 | H15: 1 | I15: 2 | J15: 1 | K15: 1 | M15: 1 | N15: 1.1 | O15: ALIMENTOS PARA PERSONAS | Q15: ='NP DPMIA'!J14 -> #REF!
A38: TOTAL DE PESOS: CIENTO VEINTE MIL CON 00/100.- | Q38: =SUM(Q15:Q37) -> #REF!
A40: JUSTIFICACIÓN:
A41: ='NP DPMIA'!D8 -> ADQ. DEL RUBRO ALIMENTOS PARA PERSONAS (BIDONES DE AGUA)

Sheet NP SASP
A1: NOTA DE PEDIDO | J1: N°
A3: JURISDICCIÓN: | D3: ='SAF 011'!C4 -> 040 - MINISTERIO DE SALUD
A4: SAF: | D4: ='SAF 011'!C5 -> 011 - DIRECCION PROVINCIAL DE ADMINISTRACION - MINISTERIO DE SALUD
A5: UNIDAD EJECUTORA: | D5: 743 - SECRETARIA DE ASISTENCIA EN SALUD PUBLICA
A6: DEPENDENCIA SOLICITANTE: | D6: 743 - SECRETARIA DE ASISTENCIA EN SALUD PUBLICA
A7: PERIODO UTILIZACIÓN: | D7: TRES (3) MESES
A8: OBJETO: | D8: ADQ. DEL RUBRO ALIMENTOS PARA PERSONAS (BIDONES DE AGUA)
A10: Ítem | B10: Codigo Item | C10: DESCRIPCIÓN | H10: Adjunta Detalle Técnico | I10: Unidad Medida | J10: Precio Unitario Estimado | K10: Cantidad Solicitada
A12: 1 | B12: ='SAF 011'!B10 -> 2.1.1-7915.14 | C12: ='SAF 011'!E10 -> AGUA POTABLE; TIPO: POTABILIZADA SIN GASIFICAR; PRESENTACION: SEGÚN PLIEGO, MATERIAL ENVASE: SEGÚN PLIEGO, TIPO ENVASE: SEGÚN PLIEGO | H12: NO | I12: UNIDAD | J12: ='SAF 011'!H10 -> 600 | K12: ='SAF 011'!#REF! -> #REF!
A14: Costo total estimado: PESOS CIENTO CINCUENTA MIL CON 00/100.- | J14: =+J12*K12 -> #REF!

Sheet APG SASP
A1: EJERCICIO: | D1: 2022 | P1: AUTORIZACION PARA GASTAR
A4: JURISDICCIÓN: | G4: ='NP SASP'!D3 -> 040 - MINISTERIO DE SALUD
A5: SAF: | G5: ='NP SASP'!D4 -> 011 - DIRECCION PROVINCIAL DE ADMINISTRACION - MINISTERIO DE SALUD
A6: UNIDAD EJECUTORA: | G6: ='NP SASP'!D5 -> 743 - SECRETARIA DE ASISTENCIA EN SALUD PUBLICA
A7: DEPENDENCIA SOLICITANTE: | G7: ='NP SASP'!D6 -> 743 - SECRETARIA DE ASISTENCIA EN SALUD PUBLICA
A8: AUTORIZACIÓN:
A9: Señor Director de Administración o Titular del Servicio Administrativo Financiero:
A10: Autorizo la realización de los trámites correspondientes, a fin de proveer a este Organismo los bienes que se detallan en Nota de Pedido N°....... , afectando la erogación resultante a los créditos presupuestarios aprobados a favor de esta Unidad Ejecutora, conforme al siguiente detalle:
A12: IMPUTACIÓN PRESUPUESTARIA
A13: CÓDIGO | O13: DENOMINACIÓN DE LA PARTIDA PRESUPUESTARIA | Q13: IMPORTE
A14: PR | B14: SB | C14: PY | D14: AC | E14: OB | F14: UG | G14: FIN | H14: FUN | I14: I | J14: P | K14: P | L14: SubP | M14: M | N14: FF
A15: 3 | D15: 1 | F15: 4901 | G15: 1 | H15: 3 | I15: 2 | J15: 1 | K15: 1 | M15: 1 | N15: 1.1 | O15: ALIMENTOS PARA PERSONAS | Q15: ='NP SASP'!J14 -> #REF!
A38: TOTAL DE PESOS: CIENTO CINCUENTA MIL CON 00/100.- | Q38: =SUM(Q15:Q37) -> #REF!
A40: JUSTIFICACIÓN:
A41: ='NP SASP'!D8 -> ADQ. DEL RUBRO ALIMENTOS PARA PERSONAS (BIDONES DE AGUA)

Sheet NP DCVyZ
A1: NOTA DE PEDIDO | J1: N°
A3: JURISDICCIÓN: | D3: ='SAF 011'!C4 -> 040 - MINISTERIO DE SALUD
A4: SAF: | D4: ='SAF 011'!C5 -> 011 - DIRECCION PROVINCIAL DE ADMINISTRACION - MINISTERIO DE SALUD
A5: UNIDAD EJECUTORA: | D5: 746 - DIRECCION DE CONTROL DE VECTORES Y ZOONOSIS
A6: DEPENDENCIA SOLICITANTE: | D6: 746 - DIRECCION DE CONTROL DE VECTORES Y ZOONOSIS
A7: PERIODO UTILIZACIÓN: | D7: TRES (3) MESES
A8: OBJETO: | D8: ADQ. DEL RUBRO ALIMENTOS PARA PERSONAS (BIDONES DE AGUA)
A10: Ítem | B10: Codigo Item | C10: DESCRIPCIÓN | H10: Adjunta Detalle Técnico | I10: Unidad Medida | J10: Precio Unitario Estimado | K10: Cantidad Solicitada
A12: 1 | B12: ='SAF 011'!B10 -> 2.1.1-7915.14 | C12: ='SAF 011'!E10 -> AGUA POTABLE; TIPO: POTABILIZADA SIN GASIFICAR; PRESENTACION: SEGÚN PLIEGO, MATERIAL ENVASE: SEGÚN PLIEGO, TIPO ENVASE: SEGÚN PLIEGO | H12: NO | I12: UNIDAD | J12: ='SAF 011'!H10 -> 600 | K12: ='SAF 011'!#REF! -> #REF!
A14: Costo total estimado: PESOS SETENTA Y OCHO MIL CON 00/100.- | J14: =+J12*K12 -> #REF!

Sheet APG DCVyZ
A1: EJERCICIO: | D1: 2022 | P1: AUTORIZACION PARA GASTAR
A4: JURISDICCIÓN: | G4: ='NP DCVyZ'!D3 -> 040 - MINISTERIO DE SALUD
A5: SAF: | G5: ='NP DCVyZ'!D4 -> 011 - DIRECCION PROVINCIAL DE ADMINISTRACION - MINISTERIO DE SALUD
A6: UNIDAD EJECUTORA: | G6: ='NP DCVyZ'!D5 -> 746 - DIRECCION DE CONTROL DE VECTORES Y ZOONOSIS
A7: DEPENDENCIA SOLICITANTE: | G7: ='NP DCVyZ'!D6 -> 746 - DIRECCION DE CONTROL DE VECTORES Y ZOONOSIS
A8: AUTORIZACIÓN:
A9: Señor Director de Administración o Titular del Servicio Administrativo Financiero:
A10: Autorizo la realización de los trámites correspondientes, a fin de proveer a este Organismo los bienes que se detallan en Nota de Pedido N°....... , afectando la erogación resultante a los créditos presupuestarios aprobados a favor de esta Unidad Ejecutora, conforme al siguiente detalle:
A12: IMPUTACIÓN PRESUPUESTARIA
A13: CÓDIGO | O13: DENOMINACIÓN DE LA PARTIDA PRESUPUESTARIA | Q13: IMPORTE
A14: PR | B14: SB | C14: PY | D14: AC | E14: OB | F14: UG | G14: FIN | H14: FUN | I14: I | J14: P | K14: P | L14: SubP | M14: M | N14: FF
A15: 23 | D15: 1 | F15: 4901 | G15: 3 | H15: 1 | I15: 2 | J15: 1 | K15: 1 | M15: 1 | N15: 1.1 | O15: ALIMENTOS PARA PERSONAS | Q15: ='NP DCVyZ'!J14 -> #REF!
A38: TOTAL DE PESOS: SETENTA Y OCHO MIL CON 00/100.- | Q38: =SUM(Q15:Q37) -> #REF!
A40: JUSTIFICACIÓN:
A41: ='NP DCVyZ'!D8 -> ADQ. DEL RUBRO ALIMENTOS PARA PERSONAS (BIDONES DE AGUA)

Sheet NP DPAIPD
A1: NOTA DE PEDIDO | J1: N°
A3: JURISDICCIÓN: | D3: ='SAF 011'!C4 -> 040 - MINISTERIO DE SALUD
A4: SAF: | D4: ='SAF 011'!C5 -> 011 - DIRECCION PROVINCIAL DE ADMINISTRACION - MINISTERIO DE SALUD
A5: UNIDAD EJECUTORA: | D5: 096 - DIRECCION PROVINCIAL DE ATENCION INTEGRAL A PERSONAS CON DISCAPACIDAD
A6: DEPENDENCIA SOLICITANTE: | D6: 096 - DIRECCION PROVINCIAL DE ATENCION INTEGRAL A PERSONAS CON DISCAPACIDAD
A7: PERIODO UTILIZACIÓN: | D7: TRES (3) MESES
A8: OBJETO: | D8: ADQ. DEL RUBRO ALIMENTOS PARA PERSONAS (BIDONES DE AGUA)
A10: Ítem | B10: Codigo Item | C10: DESCRIPCIÓN | H10: Adjunta Detalle Técnico | I10: Unidad Medida | J10: Precio Unitario Estimado | K10: Cantidad Solicitada
A12: 1 | B12: ='SAF 011'!B10 -> 2.1.1-7915.14 | C12: ='SAF 011'!E10 -> AGUA POTABLE; TIPO: POTABILIZADA SIN GASIFICAR; PRESENTACION: SEGÚN PLIEGO, MATERIAL ENVASE: SEGÚN PLIEGO, TIPO ENVASE: SEGÚN PLIEGO | H12: NO | I12: UNIDAD | J12: ='SAF 011'!H10 -> 600 | K12: ='SAF 011'!#REF! -> #REF!
A14: Costo total estimado: PESOS CIENTO OCHO MIL CON 00/100.- | J14: =+J12*K12 -> #REF!

Sheet APG DPAIPD
A1: EJERCICIO: | D1: 2022 | P1: AUTORIZACION PARA GASTAR
A4: JURISDICCIÓN: | G4: ='NP DPAIPD'!D3 -> 040 - MINISTERIO DE SALUD
A5: SAF: | G5: ='NP DPAIPD'!D4 -> 011 - DIRECCION PROVINCIAL DE ADMINISTRACION - MINISTERIO DE SALUD
A6: UNIDAD EJECUTORA: | G6: ='NP DPAIPD'!D5 -> 096 - DIRECCION PROVINCIAL DE ATENCION INTEGRAL A PERSONAS CON DISCAPACIDAD
A7: DEPENDENCIA SOLICITANTE: | G7: ='NP DPAIPD'!D6 -> 096 - DIRECCION PROVINCIAL DE ATENCION INTEGRAL A PERSONAS CON DISCAPACIDAD
A8: AUTORIZACIÓN:
A9: Señor Director de Administración o Titular del Servicio Administrativo Financiero:
A10: Autorizo la realización de los trámites correspondientes, a fin de proveer a este Organismo los bienes que se detallan en Nota de Pedido N°....... , afectando la erogación resultante a los créditos presupuestarios aprobados a favor de esta Unidad Ejecutora, conforme al siguiente detalle:
A12: IMPUTACIÓN PRESUPUESTARIA
A13: CÓDIGO | O13: DENOMINACIÓN DE LA PARTIDA PRESUPUESTARIA | Q13: IMPORTE
A14: PR | B14: SB | C14: PY | D14: AC | E14: OB | F14: UG | G14: FIN | H14: FUN | I14: I | J14: P | K14: P | L14: SubP | M14: M | N14: FF
A15: 26 | D15: 1 | F15: 4901 | G15: 3 | H15: 1 | I15: 2 | J15: 1 | K15: 1 | M15: 1 | N15: 1.1 | O15: ALIMENTOS PARA PERSONAS | Q15: ='NP DPAIPD'!J14 -> #REF!
A38: TOTAL DE PESOS: CIENTO OCHO MIL CON 00/100.- | Q38: =SUM(Q15:Q37) -> #REF!
A40: JUSTIFICACIÓN:
A41: ='NP DPAIPD'!D8 -> ADQ. DEL RUBRO ALIMENTOS PARA PERSONAS (BIDONES DE AGUA)

Sheet NP SPyGS
A1: NOTA DE PEDIDO | J1: N°
A3: JURISDICCIÓN: | D3: ='SAF 011'!C4 -> 040 - MINISTERIO DE SALUD
A4: SAF: | D4: ='SAF 011'!C5 -> 011 - DIRECCION PROVINCIAL DE ADMINISTRACION - MINISTERIO DE SALUD
A5: UNIDAD EJECUTORA: | D5: 382 - SECRETARIA DE PLANIFICACION Y GESTION EN SALUD
A6: DEPENDENCIA SOLICITANTE: | D6: 382 - SECRETARIA DE PLANIFICACION Y GESTION EN SALUD
A7: PERIODO UTILIZACIÓN: | D7: TRES (3) MESES
A8: OBJETO: | D8: ADQ. DEL RUBRO ALIMENTOS PARA PERSONAS (BIDONES DE AGUA)
A10: Ítem | B10: Codigo Item | C10: DESCRIPCIÓN | H10: Adjunta Detalle Técnico | I10: Unidad Medida | J10: Precio Unitario Estimado | K10: Cantidad Solicitada
A12: 1 | B12: ='SAF 011'!B10 -> 2.1.1-7915.14 | C12: ='SAF 011'!E10 -> AGUA POTABLE; TIPO: POTABILIZADA SIN GASIFICAR; PRESENTACION: SEGÚN PLIEGO, MATERIAL ENVASE: SEGÚN PLIEGO, TIPO ENVASE: SEGÚN PLIEGO | H12: NO | I12: UNIDAD | J12: ='SAF 011'!H10 -> 600 | K12: ='SAF 011'!#REF! -> #REF!
A14: Costo total estimado: PESOS CIENTO VEINTE MIL CON 00/100.- | J14: =+J12*K12 -> #REF!

Sheet APG SPyGS
A1: EJERCICIO: | D1: 2022 | P1: AUTORIZACION PARA GASTAR
A4: JURISDICCIÓN: | G4: ='NP SPyGS'!D3 -> 040 - MINISTERIO DE SALUD
A5: SAF: | G5: ='NP SPyGS'!D4 -> 011 - DIRECCION PROVINCIAL DE ADMINISTRACION - MINISTERIO DE SALUD
A6: UNIDAD EJECUTORA: | G6: ='NP SPyGS'!D5 -> 382 - SECRETARIA DE PLANIFICACION Y GESTION EN SALUD
A7: DEPENDENCIA SOLICITANTE: | G7: ='NP SPyGS'!D6 -> 382 - SECRETARIA DE PLANIFICACION Y GESTION EN SALUD
A8: AUTORIZACIÓN:
A9: Señor Director de Administración o Titular del Servicio Administrativo Financiero:
A10: Autorizo la realización de los trámites correspondientes, a fin de proveer a este Organismo los bienes que se detallan en Nota de Pedido N°....... , afectando la erogación resultante a los créditos presupuestarios aprobados a favor de esta Unidad Ejecutora, conforme al siguiente detalle:
A12: IMPUTACIÓN PRESUPUESTARIA
A13: CÓDIGO | O13: DENOMINACIÓN DE LA PARTIDA PRESUPUESTARIA | Q13: IMPORTE
A14: PR | B14: SB | C14: PY | D14: AC | E14: OB | F14: UG | G14: FIN | H14: FUN | I14: I | J14: P | K14: P | L14: SubP | M14: M | N14: FF
A15: 2 | D15: 1 | F15: 4901 | G15: 1 | H15: 3 | I15: 2 | J15: 1 | K15: 1 | M15: 1 | N15: 1.1 | O15: ALIMENTOS PARA PERSONAS | Q15: ='NP SPyGS'!J14 -> #REF!
A38: TOTAL DE PESOS: CIENTO VEINTE MIL CON 00/100.- | Q38: =SUM(Q15:Q37) -> #REF!
A40: JUSTIFICACIÓN:
A41: ='NP SPyGS'!D8 -> ADQ. DEL RUBRO ALIMENTOS PARA PERSONAS (BIDONES DE AGUA)

Sheet NP SSMyA
A1: NOTA DE PEDIDO | J1: N°
A3: JURISDICCIÓN: | D3: ='SAF 011'!C4 -> 040 - MINISTERIO DE SALUD
A4: SAF: | D4: ='SAF 011'!C5 -> 011 - DIRECCION PROVINCIAL DE ADMINISTRACION - MINISTERIO DE SALUD
A5: UNIDAD EJECUTORA: | D5: 745 - SECRETARIA DE SALUD MENTAL Y ADICCIONES
A6: DEPENDENCIA SOLICITANTE: | D6: 745 - SECRETARIA DE SALUD MENTAL Y ADICCIONES
A7: PERIODO UTILIZACIÓN: | D7: TRES (3) MESES
A8: OBJETO: | D8: ADQ. DEL RUBRO ALIMENTOS PARA PERSONAS (BIDONES DE AGUA)
A10: Ítem | B10: Codigo Item | C10: DESCRIPCIÓN | H10: Adjunta Detalle Técnico | I10: Unidad Medida | J10: Precio Unitario Estimado | K10: Cantidad Solicitada
A12: 1 | B12: ='SAF 011'!B10 -> 2.1.1-7915.14 | C12: ='SAF 011'!E10 -> AGUA POTABLE; TIPO: POTABILIZADA SIN GASIFICAR; PRESENTACION: SEGÚN PLIEGO, MATERIAL ENVASE: SEGÚN PLIEGO, TIPO ENVASE: SEGÚN PLIEGO | H12: NO | I12: UNIDAD | J12: ='SAF 011'!H10 -> 600 | K12: ='SAF 011'!#REF! -> #REF!
A14: Costo total estimado: PESOS CUARENTA Y OCHO MIL CON 00/100.- | J14: =+J12*K12 -> #REF!

Sheet APG SSMyA
A1: EJERCICIO: | D1: 2022 | P1: AUTORIZACION PARA GASTAR
A4: JURISDICCIÓN: | G4: ='NP SSMyA'!D3 -> 040 - MINISTERIO DE SALUD
A5: SAF: | G5: ='NP SSMyA'!D4 -> 011 - DIRECCION PROVINCIAL DE ADMINISTRACION - MINISTERIO DE SALUD
A6: UNIDAD EJECUTORA: | G6: ='NP SSMyA'!D5 -> 745 - SECRETARIA DE SALUD MENTAL Y ADICCIONES
A7: DEPENDENCIA SOLICITANTE: | G7: ='NP SSMyA'!D6 -> 745 - SECRETARIA DE SALUD MENTAL Y ADICCIONES
A8: AUTORIZACIÓN:
A9: Señor Director de Administración o Titular del Servicio Administrativo Financiero:
A10: Autorizo la realización de los trámites correspondientes, a fin de proveer a este Organismo los bienes que se detallan en Nota de Pedido N°....... , afectando la erogación resultante a los créditos presupuestarios aprobados a favor de esta Unidad Ejecutora, conforme al siguiente detalle:
A12: IMPUTACIÓN PRESUPUESTARIA
A13: CÓDIGO | O13: DENOMINACIÓN DE LA PARTIDA PRESUPUESTARIA | Q13: IMPORTE
A14: PR | B14: SB | C14: PY | D14: AC | E14: OB | F14: UG | G14: FIN | H14: FUN | I14: I | J14: P | K14: P | L14: SubP | M14: M | N14: FF
A15: 5 | D15: 4 | F15: 4901 | G15: 3 | H15: 1 | I15: 2 | J15: 1 | K15: 1 | M15: 1 | N15: 1.1 | O15: ALIMENTOS PARA PERSONAS | Q15: ='NP SSMyA'!J14 -> #REF!
A38: TOTAL DE PESOS: CUARENTA Y OCHO MIL CON 00/100.- | Q38: =SUM(Q15:Q37) -> #REF!
A40: JUSTIFICACIÓN:
A41: ='NP SSMyA'!D8 -> ADQ. DEL RUBRO ALIMENTOS PARA PERSONAS (BIDONES DE AGUA)

Sheet NP DPE
A1: NOTA DE PEDIDO | J1: N°
A3: JURISDICCIÓN: | D3: ='SAF 011'!C4 -> 040 - MINISTERIO DE SALUD
A4: SAF: | D4: ='SAF 011'!C5 -> 011 - DIRECCION PROVINCIAL DE ADMINISTRACION - MINISTERIO DE SALUD
A5: UNIDAD EJECUTORA: | D5: 482 - DIRECCION PROVINCIAL DE EPIDEMIOLOGIA
A6: DEPENDENCIA SOLICITANTE: | D6: 482 - DIRECCION PROVINCIAL DE EPIDEMIOLOGIA
A7: PERIODO UTILIZACIÓN: | D7: TRES (3) MESES
A8: OBJETO: | D8: ADQ. DEL RUBRO ALIMENTOS PARA PERSONAS (BIDONES DE AGUA)
A10: Ítem | B10: Codigo Item | C10: DESCRIPCIÓN | H10: Adjunta Detalle Técnico | I10: Unidad Medida | J10: Precio Unitario Estimado | K10: Cantidad Solicitada
A12: 1 | B12: ='SAF 011'!B10 -> 2.1.1-7915.14 | C12: ='SAF 011'!E10 -> AGUA POTABLE; TIPO: POTABILIZADA SIN GASIFICAR; PRESENTACION: SEGÚN PLIEGO, MATERIAL ENVASE: SEGÚN PLIEGO, TIPO ENVASE: SEGÚN PLIEGO | H12: NO | I12: UNIDAD | J12: ='SAF 011'!H10 -> 600 | K12: 50
A14: Costo total estimado: PESOS TREINTA MIL CON 00/100.- | J14: =+J12*K12 -> 30000

Sheet APG DPE
A1: EJERCICIO: | D1: 2022 | P1: AUTORIZACION PARA GASTAR
A4: JURISDICCIÓN: | G4: ='NP DPE'!D3 -> 040 - MINISTERIO DE SALUD
A5: SAF: | G5: ='NP DPE'!D4 -> 011 - DIRECCION PROVINCIAL DE ADMINISTRACION - MINISTERIO DE SALUD
A6: UNIDAD EJECUTORA: | G6: ='NP DPE'!D5 -> 482 - DIRECCION PROVINCIAL DE EPIDEMIOLOGIA
A7: DEPENDENCIA SOLICITANTE: | G7: ='NP DPE'!D6 -> 482 - DIRECCION PROVINCIAL DE EPIDEMIOLOGIA
A8: AUTORIZACIÓN:
A9: Señor Director de Administración o Titular del Servicio Administrativo Financiero:
A10: Autorizo la realización de los trámites correspondientes, a fin de proveer a este Organismo los bienes que se detallan en Nota de Pedido N°....... , afectando la erogación resultante a los créditos presupuestarios aprobados a favor de esta Unidad Ejecutora, conforme al siguiente detalle:
A12: IMPUTACIÓN PRESUPUESTARIA
A13: CÓDIGO | O13: DENOMINACIÓN DE LA PARTIDA PRESUPUESTARIA | Q13: IMPORTE
A14: PR | B14: SB | C14: PY | D14: AC | E14: OB | F14: UG | G14: FIN | H14: FUN | I14: I | J14: P | K14: P | L14: SubP | M14: M | N14: FF
A15: 28 | D15: 1 | F15: 4901 | G15: 3 | H15: 1 | I15: 2 | J15: 1 | K15: 1 | M15: 1 | N15: 1.1 | O15: ALIMENTOS PARA PERSONAS | Q15: ='NP DPE'!J14 -> 30000
A38: TOTAL DE PESOS: TREINTA MIL CON 00/100.- | Q38: =SUM(Q15:Q37) -> 30000
A40: JUSTIFICACIÓN:
A41: ='NP DPE'!D8 -> ADQ. DEL RUBRO ALIMENTOS PARA PERSONAS (BIDONES DE AGUA)

Sheet NP MS
A1: NOTA DE PEDIDO | J1: N°
A3: JURISDICCIÓN: | D3: ='SAF 011'!C4 -> 040 - MINISTERIO DE SALUD
A4: SAF: | D4: ='SAF 011'!C5 -> 011 - DIRECCION PROVINCIAL DE ADMINISTRACION - MINISTERIO DE SALUD
A5: UNIDAD EJECUTORA: | D5: 352 - MINISTERIO DE SALUD
A6: DEPENDENCIA SOLICITANTE: | D6: 352 - MINISTERIO DE SALUD
A7: PERIODO UTILIZACIÓN: | D7: TRES (3) MESES
A8: OBJETO: | D8: ADQ. DEL RUBRO ALIMENTOS PARA PERSONAS (BIDONES DE AGUA)
A10: Ítem | B10: Codigo Item | C10: DESCRIPCIÓN | H10: Adjunta Detalle Técnico | I10: Unidad Medida | J10: Precio Unitario Estimado | K10: Cantidad Solicitada
A12: 1 | B12: ='SAF 011'!B10 -> 2.1.1-7915.14 | C12: ='SAF 011'!E10 -> AGUA POTABLE; TIPO: POTABILIZADA SIN GASIFICAR; PRESENTACION: SEGÚN PLIEGO, MATERIAL ENVASE: SEGÚN PLIEGO, TIPO ENVASE: SEGÚN PLIEGO | H12: NO | I12: UNIDAD | J12: ='SAF 011'!H10 -> 600 | K12: ='SAF 011'!#REF! -> #REF!
A14: Costo total estimado: PESOS SESENTA MIL CON 00/100.- | J14: =+J12*K12 -> #REF!

Sheet APG MS
A1: EJERCICIO: | D1: 2022 | P1: AUTORIZACION PARA GASTAR
A4: JURISDICCIÓN: | G4: ='NP MS'!D3 -> 040 - MINISTERIO DE SALUD
A5: SAF: | G5: ='NP MS'!D4 -> 011 - DIRECCION PROVINCIAL DE ADMINISTRACION - MINISTERIO DE SALUD
A6: UNIDAD EJECUTORA: | G6: ='NP MS'!D5 -> 352 - MINISTERIO DE SALUD
A7: DEPENDENCIA SOLICITANTE: | G7: ='NP MS'!D6 -> 352 - MINISTERIO DE SALUD
A8: AUTORIZACIÓN:
A9: Señor Director de Administración o Titular del Servicio Administrativo Financiero:
A10: Autorizo la realización de los trámites correspondientes, a fin de proveer a este Organismo los bienes que se detallan en Nota de Pedido N°....... , afectando la erogación resultante a los créditos presupuestarios aprobados a favor de esta Unidad Ejecutora, conforme al siguiente detalle:
A12: IMPUTACIÓN PRESUPUESTARIA
A13: CÓDIGO | O13: DENOMINACIÓN DE LA PARTIDA PRESUPUESTARIA | Q13: IMPORTE
A14: PR | B14: SB | C14: PY | D14: AC | E14: OB | F14: UG | G14: FIN | H14: FUN | I14: I | J14: P | K14: P | L14: SubP | M14: M | N14: FF
A15: 1 | D15: 1 | F15: 4901 | G15: 3 | H15: 1 | I15: 2 | J15: 1 | K15: 1 | M15: 1 | N15: 1.1 | O15: ALIMENTOS PARA PERSONAS | Q15: ='NP MS'!J14 -> #REF!
A38: TOTAL DE PESOS: SESENTA MIL CON 00/100.- | Q38: =SUM(Q15:Q37) -> #REF!
A40: JUSTIFICACIÓN:
A41: ='NP MS'!D8 -> ADQ. DEL RUBRO ALIMENTOS PARA PERSONAS (BIDONES DE AGUA)

Sheet NP SUMAR
A1: NOTA DE PEDIDO | J1: N°
A3: JURISDICCIÓN: | D3: ='SAF 011'!C4 -> 040 - MINISTERIO DE SALUD
A4: SAF: | D4: ='SAF 011'!C5 -> 011 - DIRECCION PROVINCIAL DE ADMINISTRACION - MINISTERIO DE SALUD
A5: UNIDAD EJECUTORA: | D5: 318 - U.G.S.P.CATAMARCA - SUMAR
A6: DEPENDENCIA SOLICITANTE: | D6: 318 - U.G.S.P.CATAMARCA - SUMAR
A7: PERIODO UTILIZACIÓN: | D7: TRES (3) MESES
A8: OBJETO: | D8: ADQ. DEL RUBRO ALIMENTOS PARA PERSONAS (BIDONES DE AGUA)
A10: Ítem | B10: Codigo Item | C10: DESCRIPCIÓN | H10: Adjunta Detalle Técnico | I10: Unidad Medida | J10: Precio Unitario Estimado | K10: Cantidad Solicitada
A12: 1 | B12: ='SAF 011'!B10 -> 2.1.1-7915.14 | C12: ='SAF 011'!E10 -> AGUA POTABLE; TIPO: POTABILIZADA SIN GASIFICAR; PRESENTACION: SEGÚN PLIEGO, MATERIAL ENVASE: SEGÚN PLIEGO, TIPO ENVASE: SEGÚN PLIEGO | H12: NO | I12: UNIDAD | J12: ='SAF 011'!H10 -> 600 | K12: ='SAF 011'!#REF! -> #REF!
A14: Costo total estimado: PESOS NUEVE MIL CON 00/100.- | J14: =+J12*K12 -> #REF!

Sheet APG SUMAR
A1: EJERCICIO: | D1: 2022 | P1: AUTORIZACION PARA GASTAR
A4: JURISDICCIÓN: | G4: ='NP SUMAR'!D3 -> 040 - MINISTERIO DE SALUD
A5: SAF: | G5: ='NP SUMAR'!D4 -> 011 - DIRECCION PROVINCIAL DE ADMINISTRACION - MINISTERIO DE SALUD
A6: UNIDAD EJECUTORA: | G6: ='NP SUMAR'!D5 -> 318 - U.G.S.P.CATAMARCA - SUMAR
A7: DEPENDENCIA SOLICITANTE: | G7: ='NP SUMAR'!D6 -> 318 - U.G.S.P.CATAMARCA - SUMAR
A8: AUTORIZACIÓN:
A9: Señor Director de Administración o Titular del Servicio Administrativo Financiero:
A10: Autorizo la realización de los trámites correspondientes, a fin de proveer a este Organismo los bienes que se detallan en Nota de Pedido N°....... , afectando la erogación resultante a los créditos presupuestarios aprobados a favor de esta Unidad Ejecutora, conforme al siguiente detalle:
A12: IMPUTACIÓN PRESUPUESTARIA
A13: CÓDIGO | O13: DENOMINACIÓN DE LA PARTIDA PRESUPUESTARIA | Q13: IMPORTE
A14: PR | B14: SB | C14: PY | D14: AC | E14: OB | F14: UG | G14: FIN | H14: FUN | I14: I | J14: P | K14: P | L14: SubP | M14: M | N14: FF
A15: 40 | D15: 1 | F15: 4901 | G15: 3 | H15: 1 | I15: 2 | J15: 1 | K15: 1 | M15: 1 | N15: 1.1 | O15: ALIMENTOS PARA PERSONAS | Q15: ='NP SUMAR'!J14 -> #REF!
A38: TOTAL DE PESOS: NUEVE MIL CON 00/100.- | Q38: =SUM(Q15:Q37) -> #REF!
A40: JUSTIFICACIÓN:
A41: ='NP SUMAR'!D8 -> ADQ. DEL RUBRO ALIMENTOS PARA PERSONAS (BIDONES DE AGUA)
