Workbook

Sheet SAF 011
A1: 2022
B2: Pedido de Necesidades Trimestrales
A4: JURISDICCION: | C4: 040 - MINISTERIO DE SALUD
A5: SAF N°: | C5: 011 - DIRECCION PROVINCIAL DE ADMINISTRACION - MINISTERIO DE SALUD
A6: EJERCICIO: | C6: 2022
A7: TRIMESTRE: | C7: PRIMERO
A9: ID | B9: CODIGO ITEM | C9: RUBRO DE COMPRA | D9: I.P.P. | E9: DESCRIPCION | F9: UNIDAD DE MEDIDA | G9: SECRETARIA DE ADMINISTRACION | H9: TOTAL S.A. | I9: SMPyPS | J9: TOTAL SMPyPS | K9: DIR. LAB. CENTRAL | L9: TOTAL DE LAB CENTRAL | M9: BCO DE SANGRE | N9: TOTAL BANCO DE SANGRE | O9: APS | P9: TOTAL A.P.S. | Q9: DIR DE CANCER | R9: TOTAL DE DIR DE CANCER | S9: FARMACIA | T9: TOTAL FARMACIA | U9: ODONTOLOGIA | V9: TOTAL DE ODONTOLOG | W9: SAME | X9: TOTAL SAME | Y9: HPTAL MALBRAN | Z9: TOTAL HPTAL MALBRAN | AA9: MATERNIDAD E INFANCIA | AB9: TOTAL MATERNIDAD E INFANCIA | AC9: SASP | AD9: TOTAL SASP | AE9: SALUD Y MEDIO AMBIENTE | AF9: TOTAL SALUD Y MEDIO AMBIENTE | AG9: VECTORES Y ZOONOSIS | AH9: TOTAL DE VECT Y ZOON | AI9: CRONICAS | AJ9: TOTAL CRONICAS | AK9: CUR | AL9: TOTAL CUR | AM9: SPyGS | AN9: TOTAL SPyGS | AO9: SALUD MENTAL | AP9: TOTAL SALUD MENTAL | AQ9: AREAS Y DPAS | AR9: TOTAL DPAS | AS9: EPIDEMIOLOGIA | AT9: TOTAL EPIDEMIOLOGIA | AU9: AREA 1 | AV9: TOTAL AREA 1 | AW9: CANTIDAD TOTAL | AX9: PRECIO UNITARIO ESTIMADO | AY9: IMPORTE TOTAL ESTIMADO | AZ9: ESPECIFICACION TECNICA | BB9: 295 | BC9: 259
A10: 1 | C10: PRODUCTOS MEDICOS/FARMACEUTICOS/LAB. | D10: 295 | E10: AGUJA ESPINAL 18 G X 3-1/2 | F10: UNIDAD | S10: 50 | T10: =+S10*AX10 -> 5100 | AW10: =+AQ10+AO10+AM10+AK10+AI10+AG10+AE10+AC10+AA10+Y10+W10+U10+S10+Q10+O10+M10+K10+I10+AS10+G10+AU10 -> 50 | AX10: 102 | AY10: =+AW10*AX10 -> 5100 | BB10: =+AY10 -> 5100
A11: 2 | C11: PRODUCTOS MEDICOS/FARMACEUTICOS/LAB. | D11: 295 | E11: AGUJA ESPINAL 27G 3 1/2 PUNTA LAPIZ | F11: UNIDAD | S11: 50 | T11: =+S11*AX11 -> 9450 | AW11: =+AQ11+AO11+AM11+AK11+AI11+AG11+AE11+AC11+AA11+Y11+W11+U11+S11+Q11+O11+M11+K11+I11+AS11+G11+AU11 -> 50 | AX11: 189 | AY11: =+AW11*AX11 -> 9450 | BB11: =+AY11 -> 9450
A12: 3 | C12: PRODUCTOS MEDICOS/FARMACEUTICOS/LAB. | D12: 295 | E12: Aguja espinal para obesos 27 G punta lapiz | F12: UNIDAD | S12: 50 | T12: =+S12*AX12 -> 62500 | AW12: =+AQ12+AO12+AM12+AK12+AI12+AG12+AE12+AC12+AA12+Y12+W12+U12+S12+Q12+O12+M12+K12+I12+AS12+G12+AU12 -> 50 | AX12: 1250 | AY12: =+AW12*AX12 -> 62500 | BB12: =+AY12 -> 62500
A13: 4 | C13: PRODUCTOS MEDICOS/FARMACEUTICOS/LAB. | D13: 295 | E13: EQUIPO PARA DETERMINACION DE GLUCOSA | F13: UNIDAD | S13: 250 | T13: =+S13*AX13 -> 895000 | AW13: =+AQ13+AO13+AM13+AK13+AI13+AG13+AE13+AC13+AA13+Y13+W13+U13+S13+Q13+O13+M13+K13+I13+AS13+G13+AU13 -> 250 | AX13: 3580 | AY13: =+AW13*AX13 -> 895000 | BB13: =+AY13 -> 895000
A14: 5 | C14: PRODUCTOS MEDICOS/FARMACEUTICOS/LAB. | D14: 295 | E14: ESTETOSCOPIO ADULTO TIPO 3 M LITTMANN CLASIC | F14: UNIDAD | S14: 25 | T14: =+S14*AX14 -> 375000 | AW14: =+AQ14+AO14+AM14+AK14+AI14+AG14+AE14+AC14+AA14+Y14+W14+U14+S14+Q14+O14+M14+K14+I14+AS14+G14+AU14 -> 25 | AX14: 15000 | AY14: =+AW14*AX14 -> 375000 | BB14: =+AY14 -> 375000
A15: 6 | C15: PRODUCTOS MEDICOS/FARMACEUTICOS/LAB. | D15: 259 | E15: LIQUIDO FIJADOR PARA PROCESO AUTOMATICO 2 x 20 litros | F15: CAJA | S15: 100 | T15: =+S15*AX15 -> 646000 | AW15: =+AQ15+AO15+AM15+AK15+AI15+AG15+AE15+AC15+AA15+Y15+W15+U15+S15+Q15+O15+M15+K15+I15+AS15+G15+AU15 -> 100 | AX15: 6460 | AY15: =+AW15*AX15 -> 646000 | BC15: =+AY15 -> 646000
A16: 7 | C16: PRODUCTOS MEDICOS/FARMACEUTICOS/LAB. | D16: 259 | E16: LIQUIDO FIJADOR PARA PROCESO MANUAL 2 x 25 litros | F16: CAJA | S16: 60 | T16: =+S16*AX16 -> 400260 | AW16: =+AQ16+AO16+AM16+AK16+AI16+AG16+AE16+AC16+AA16+Y16+W16+U16+S16+Q16+O16+M16+K16+I16+AS16+G16+AU16 -> 60 | AX16: 6671 | AY16: =+AW16*AX16 -> 400260 | BC16: =+AY16 -> 400260
A17: 8 | C17: PRODUCTOS MEDICOS/FARMACEUTICOS/LAB. | D17: 259 | E17: LIQUIDO REVELADOR PARA PROCESO AUTOMATICO 2 x 20 litros | F17: CAJA | S17: 40 | T17: =+S17*AX17 -> 367400 | AW17: =+AQ17+AO17+AM17+AK17+AI17+AG17+AE17+AC17+AA17+Y17+W17+U17+S17+Q17+O17+M17+K17+I17+AS17+G17+AU17 -> 40 | AX17: 9185 | AY17: =+AW17*AX17 -> 367400 | BC17: =+AY17 -> 367400
A18: 9 | C18: PRODUCTOS MEDICOS/FARMACEUTICOS/LAB. | D18: 259 | E18: LIQUIDO REVELADOR PARA PROCESO MANUAL 2 x 25 litros | F18: CAJA | S18: 20 | T18: =+S18*AX18 -> 177900 | AW18: =+AQ18+AO18+AM18+AK18+AI18+AG18+AE18+AC18+AA18+Y18+W18+U18+S18+Q18+O18+M18+K18+I18+AS18+G18+AU18 -> 20 | AX18: 8895 | AY18: =+AW18*AX18 -> 177900 | BC18: =+AY18 -> 177900
A19: 10 | C19: PRODUCTOS MEDICOS/FARMACEUTICOS/LAB. | D19: 295 | E19: MAMELUCO LAMINADO TALLE XXL | F19: UNIDAD | S19: 50 | T19: =+S19*AX19 -> 79000 | AW19: =+AQ19+AO19+AM19+AK19+AI19+AG19+AE19+AC19+AA19+Y19+W19+U19+S19+Q19+O19+M19+K19+I19+AS19+G19+AU19 -> 50 | AX19: 1580 | AY19: =+AW19*AX19 -> 79000 | BB19: =+AY19 -> 79000
A20: 11 | C20: PRODUCTOS MEDICOS/FARMACEUTICOS/LAB. | D20: 295 | E20: MANGO P/HOJA DE BISTURI N°3 H10-15 | F20: UNIDAD | S20: 50 | T20: =+S20*AX20 -> 18750 | AW20: =+AQ20+AO20+AM20+AK20+AI20+AG20+AE20+AC20+AA20+Y20+W20+U20+S20+Q20+O20+M20+K20+I20+AS20+G20+AU20 -> 50 | AX20: 375 | AY20: =+AW20*AX20 -> 18750 | BB20: =+AY20 -> 18750
A21: 12 | C21: PRODUCTOS MEDICOS/FARMACEUTICOS/LAB. | D21: 259 | E21: PLACAS RADIOGRAFICAS 18 X 24 SENSIBLE AL VERDE X 100 UNIDADES | F21: CAJA | S21: 100 | T21: =+S21*AX21 -> 480000 | AW21: =+AQ21+AO21+AM21+AK21+AI21+AG21+AE21+AC21+AA21+Y21+W21+U21+S21+Q21+O21+M21+K21+I21+AS21+G21+AU21 -> 100 | AX21: 4800 | AY21: =+AW21*AX21 -> 480000 | BC21: =+AY21 -> 480000
A22: 13 | C22: PRODUCTOS MEDICOS/FARMACEUTICOS/LAB. | D22: 259 | E22: PLACAS RADIOGRAFICAS 24 X 30 SENSIBLE AL VERDE X 100 UNIDADES | F22: CAJA | S22: 80 | T22: =+S22*AX22 -> 635600 | AW22: =+AQ22+AO22+AM22+AK22+AI22+AG22+AE22+AC22+AA22+Y22+W22+U22+S22+Q22+O22+M22+K22+I22+AS22+G22+AU22 -> 80 | AX22: 7945 | AY22: =+AW22*AX22 -> 635600 | BC22: =+AY22 -> 635600
A23: 14 | C23: PRODUCTOS MEDICOS/FARMACEUTICOS/LAB. | D23: 259 | E23: PLACAS RADIOGRAFICAS 35 X 43 SENSIBLE AL VERDE X 100 UNIDADES | F23: CAJA | S23: 250 | T23: =+S23*AX23 -> 4225000 | AW23: =+AQ23+AO23+AM23+AK23+AI23+AG23+AE23+AC23+AA23+Y23+W23+U23+S23+Q23+O23+M23+K23+I23+AS23+G23+AU23 -> 250 | AX23: 16900 | AY23: =+AW23*AX23 -> 4225000 | BC23: =+AY23 -> 4225000
A24: 15 | C24: PRODUCTOS MEDICOS/FARMACEUTICOS/LAB. | D24: 295 | E24: TENSIOMETRO ANAEROIDE +ESTETOSCOPIO ADULTO X 1 | F24: UNIDAD | S24: 50 | T24: =+S24*AX24 -> 77000 | AW24: =+AQ24+AO24+AM24+AK24+AI24+AG24+AE24+AC24+AA24+Y24+W24+U24+S24+Q24+O24+M24+K24+I24+AS24+G24+AU24 -> 50 | AX24: 1540 | AY24: =+AW24*AX24 -> 77000 | BB24: =+AY24 -> 77000
A25: 16 | C25: PRODUCTOS MEDICOS/FARMACEUTICOS/LAB. | D25: 295 | E25: TIRAS REACTIVAS PARA DETERMINACION GLUCOSA X 50 UNIDADES | F25: CAJA | S25: 2000 | T25: =+S25*AX25 -> 5687000 | AW25: =+AQ25+AO25+AM25+AK25+AI25+AG25+AE25+AC25+AA25+Y25+W25+U25+S25+Q25+O25+M25+K25+I25+AS25+G25+AU25 -> 2000 | AX25: 2843.5 | AY25: =+AW25*AX25 -> 5687000 | BB25: =+AY25 -> 5687000
E26: TOTAL RUBRO INSUMO COMPLEJO | AY26: =SUM(AY10:AY25) -> 14140960 | BB26: =SUM(BB10:BB25) -> 7208800 | BC26: =SUM(BC10:BC25) -> 6932160 | BD26: =SUM(BB26:BC26) -> 14140960
C28: DETALLE TECNICO Y ESPECIFICACIONES | D28: ANEXO 1-Para oferentes de la Provincia de Catamarca deberán presentar Habilitación Provincial para comercializar el producto que cotizan. 2-Para el resto de oferentes deberán presentar Certificado de Inscripción de ANMAT vigente al momento de la oferta, el mismo deberá ser correspondiente al objeto de la contratación y de encontrarse vencido adjuntar la solicitud de renovación. 3-No se aceptarán ofertas de productos no registrados y autorizada su venta por ANMAT. Se deberá especificar en cada ítem de la propuesta, marca y número de certificado otorgado por dicho ente regulador. 4-Los productos deberán tener un vencimiento posterior a doce (12) meses a partir de la fecha de su recepción.
C30: Plazos de entrega | D30: veinte (20) dias habiles
C32: Lugar de Entrega: | D32: DIR. PROV. DE FARMACIA E INSUMOS - CHACABUCO N° 169 - en el horario de 8:00hs a 12:00hs de lunes a viernes
C34: Calidad Minima esperada
C36: Mantenimiento | D36: cuarenta y cinco (45) días

Sheet NP
A1: NOTA DE PEDIDO | J1: N° | K1: 08/2022
A3: JURISDICCIÓN: | D3: ='SAF 011'!C4 -> 040 - MINISTERIO DE SALUD
A4: SAF: | D4: ='SAF 011'!C5 -> 011 - DIRECCION PROVINCIAL DE ADMINISTRACION - MINISTERIO DE SALUD
A5: UNIDAD EJECUTORA: | D5: DIRECCION PROVINCIAL DE FARMACIA E INSUMOS
A6: DEPENDENCIA SOLICITANTE: | D6: DIRECCION PROVINCIAL DE FARMACIA E INSUMOS
A7: PERIODO UTILIZACIÓN: | D7: 1° TRIMESTRE 2022
A8: OBJETO: | D8: ADQUISICION DEL RUBRO INSUMO COMPLEJO
A10: Ítem | B10: Codigo Item | C10: DESCRIPCIÓN | H10: Adjunta Detalle Técnico | I10: Unidad Medida | J10: Precio Unitario Estimado | K10: Cantidad Solicitada
A12: 1 | C12: ='SAF 011'!E10 -> AGUJA ESPINAL 18 G X 3-1/2 | H12: SI | I12: ='SAF 011'!F10 -> UNIDAD | J12: ='SAF 011'!AX10 -> 102 | K12: ='SAF 011'!S10 -> 50 | M12: =+J12*K12 -> 5100
A13: 2 | C13: ='SAF 011'!E11 -> AGUJA ESPINAL 27G 3 1/2 PUNTA LAPIZ | H13: SI | I13: ='SAF 011'!F11 -> UNIDAD | J13: ='SAF 011'!AX11 -> 189 | K13: ='SAF 011'!S11 -> 50 | M13: =+J13*K13 -> 9450
A14: 3 | C14: ='SAF 011'!E12 -> Aguja espinal para obesos 27 G punta lapiz | H14: SI | I14: ='SAF 011'!F12 -> UNIDAD | J14: ='SAF 011'!AX12 -> 1250 | K14: ='SAF 011'!S12 -> 50 | M14: =+J14*K14 -> 62500
A15: 4 | C15: ='SAF 011'!E13 -> EQUIPO PARA DETERMINACION DE GLUCOSA | H15: SI | I15: ='SAF 011'!F13 -> UNIDAD | J15: ='SAF 011'!AX13 -> 3580 | K15: ='SAF 011'!S13 -> 250 | M15: =+J15*K15 -> 895000
A16: 5 | C16: ='SAF 011'!E14 -> ESTETOSCOPIO ADULTO TIPO 3 M LITTMANN CLASIC | H16: SI | I16: ='SAF 011'!F14 -> UNIDAD | J16: ='SAF 011'!AX14 -> 15000 | K16: ='SAF 011'!S14 -> 25 | M16: =+J16*K16 -> 375000
A17: 6 | C17: ='SAF 011'!E15 -> LIQUIDO FIJADOR PARA PROCESO AUTOMATICO 2 x 20 litros | H17: SI | I17: ='SAF 011'!F15 -> CAJA | J17: ='SAF 011'!AX15 -> 6460 | K17: ='SAF 011'!S15 -> 100 | M17: =+J17*K17 -> 646000
A18: 7 | C18: ='SAF 011'!E16 -> LIQUIDO FIJADOR PARA PROCESO MANUAL 2 x 25 litros | H18: SI | I18: ='SAF 011'!F16 -> CAJA | J18: ='SAF 011'!AX16 -> 6671 | K18: ='SAF 011'!S16 -> 60 | M18: =+J18*K18 -> 400260
A19: 8 | C19: ='SAF 011'!E17 -> LIQUIDO REVELADOR PARA PROCESO AUTOMATICO 2 x 20 litros | H19: SI | I19: ='SAF 011'!F17 -> CAJA | J19: ='SAF 011'!AX17 -> 9185 | K19: ='SAF 011'!S17 -> 40 | M19: =+J19*K19 -> 367400
A20: 9 | C20: ='SAF 011'!E18 -> LIQUIDO REVELADOR PARA PROCESO MANUAL 2 x 25 litros | H20: SI | I20: ='SAF 011'!F18 -> CAJA | J20: ='SAF 011'!AX18 -> 8895 | K20: ='SAF 011'!S18 -> 20 | M20: =+J20*K20 -> 177900
A21: 10 | C21: ='SAF 011'!E19 -> MAMELUCO LAMINADO TALLE XXL | H21: SI | I21: ='SAF 011'!F19 -> UNIDAD | J21: ='SAF 011'!AX19 -> 1580 | K21: ='SAF 011'!S19 -> 50 | M21: =+J21*K21 -> 79000
A22: 11 | C22: ='SAF 011'!E20 -> MANGO P/HOJA DE BISTURI N°3 H10-15 | H22: SI | I22: ='SAF 011'!F20 -> UNIDAD | J22: ='SAF 011'!AX20 -> 375 | K22: ='SAF 011'!S20 -> 50 | M22: =+J22*K22 -> 18750
A23: 12 | C23: ='SAF 011'!E21 -> PLACAS RADIOGRAFICAS 18 X 24 SENSIBLE AL VERDE X 100 UNIDADES | H23: SI | I23: ='SAF 011'!F21 -> CAJA | J23: ='SAF 011'!AX21 -> 4800 | K23: ='SAF 011'!S21 -> 100 | M23: =+J23*K23 -> 480000
... A27: 16 | C27: ='SAF 011'!E25 -> TIRAS REACTIVAS PARA DETERMINACION GLUCOSA X 50 UNIDADES | H27: SI | I27: ='SAF 011'!F25 -> CAJA | J27: ='SAF 011'!AX25 -> 2843.5 | K27: ='SAF 011'!S25 -> 2000 | M27: =+J27*K27 -> 5687000
A29: Costo total estimado: CATORCE MILLONES CIENTO CUARENTA MIL NOVECIENTOS SESENTA CON 00/100.- | J29: =+M29 -> 14140960 | M29: =SUM(M12:M28) -> 14140960

Sheet APG
A1: EJERCICIO: | D1: 2022 | P1: AUTORIZACION PARA GASTAR
A4: JURISDICCIÓN: | G4: =NP!D3 -> 040 - MINISTERIO DE SALUD
A5: SAF: | G5: =NP!D4 -> 011 - DIRECCION PROVINCIAL DE ADMINISTRACION - MINISTERIO DE SALUD
A6: UNIDAD EJECUTORA: | G6: =NP!D5 -> DIRECCION PROVINCIAL DE FARMACIA E INSUMOS
A7: DEPENDENCIA SOLICITANTE: | G7: =NP!D6 -> DIRECCION PROVINCIAL DE FARMACIA E INSUMOS
A8: AUTORIZACIÓN:
A9: Señor Director de Administración o Titular del Servicio Administrativo Financiero:
A10: Autorizo la realización de los trámites correspondientes, a fin de proveer a este Organismo los bienes que se detallan en Nota de Pedido N° 08/2022 afectando la erogación resultante a los créditos presupuestarios aprobados a favor de esta Unidad Ejecutora, conforme al siguiente detalle:
A12: IMPUTACIÓN PRESUPUESTARIA
A13: CÓDIGO | O13: DENOMINACIÓN DE LA PARTIDA PRESUPUESTARIA | Q13: IMPORTE
A14: PR | B14: SB | C14: PY | D14: AC | E14: OB | F14: UG | G14: FIN | H14: FUN | I14: I | J14: P | K14: P | L14: SubP | M14: M | N14: FF
A15: 30 | D15: 1 | F15: 4901 | G15: 3 | H15: 1 | I15: 2 | J15: 5 | K15: 9 | M15: 1 | N15: 1.1 | O15: OTROS N.E.P. | Q15: ='SAF 011'!BC26 -> 6932160
A16: 30 | D16: 1 | F16: 4901 | G16: 3 | H16: 1 | I16: 2 | J16: 9 | K16: 5 | M16: 1 | N16: 1.1 | O16: UTILES MENORES MEDICOS, QUIRURGICOS Y DE LABORATORIO | Q16: ='SAF 011'!BB26 -> 7208800
A37: TOTAL DE PESOS: CATORCE MILLONES CIENTO CUARENTA MIL NOVECIENTOS SESENTA CON 00/100.- | Q37: =SUM(Q15:Q36) -> 14140960
A39: JUSTIFICACIÓN:
A40: =NP!D8 -> ADQUISICION DEL RUBRO INSUMO COMPLEJO
