Workbook

Sheet NEC NO PERECEDEROS
B2: PEDIDOS DE NECESIDADES TRIMESTRALES
B4: JURISDICCION: | D4: 20- MINISTERIO DE GOBIERNO, JUSTICIA Y DERECHOS HUMANOS
B5: SAF N° | D5: 06- SECRETARIA DE GESTION ADMINISTRATIVA DEL MINISTERIO DE GOBIERNO , JUSTICIA Y DERECHOS HUMANOS
B6: EJERCICIO: | D6: 2021
B7: TRIMESTRE | D7: 2
B9: ID | C9: CODIGO | D9: RUBRO | E9: I.P.P | F9: DESCRIPCION | G9: UNIDAD DE MEDIDA | H9: CANTIDAD | I9: PRECIO UNITARIO ESTIMADO | J9: IMPORTE TOTAL ESTIMADO
B10: 1 | C10: 2.1.1-455.4 | D10: Alimentos | E10: 2.1.1 | F10: DULCE DE LECHE,CAPACIDAD: 500 GR TIPO:SIN VALOR,ENVASE PLASTICO,PRESENTACION ENVASE PLASTICO X 500 GR | G10: UNIDAD | H10: 9 | I10: 900 | J10: =+H10*I10 -> 8100
B11: 2 | C11: 2.1.1-481.38 | D11: Alimentos | E11: 2.1.1 | F11: AZUCARES; TIPO: "A" COMUN, ESTADO: MOLIDA, PESO: 1 Kg, MATERIAL ENVASE: PLASTICO, CERTIFICADO FORESTAL (GFS): SIN, ELEM. TRANSPORTE: SIN, MATERIAL ELEM. TRANSPORTE: SIN | G11: UNIDAD | H11: 360 | I11: 75 | J11: =+H11*I11 -> 27000
B12: 3 | C12: 2.1.1-454.25 | D12: Alimentos | E12: 2.1.1 | F12: YERBAS; PALO: CON, PESO: 1 Kg, MATERIAL ENVASE : PAPEL, CERTIFICADO FORESTAL (GFS): CON, ELEM. TRANSPORTE: SIN, MATERIAL ELEM. TRANSPORTE: SIN, LIBRE DE GLUTEN: SI | G12: UNIDAD | H12: 120 | I12: 450 | J12: =+H12*I12 -> 54000
B13: 4 | C13: 2.1.1-482.81 | D13: Alimentos | E13: 2.1.1 | F13: HARINAS; TIPO: LEUDANTE, PRESENTACION: ENVASE X 1 Kg, MATERIAL ENVASE: PAPEL, CERTICADO FORESTAL (GFS): SIN, ELEM. TRANSPORTE: SIN, MATERIAL ELEM. TRANSPORTE: SIN, LIBRE DE GLUTEN: NO | G13: UNIDAD | H13: 240 | I13: 70 | J13: =+H13*I13 -> 16800
B14: 5 | C14: 2.1.1-482.77 | D14: Alimentos | E14: 2.1.1 | F14: HARINAS; TIPO: DE TRIGO 0000, PRESENTACION: ENVASE X 1 Kg, MATERIAL ENVASE: PAPEL, CERTICADO FORESTAL (GFS):SIN ,ELEM.TRANSPORTE: SIN, MATERIAL ELEM.TRANSPORTE:SIN,LIBRE DE GLUTEN:NO | G14: UNIDAD | H14: 240 | I14: 60 | J14: =+H14*I14 -> 14400
B15: 6 | C15: 2.1.1-2868.55 | D15: Alimentos | E15: 2.1.1 | F15: FIDEOS SECOS; VARIEDAD: TALLARIN, RELLENO: SIN, PRESENTACION: ENVASE X 500 GR, MATERIAL ENVASE: PLASTICO 1 (PET), ELEM. TRANSPORTE: SIN, MATERIAL ELEM. TRANSPORTE: SIN, CERTIFICADO FORESTAL (GFS): SIN, LIBRE DE GLUTEN: NO | G15: UNIDAD | H15: 240 | I15: 70 | J15: =+H15*I15 -> 16800
B16: 7 | C16: 2.1.1-2868.71 | D16: Alimentos | E16: 2.1.1 | F16: FIDEOS SECOS; VARIEDAD: GUISERO, RELLENO: SIN, PRESENTACION: ENVASE X 500 GR, MATERIAL ENVASE: PLASTICO 1 (PET), ELEM. TRANSPORTE: SIN, MATERIAL ELEM. TRANSPORTE: SIN, CERTIFICADO FORESTAL (GFS): SIN, LIBRE DE GLUTEN: NO | G16: UNIDAD | H16: 240 | I16: 70 | J16: =+H16*I16 -> 16800
B17: 8 | C17: 2.1.1-2126.14 | D17: Alimentos | E17: 2.1.1 | F17: SEMOLAS; TIPO: NATURAL, PRESENTACION: BOLSA, PESO: 1 Kg, MATERIAL ENVASE: PLASTICO 1 (PET), CERTICADO FORESTAL (GFS): SIN, LIBRE DE GLUTEN: NO | G17: UNIDAD | H17: 240 | I17: 190 | J17: =+H17*I17 -> 45600
B18: 9 | C18: 2.1.1-2868.54 | D18: Alimentos | E18: 2.1.1 | F18: FIDEOS SECOS; VARIEDAD: SOPERO, RELLENO: SIN, PRESENTACION: ENVASE X 500 GR, MATERIAL ENVASE: PLASTICO 1 (PET), ELEM. TRANSPORTE: SIN, MATERIAL ELEM. TRANSPORTE: SIN, CERTIFICADO FORESTAL (GFS): SIN, LIBRE DE GLUTEN: NO | G18: UNIDAD | H18: 240 | I18: 70 | J18: =+H18*I18 -> 16800
B19: 10 | C19: 2.1.1-435.60 | D19: Alimentos | E19: 2.1.1 | F19: ARROZ; TIPO GRANO: LARGO-FINO, TIPO: BLANCO, PROCESO: SIN CASCARA, PRESENTACION: BOLSA X 1 Kg, MATERIAL ENVASE: PLASTICO, CERTIFICADO FORESTAL (GFS): SIN, ELEM. TRANSPORTE: SIN, MATERIAL ELEM. TRANSPORTE: SIN, LIBRE DE GLUTEN: SI | G19: UNIDAD | H19: 480 | I19: 120 | J19: =+H19*I19 -> 57600
B20: 11 | C20: 2.1.1-510.5 | D20: Alimentos | E20: 2.1.1 | F20: GELATINAS; ENVASE: CAJA DE CARTON, SABOR: FRUTILLA, PESO: 30 GR, TIPO: BAJAS CALORIAS | G20: UNIDAD | H20: 144 | I20: 70 | J20: =+H20*I20 -> 10080
B21: 12 | C21: 2.1.1-708.42 | D21: Alimentos | E21: 2.1.1 | F21: CONSERVAS PESCADO Y FRUTOS MAR; TIPO: ATUN, ESTADO: EN ACEITE, PESO: 300 GR, ENVASE: LATA, ELEM. TRANSPORTE: SIN, MATERIAL ELEM. TRANSPORTE: SIN | G21: UNIDAD | H21: 216 | I21: 130 | J21: =+H21*I21 -> 28080
... B33: 24 | C33: 2.1.1-731.14 | D33: Alimentos | E33: 2.1.1 | F33: CONSERVAS DE CARNE; ENVASE: LATA, TIPO: PICADILLO, PESO: 100 GR, VARIEDAD: SIN VALOR | G33: UNIDAD | H33: 288 | I33: 50 | J33: =+H33*I33 -> 14400
B34: COSTO TOTAL ESTIMADO: SON PESOS SEISCIENTOS TREINTA Y SEIS MIL TRESCIENTOS CON 00/100 | J34: =SUM(J10:J33) -> 636300
B36: Especificidades Item N° 1:
B38: Descripción técnica
B40: Plazos y lugares de entrega
C41: a) LUGAR DE ENTREGA: Pasaje Dr Gallo S/N frente a la Guardia de Maternidad Provincial - Capital - De 08 a 12 horas. b) FORMA DE LA ENTREGA: Libre de flete, acarreo y embalaje, como así también, de todo riesgo de pérdida o destrucción total o parcial, por causas ajenas a la Institución. c) PLAZO DE ENTREGA: El Oferente deberá establecer plazo de entrega de los elementos cotizados, debiendo ser expresado en días hábiles; que no podrá ser superior a cinco (5) días hábiles, contados a partir de la recepción de la comunicación prevista en el Artículo en el Reglamento Parcial N° 2 de la ley 4938.
B43: Calidad Minima esperada
C44: Que cumpla íntegramente con lo solicitado y buena calidad
B45: Mantenimiento
C46: 30 (treinta) días
B47: Garantia

Sheet Nota de Pedido NO PERECEDEROS
A1: NOTA DE PEDIDO | J1: N° | K1: 035/2021
A3: JURISDICCIÓN: | D3: 20- MINISTERIO DE GOBIERNO,JUSTICIA Y DERECHOS HUMANOS
A4: SAF: | D4: 06- SECRETARIA DE GESTION ADMINISTRATIVA DEL MINISTERIO DE GOBIERNO,JUSTICIA Y DERECHOS HUMANOS
A5: UNIDAD EJECUTORA: | D5: MUJERES,GENERO Y DIVERSIDAD-PPG
A6: DEPENDENCIA SOLICITANTE: | D6: ATENCION INTEGRAL DE VICTIMAS DE VIOLENCIA DE GENERO-HOGAR WARMI
A7: PERIODO UTILIZACIÓN: | D7: ='[1]Necesidades Trimestrales'!C7 & "° Trimestre - Año " & '[1]Necesidades Trimestrales'!C6 -> 2° Trimestre - Año 2021
A8: OBJETO: | D8: Adquisición de ALIMENTOS NO PERECEDEROS para el Hogar Warmi
A10: Ítem | B10: Codigo Item | C10: DESCRIPCIÓN | H10: Adjunta Detalle Técnico | I10: Unidad Medida | J10: Precio Unitario Estimado | K10: Cantidad Solicitada
A12: =+'[1]Necesidades Trimestrales'!A10 -> 1 | B12: =+'NEC NO PERECEDEROS'!C10 -> 2.1.1-455.4 | C12: =+'NEC NO PERECEDEROS'!F10 -> DULCE DE LECHE,CAPACIDAD: 500 GR TIPO:SIN VALOR,ENVASE PLASTICO,PRESENTACION ENVASE PLASTICO X 500 GR | H12: NO | I12: =+'NEC NO PERECEDEROS'!G10 -> UNIDAD | J12: =+'NEC NO PERECEDEROS'!I10 -> 900 | K12: =+'NEC NO PERECEDEROS'!H10 -> 9
A13: =+'[1]Necesidades Trimestrales'!A11 -> 2 | B13: =+'NEC NO PERECEDEROS'!C11 -> 2.1.1-481.38 | C13: =+'NEC NO PERECEDEROS'!F11 -> AZUCARES; TIPO: "A" COMUN, ESTADO: MOLIDA, PESO: 1 Kg, MATERIAL ENVASE: PLASTICO, CERTIFICADO FORESTAL (GFS): SIN, ELEM. TRANSPORTE: SIN, MATERIAL ELEM. TRANSPORTE: SIN | H13: NO | I13: =+'NEC NO PERECEDEROS'!G11 -> UNIDAD | J13: =+'NEC NO PERECEDEROS'!I11 -> 75 | K13: =+'NEC NO PERECEDEROS'!H11 -> 360
A14: =+'[1]Necesidades Trimestrales'!A12 -> 3 | B14: =+'NEC NO PERECEDEROS'!C12 -> 2.1.1-454.25 | C14: =+'NEC NO PERECEDEROS'!F12 -> YERBAS; PALO: CON, PESO: 1 Kg, MATERIAL ENVASE : PAPEL, CERTIFICADO FORESTAL (GFS): CON, ELEM. TRANSPORTE: SIN, MATERIAL ELEM. TRANSPORTE: SIN, LIBRE DE GLUTEN: SI | H14: NO | I14: =+'NEC NO PERECEDEROS'!G12 -> UNIDAD | J14: =+'NEC NO PERECEDEROS'!I12 -> 450 | K14: =+'NEC NO PERECEDEROS'!H12 -> 120
A15: =+'[1]Necesidades Trimestrales'!A13 -> 4 | B15: =+'NEC NO PERECEDEROS'!C13 -> 2.1.1-482.81 | C15: =+'NEC NO PERECEDEROS'!F13 -> HARINAS; TIPO: LEUDANTE, PRESENTACION: ENVASE X 1 Kg, MATERIAL ENVASE: PAPEL, CERTICADO FORESTAL (GFS): SIN, ELEM. TRANSPORTE: SIN, MATERIAL ELEM. TRANSPORTE: SIN, LIBRE DE GLUTEN: NO | H15: NO | I15: =+'NEC NO PERECEDEROS'!G13 -> UNIDAD | J15: =+'NEC NO PERECEDEROS'!I13 -> 70 | K15: =+'NEC NO PERECEDEROS'!H13 -> 240
A16: =+'[1]Necesidades Trimestrales'!A14 -> 5 | B16: =+'NEC NO PERECEDEROS'!C14 -> 2.1.1-482.77 | C16: =+'NEC NO PERECEDEROS'!F14 -> HARINAS; TIPO: DE TRIGO 0000, PRESENTACION: ENVASE X 1 Kg, MATERIAL ENVASE: PAPEL, CERTICADO FORESTAL (GFS):SIN ,ELEM.TRANSPORTE: SIN, MATERIAL ELEM.TRANSPORTE:SIN,LIBRE DE GLUTEN:NO | H16: NO | I16: =+'NEC NO PERECEDEROS'!G14 -> UNIDAD | J16: =+'NEC NO PERECEDEROS'!I14 -> 60 | K16: =+'NEC NO PERECEDEROS'!H14 -> 240
A17: =+'[1]Necesidades Trimestrales'!A15 -> 6 | B17: =+'NEC NO PERECEDEROS'!C15 -> 2.1.1-2868.55 | C17: =+'NEC NO PERECEDEROS'!F15 -> FIDEOS SECOS; VARIEDAD: TALLARIN, RELLENO: SIN, PRESENTACION: ENVASE X 500 GR, MATERIAL ENVASE: PLASTICO 1 (PET), ELEM. TRANSPORTE: SIN, MATERIAL ELEM. TRANSPORTE: SIN, CERTIFICADO FORESTAL (GFS): SIN, LIBRE DE GLUTEN: NO | H17: NO | I17: =+'NEC NO PERECEDEROS'!G15 -> UNIDAD | J17: =+'NEC NO PERECEDEROS'!I15 -> 70 | K17: =+'NEC NO PERECEDEROS'!H15 -> 240
A18: =+'[1]Necesidades Trimestrales'!A16 -> 7 | B18: =+'NEC NO PERECEDEROS'!C16 -> 2.1.1-2868.71 | C18: =+'NEC NO PERECEDEROS'!F16 -> FIDEOS SECOS; VARIEDAD: GUISERO, RELLENO: SIN, PRESENTACION: ENVASE X 500 GR, MATERIAL ENVASE: PLASTICO 1 (PET), ELEM. TRANSPORTE: SIN, MATERIAL ELEM. TRANSPORTE: SIN, CERTIFICADO FORESTAL (GFS): SIN, LIBRE DE GLUTEN: NO | H18: NO | I18: =+'NEC NO PERECEDEROS'!G16 -> UNIDAD | J18: =+'NEC NO PERECEDEROS'!I16 -> 70 | K18: =+'NEC NO PERECEDEROS'!H16 -> 240
A19: =+'[1]Necesidades Trimestrales'!A17 -> 8 | B19: =+'NEC NO PERECEDEROS'!C17 -> 2.1.1-2126.14 | C19: =+'NEC NO PERECEDEROS'!F17 -> SEMOLAS; TIPO: NATURAL, PRESENTACION: BOLSA, PESO: 1 Kg, MATERIAL ENVASE: PLASTICO 1 (PET), CERTICADO FORESTAL (GFS): SIN, LIBRE DE GLUTEN: NO | H19: NO | I19: =+'NEC NO PERECEDEROS'!G17 -> UNIDAD | J19: =+'NEC NO PERECEDEROS'!I17 -> 190 | K19: =+'NEC NO PERECEDEROS'!H17 -> 240
A20: =+'[1]Necesidades Trimestrales'!A18 -> 9 | B20: =+'NEC NO PERECEDEROS'!C18 -> 2.1.1-2868.54 | C20: =+'NEC NO PERECEDEROS'!F18 -> FIDEOS SECOS; VARIEDAD: SOPERO, RELLENO: SIN, PRESENTACION: ENVASE X 500 GR, MATERIAL ENVASE: PLASTICO 1 (PET), ELEM. TRANSPORTE: SIN, MATERIAL ELEM. TRANSPORTE: SIN, CERTIFICADO FORESTAL (GFS): SIN, LIBRE DE GLUTEN: NO | H20: NO | I20: =+'NEC NO PERECEDEROS'!G18 -> UNIDAD | J20: =+'NEC NO PERECEDEROS'!I18 -> 70 | K20: =+'NEC NO PERECEDEROS'!H18 -> 240
A21: =+'[1]Necesidades Trimestrales'!A19 -> 10 | B21: =+'NEC NO PERECEDEROS'!C19 -> 2.1.1-435.60 | C21: =+'NEC NO PERECEDEROS'!F19 -> ARROZ; TIPO GRANO: LARGO-FINO, TIPO: BLANCO, PROCESO: SIN CASCARA, PRESENTACION: BOLSA X 1 Kg, MATERIAL ENVASE: PLASTICO, CERTIFICADO FORESTAL (GFS): SIN, ELEM. TRANSPORTE: SIN, MATERIAL ELEM. TRANSPORTE: SIN, LIBRE DE GLUTEN: SI | H21: NO | I21: =+'NEC NO PERECEDEROS'!G19 -> UNIDAD | J21: =+'NEC NO PERECEDEROS'!I19 -> 120 | K21: =+'NEC NO PERECEDEROS'!H19 -> 480
A22: =+'[1]Necesidades Trimestrales'!A20 -> 11 | B22: =+'NEC NO PERECEDEROS'!C20 -> 2.1.1-510.5 | C22: =+'NEC NO PERECEDEROS'!F20 -> GELATINAS; ENVASE: CAJA DE CARTON, SABOR: FRUTILLA, PESO: 30 GR, TIPO: BAJAS CALORIAS | H22: NO | I22: =+'NEC NO PERECEDEROS'!G20 -> UNIDAD | J22: =+'NEC NO PERECEDEROS'!I20 -> 70 | K22: =+'NEC NO PERECEDEROS'!H20 -> 144
A23: =+'[1]Necesidades Trimestrales'!A21 -> 12 | B23: =+'NEC NO PERECEDEROS'!C21 -> 2.1.1-708.42 | C23: =+'NEC NO PERECEDEROS'!F21 -> CONSERVAS PESCADO Y FRUTOS MAR; TIPO: ATUN, ESTADO: EN ACEITE, PESO: 300 GR, ENVASE: LATA, ELEM. TRANSPORTE: SIN, MATERIAL ELEM. TRANSPORTE: SIN | H23: NO | I23: =+'NEC NO PERECEDEROS'!G21 -> UNIDAD | J23: =+'NEC NO PERECEDEROS'!I21 -> 130 | K23: =+'NEC NO PERECEDEROS'!H21 -> 216
... A35: =+'[1]Necesidades Trimestrales'!A33 -> 24 | B35: =+'NEC NO PERECEDEROS'!C33 -> 2.1.1-731.14 | C35: =+'NEC NO PERECEDEROS'!F33 -> CONSERVAS DE CARNE; ENVASE: LATA, TIPO: PICADILLO, PESO: 100 GR, VARIEDAD: SIN VALOR | H35: NO | I35: =+'NEC NO PERECEDEROS'!G33 -> UNIDAD | J35: =+'NEC NO PERECEDEROS'!I33 -> 50 | K35: =+'NEC NO PERECEDEROS'!H33 -> 288
A36: COSTO TOTAL ESTIMADO: SEISCIENTOS TREINTA Y SEIS MIL TRESCIENTOS CON 00/100. | J36: =SUMPRODUCT(J12:J35,K12:K35) -> 636300

Sheet APG NO PERECEDEROS
A1: EJERCICIO: | D1: ='[1]Necesidades Trimestrales'!C6 -> 2021 | P1: AUTORIZACION PARA GASTAR
A4: JURISDICCIÓN: | G4: 20- MINISTERIO DE GOBIERNO,JUSTICIA Y DERECHOS HUMANOS
A5: SAF: | G5: 06- SECRETARIA DE GESTION ADMINISTRATIVA DEL MINISTERIO DE GOBIERNO,JUSTICIA Y DERECHOS HUMANOS
A6: UNIDAD EJECUTORA: | G6: MUJERES,GENERO Y DIVERSIDAD-PPG
A7: DEPENDENCIA SOLICITANTE: | G7: ATENCION INTEGRAL DE VICTIMAS DE VIOLENCIA DE GENERO-HOGAR WARMI
A8: AUTORIZACIÓN:
A9: Señor Jefe de Servicio Administrativo Financiero:
A10: Autorizo la realizacion de los tramites correspondientes, a fin de proveer a este Organismo los bienes y/o servicios que se detallan en Nota de Pedido N° 35/2021 afectando la erogacion resultante a los creditos presupuestarios aprobados a favor de esta Unidad Ejecutora, conforme al siguiente detalle:
A13: IMPUTACIÓN PRESUPUESTARIA
A14: CÓDIGO | O14: DENOMINACIÓN DE LA PARTIDA PRESUPUESTARIA | Q14: IMPORTE
A15: PR | B15: SB | C15: PY | D15: AC | E15: OB | F15: UG | G15: FIN | H15: FUN | I15: I | J15: P | K15: P | L15: SubP | M15: M | N15: FF
A16: 9 | B16: 0 | C16: 0 | D16: 1 | E16: 0 | F16: 4901 | G16: 3 | H16: 2 | I16: 2 | J16: 1 | K16: 1 | L16: 0 | M16: 1 | N16: 1.1 | O16: ALIMENTOS PARA PERSONAS | Q16: 636300
A26: =+'Nota de Pedido NO PERECEDEROS'!A36:I36 -> COSTO TOTAL ESTIMADO: SEISCIENTOS TREINTA Y SEIS MIL TRESCIENTOS CON 00/100. | Q26: =SUM(Q16:Q25) -> 636300
A28: JUSTIFICACIÓN:
A29: Adquiscion de ALIMENTOS NO PERECEDEROS para el Hogar Warmi
