Workbook

Sheet NECESIDADES TRIMESTRALES
B2: Pedido de Necesidades Trimestrales
A4: JURISDICCION: | C4: 90 - MINISTERIO DE SEGURIDAD
A5: SAF N°: | C5: 8 - DIRECCION GENERAL SERVICIO PENITENCIARIO PROVINCIAL
A6: EJERCICIO: | C6: 2021
A7: TRIMESTRE: | C7: 1
A9: ID | B9: CODIGO ITEM | C9: RUBRO DE COMPRA | D9: I.P.P. | E9: DESCRIPCION | F9: UNIDAD DE MEDIDA | G9: CANTIDAD | H9: PRECIO UNITARIO ESTIMADO | I9: IMPORTE TOTAL ESTIMADO
A10: 1 | B10: 2.5.2-1849.3 | C10: PROD. MEDICO/FARMACEUTICOS/LAB | D10: 2.5.2 | E10: ANTIULCEROSOS; TIPO: MONODROGA, DROGA GENERICA: OMEPRAZOL, FORMA FARMACEUTICA: CAPSULA, PRESENTACION: 20 mGr | F10: COMP | G10: 4000 | H10: 2.15 | I10: =+G10*H10 -> 8600
A11: 2 | B11: 2.5.2-1843.1 | C11: PROD. MEDICO/FARMACEUTICOS/LAB | D11: 2.5.2 | E11: ANTIESPASMODICOS; TIPO: MONODROGA, PRESENTACION: 10 mGr, FORMA FARMACEUTICA: COMPRIMIDO, DROGA GENERICA: HIOSCINA N-BUTILBROMURO | F11: COMP | G11: 4000 | H11: 18.7 | I11: =+G11*H11 -> 74800
A12: 3 | B12: 2.5.2-1821.9 | C12: PROD. MEDICO/FARMACEUTICOS/LAB | D12: 2.5.2 | E12: ANTIBIOTICOS P/PERSONAS; TIPO: MONODROGA, DROGA GENERICA: AMOXICILINA, PRESENTACION: 500 mGr, FORMA FARMACEUTICA: COMPRIMIDOS | F12: COMP | G12: 3000 | H12: 6.91 | I12: =+G12*H12 -> 20730
A13: 4 | B13: 2.5.2-1821.15 | C13: PROD. MEDICO/FARMACEUTICOS/LAB | D13: 2.5.2 | E13: ANTIBIOTICOS P/PERSONAS; TIPO: MONODROGA, DROGA GENERICA: CEFALEXINA, PRESENTACION: 500 mGr, FORMA FARMACEUTICA: CAPSULA | F13: COMP | G13: 3000 | H13: 13.8 | I13: =+G13*H13 -> 41400
A14: 5 | B14: 2.5.2-1821.37 | C14: PROD. MEDICO/FARMACEUTICOS/LAB | D14: 2.5.2 | E14: ANTIBIOTICOS P/PERSONAS; TIPO: MONODROGA, DROGA GENERICA: CLARITROMICINA, FORMA FARMACEUTICA: COMPRIMIDO, PRESENTACION: 500 mGr | F14: COMP | G14: 1000 | H14: 48 | I14: =+G14*H14 -> 48000
A15: 6 | B15: 2.5.2-1821.46 | C15: PROD. MEDICO/FARMACEUTICOS/LAB | D15: 2.5.2 | E15: ANTIBIOTICOS P/PERSONAS; TIPO: MONODROGA, FORMA FARMACEUTICA: COMPRIMIDO, PRESENTACION: 500 mGr, DROGA GENERICA: CIPROFLOXACINA | F15: COMP | G15: 1000 | H15: 11.2 | I15: =+G15*H15 -> 11200
A16: 7 | B16: 2.5.2-1725.9 | C16: PROD. MEDICO/FARMACEUTICOS/LAB | D16: 2.5.2 | E16: ANTIINFLAMATORIOS NO ESTEROIDE; TIPO: MONODROGA, FORMA FARMACEUTICA: COMPRIMIDO, PRESENTACION: 75 mGr, DROGA GENERICA: DICLOFENAC SODICO | F16: COMP | G16: 4500 | H16: 2.9 | I16: =+G16*H16 -> 13050
A17: 8 | B17: 2.5.2-1725.68 | C17: PROD. MEDICO/FARMACEUTICOS/LAB | D17: 2.5.2 | E17: ANTIINFLAMATORIOS NO ESTEROIDE; TIPO: MONODROGA, DROGA GENERICA: IBUPROFENO, FORMA FARMACEUTICA: COMPRIMIDO, PRESENTACION: 400 mGr | F17: COMP | G17: 4000 | H17: 4.34 | I17: =+G17*H17 -> 17360
A18: 9 | B18: 2.5.2-1724.8 | C18: PROD. MEDICO/FARMACEUTICOS/LAB | D18: 2.5.2 | E18: ANALGESICOS ; TIPO: MONODROGA, FORMA FARMACEUTICA: COMPRIMIDO, PRESENTACION: 0,5 GR, DROGA GENERICA: PARACETAMOL | F18: COMP | G18: 4000 | H18: 4 | I18: =+G18*H18 -> 16000
A19: 10 | B19: 2.5.2-1725.49 | C19: PROD. MEDICO/FARMACEUTICOS/LAB | D19: 2.5.2 | E19: ANTIINFLAMATORIOS NO ESTEROIDE; DROGA GENERICA: KETOROLAC, FORMA FARMACEUTICA: COMPRIMIDO, PRESENTACION: 10 mGr, TIPO: MONODROGA | F19: COMP | G19: 1000 | H19: 3.2 | I19: =+G19*H19 -> 3200
A20: 11 | B20: 2.5.2-1823.16 | C20: PROD. MEDICO/FARMACEUTICOS/LAB | D20: 2.5.2 | E20: ANTIMICOTICOS; TIPO: ASOCIACION, DROGA GENERICA: CLOTRIMAZOL + BETAMETASONA, FORMA FARMACEUTICA: CREMA, PRESENTACION: 30 GR | F20: POMO | G20: 150 | H20: 171.2 | I20: =+G20*H20 -> 25680
A21: 12 | B21: 2.5.2-1883.148 | C21: PROD. MEDICO/FARMACEUTICOS/LAB | D21: 2.5.2 | E21: ANESTESICOS LOCALES; TIPO: ANALG. LOCAL Y ANTIBACTERIANO, DROGA GENERICA: LIDOCAINA+SULFADIAZINA+VITAM A, FORMA FARMACEUTICA: CREMA, PRESENTACION: ENVASE X 200 GR | F21: POMO | G21: 100 | H21: 1950 | I21: =+G21*H21 -> 195000
... A55: 46 | B55: 2.5.2-1868.39 | C55: PROD. MEDICO/FARMACEUTICOS/LAB | D55: 2.5.2 | E55: ANSIOLITICOS; TIPO: MONODROGA, DROGA GENERICA: PROMETAZINA, FORMA FARMACEUTICA: AMPOLLA, PRESENTACION: 10 mGr | F55: AMPOLLAS | G55: 50 | H55: 119.4 | I55: =+G55*H55 -> 5970
I56: =SUM(I10:I55) -> 1059640.5
B59: Especificidades Item N° 1:
B61: Descripción técnica
C62: Tendran una fecha de vencimiento minimo de 365 dias a partir de la fecha de recepción
B63: Plazos y lugares de entrega
C64: 10 dias de recibida la Orden de Compras - Ruta Nacional 38 Miraflores Capayan
B66: Calidad Minima esperada
B68: Mantenimiento
B70: Garantia
B74: Especificidades Item N° 2:
B76: Descripción técnica
B78: Plazos y lugares de entrega
B81: Calidad Minima esperada
B83: Mantenimiento
B85: Garantia

Sheet NPyE MEDICAMENTOS
A1: NOTA DE PEDIDO | J1: N° | K1: 05/2021
A3: JURISDICCIÓN: | D3: ='[1]Necesidades Trimestrales'!C4 -> 90 - MINISTERIO DE SEGURIDAD
A4: SAF: | D4: ='[1]Necesidades Trimestrales'!C5 -> 8 - DIRECCION GENERAL SERVICIO PENITENCIARIO PROVINCIAL
A5: UNIDAD EJECUTORA: | D5: Direccion General Servicio Penitenciario Provincial
A6: DEPENDENCIA SOLICITANTE: | D6: Sanidad
A7: PERIODO UTILIZACIÓN: | D7: 1° Trimestre -2021
A8: OBJETO: | D8: Adquisicón de Medicamentos con destino a los internos alojados en la institución
A10: Ítem | B10: Codigo Item | C10: DESCRIPCIÓN | H10: Adjunta Detalle Técnico | I10: Unidad Medida | J10: Precio Unitario Estimado | K10: Cantidad Solicitada
A12: 1 | B12: 2.5.2-1849.3 | C12: ANTIULCEROSOS; TIPO: MONODROGA, DROGA GENERICA: OMEPRAZOL, FORMA FARMACEUTICA: CAPSULA, PRESENTACION: 20 mGr | H12: NO | I12: COMP | J12: ='NECESIDADES TRIMESTRALES'!H10 -> 2.15 | K12: 4000
A13: 2 | B13: 2.5.2-1843.1 | C13: ANTIESPASMODICOS; TIPO: MONODROGA, PRESENTACION: 10 mGr, FORMA FARMACEUTICA: COMPRIMIDO, DROGA GENERICA: HIOSCINA N-BUTILBROMURO | D13: ANTIESPASMODICOS; TIPO: MONODROGA, PRESENTACION: 10 mGr, FORMA FARMACEUTICA: COMPRIMIDO, DROGA GENERICA: HIOSCINA N-BUTILBROMURO | E13: ANTIESPASMODICOS; TIPO: MONODROGA, PRESENTACION: 10 mGr, FORMA FARMACEUTICA: COMPRIMIDO, DROGA GENERICA: HIOSCINA N-BUTILBROMURO | F13: ANTIESPASMODICOS; TIPO: MONODROGA, PRESENTACION: 10 mGr, FORMA FARMACEUTICA: COMPRIMIDO, DROGA GENERICA: HIOSCINA N-BUTILBROMURO | G13: ANTIESPASMODICOS; TIPO: MONODROGA, PRESENTACION: 10 mGr, FORMA FARMACEUTICA: COMPRIMIDO, DROGA GENERICA: HIOSCINA N-BUTILBROMURO | H13: NO | I13: COMP | J13: ='NECESIDADES TRIMESTRALES'!H11 -> 18.7 | K13: 4000
A14: 3 | B14: 2.5.2-1821.9 | C14: ANTIBIOTICOS P/PERSONAS; TIPO: MONODROGA, DROGA GENERICA: AMOXICILINA, PRESENTACION: 500 mGr, FORMA FARMACEUTICA: COMPRIMIDOS | D14: ANTIBIOTICOS P/PERSONAS; TIPO: MONODROGA, DROGA GENERICA: AMOXICILINA, PRESENTACION: 500 mGr, FORMA FARMACEUTICA: COMPRIMIDOS | E14: ANTIBIOTICOS P/PERSONAS; TIPO: MONODROGA, DROGA GENERICA: AMOXICILINA, PRESENTACION: 500 mGr, FORMA FARMACEUTICA: COMPRIMIDOS | F14: ANTIBIOTICOS P/PERSONAS; TIPO: MONODROGA, DROGA GENERICA: AMOXICILINA, PRESENTACION: 500 mGr, FORMA FARMACEUTICA: COMPRIMIDOS | G14: ANTIBIOTICOS P/PERSONAS; TIPO: MONODROGA, DROGA GENERICA: AMOXICILINA, PRESENTACION: 500 mGr, FORMA FARMACEUTICA: COMPRIMIDOS | H14: NO | I14: COMP | J14: ='NECESIDADES TRIMESTRALES'!H12 -> 6.91 | K14: 3000
A15: 4 | B15: 2.5.2-1821.15 | C15: ANTIBIOTICOS P/PERSONAS; TIPO: MONODROGA, DROGA GENERICA: CEFALEXINA, PRESENTACION: 500 mGr, FORMA FARMACEUTICA: CAPSULA | D15: ANTIBIOTICOS P/PERSONAS; TIPO: MONODROGA, DROGA GENERICA: CEFALEXINA, PRESENTACION: 500 mGr, FORMA FARMACEUTICA: CAPSULA | E15: ANTIBIOTICOS P/PERSONAS; TIPO: MONODROGA, DROGA GENERICA: CEFALEXINA, PRESENTACION: 500 mGr, FORMA FARMACEUTICA: CAPSULA | F15: ANTIBIOTICOS P/PERSONAS; TIPO: MONODROGA, DROGA GENERICA: CEFALEXINA, PRESENTACION: 500 mGr, FORMA FARMACEUTICA: CAPSULA | G15: ANTIBIOTICOS P/PERSONAS; TIPO: MONODROGA, DROGA GENERICA: CEFALEXINA, PRESENTACION: 500 mGr, FORMA FARMACEUTICA: CAPSULA | H15: NO | I15: COMP | J15: ='NECESIDADES TRIMESTRALES'!H13 -> 13.8 | K15: 3000
A16: 5 | B16: 2.5.2-1821.37 | C16: ANTIBIOTICOS P/PERSONAS; TIPO: MONODROGA, DROGA GENERICA: CLARITROMICINA, FORMA FARMACEUTICA: COMPRIMIDO, PRESENTACION: 500 mGr | D16: ANTIBIOTICOS P/PERSONAS; TIPO: MONODROGA, DROGA GENERICA: CLARITROMICINA, FORMA FARMACEUTICA: COMPRIMIDO, PRESENTACION: 500 mGr | E16: ANTIBIOTICOS P/PERSONAS; TIPO: MONODROGA, DROGA GENERICA: CLARITROMICINA, FORMA FARMACEUTICA: COMPRIMIDO, PRESENTACION: 500 mGr | F16: ANTIBIOTICOS P/PERSONAS; TIPO: MONODROGA, DROGA GENERICA: CLARITROMICINA, FORMA FARMACEUTICA: COMPRIMIDO, PRESENTACION: 500 mGr | G16: ANTIBIOTICOS P/PERSONAS; TIPO: MONODROGA, DROGA GENERICA: CLARITROMICINA, FORMA FARMACEUTICA: COMPRIMIDO, PRESENTACION: 500 mGr | H16: NO | I16: COMP | J16: ='NECESIDADES TRIMESTRALES'!H14 -> 48 | K16: 1000
A17: 6 | B17: 2.5.2-1821.46 | C17: ANTIBIOTICOS P/PERSONAS; TIPO: MONODROGA, FORMA FARMACEUTICA: COMPRIMIDO, PRESENTACION: 500 mGr, DROGA GENERICA: CIPROFLOXACINA | D17: ANTIBIOTICOS P/PERSONAS; TIPO: MONODROGA, FORMA FARMACEUTICA: COMPRIMIDO, PRESENTACION: 500 mGr, DROGA GENERICA: CIPROFLOXACINA | E17: ANTIBIOTICOS P/PERSONAS; TIPO: MONODROGA, FORMA FARMACEUTICA: COMPRIMIDO, PRESENTACION: 500 mGr, DROGA GENERICA: CIPROFLOXACINA | F17: ANTIBIOTICOS P/PERSONAS; TIPO: MONODROGA, FORMA FARMACEUTICA: COMPRIMIDO, PRESENTACION: 500 mGr, DROGA GENERICA: CIPROFLOXACINA | G17: ANTIBIOTICOS P/PERSONAS; TIPO: MONODROGA, FORMA FARMACEUTICA: COMPRIMIDO, PRESENTACION: 500 mGr, DROGA GENERICA: CIPROFLOXACINA | H17: NO | I17: COMP | J17: ='NECESIDADES TRIMESTRALES'!H15 -> 11.2 | K17: 1000
A18: 7 | B18: 2.5.2-1725.9 | C18: ANTIINFLAMATORIOS NO ESTEROIDE; TIPO: MONODROGA, FORMA FARMACEUTICA: COMPRIMIDO, PRESENTACION: 75 mGr, DROGA GENERICA: DICLOFENAC SODICO | D18: ANTIINFLAMATORIOS NO ESTEROIDE; TIPO: MONODROGA, FORMA FARMACEUTICA: COMPRIMIDO, PRESENTACION: 75 mGr, DROGA GENERICA: DICLOFENAC SODICO | E18: ANTIINFLAMATORIOS NO ESTEROIDE; TIPO: MONODROGA, FORMA FARMACEUTICA: COMPRIMIDO, PRESENTACION: 75 mGr, DROGA GENERICA: DICLOFENAC SODICO | F18: ANTIINFLAMATORIOS NO ESTEROIDE; TIPO: MONODROGA, FORMA FARMACEUTICA: COMPRIMIDO, PRESENTACION: 75 mGr, DROGA GENERICA: DICLOFENAC SODICO | G18: ANTIINFLAMATORIOS NO ESTEROIDE; TIPO: MONODROGA, FORMA FARMACEUTICA: COMPRIMIDO, PRESENTACION: 75 mGr, DROGA GENERICA: DICLOFENAC SODICO | H18: NO | I18: COMP | J18: ='NECESIDADES TRIMESTRALES'!H16 -> 2.9 | K18: 4500
A19: 8 | B19: 2.5.2-1725.68 | C19: ANTIINFLAMATORIOS NO ESTEROIDE; TIPO: MONODROGA, DROGA GENERICA: IBUPROFENO, FORMA FARMACEUTICA: COMPRIMIDO, PRESENTACION: 400 mGr | H19: NO | I19: COMP | J19: ='NECESIDADES TRIMESTRALES'!H17 -> 4.34 | K19: 4000
A20: 9 | B20: 2.5.2-1724.8 | C20: ANALGESICOS ; TIPO: MONODROGA, FORMA FARMACEUTICA: COMPRIMIDO, PRESENTACION: 0,5 GR, DROGA GENERICA: PARACETAMOL | D20: ANALGESICOS ; TIPO: MONODROGA, FORMA FARMACEUTICA: COMPRIMIDO, PRESENTACION: 0,5 GR, DROGA GENERICA: PARACETAMOL | E20: ANALGESICOS ; TIPO: MONODROGA, FORMA FARMACEUTICA: COMPRIMIDO, PRESENTACION: 0,5 GR, DROGA GENERICA: PARACETAMOL | F20: ANALGESICOS ; TIPO: MONODROGA, FORMA FARMACEUTICA: COMPRIMIDO, PRESENTACION: 0,5 GR, DROGA GENERICA: PARACETAMOL | G20: ANALGESICOS ; TIPO: MONODROGA, FORMA FARMACEUTICA: COMPRIMIDO, PRESENTACION: 0,5 GR, DROGA GENERICA: PARACETAMOL | H20: NO | I20: COMP | J20: ='NECESIDADES TRIMESTRALES'!H18 -> 4 | K20: 4000
A21: 10 | B21: 2.5.2-1725.49 | C21: ANTIINFLAMATORIOS NO ESTEROIDE; DROGA GENERICA: KETOROLAC, FORMA FARMACEUTICA: COMPRIMIDO, PRESENTACION: 10 mGr, TIPO: MONODROGA | D21: ANTIINFLAMATORIOS NO ESTEROIDE; DROGA GENERICA: KETOROLAC, FORMA FARMACEUTICA: COMPRIMIDO, PRESENTACION: 10 mGr, TIPO: MONODROGA | E21: ANTIINFLAMATORIOS NO ESTEROIDE; DROGA GENERICA: KETOROLAC, FORMA FARMACEUTICA: COMPRIMIDO, PRESENTACION: 10 mGr, TIPO: MONODROGA | F21: ANTIINFLAMATORIOS NO ESTEROIDE; DROGA GENERICA: KETOROLAC, FORMA FARMACEUTICA: COMPRIMIDO, PRESENTACION: 10 mGr, TIPO: MONODROGA | G21: ANTIINFLAMATORIOS NO ESTEROIDE; DROGA GENERICA: KETOROLAC, FORMA FARMACEUTICA: COMPRIMIDO, PRESENTACION: 10 mGr, TIPO: MONODROGA | H21: NO | I21: COMP | J21: ='NECESIDADES TRIMESTRALES'!H19 -> 3.2 | K21: 1000
A22: 11 | B22: 2.5.2-1823.16 | C22: ANTIMICOTICOS; TIPO: ASOCIACION, DROGA GENERICA: CLOTRIMAZOL + BETAMETASONA, FORMA FARMACEUTICA: CREMA, PRESENTACION: 30 GR | D22: ANTIMICOTICOS; TIPO: ASOCIACION, DROGA GENERICA: CLOTRIMAZOL + BETAMETASONA, FORMA FARMACEUTICA: CREMA, PRESENTACION: 30 GR | E22: ANTIMICOTICOS; TIPO: ASOCIACION, DROGA GENERICA: CLOTRIMAZOL + BETAMETASONA, FORMA FARMACEUTICA: CREMA, PRESENTACION: 30 GR | F22: ANTIMICOTICOS; TIPO: ASOCIACION, DROGA GENERICA: CLOTRIMAZOL + BETAMETASONA, FORMA FARMACEUTICA: CREMA, PRESENTACION: 30 GR | G22: ANTIMICOTICOS; TIPO: ASOCIACION, DROGA GENERICA: CLOTRIMAZOL + BETAMETASONA, FORMA FARMACEUTICA: CREMA, PRESENTACION: 30 GR | H22: NO | I22: POMO | J22: ='NECESIDADES TRIMESTRALES'!H20 -> 171.2 | K22: 150
A23: 12 | B23: 2.5.2-1883.148 | C23: ANESTESICOS LOCALES; TIPO: ANALG. LOCAL Y ANTIBACTERIANO, DROGA GENERICA: LIDOCAINA+SULFADIAZINA+VITAM A, FORMA FARMACEUTICA: CREMA, PRESENTACION: ENVASE X 200 GR | D23: ANESTESICOS LOCALES; TIPO: ANALG. LOCAL Y ANTIBACTERIANO, DROGA GENERICA: LIDOCAINA+SULFADIAZINA+VITAM A, FORMA FARMACEUTICA: CREMA, PRESENTACION: ENVASE X 200 GR | E23: ANESTESICOS LOCALES; TIPO: ANALG. LOCAL Y ANTIBACTERIANO, DROGA GENERICA: LIDOCAINA+SULFADIAZINA+VITAM A, FORMA FARMACEUTICA: CREMA, PRESENTACION: ENVASE X 200 GR | F23: ANESTESICOS LOCALES; TIPO: ANALG. LOCAL Y ANTIBACTERIANO, DROGA GENERICA: LIDOCAINA+SULFADIAZINA+VITAM A, FORMA FARMACEUTICA: CREMA, PRESENTACION: ENVASE X 200 GR | G23: ANESTESICOS LOCALES; TIPO: ANALG. LOCAL Y ANTIBACTERIANO, DROGA GENERICA: LIDOCAINA+SULFADIAZINA+VITAM A, FORMA FARMACEUTICA: CREMA, PRESENTACION: ENVASE X 200 GR | H23: NO | I23: POMO | J23: ='NECESIDADES TRIMESTRALES'!H21 -> 1950 | K23: 100
A24: 13 | B24: 2.5.2-1816.3 | C24: ANTIDIARREICOS; TIPO: MONODROGA, DROGA GENERICA: LOPERAMIDA, FORMA FARMACEUTICA: COMPRIMIDO, PRESENTACION: 2 mGr | D24: ANTIDIARREICOS; TIPO: MONODROGA, DROGA GENERICA: LOPERAMIDA, FORMA FARMACEUTICA: COMPRIMIDO, PRESENTACION: 2 mGr | E24: ANTIDIARREICOS; TIPO: MONODROGA, DROGA GENERICA: LOPERAMIDA, FORMA FARMACEUTICA: COMPRIMIDO, PRESENTACION: 2 mGr | F24: ANTIDIARREICOS; TIPO: MONODROGA, DROGA GENERICA: LOPERAMIDA, FORMA FARMACEUTICA: COMPRIMIDO, PRESENTACION: 2 mGr | G24: ANTIDIARREICOS; TIPO: MONODROGA, DROGA GENERICA: LOPERAMIDA, FORMA FARMACEUTICA: COMPRIMIDO, PRESENTACION: 2 mGr | H24: NO | I24: COMP | J24: ='NECESIDADES TRIMESTRALES'!H22 -> 2 | K24: 1000
A25: 14 | B25: 2.5.2-1903.20 | C25: RECONSTITUYENTE GENERAL; TIPO: MONODROGA, DROGA GENERICA: HORMONA TIROIDEA LEVOTIROXINA, PRESENTACION: 100 mGr, FORMA FARMACEUTICA: COMPRIMIDO | D25: RECONSTITUYENTE GENERAL; TIPO: MONODROGA, DROGA GENERICA: HORMONA TIROIDEA LEVOTIROXINA, PRESENTACION: 100 mGr, FORMA FARMACEUTICA: COMPRIMIDO | E25: RECONSTITUYENTE GENERAL; TIPO: MONODROGA, DROGA GENERICA: HORMONA TIROIDEA LEVOTIROXINA, PRESENTACION: 100 mGr, FORMA FARMACEUTICA: COMPRIMIDO | F25: RECONSTITUYENTE GENERAL; TIPO: MONODROGA, DROGA GENERICA: HORMONA TIROIDEA LEVOTIROXINA, PRESENTACION: 100 mGr, FORMA FARMACEUTICA: COMPRIMIDO | G25: RECONSTITUYENTE GENERAL; TIPO: MONODROGA, DROGA GENERICA: HORMONA TIROIDEA LEVOTIROXINA, PRESENTACION: 100 mGr, FORMA FARMACEUTICA: COMPRIMIDO | H25: NO | I25: COMP | J25: ='NECESIDADES TRIMESTRALES'!H23 -> 11.08 | K25: 600
A26: 15 | B26: 2.5.2-1903.39 | C26: RECONSTITUYENTE GENERAL; TIPO: MONODROGA, DROGA GENERICA: LEVOTIROXINA SODICA, FORMA FARMACEUTICA: COMPRIMIDO, PRESENTACION: 150 mGr | D26: RECONSTITUYENTE GENERAL; TIPO: MONODROGA, DROGA GENERICA: LEVOTIROXINA SODICA, FORMA FARMACEUTICA: COMPRIMIDO, PRESENTACION: 150 mGr | E26: RECONSTITUYENTE GENERAL; TIPO: MONODROGA, DROGA GENERICA: LEVOTIROXINA SODICA, FORMA FARMACEUTICA: COMPRIMIDO, PRESENTACION: 150 mGr | F26: RECONSTITUYENTE GENERAL; TIPO: MONODROGA, DROGA GENERICA: LEVOTIROXINA SODICA, FORMA FARMACEUTICA: COMPRIMIDO, PRESENTACION: 150 mGr | G26: RECONSTITUYENTE GENERAL; TIPO: MONODROGA, DROGA GENERICA: LEVOTIROXINA SODICA, FORMA FARMACEUTICA: COMPRIMIDO, PRESENTACION: 150 mGr | H26: NO | I26: COMP | J26: ='NECESIDADES TRIMESTRALES'!H24 -> 17.38 | K26: 300
A27: 16 | B27: 2.5.2-1837.7 | C27: HIPOTENSORES; DROGA GENERICA: ENALAPRIL, FORMA FARMACEUTICA: COMPRIMIDO, TIPO: MONODROGA, PRESENTACION: 10 mGr | D27: HIPOTENSORES; DROGA GENERICA: ENALAPRIL, FORMA FARMACEUTICA: COMPRIMIDO, TIPO: MONODROGA, PRESENTACION: 10 mGr | E27: HIPOTENSORES; DROGA GENERICA: ENALAPRIL, FORMA FARMACEUTICA: COMPRIMIDO, TIPO: MONODROGA, PRESENTACION: 10 mGr | F27: HIPOTENSORES; DROGA GENERICA: ENALAPRIL, FORMA FARMACEUTICA: COMPRIMIDO, TIPO: MONODROGA, PRESENTACION: 10 mGr | G27: HIPOTENSORES; DROGA GENERICA: ENALAPRIL, FORMA FARMACEUTICA: COMPRIMIDO, TIPO: MONODROGA, PRESENTACION: 10 mGr | H27: NO | I27: COMP | J27: ='NECESIDADES TRIMESTRALES'!H25 -> 2.59 | K27: 2000
A28: 17 | B28: 2.5.2-1837.17 | C28: HIPOTENSORES; TIPO: MONODROGA, DROGA GENERICA: LOSARTAN, FORMA FARMACEUTICA: COMPRIMIDO, PRESENTACION: 50 mGr | D28: HIPOTENSORES; TIPO: MONODROGA, DROGA GENERICA: LOSARTAN, FORMA FARMACEUTICA: COMPRIMIDO, PRESENTACION: 50 mGr | E28: HIPOTENSORES; TIPO: MONODROGA, DROGA GENERICA: LOSARTAN, FORMA FARMACEUTICA: COMPRIMIDO, PRESENTACION: 50 mGr | F28: HIPOTENSORES; TIPO: MONODROGA, DROGA GENERICA: LOSARTAN, FORMA FARMACEUTICA: COMPRIMIDO, PRESENTACION: 50 mGr | G28: HIPOTENSORES; TIPO: MONODROGA, DROGA GENERICA: LOSARTAN, FORMA FARMACEUTICA: COMPRIMIDO, PRESENTACION: 50 mGr | H28: NO | I28: COMP | J28: ='NECESIDADES TRIMESTRALES'!H26 -> 4.84 | K28: 1000
A29: 18 | B29: 2.5.2-1837.42 | C29: HIPOTENSORES; TIPO: MONODROGA, DROGA GENERICA: CARVEDILOL, FORMA FARMACEUTICA: COMPRIMIDO, PRESENTACION: 6,25 mGr | D29: HIPOTENSORES; TIPO: MONODROGA, DROGA GENERICA: CARVEDILOL, FORMA FARMACEUTICA: COMPRIMIDO, PRESENTACION: 6,25 mGr | E29: HIPOTENSORES; TIPO: MONODROGA, DROGA GENERICA: CARVEDILOL, FORMA FARMACEUTICA: COMPRIMIDO, PRESENTACION: 6,25 mGr | F29: HIPOTENSORES; TIPO: MONODROGA, DROGA GENERICA: CARVEDILOL, FORMA FARMACEUTICA: COMPRIMIDO, PRESENTACION: 6,25 mGr | G29: HIPOTENSORES; TIPO: MONODROGA, DROGA GENERICA: CARVEDILOL, FORMA FARMACEUTICA: COMPRIMIDO, PRESENTACION: 6,25 mGr | H29: NO | I29: COMP | J29: ='NECESIDADES TRIMESTRALES'!H27 -> 3.35 | K29: 200
A30: 19 | B30: 2.5.2-1837.33 | C30: HIPOTENSORES; TIPO: MONODROGA, DROGA GENERICA: VALSARTAN, FORMA FARMACEUTICA: CAPSULA, PRESENTACION: 80 mGr | D30: HIPOTENSORES; TIPO: MONODROGA, DROGA GENERICA: VALSARTAN, FORMA FARMACEUTICA: CAPSULA, PRESENTACION: 80 mGr | E30: HIPOTENSORES; TIPO: MONODROGA, DROGA GENERICA: VALSARTAN, FORMA FARMACEUTICA: CAPSULA, PRESENTACION: 80 mGr | F30: HIPOTENSORES; TIPO: MONODROGA, DROGA GENERICA: VALSARTAN, FORMA FARMACEUTICA: CAPSULA, PRESENTACION: 80 mGr | G30: HIPOTENSORES; TIPO: MONODROGA, DROGA GENERICA: VALSARTAN, FORMA FARMACEUTICA: CAPSULA, PRESENTACION: 80 mGr | H30: NO | I30: COMP | J30: ='NECESIDADES TRIMESTRALES'!H28 -> 23.25 | K30: 200
A31: 20 | B31: 2.5.2-1834.1 | C31: ANTIARRITMICOS; TIPO: MONODROGA, DROGA GENERICA: AMIODARONA, PRESENTACION: 200 mGr, FORMA FARMACEUTICA: CAPSULA | D31: ANTIARRITMICOS; TIPO: MONODROGA, DROGA GENERICA: AMIODARONA, PRESENTACION: 200 mGr, FORMA FARMACEUTICA: CAPSULA | E31: ANTIARRITMICOS; TIPO: MONODROGA, DROGA GENERICA: AMIODARONA, PRESENTACION: 200 mGr, FORMA FARMACEUTICA: CAPSULA | F31: ANTIARRITMICOS; TIPO: MONODROGA, DROGA GENERICA: AMIODARONA, PRESENTACION: 200 mGr, FORMA FARMACEUTICA: CAPSULA | G31: ANTIARRITMICOS; TIPO: MONODROGA, DROGA GENERICA: AMIODARONA, PRESENTACION: 200 mGr, FORMA FARMACEUTICA: CAPSULA | H31: NO | I31: COMP | J31: ='NECESIDADES TRIMESTRALES'!H29 -> 11.76 | K31: 300
... A57: 46 | B57: 2.5.2-1868.39 | C57: ANSIOLITICOS; TIPO: MONODROGA, DROGA GENERICA: PROMETAZINA, FORMA FARMACEUTICA: AMPOLLA, PRESENTACION: 10 mGr | D57: ANSIOLITICOS; TIPO: MONODROGA, DROGA GENERICA: PROMETAZINA, FORMA FARMACEUTICA: AMPOLLA, PRESENTACION: 10 mGr | E57: ANSIOLITICOS; TIPO: MONODROGA, DROGA GENERICA: PROMETAZINA, FORMA FARMACEUTICA: AMPOLLA, PRESENTACION: 10 mGr | F57: ANSIOLITICOS; TIPO: MONODROGA, DROGA GENERICA: PROMETAZINA, FORMA FARMACEUTICA: AMPOLLA, PRESENTACION: 10 mGr | G57: ANSIOLITICOS; TIPO: MONODROGA, DROGA GENERICA: PROMETAZINA, FORMA FARMACEUTICA: AMPOLLA, PRESENTACION: 10 mGr | H57: NO | I57: AMPOLLAS | J57: ='NECESIDADES TRIMESTRALES'!H55 -> 119.4 | K57: 50
A58: Costo total estimado: | J58: =SUMPRODUCT(J12:J57,K12:K57) -> 1059640.5

Sheet APG MEDICAMENTOS
A1: EJERCICIO: | D1: 2021 | P1: AUTORIZACION PARA GASTAR
A4: JURISDICCIÓN: | G4: ='[2] NotaPedido'!D3 -> 90 - MINISTERIO DE SEGURIDAD
A5: SAF: | G5: ='[2] NotaPedido'!D4 -> 8 - DIRECCION GENERAL SERVICIO PENITENCIARIO PROVINCIAL
A6: UNIDAD EJECUTORA: | G6: ='[2] NotaPedido'!D5 -> Servicio Penitenciario Provincial
A7: DEPENDENCIA SOLICITANTE: | G7: Division Sanidad
A8: AUTORIZACIÓN:
A9: Señor Jefe de Servicio Administrativo Financiero:
A10: Autorizo la realización de los trámites correspondientes, a fin de proveer a este Organismo los bienes y/o servicios que se detallan en Nota de Pedido N°05/2021, afectando la erogación resultante a los créditos presupuestarios aprobados a favor de esta Unidad Ejecutora, conforme al siguiente detalle:"
A12: IMPUTACIÓN PRESUPUESTARIA
A13: CÓDIGO | O13: DENOMINACIÓN DE LA PARTIDA PRESUPUESTARIA | Q13: IMPORTE
A14: PR | B14: SB | C14: PY | D14: AC | E14: OB | F14: UG | G14: FIN | H14: FUN | I14: I | J14: P | K14: P | L14: SubP | M14: M | N14: FF
A15: 21 | D15: 1 | F15: 4201 | G15: 2 | H15: 220 | I15: 2 | J15: 5 | K15: 2 | M15: 1 | N15: 1.1 | O15: Productos Farmaceuticos y Medicinales | Q15: ='NECESIDADES TRIMESTRALES'!I56 -> 1059640.5
A19: TOTAL DE PESOS: Un Millon Cincuenta y Nueve Mil Seiscientos Cuarenta con 50/100. | Q19: =SUM(Q15:Q18) -> 1059640.5
A21: JUSTIFICACIÓN:
A22: Adquisicion de Medicamentos con destino al suministro de la poblacion penal.
