Workbook

Sheet Necesidades Trimestrales
B2: Pedido de Necesidades Trimestrales
A4: JURISDICCION: | C4: 35 - Ministerio de Vivienda y Urbanizacion
A5: SAF N°: | C5: 48 - Direccion Provincial de Gestion de Administracion y Recursos Humanos
A6: EJERCICIO: | C6: 2021
A7: TRIMESTRE: | C7: 4
A9: ID | B9: CODIGO ITEM | C9: RUBRO DE COMPRA | D9: I.P.P. | E9: DESCRIPCION | F9: UNIDAD DE MEDIDA | G9: CANTIDAD | H9: PRECIO UNITARIO ESTIMADO | I9: IMPORTE TOTAL ESTIMADO
A10: 1 | B10: 2.5.6-793.31 | C10: COMBUSTIBLES Y LUBRICANTES | D10: =LEFT(B10,5) -> 2.5.6 | E10: GAS OIL; PRESENTACION: POR LITRO, USO: MOTORES DIESEL, COMERCIALIZACION: GRADO 3, DESTINO: DPTO. S.F.V. DE CATAMARCA | F10: LITROS | G10: 21030 | H10: 95.1 | I10: =G10*H10 -> 1999953
I12: =SUM(I10:I11) -> 1999953
B15: Especificidades Item N° 1:
B17: Descripción técnica
C18: SE SUGIERE LA ENTREGA DE VALES DE 10 LITROS. CUANDO LA CANTIDAD ADJUDICADA NO PERMITA LA CONFECCIONDE DICHO VALE SE PODRA CONFECCIONAR UN VALE POR UNA CANTIDAD MENOR.
B19: Plazos y lugares de entrega
C20: DENTRO DE LOS 15 DIAS HABILES, A PARTIR DEL PERFECCIONAMIENTO DEL DOCUMENTO CONTRACTUAL.
C21: MINISTERIO DE VIVIENDA - AV. VENEZUELA S/Nº - CAPE - PABELLON Nº7
B22: Calidad Minima esperada
B24: Mantenimiento
C25: 30 DIAS.
B26: Garantia

Sheet  NotaPedido
A1: NOTA DE PEDIDO | J1: N° | K1: 882/2021
A3: JURISDICCIÓN: | D3: ='Necesidades Trimestrales'!C4 -> 35 - Ministerio de Vivienda y Urbanizacion
A4: SAF: | D4: ='Necesidades Trimestrales'!C5 -> 48 - Direccion Provincial de Gestion de Administracion y Recursos Humanos
A5: UNIDAD EJECUTORA: | D5: Ministerio de Vivienda y Urbanizacion
A6: DEPENDENCIA SOLICITANTE: | D6: Ministerio de Vivienda y Urbanizacion
A7: PERIODO UTILIZACIÓN: | D7: ='Necesidades Trimestrales'!C7 & "° Trimestre - Año " & 'Necesidades Trimestrales'!C6 -> 4° Trimestre - Año 2021
A8: OBJETO: | D8: Adquisicion de Combustible Gasoil para vehiculos Oficiales del Ministerio de Vivienda y Urbanizacion.
A10: Ítem | B10: Codigo Item | C10: DESCRIPCIÓN | H10: Adjunta Detalle Técnico | I10: Unidad Medida | J10: Precio Unitario Estimado | K10: Cantidad Solicitada
A12: 1 | B12: ='Necesidades Trimestrales'!B10 -> 2.5.6-793.31 | C12: ='Necesidades Trimestrales'!E10 -> GAS OIL; PRESENTACION: POR LITRO, USO: MOTORES DIESEL, COMERCIALIZACION: GRADO 3, DESTINO: DPTO. S.F.V. DE CATAMARCA | H12: SI | I12: ='Necesidades Trimestrales'!F10 -> LITROS | J12: ='Necesidades Trimestrales'!H10 -> 95.1 | K12: ='Necesidades Trimestrales'!G10 -> 21030
A15: Costo total estimado: Un Millon Novecientos Noventa y Nueve Mil Novecientos Cincuenta y Tres con 00/100 | J15: =SUMPRODUCT(J12:J14,K12:K14) -> 1999953

Sheet Autor Gastar
A1: EJERCICIO: | D1: ='Necesidades Trimestrales'!C6 -> 2021 | P1: AUTORIZACION PARA GASTAR
A4: JURISDICCIÓN: | G4: =' NotaPedido'!D3 -> 35 - Ministerio de Vivienda y Urbanizacion
A5: SAF: | G5: =' NotaPedido'!D4 -> 48 - Direccion Provincial de Gestion de Administracion y Recursos Humanos
A6: UNIDAD EJECUTORA: | G6: =' NotaPedido'!D5 -> Ministerio de Vivienda y Urbanizacion
A7: DEPENDENCIA SOLICITANTE: | G7: =' NotaPedido'!D6 -> Ministerio de Vivienda y Urbanizacion
A8: AUTORIZACIÓN:
A9: Señor Jefe de Servicio Administrativo Financiero:
A10: ="Autorizo la realización de los trámites correspondientes, a fin de proveer a este Organismo los bienes y/o servicios que se detallan en Nota de Pedido N° " & ' NotaPedido'!K1&", afectando la erogación resultante a los créditos presupuestarios aprobados a favor de esta Unidad Ejecutora, conforme al siguiente detalle:" -> Autorizo la realización de los trámites correspondientes, a fin de proveer a este Organismo los bienes y/o servicios que se detallan en Nota de Pedido N° 882/2021, afectando la erogación resultante a los créditos presupuestarios aprobados a favor de esta Unidad Ejecutora, conforme al siguiente detalle:
A12: IMPUTACIÓN PRESUPUESTARIA
A13: CÓDIGO | O13: DENOMINACIÓN DE LA PARTIDA PRESUPUESTARIA | Q13: IMPORTE
A14: PR | B14: SB | C14: PY | D14: AC | E14: OB | F14: UG | G14: FIN | H14: FUN | I14: I | J14: P | K14: P | L14: SubP | M14: M | N14: FF
A15: 25 | B15: 0 | C15: 0 | D15: 1 | E15: 0 | F15: 4901 | G15: 3 | H15: 370 | I15: =LEFT('Necesidades Trimestrales'!D10,1) -> 2 | J15: =MID('Necesidades Trimestrales'!D10,3,1) -> 5 | K15: =RIGHT('Necesidades Trimestrales'!D10,1) -> 6 | L15: 0 | M15: 1 | N15: 1.1 | O15: COMBUSTIBLES Y LUBRICANTES | Q15: ='Necesidades Trimestrales'!I10 -> 1999953
A23: TOTAL DE PESOS: Un Millon Novecientos Noventa y Nueve Mil Novecientos Cincuenta y Tres con 00/100 | Q23: =SUM(Q15:Q22) -> 1999953
A25: JUSTIFICACIÓN:
A26: Adquisicion de Combustible Gasoil para vehiculos Oficiales del Ministerio de Vivienda y Urbanizacion.
