Workbook

Sheet Necesidades Trimestrales
B2: Pedido de Necesidades Trimestrales
A4: JURISDICCION: | C4: 40 - Ministerio de Salud
A5: SAF N°: | C5: 23 - Hospital Interzonal San Juan Bautista
A6: EJERCICIO: | C6: 2021
A7: TRIMESTRE: | C7: 3
A9: ID | B9: CODIGO ITEM | C9: RUBRO DE COMPRA | D9: I.P.P. | E9: DESCRIPCION | F9: UNIDAD DE MEDIDA | G9: CANTIDAD | H9: PRECIO UNITARIO ESTIMADO | I9: IMPORTE TOTAL ESTIMADO
A10: 1 | C10: Utiles Menores Med. Quirurg.y de Labor. | D10: 2.9.5 | E10: BARBIJOS DE ALTA EFICIENCIA TIPO N95 | F10: UNIDAD | G10: 6000 | H10: 69.9 | I10: =G10*H10 -> 419400
A11: 2 | C11: Utiles Menores Med. Quirurg.y de Labor. | D11: 2.9.5 | E11: CANULA PARA TRAQUEOSTOMIA Nº 7 1/2 | F11: UNIDAD | G11: 80 | H11: 589.4 | I11: =G11*H11 -> 47152
A12: 3 | C12: Utiles Menores Med. Quirurg.y de Labor. | D12: 2.9.5 | E12: CIRCUITO CERRADO P/ASPIRACION 16 FR | F12: UNIDAD | G12: 5600 | H12: 1200 | I12: =G12*H12 -> 6720000
A13: 4 | C13: Utiles Menores Med. Quirurg.y de Labor. | D13: 2.9.5 | E13: CIRCUITO RESPIRADOR CON TRAMPA DE AGUA AUTOCLAVABLE ADULTO | F13: UNIDAD | G13: 600 | H13: 16100 | I13: =G13*H13 -> 9660000
A14: 5 | C14: Utiles Menores Med. Quirurg.y de Labor. | D14: 2.9.5 | E14: FILTRO HME ADULTO HIGROBAC INTERCAMBIADOR CALOR/HUMEDAD | F14: UNIDAD | G14: 6000 | H14: 180 | I14: =G14*H14 -> 1080000
A15: 6 | C15: Utiles Menores Med. Quirurg.y de Labor. | D15: 2.9.5 | E15: FILTRO HME BACTERIAL VIRAL PARA CIRCUITO RESPIRADOR | F15: UNIDAD | G15: 3000 | H15: 160 | I15: =G15*H15 -> 480000
A16: 7 | C16: Utiles Menores Med. Quirurg.y de Labor. | D16: 2.9.5 | E16: MASCARA PERFOMAX TOTAL FACE TALLE G PARA VNI | F16: UNIDAD | G16: 40 | H16: 29900 | I16: =G16*H16 -> 1196000
A17: 8 | C17: Utiles Menores Med. Quirurg.y de Labor. | D17: 2.9.5 | E17: MASCARA PERFOMAX TOTAL FACE TALLE XG PARA VNI | F17: UNIDAD | G17: 40 | H17: 29900 | I17: =G17*H17 -> 1196000
A18: 9 | C18: Utiles Menores Med. Quirurg.y de Labor. | D18: 2.9.5 | E18: SONDA PARA MUESTRA DE SECRECION TRAQUEAL B-2941 TIPO TUBO DE LUKEN | F18: UNIDAD | G18: 3200 | H18: 734 | I18: =G18*H18 -> 2348800
I19: =SUM(I10:I18) -> 23147352
C20: La totalidad de los insumos debera tener un vencimiento minimo de 12 meses. Las firmas comerciales deberan poseer Habilitación Sanitaria emitida por las autoridades sanitarias provinciales competentes en caso de empresas locales y para empresa no locales Habilitación de transito interjurisdiccional por autoridad sanitaria nacional (ANMAT). Empresas importadoras de productos médicos, disposición del registro de sus productos. Establecimientos elaboradores de productos médicos certificado de Buenas Prácticas de Fabricación (BPF). Como así también toda otra documentación obligatoria en virtud del rubro que se pretende contratar con el Estado Provincial (Rubricado por personal). idóneo).
B24: Especificidades Item N° 1 al 9:
B26: Descripción técnica
B28: Plazos y lugares de entrega
C29: 20 dias corridos - Servicio de Farmacia del HISJB - Avda Illia y Mariano Moreno
B31: Calidad Minima esperada
B33: Mantenimiento
C34: 45 dias habiles
B35: Garantia

Sheet NotaPedido
A1: NOTA DE PEDIDO | J1: N° | K1: 082 - 2021
A3: JURISDICCIÓN: | D3: ='Necesidades Trimestrales'!C4 -> 40 - Ministerio de Salud
A4: SAF: | D4: ='Necesidades Trimestrales'!C5 -> 23 - Hospital Interzonal San Juan Bautista
A5: UNIDAD EJECUTORA: | D5: 168 - Direccion Asistencial
A6: DEPENDENCIA SOLICITANTE: | D6: Servicio de Farmacia
A7: PERIODO UTILIZACIÓN: | D7: ='Necesidades Trimestrales'!C7 & "° Trimestre - Año " & 'Necesidades Trimestrales'!C6 -> 3° Trimestre - Año 2021
A8: OBJETO: | D8: Adquisición de Descartables COVID para Farmacia
A10: Ítem | B10: Codigo Item | C10: DESCRIPCIÓN | H10: Adjunta Detalle Técnico | I10: Unidad Medida | J10: Precio Unitario Estimado | K10: Cantidad Solicitada
A12: 1 | B12: ='Necesidades Trimestrales'!B10 -> 0 | C12: ='Necesidades Trimestrales'!E10 -> BARBIJOS DE ALTA EFICIENCIA TIPO N95 | H12: NO | I12: ='Necesidades Trimestrales'!F10 -> UNIDAD | J12: ='Necesidades Trimestrales'!H10 -> 69.9 | K12: ='Necesidades Trimestrales'!G10 -> 6000
A13: 2 | B13: ='Necesidades Trimestrales'!B11 -> 0 | C13: ='Necesidades Trimestrales'!E11 -> CANULA PARA TRAQUEOSTOMIA Nº 7 1/2 | H13: NO | I13: ='Necesidades Trimestrales'!F11 -> UNIDAD | J13: ='Necesidades Trimestrales'!H11 -> 589.4 | K13: ='Necesidades Trimestrales'!G11 -> 80
A14: 3 | B14: ='Necesidades Trimestrales'!B12 -> 0 | C14: ='Necesidades Trimestrales'!E12 -> CIRCUITO CERRADO P/ASPIRACION 16 FR | H14: NO | I14: ='Necesidades Trimestrales'!F12 -> UNIDAD | J14: ='Necesidades Trimestrales'!H12 -> 1200 | K14: ='Necesidades Trimestrales'!G12 -> 5600
A15: 4 | B15: ='Necesidades Trimestrales'!B13 -> 0 | C15: ='Necesidades Trimestrales'!E13 -> CIRCUITO RESPIRADOR CON TRAMPA DE AGUA AUTOCLAVABLE ADULTO | H15: NO | I15: ='Necesidades Trimestrales'!F13 -> UNIDAD | J15: ='Necesidades Trimestrales'!H13 -> 16100 | K15: ='Necesidades Trimestrales'!G13 -> 600
A16: 5 | B16: ='Necesidades Trimestrales'!B14 -> 0 | C16: ='Necesidades Trimestrales'!E14 -> FILTRO HME ADULTO HIGROBAC INTERCAMBIADOR CALOR/HUMEDAD | H16: NO | I16: ='Necesidades Trimestrales'!F14 -> UNIDAD | J16: ='Necesidades Trimestrales'!H14 -> 180 | K16: ='Necesidades Trimestrales'!G14 -> 6000
A17: 6 | B17: ='Necesidades Trimestrales'!B15 -> 0 | C17: ='Necesidades Trimestrales'!E15 -> FILTRO HME BACTERIAL VIRAL PARA CIRCUITO RESPIRADOR | H17: NO | I17: ='Necesidades Trimestrales'!F15 -> UNIDAD | J17: ='Necesidades Trimestrales'!H15 -> 160 | K17: ='Necesidades Trimestrales'!G15 -> 3000
A18: 7 | B18: ='Necesidades Trimestrales'!B16 -> 0 | C18: ='Necesidades Trimestrales'!E16 -> MASCARA PERFOMAX TOTAL FACE TALLE G PARA VNI | H18: NO | I18: ='Necesidades Trimestrales'!F16 -> UNIDAD | J18: ='Necesidades Trimestrales'!H16 -> 29900 | K18: ='Necesidades Trimestrales'!G16 -> 40
A19: 8 | B19: ='Necesidades Trimestrales'!B17 -> 0 | C19: ='Necesidades Trimestrales'!E17 -> MASCARA PERFOMAX TOTAL FACE TALLE XG PARA VNI | H19: NO | I19: ='Necesidades Trimestrales'!F17 -> UNIDAD | J19: ='Necesidades Trimestrales'!H17 -> 29900 | K19: ='Necesidades Trimestrales'!G17 -> 40
A20: 9 | B20: ='Necesidades Trimestrales'!B18 -> 0 | C20: ='Necesidades Trimestrales'!E18 -> SONDA PARA MUESTRA DE SECRECION TRAQUEAL B-2941 TIPO TUBO DE LUKEN | H20: NO | I20: ='Necesidades Trimestrales'!F18 -> UNIDAD | J20: ='Necesidades Trimestrales'!H18 -> 734 | K20: ='Necesidades Trimestrales'!G18 -> 3200
A21: Costo total estimado: VEINTITRES MILLONES CIENTO CUARENTA Y SIETE MIL TRESCIENTOS CINCUENTA Y DOS CON 00/100.- | J21: =SUMPRODUCT(J12:J20,K12:K20) -> 23147352

Sheet Autor Gastar
A1: EJERCICIO: | D1: ='Necesidades Trimestrales'!C6 -> 2021 | P1: AUTORIZACION PARA GASTAR
A4: JURISDICCIÓN: | G4: =NotaPedido!D3 -> 40 - Ministerio de Salud
A5: SAF: | G5: =NotaPedido!D4 -> 23 - Hospital Interzonal San Juan Bautista
A6: UNIDAD EJECUTORA: | G6: =NotaPedido!D5 -> 168 - Direccion Asistencial
A7: DEPENDENCIA SOLICITANTE: | G7: =NotaPedido!D6 -> Servicio de Farmacia
A8: AUTORIZACIÓN:
A9: Señor Jefe de Servicio Administrativo Financiero:
A10: ="Autorizo la realización de los trámites correspondientes, a fin de proveer a este Organismo los bienes y/o servicios que se detallan en Nota de Pedido N° " & NotaPedido!K1&", afectando la erogación resultante a los créditos presupuestarios aprobados a favor de esta Unidad Ejecutora, conforme al siguiente detalle:" -> Autorizo la realización de los trámites correspondientes, a fin de proveer a este Organismo los bienes y/o servicios que se detallan en Nota de Pedido N° 082 - 2021, afectando la erogación resultante a los créditos presupuestarios aprobados a favor de esta Unidad Ejecutora, conforme al siguiente detalle:
A12: IMPUTACIÓN PRESUPUESTARIA
A13: CÓDIGO | O13: DENOMINACIÓN DE LA PARTIDA PRESUPUESTARIA | Q13: IMPORTE
A14: PR | B14: SB | C14: PY | D14: AC | E14: OB | F14: UG | G14: FIN | H14: FUN | I14: I | J14: P | K14: P | L14: SubP | M14: M | N14: FF
A15: 33 | D15: 2 | F15: 4901 | G15: 3 | H15: 3.1 | I15: 2 | J15: 9 | K15: 5 | M15: 1 | N15: 1.1 | O15: Utiles Menores Med. Quir. y de Lab. | Q15: =+'Necesidades Trimestrales'!I19 -> 23147352
A23: TOTAL DE PESOS: VEINTITRES MILLONES CIENTO CUARENTA Y SIETE MIL TRESCIENTOS CINCUENTA Y DOS CON 00/100.- | Q23: =SUM(Q15:Q22) -> 23147352
A25: JUSTIFICACIÓN:
A26: ="Para la "& NotaPedido!D8 &" para ser destinados al " & NotaPedido!D6 &" del HISJB del Ministerio de Salud." -> Para la Adquisición de Descartables COVID para Farmacia para ser destinados al Servicio de Farmacia del HISJB del Ministerio de Salud.
