Workbook

Sheet Necesidades Trimestrales (2)
A1: 2021
B2: Pedido de Necesidades Trimestrales
A4: JURISDICCION: | C4: 40 - MINISTERIO DE SALUD
A5: SAF N°: | C5: 11 - DIRECCION PROVINCIAL DE ADMINISTRACION - MINISTERIO DE SALUD
A6: EJERCICIO: | C6: 2021
A7: TRIMESTRE: | C7: CUARTO TRIMESTRE
A9: ID | B9: CODIGO ITEM | C9: RUBRO DE COMPRA | D9: I.P.P. | E9: DESCRIPCION | F9: UNIDAD DE MEDIDA | G9: DIR DE ADM | H9: TOTAL DIR ADM | I9: SEC PREV | J9: TOTAL SEC PREVEN | K9: DIR. LAB. CENTRAL | L9: TOTAL DE LAB CENTRAL | M9: BCO DE SANGRE | N9: TOTAL BANCO DE SANGRE | O9: ATENCION PRIMARIA | P9: TOTAL ATENCION PRI | Q9: DIR DE CANCER | R9: TOTAL DE DIR DE CANCER | S9: FARMACIA | T9: TOTAL FARMACIA | U9: ODONTOLOGIA | V9: TOTAL DE ODONTOLOG | W9: SAME | X9: TOTAL DE SAME | Y9: MALBRAN | Z9: HOSPITAL MALBRAN | AA9: maternidade e infancia | AB9: total maternidad | AC9: SEC DE ASIST EN SALUD PUB | AD9: TOTAL SEC EN ASIS EN SAL | AE9: SALUD Y MEDIO AMBIENTE | AF9: TOTAL SALUD Y MEDIO AMBIENTE | AG9: VECTORES Y ZOONOSIS | AH9: TOTAL DE VECT Y ZOON | AI9: SUMAR | AJ9: TOTAL SUMAR | AK9: CUR | AL9: TOTAL CUR | AM9: PLANIFICACION | AN9: TOTAL PLANIFICA | AO9: SALUD MENTAL | AP9: TOTAL SALUD MENTAL | AQ9: AREAS Y DPAS | AR9: TOTAL DPAS | AS9: CANTIDAD TOTAL | AT9: PRECIO UNITARIO ESTIMADO | AU9: IMPORTE TOTAL ESTIMADO
A10: 1 | B10: 2.5.6-798.7 | C10: COMBUSTIBLES Y LUBRICANTES | D10: 2.5.6 | E10: GAS EN GARRAFA, CAPACIDAD: 45 KG. | F10: UNIDAD | H10: =+G10*AR10 -> 0 | I10: 0 | J10: =+I10*AT10 -> 0 | Y10: 400 | Z10: =+Y10*AT10 -> 2400000 | AS10: =+AQ10+AO10+AM10+AK10+AI10+AG10+AE10+AC10+AA10+Y10+W10+U10+S10+Q10+O10+M10+K10+I10 -> 400 | AT10: 6000 | AU10: =+AS10*AT10 -> 2400000
A11: 1 | B11: 2.5.6-793.31 | C11: COMBUSTIBLES Y LUBRICANTES | D11: 2.5.6 | E11: GAS OIL; PRESENTACION: POR LITRO, USO: MOTORES DIESEL,COMERCIALIZACION: GRADO 3, DESTINO: DPTO. S.F.V. DE CATAMARCA | F11: LITROS | H11: =+G11*AR11 -> 0 | I11: 2500 | J11: =+I11*AT11 -> 269250 | M11: 200 | N11: =+M11*AT11 -> 21540 | O11: 1112 | P11: =+O11*AT11 -> 119762.4 | Q11: =99000/AT11 -> 919.22006 | R11: =+Q11*AT11 -> 99000 | W11: 15837 | X11: =+W11*AT11 -> 1705644.9 | Y11: 1000 | Z11: =+Y11*AT11 -> 107700 | AA11: 3650 | AB11: =+AA11*AT11 -> 393105 | AC11: 2200 | AD11: =+AC11*AT11 -> 236940 | AE11: 5275 | AF11: =+AE11*AT11 -> 568117.5 | AG11: 2534 | AH11: =+AG11*AT11 -> 272911.8 | AK11: 2500 | AL11: =+AK11*AT11 -> 269250 | AN11: =+AM11*AT11 -> 0 | AO11: 900 | AP11: =+AO11*AT11 -> 96930 | AQ11: =+AR11/AT11 -> 101280.41 | AR11: =900000+900000+400000+500000+380000+500000+600000+500000+866900+1537000+900000+1764000+600000+200000+360000 -> 10907900 | AS11: =+'NP DPAS'!K12 -> 27855 | AT11: 107.7 | AU11: =+AS11*AT11 -> 2999983.5
B14: ITEM 1 Y 2 DETALLE TECNICO Y ESPECIFICACIONES | C14: Se Entregarán Fraccionado bajo la forma de vales de 2000 Lts. cada uno y cuando la cantidad adjudicada no permita la confección de dicho vale, para completar se emitirá uno por una cantidad menor hasta completar la cantidad solicitada
B15: SE ADJUNTA ANEXO CON LOS DOMINIOS Y MATRICULA DE LOS VEHICULOS PARA LO CUAL SE SOLICITA EL COMBUSTIBLE
B17: Plazos de entrega | C17: cinco (5) dias
B19: Lugar de Entrega: | C19: DIR. PROV. DE ADMINISTRACION - MS - CHACABUCO N° 169 - en el horario de 8:00hs a 12:00hs de lunes a viernes
B21: Calidad Minima esperada
B23: Mantenimiento | C23: cuarenta y cinco (45) días

Sheet ANEXO DE MATRICULAS Y DOMINIO
A1: DIRECCION PROVINCIAL ASISTENCIA SANITARIA NIVEL I Y II
A3: Area Programatica Nº1
A5: Vehiculo | B5: Dominio | C5: Nº de Motor | D5: Nº Chasis | E5: Año
A6: Renault Master - Ambulancia.- | B6: GEU-277 | C6: G9UA724C030714 | D6: 93YADCUE57J787157 | E6: 2007
A7: Renault Master- Ambulancia.- | B7: GUV-922 | C7: G9UA724C035587 | D7: 93YADCUE58J896449 | E7: 2008
A8: Renault Master-PH3 DCI 120 L1H2 Ambulancia.- | B8: KNI-753 | C8: G9UA754C268409 | D8: 93YADCUE6CJ897389 | E8: 2011
A9: Ford F-100 4x2 XL PLUS 3,9 D - Ambulacia.- | B9: ILC-099 | C9: 36071580 | D9: 9EFFF22C99B859146 | E9: 2010
A10: Renault Master PH3 DCI 120 L1H2 - Ambulancia.- | B10: LAD-136 | C10: G9UA754C270571 | D10: 93YADCUE6CJ969873 | E10: 2012
A11: Fiat Ducato. Ambulancia.- | B11: NHW-650 | C11: 7173538 | D11: 93W245G84D2112772 | E11: 2013
A12: Mercedez Benz Sprinter Furgon.- | B12: GWJ-779 | C12: 61198170074458 | D12: 8AC90036628A984192 | E12: 2008
A13: Renault Master MASTER PH3 DCI 120 - Ambulancia.- | B13: LAD-135 | C13: G9UA650C244170 | D13: 93YADC1E6CJ140233 | E13: 2012
A14: Renault Master DCI 120 - Ambulancia.- | B14: GJP-880 | C14: G9UA724C026899 | D14: 93YADCUH56J706159 | E14: 2007
A15: Chevrolet S-10. Camioneta.- | B15: GWJ-742 | C15: M1A304122 | D15: 9BG124AJ08C11312 | E15: 2008
A16: Chevrolet Zafira. Camioneta.- | B16: HUD-575 | C16: 1N0006130 | D16: 9BGTT75F09C131088 | E16: 2008
A17: Fiat Ducato Amxicargo 2,3 JTD. Ambulancia.- | B17: AA-842-EL | C17: 7250765 | D17: 93W245G84H2160838 | E17: 2016
A18: Fiat Ducato Amxicargo 2,3 JTD. Ambulancia.- | B18: AA-842-EI | C18: 7250728 | D18: 93W245G84H2160833 | E18: 2016
A19: Toyota Hilux 4x4 c/s DX 2,4 TDI M/T. Ambulancia | B19: AA-793-NE | C19: 2GD-0137533 | D19: 8AJFB8CB5H1550878 | E19: 2017
A20: Renault Master- Ambulancia.- | B20: AE-041-BD | C20: M9TB870C262154 | D20: 93YMAFESCLJ213469 | E20: 2020
A22: Area Programatica Nº2
A24: Vehiculo | B24: Dominio | C24: Nº de Motor | D24: Nº Chasis | E24: Año
A25: Fiat Ducato Maxi cargo 2,3 JTD Furgon. Ambulancia.- | B25: AA-842-EH | C25: 7250726 | D25: 93W245G84H2160832 | E25: 2016
A26: Fiat Ducato Maxi cargo 2,3 JTD Furgon. Ambulancia.- | B26: AA-842-EF | C26: 7250640 | D26: 93W245G84H2160831 | E26: 2016
A27: Fiat Ducato 2,3. Ambulancia.- | B27: NSE-229 | C27: 7166125 | D27: 93W245G74D2109008 | E27: 2014
A28: Renault Master DCI120. Ambulancia - | B28: GUO-325 | C28: G9UA7240035511 | D28: 93YADCUE58J896313 | E28: 2007
A29: Renault Master DCI120 - Ambulancia .- | B29: GJS-713 | C29: G9UA724C030282 | D29: 93YADCUE57J787718 | E29: 2007
A30: Fiat iveco Daily. Ambulancia.- | B30: S/P | C30: 37344067044 | D30: 93ZC4980158318123 | E30: 2005
A31: Ford Ranger XLC/C 4x4 2,8. Camioneta.- | B31: FYK-918 | C31: B61618215 | D31: 8AFER13FX4J326463 | E31: 2007
A33: Area Programatica Nº3
A35: Vehiculo | B35: Dominio | C35: Nº de Motor | D35: Nº Chasis | E35: Año
A36: Chevrolet S10 2,8 TDI - Camioneta.- | B36: GDD-914 | C36: M1A282868 | D36: 9BG138AJ07C413213 | E36: 2007
A37: Renautl Master 2,5 D - Ambulancia.- | B37: GJC-299 | C37: J9UA724C030522 | D37: 93YADCUE57J787225 | E37: 2007
A38: Fiat Ducato Maxi cargo 2,3. Ambulancia | B38: AA-702-MN | C38: 7251288 | D38: 93W245G74H2161118 | E38: 2016
A39: Ford Transit 2,2 L 125 T350 TA C/AA - Ambulancia.- | B39: MNW-258 | C39: CYRCDTT22471 | D39: WFOXXPTTFDTT22471 | E39: 2013
A40: Mercedez Benz Sprinter - Ambulancia.- | B40: DCA-098 | C40: 10520880 | D40: 8AC690311YA537631 | E40: 1998
A41: Chevrolet S10 2,8 T.I- Ambulancia.- | B41: ESH-451 | C41: 40704192268 | D41: 986124AC05C410447 | E41: 2014
A46: Vehiculo | B46: Dominio | C46: Nº de Motor | D46: Nº Chasis | E46: Año
A47: Chevrolet S10 2,8 TDI SID 4x2 - Ambulancia.- | B47: GDD-918 | C47: M1A282927 | D47: 9BG1384J07C413214 | E47: 2007
A48: Renault Master DCI 120- Ambulancia.- | B48: GEU-279 | C48: G9UA724C030527 | D48: 93YADCUE7J787131 | E48: 2007
A49: Chevrolet S10 2,8 TDI - Ambulancia.- | B49: ESH-453 | C49: 40704192255 | D49: 9BG124ACOSC410400 | E49: 1999
A50: Mercedez Benz Sprinter - Ambulancia.- | B50: DCA-097 | C50: 632999105118976 | D50: 8AC690311 | E50: 2000
A51: Ford Transit Furgon - Ambulancia.- | B51: MNW-259 | C51: CYRCDTT23622 | D51: WF0XXPTTFDTT2362 | E51: 2013
A52: Fiat Ducato Maxicargo 2,3 JTD. Ambulancia.- | B52: AA-842-EG | C52: 7250638 | D52: 93W245G84H2160827 | E52: 2016
A53: Renault Master. Ambulancia.- | B53: AD-484-QZ | C53: A4MH737Q004131 | D53: 8A18SRD04KL428948 | E53: 2018
A54: Renault Master. Ambulancia.- | B54: AD-939-YG | C54: H4MH737Q013096 | D54: 8A18SRD04LL935267 | E54: 2018
A55: Toyota Hilux 4x4 CS DX 2,4 TDI 6 MT- Ambulancia.- | B55: AE-677-LK | C55: 2GD0900959 | D55: 8AJDB3CB5M5542258 | E55: 2021
A58: Area Programatica Nº5
A60: Vehiculo | B60: Dominio | C60: Nº de Motor | D60: Nº Chasis | E60: Año
A61: Fiat Ducato Ambulancia.- | B61: NHW-649 | C61: 7167190 | D61: 93W245G84D2109862 | E61: 2013
A62: Ford Transit 2,2 L Ambulancia.- | B62: MBW-831 | C62: CYRCCTC58021 | D62: WF0XXPTTFCTC5802 | E62: 2013
A63: Toyota Hilux. Ambulancia.- | B63: AA-793-NF | C63: 2GD-0106033 | D63: 8AJFB8CB2H1550532 | E63: 2016
A64: Fiat Ducato Ambulancia.- | B64: AA-842-EM | C64: 7250657 | D64: 93W245G84H2160779 | E64: 2016
A65: Iveco Daily - Ambulancia, Camion 3,5 Tn Modelo 4912-3300 | B65: QAC-895 | C65: 37344093481 | D65: 93ZC4980158319325 | E65: 2006
A66: Chevrolet S10 - Ambulancia.- | B66: ESH-452 | C66: 40704192455 | D66: 9BG124AC05C410604 | E66: 2004
A67: Toyota Hilux 4x4 CS DX 2,4 TDI 6 MT- Ambulancia.- | B67: AE-677-LJ | C67: 2GD0875349 | D67: 8SJDB3CB2M5542069 | E67: 2021
A70: Area Programatica Nº6
A72: Vehiculo | B72: Dominio | C72: Nº de Motor | D72: Nº Chasis | E72: Año
A73: Renault Master 2,5 DCI Furgon corto. Ambulancia.- | B73: LOI-294 | C73: 69VA650C248593 | D73: 93YADCIE6DJ286241 | E73: 2012
A74: Fiat Ducato Maxicargo 2,3 JTD. Ambulancia.- | B74: AA-842-EJ | C74: 7250764 | D74: 93W245G84H2160835 | E74: 2016
A75: Fiat Ducato Maxicargo 2,3 JTD. Ambulancia.- | B75: AA-842-ED | C75: 7250709 | D75: 93W245G84H2160784 | E75: 2016
A76: Toyota Hilux 4X4 Pick-Up. Ambulancia.- | B76: AE-454-BB | C76: 2GD-0753775 | D76: 8AJFB8CB9L1560130 | E76: 2020
A77: Toyota Hilux 4X4 Pick-Up. Ambulancia.- | B77: AE-454-BA | C77: 2GD-0756654 | D77: 8AJFB8CB2L1560177 | E77: 2020
A80: Area Programatica Nº7
A82: Vehiculo | B82: Dominio | C82: Nº de Motor | D82: Nº Chasis | E82: Año
A83: Nissan Patrol - Ambulancia.- | B83: S/P | C83: RD280716B | D83: VSKAYG260U0594208 | E83: 1997
A84: Ford Ranger - Ambulancia | B84: MNW-255 | C84: QW2PDJ102410 | D84: 8AFAR21J4DJ102410 | E84: 2013
A85: Fiat Ducato Maxi Cargo - Ambulancia | B85: NHW-647 | C85: 7167101 | D85: 93W245G84D1209434 | E85: 2013
A86: Renault Master 2,5 DCI - Ambulancia.- | B86: GUO-331 | C86: G9UA724C035717 | D86: 93YADCUE58J896363 | E86: 2007
A87: Toyota Hilux - Ambulancia | B87: LBA-309 | C87: KC5639076 | D87: 8AJCR2267C4017192 | E87: 2012
A88: Fiat Ducato Maxi Cargo 2,3 JPA- Ambulancia | B88: NYS-581 | C88: 7187302 | D88: 93W245674EZ120871 | E88: 2014
A89: Fiat Ducato Maxi Cargo 2,3 JTD- Ambulancia | B89: AA-842-EB | C89: 7250706 | D89: 93W245G84H2160819 | E89: 2016
A90: Fiat Ducato Maxi Cargo 2,3 JTD- Ambulancia | B90: AA-842-EC | C90: 7250703 | D90: 93W245G84H2160823 | E90: 2016
A91: Toyota Hilux 4X4 Pick-Up. Ambulancia.- | B91: AE-454-BC | C91: 2GD-0754623 | D91: 8AJFB8CBXL1560170 | E91: 2020
A92: Peugeot Boxer Premiun 2.2 HDI 435MH 130. Ambulancia.- | B92: E/T | C92: 10TRJN3381337 | D92: VF3YDTMFBM2P20555 | E92: 2020
A95: Area Programatica Nº8
A97: Vehiculo | B97: Dominio | C97: Nº de Motor | D97: Nº Chasis | E97: Año
A98: Fiat Ducato Maxicargo L2B 2,3 TJ. Ambulancia.- | B98: NHW-648 | C98: 7167125 | D98: 93W245G84D2109432 | E98: 2014
A99: Reanult Master Ambulancia.- | B99: NXE-335 | C99: M9TA876C016101 | D99: 93YMAFECAEJ262720 | E99: 2014
A100: Renault Kangoo 1,6. Camioneta- | B100: PEX-160 | C100: K4MJ730Q160389 | D100: 8A1FC1315GL915416 | E100: 2015
A101: Fiat Ducato Maxicargo L2B 2,3 TJ. Ambulancia.- | B101: AA-842-EE | C101: 7250752 | D101: 96W245G84H2160826 | E101: 2016
A102: Fiat Ducato Maxicargo L4H2. Ambulancia | B102: AD-964-PG | C102: F1AE3481D7279698 | D102: 3C6DFVDK9KE510986 | E102: 2019
A105: Area Programatica Nº9
A107: Vehiculo | B107: Dominio | C107: Nº de Motor | D107: Nº Chasis | E107: Año
A108: Ford Ranger CS 4x4 XL PLUS 2,8L D- Ambulancia.- | B108: FKA-420 | C108: C35191571 | D108: 8AFER11H86J457138 | E108: 2007
A109: Fiat Ducato - Ambulancia.- | B109: E/T | C109: A236NZ2T16482713 | D109: 93W231F6031011212 | E109: 2003
A110: Fiat Ducato-Ambulancia.- | B110: MPH-695 | C110: 7155140 | D110: 93W245G84D2102211 | E110: 2013
A111: Ford Transit- Ambulancia.- | B111: POD-622 | C111: CY24FTD15384 | D111: WF0BXKTTGFTD15384 | E111: 2016
A112: Ford Ranger CS 4x4 XL PLUS 2,8 L D- Ambulancia.- | B112: FKA-417 | C112: C35191955 | D112: 8AFER11H06J457148 | E112: 2006
A113: Toyota Hilux 4x4- Ambulancia.- | B113: AA-793-NH | C113: 2GD0106226 | D113: BAJFBBCB1H155 | E113: 2017
A114: Toyota Hilux 4x4 CS DX 2,4 TDI 6 MT- Ambulancia.- | B114: AE-677-LI | C114: 2GD0883798 | D114: 8AJD3CB4M5542249 | E114: 2021
A115: Toyota Hilux 4X4 Pick-Up. Ambulancia.- | B115: AE-414-KY | C115: 2GD-0711512 | D115: 8AJFB8CB2L1560244 | E115: 2020
A117: Area Programatica Nº10
A119: Vehiculo | B119: Dominio | C119: Nº de Motor | D119: Nº Chasis | E119: Año
A120: Renault Master TDI 2,8 L1H1 - Ambulancia.- | B120: MPD-320 | C120: G9UA650C26371 | D120: 93YADC1D6DJ54222 | E120: 2013
A121: Ford Transit 2,2 L 125 T 350. Furgon Ambulancia.- | B121: MBW-830 | C121: CYRCCTC58015 | D121: WF0XXPTTCTC58015 | E121: 2013
A122: M. Benz 415 CDIF3665. Ambulancia.- | B122: AA-683-ZG | C122: 651955W0056914 | D122: 8ac906633ge118977 | E122: 2016
A123: Ford F-100 - Ambulancia.- | B123: E/T | C123: 5KAR20702 | D123: 8AFETNL23SJ001415 | E123: 1995
A124: Ford F-100 4x4. Ambulancia.- | B124: E/T | C124: 4025419 | D124: 9BFBTPJCXUDB0759 | E124: 1997
A125: Ford Ranger - Camioneta.- | B125: CJB-883 | C125: C34224022 | D125: 8AFER13P97J066070 | E125: 2007
A126: Chevrolet S10 2,8 TL. Camioneta.- | B126: EHU-681 | C126: 40704149219 | D126: 9PGA38AC04C09415 | E126: 2006
A127: Renault Master L2H2 AA. Ambulancia.- | B127: AE-041-BC | C127: M9TB870C262203 | D127: 93YMAFESCLJ213466 | E127: 2020
...

Sheet NP DPAS
A1: NOTA DE PEDIDO | J1: N° | K1: 23/2021
A3: JURISDICCIÓN: | D3: 040 - Ministerio de Salud
A4: SAF: | D4: 011 - Direccion Provincial de Administración - Ministerio de Salud
A5: UNIDAD EJECUTORA: | D5: 476 - DIRECCION PROVINCIAL DE ASISTENCIA SANITARIA NIVEL I Y II
A6: DEPENDENCIA SOLICITANTE: | D6: 476 - DIRECCION PROVINCIAL DE ASISTENCIA SANITARIA NIVEL I Y II
A7: PERIODO UTILIZACIÓN: | D7: 4° TRIMESTRE
A8: OBJETO: | D8: Adquisicion del RUBRO COMBUSTIBLES
A10: Ítem | B10: Codigo Item | C10: DESCRIPCIÓN | H10: Adjunta Detalle Técnico | I10: Unidad Medida | J10: Precio Unitario Estimado | K10: Cantidad Solicitada
A12: 1 | B12: ='Necesidades Trimestrales (2)'!B11 -> 2.5.6-793.31 | C12: ='Necesidades Trimestrales (2)'!E11 -> GAS OIL; PRESENTACION: POR LITRO, USO: MOTORES DIESEL,COMERCIALIZACION: GRADO 3, DESTINO: DPTO. S.F.V. DE CATAMARCA | H12: NO | I12: ='Necesidades Trimestrales (2)'!F11 -> LITROS | J12: =+'Necesidades Trimestrales (2)'!AT11 -> 107.7 | K12: 27855
A13: Costo total estimado: DOS MILLONES NOVECIENTOS NOVENTA Y NUEVE MIL NOVECIENTOS OCHENTA Y TRES CON 50/100.- | J13: =+K12*J12 -> 2999983.5 | M13: =SUM(M12:M12) -> 0

Sheet APG DPAS
A1: EJERCICIO: | D1: 2021 | P1: AUTORIZACION PARA GASTAR
A4: JURISDICCIÓN: | G4: ='NP DPAS'!D3 -> 040 - Ministerio de Salud
A5: SAF: | G5: ='NP DPAS'!D4 -> 011 - Direccion Provincial de Administración - Ministerio de Salud
A6: UNIDAD EJECUTORA: | G6: ='NP DPAS'!D5 -> 476 - DIRECCION PROVINCIAL DE ASISTENCIA SANITARIA NIVEL I Y II
A7: DEPENDENCIA SOLICITANTE: | G7: ='NP DPAS'!D6 -> 476 - DIRECCION PROVINCIAL DE ASISTENCIA SANITARIA NIVEL I Y II
A8: AUTORIZACIÓN:
A9: Señor Jefe de Servicio Administrativo Financiero:
A10: Autorizo la realización de los trámites correspondientes, a fin de proveer a este Organismo los bienes que se detallan en Nota de pedido y Entrega N° 23/2021, afectando la erogación resultante a los créditos presupuestarios aprobados a favor de esta Unidad Ejecutora, conforme al siguiente detalle:
A12: IMPUTACIÓN PRESUPUESTARIA
A13: CÓDIGO | O13: DENOMINACIÓN DE LA PARTIDA PRESUPUESTARIA | Q13: IMPORTE
A14: PR | B14: SB | C14: PY | D14: AC | E14: OB | F14: UG | G14: FIN | H14: FUN | I14: I | J14: P | K14: P | L14: SubP | M14: M | N14: FF
A15: 21 | D15: 1 | F15: 4901 | G15: 3 | H15: 1 | I15: 2 | J15: 5 | K15: 6 | M15: 1 | N15: 1.1 | O15: COMBUSTIBLES Y LUBRICANTES | Q15: =+'Necesidades Trimestrales (2)'!#REF! -> #REF!
A22: TOTAL DE PESOS: DOS MILLONES NOVECIENTOS NOVENTA Y NUEVE MIL NOVECIENTOS OCHENTA Y TRES CON 50/100.- | Q22: =SUM(Q15:Q21) -> #REF!
A24: JUSTIFICACIÓN:
A25: ='NP DPAS'!D8 -> Adquisicion del RUBRO COMBUSTIBLES
