Workbook

Sheet SAF 011
A1: 2021
B2: Pedido de Necesidades Trimestrales
A4: JURISDICCION: | C4: 040 - MINISTERIO DE SALUD
A5: SAF N°: | C5: 011 - DIRECCION PROVINCIAL DE ADMINISTRACION - MINISTERIO DE SALUD
A6: EJERCICIO: | C6: 2021
A7: TRIMESTRE: | C7: CUARTO
A9: ID | B9: CODIGO ITEM | C9: RUBRO DE COMPRA | D9: I.P.P. | E9: DESCRIPCION | F9: UNIDAD DE MEDIDA | G9: SECRETARIA DE ADMINISTRACION | H9: TOTAL S.A. | I9: SMPyPS | J9: TOTAL SMPyPS | K9: DIR. LAB. CENTRAL | L9: TOTAL DE LAB CENTRAL | M9: BCO DE SANGRE | N9: TOTAL BANCO DE SANGRE | O9: APS | P9: TOTAL A.P.S. | Q9: DIR DE CANCER | R9: TOTAL DE DIR DE CANCER | S9: FARMACIA | T9: TOTAL FARMACIA | U9: ODONTOLOGIA | V9: TOTAL DE ODONTOLOG | W9: SAME | X9: TOTAL DE SAME | Y9: HPTAL MALBRAN | Z9: TOTAL HPTAL MALBRAN | AA9: MATERNIDAD E INFANCIA | AB9: TOTAL MATERNIDAD E INFANCIA | AC9: SASP | AD9: TOTAL SASP | AE9: SALUD Y MEDIO AMBIENTE | AF9: TOTAL SALUD Y MEDIO AMBIENTE | AG9: VECTORES Y ZOONOSIS | AH9: TOTAL DE VECT Y ZOON | AI9: SUMAR | AJ9: TOTAL SUMAR | AK9: CUR | AL9: TOTAL CUR | AM9: SPyGS | AN9: TOTAL SPyGS | AO9: SALUD MENTAL | AP9: TOTAL SALUD MENTAL | AQ9: AREAS Y DPAS | AR9: TOTAL DPAS | AS9: CANTIDAD TOTAL | AT9: PRECIO UNITARIO ESTIMADO | AU9: IMPORTE TOTAL ESTIMADO
A10: 1 | B10: 3.3.9-5924.1 | C10: SERV. PROFESIONAL Y COMERCIAL | D10: 3.3.9. | E10: LAVADO Y PLANCHADO DE PRENDAS; DESCRIPCION: LAVADO Y PLANCHADO PRENDAS | F10: PRENDA | Y10: 6000 | Z10: =+Y10*AT10 -> 611040 | AS10: =+G10+I10+K10+M10+O10+Q10+S10+U10+W10+Y10++AA10+AC10+AE10+AG10+AI10+AK10+AM10+AO10+AQ10 -> 6000 | AT10: 101.84 | AU10: =+AS10*AT10 -> 611040
A11: 2 | B11: 3.3.9-5924.1 | C11: SERV. PROFESIONAL Y COMERCIAL | D11: 3.3.9. | E11: LAVADO Y PLANCHADO DE PRENDAS; DESCRIPCION: LAVADO Y PLANCHADO PRENDAS | F11: PRENDA | Y11: 11500 | Z11: =+Y11*AT11 -> 1171160 | AS11: =+G11+I11+K11+M11+O11+Q11+S11+U11+W11+Y11++AA11+AC11+AE11+AG11+AI11+AK11+AM11+AO11+AQ11 -> 11500 | AT11: 101.84 | AU11: =+AS11*AT11 -> 1171160
A12: 3 | B12: 3.3.9-5924.1 | C12: SERV. PROFESIONAL Y COMERCIAL | D12: 3.3.9. | E12: LAVADO Y PLANCHADO DE PRENDAS; DESCRIPCION: LAVADO Y PLANCHADO PRENDAS | F12: PRENDA | Y12: 2600 | Z12: =+Y12*AT12 -> 1461044 | AS12: =+G12+I12+K12+M12+O12+Q12+S12+U12+W12+Y12++AA12+AC12+AE12+AG12+AI12+AK12+AM12+AO12+AQ12 -> 2600 | AT12: 561.94 | AU12: =+AS12*AT12 -> 1461044
A13: 4 | B13: 3.3.9-5924.1 | C13: SERV. PROFESIONAL Y COMERCIAL | D13: 3.3.9. | E13: LAVADO Y PLANCHADO DE PRENDAS; DESCRIPCION: LAVADO Y PLANCHADO PRENDAS | F13: PRENDA | Y13: 1900 | Z13: =+Y13*AT13 -> 1067686 | AS13: =+G13+I13+K13+M13+O13+Q13+S13+U13+W13+Y13++AA13+AC13+AE13+AG13+AI13+AK13+AM13+AO13+AQ13 -> 1900 | AT13: 561.94 | AU13: =+AS13*AT13 -> 1067686
A14: 5 | B14: 3.3.9-5924.1 | C14: SERV. PROFESIONAL Y COMERCIAL | D14: 3.3.9. | E14: LAVADO Y PLANCHADO DE PRENDAS; DESCRIPCION: LAVADO Y PLANCHADO PRENDAS | F14: PRENDA | Y14: 1700 | Z14: =+Y14*AT14 -> 955298 | AS14: =+G14+I14+K14+M14+O14+Q14+S14+U14+W14+Y14++AA14+AC14+AE14+AG14+AI14+AK14+AM14+AO14+AQ14 -> 1700 | AT14: 561.94 | AU14: =+AS14*AT14 -> 955298
A15: 6 | B15: 3.3.9-5924.1 | C15: SERV. PROFESIONAL Y COMERCIAL | D15: 3.3.9. | E15: LAVADO Y PLANCHADO DE PRENDAS; DESCRIPCION: LAVADO Y PLANCHADO PRENDAS | F15: PRENDA | Y15: 50 | Z15: =+Y15*AT15 -> 28097 | AS15: =+G15+I15+K15+M15+O15+Q15+S15+U15+W15+Y15++AA15+AC15+AE15+AG15+AI15+AK15+AM15+AO15+AQ15 -> 50 | AT15: 561.94 | AU15: =+AS15*AT15 -> 28097
A16: 7 | B16: 3.3.9-5924.1 | C16: SERV. PROFESIONAL Y COMERCIAL | D16: 3.3.9. | E16: LAVADO Y PLANCHADO DE PRENDAS; DESCRIPCION: LAVADO Y PLANCHADO PRENDAS | F16: PRENDA | Y16: 30 | Z16: =+Y16*AT16 -> 5521.2 | AS16: =+G16+I16+K16+M16+O16+Q16+S16+U16+W16+Y16++AA16+AC16+AE16+AG16+AI16+AK16+AM16+AO16+AQ16 -> 30 | AT16: 184.04 | AU16: =+AS16*AT16 -> 5521.2
E17: TOTAL RUBRO LAVANDERIA | P17: =SUM(P15:P16) -> 0 | Z17: =SUM(Z10:Z16) -> 5299846.2 | AL17: =SUM(AL10:AL16) -> 0 | AU17: =SUM(AU10:AU16) -> 5299846.2
C19: Especificidades Item N° 1 al 7: | D19: VER ANEXO I
C21: Duracion de la Prestacion del Servicio: | D21: noventa (90) dias corridos con opcion de prorroga por igual plazo
C23: Plazos de entrega: | D23: A partir de la notificacion de la ORDEN DE COMPRA ABIERTA. Se realizaran pedidos a requerimiento de acuerdo a las necesidades del Hospital Monovalente Carlos Malbran durante el lapso de duracion del contrato y al precio unitario adjudicado, hasta el limite del monto adjudicado. CON OPCION A PRORROGA POR IGUAL PERIODO.
C25: Lugar de entrega: | D25: HOSPITAL MONOVALENTE CARLOS MALBRAN
C27: Inicio de la prestacion de Servicio: | D27: 23 de Noviembre de 2021
C29: Mantenimiento: | D29: CUARENTA Y CINCO (45) DIAS
C31: Garantia:

Sheet NP
A1: NOTA DE PEDIDO | J1: N° | K1: 32/2021
A3: JURISDICCIÓN: | D3: 40 - MINISTERIO DE SALUD
A4: SAF: | D4: 011 - DIRECCION PROVINCIAL DE ADMINISTRACION - M.S.
A5: UNIDAD EJECUTORA: | D5: 752 - HOSPITAL MONOVALENTE CARLOS MALBRAN
A6: DEPENDENCIA SOLICITANTE: | D6: 752 - HOSPITAL MONOVALENTE CARLOS MALBRAN
A7: PERIODO UTILIZACIÓN: | D7: 4TO TRIMESTRE
A8: OBJETO: | D8: CONTRATACION SERVICIO DE LAVANDERIA Y DESINFECCION DE TEXTILES PARA EL HOSPITAL MONOVALENTE DR. CARLOS MALBRAN
A10: Ítem | B10: Codigo Item | C10: DESCRIPCIÓN | H10: Adjunta Detalle Técnico | I10: Unidad Medida | J10: Precio Unitario Estimado | K10: Cantidad Solicitada
A12: 1 | B12: ='SAF 011'!B10 -> 3.3.9-5924.1 | C12: ='SAF 011'!E10 -> LAVADO Y PLANCHADO DE PRENDAS; DESCRIPCION: LAVADO Y PLANCHADO PRENDAS | H12: SI | I12: ='SAF 011'!F10 -> PRENDA | J12: ='SAF 011'!AT10 -> 101.84 | K12: ='SAF 011'!Y10 -> 6000 | M12: =+J12*K12 -> 611040
A13: 2 | B13: ='SAF 011'!B11 -> 3.3.9-5924.1 | C13: ='SAF 011'!E11 -> LAVADO Y PLANCHADO DE PRENDAS; DESCRIPCION: LAVADO Y PLANCHADO PRENDAS | H13: SI | I13: ='SAF 011'!F11 -> PRENDA | J13: ='SAF 011'!AT11 -> 101.84 | K13: ='SAF 011'!Y11 -> 11500 | M13: =+J13*K13 -> 1171160
A14: 3 | B14: ='SAF 011'!B12 -> 3.3.9-5924.1 | C14: ='SAF 011'!E12 -> LAVADO Y PLANCHADO DE PRENDAS; DESCRIPCION: LAVADO Y PLANCHADO PRENDAS | H14: SI | I14: ='SAF 011'!F12 -> PRENDA | J14: ='SAF 011'!AT12 -> 561.94 | K14: ='SAF 011'!Y12 -> 2600 | M14: =+J14*K14 -> 1461044
A15: 4 | B15: ='SAF 011'!B13 -> 3.3.9-5924.1 | C15: ='SAF 011'!E13 -> LAVADO Y PLANCHADO DE PRENDAS; DESCRIPCION: LAVADO Y PLANCHADO PRENDAS | H15: SI | I15: ='SAF 011'!F13 -> PRENDA | J15: ='SAF 011'!AT13 -> 561.94 | K15: ='SAF 011'!Y13 -> 1900 | M15: =+J15*K15 -> 1067686
A16: 5 | B16: ='SAF 011'!B14 -> 3.3.9-5924.1 | C16: ='SAF 011'!E14 -> LAVADO Y PLANCHADO DE PRENDAS; DESCRIPCION: LAVADO Y PLANCHADO PRENDAS | H16: SI | I16: ='SAF 011'!F14 -> PRENDA | J16: ='SAF 011'!AT14 -> 561.94 | K16: ='SAF 011'!Y14 -> 1700 | M16: =+J16*K16 -> 955298
A17: 6 | B17: ='SAF 011'!B15 -> 3.3.9-5924.1 | C17: ='SAF 011'!E15 -> LAVADO Y PLANCHADO DE PRENDAS; DESCRIPCION: LAVADO Y PLANCHADO PRENDAS | H17: SI | I17: ='SAF 011'!F15 -> PRENDA | J17: ='SAF 011'!AT15 -> 561.94 | K17: ='SAF 011'!Y15 -> 50 | M17: =+J17*K17 -> 28097
A18: 7 | B18: ='SAF 011'!B16 -> 3.3.9-5924.1 | C18: ='SAF 011'!E16 -> LAVADO Y PLANCHADO DE PRENDAS; DESCRIPCION: LAVADO Y PLANCHADO PRENDAS | H18: SI | I18: ='SAF 011'!F16 -> PRENDA | J18: ='SAF 011'!AT16 -> 184.04 | K18: ='SAF 011'!Y16 -> 30 | M18: =+J18*K18 -> 5521.2
A19: Costo total estimado: PESOS CINCO MILLONES DOSCIENTOS NOVENTA Y NUEVE MIL OCHOCIENTOS CUARENTA Y SEIS CON 20/100.- | J19: =+M19 -> 5299846.2 | M19: =SUM(M12:M18) -> 5299846.2

Sheet APG
A1: EJERCICIO: 2021 | P1: AUTORIZACION PARA GASTAR
A4: JURISDICCIÓN: | G4: =NP!D3 -> 40 - MINISTERIO DE SALUD
A5: SAF: | G5: =NP!D4 -> 011 - DIRECCION PROVINCIAL DE ADMINISTRACION - M.S.
A6: UNIDAD EJECUTORA: | G6: =NP!D5 -> 752 - HOSPITAL MONOVALENTE CARLOS MALBRAN
A7: DEPENDENCIA SOLICITANTE: | G7: =NP!D6 -> 752 - HOSPITAL MONOVALENTE CARLOS MALBRAN
A8: AUTORIZACIÓN:
A9: Señor Director de Administración o Titular del Servicio Administrativo Financiero:
A10: Autorizo la realización de los trámites correspondientes, a fin de proveer a este Organismo los bienes que se detallan en Nota de Pedido N° 32/2021, afectando la erogación resultante a los créditos presupuestarios aprobados a favor de esta Unidad Ejecutora, conforme al siguiente detalle:
A12: IMPUTACIÓN PRESUPUESTARIA
A13: CÓDIGO | O13: DENOMINACIÓN DE LA PARTIDA PRESUPUESTARIA | Q13: IMPORTE
A14: PR | B14: SB | C14: PY | D14: AC | E14: OB | F14: UG | G14: FIN | H14: FUN | I14: I | J14: P | K14: P | L14: SubP | M14: M | N14: FF
A15: 53 | D15: 1 | F15: 4901 | G15: 3 | H15: 1 | I15: 3 | J15: 3 | K15: 9 | M15: 1 | N15: 1.1 | O15: OTROS N.E.P. | Q15: =NP!M19 -> 5299846.2
A38: TOTAL DE PESOS: CINCO MILLONES DOSCIENTOS NOVENTA Y NUEVE MIL OCHOCIENTOS CUARENTA Y SEIS CON 20/100.- | Q38: =+Q15 -> 5299846.2
A40: JUSTIFICACIÓN:
A41: =NP!D8 -> CONTRATACION SERVICIO DE LAVANDERIA Y DESINFECCION DE TEXTILES PARA EL HOSPITAL MONOVALENTE DR. CARLOS MALBRAN

Sheet ANEXO I
A1: ANEXO I – Detalle de Servicios para el “Hospital Carlos Malbrán” • ITEM 1: SERVICIO DE LAVADO Y PLANCHADO DE FUNDAS • ITEM 2: SERVICIO DE LAVADO Y PLANCHADO DE SABANAS • ITEM 3: SERVICIO DE LAVADO Y PLANCHADO DE ALMOHADAS • ITEM 4: SERVICIO DE LAVADO Y PLANCHADO DE FRAZADAS • ITEM 5: SERVICIO DE LAVADO Y PLANCHADO DE CUBRECAMAS • ITEM 6: SERVICIO DE LAVADO Y PLANCHADO DE CORTINAS • ITEM 7: SERVICIO DE LAVADO Y PLANCHADO DE IMPERMEABLES CONDICIONES GENERALES • Provisión de dos (2) lavadoras trifásicas automáticas de alta revolución y alto rendimiento con capacidad de desinfectar, bomba con hidroesfera, dos (2) carros para ropa sucia, un (1) carro de ropa limpia y los insumos necesarios para el correcto tratamiento de la ropería y sus desechos (dispense de detergentes, dispenses de toalleros de papel y bolsas patógenas). • Deberán fumigarse las bolsas de traslado y el salón de lavado del “Hospital Monovalente Carlos Malbrán”. • Lavado de mínimo 70° con hipoclorito para desinfección de las prendas. • Capacidad de carga: 15 kgs mínimo. • Planchado: temperatura de 150° mínimo para sábanas y 90° para almohadas y frazadas. • La manipulación de las prendas y su traslado serán competencia del proveedor y sus trabajadores. El personal llevará: Ambo de trabajo, delantal impermeable, guantes, barbijos, y todo otro elemento que considere adecuado para la taréa. • Ingreso y clasificación de ropa sucia. Carga de ropa sucia a lavadora. Depósito de ropa limpia.
