Workbook

Sheet SAF 011
A1: 2021
B2: Pedido de Necesidades Trimestrales
A4: JURISDICCION: | C4: 040 - MINISTERIO DE SALUD
A5: SAF N°: | C5: 011 - DIRECCION PROVINCIAL DE ADMINISTRACION - MINISTERIO DE SALUD
A6: EJERCICIO: | C6: 2021
A7: TRIMESTRE: | C7: CUARTO
A9: ID | B9: CODIGO ITEM | C9: RUBRO DE COMPRA | D9: I.P.P. | E9: DESCRIPCION | F9: UNIDAD DE MEDIDA | G9: SECRETARIA DE ADMINISTRACION | H9: TOTAL S.A. | I9: SMPyPS | J9: TOTAL SMPyPS | K9: DIR. LAB. CENTRAL | L9: TOTAL DE LAB CENTRAL | M9: BCO DE SANGRE | N9: TOTAL BANCO DE SANGRE | O9: APS | P9: TOTAL A.P.S. | Q9: DIR DE CANCER | R9: TOTAL DE DIR DE CANCER | S9: FARMACIA | T9: TOTAL FARMACIA | U9: ODONTOLOGIA | V9: TOTAL DE ODONTOLOG | W9: SAME | X9: TOTAL DE SAME | Y9: HPTAL MALBRAN | Z9: TOTAL HPTAL MALBRAN | AA9: MATERNIDAD E INFANCIA | AB9: TOTAL MATERNIDAD E INFANCIA | AC9: SASP | AD9: TOTAL SASP | AE9: SALUD Y MEDIO AMBIENTE | AF9: TOTAL SALUD Y MEDIO AMBIENTE | AG9: VECTORES Y ZOONOSIS | AH9: TOTAL DE VECT Y ZOON | AI9: SUMAR | AJ9: TOTAL SUMAR | AK9: CUR | AL9: TOTAL CUR | AM9: SPyGS | AN9: TOTAL SPyGS | AO9: SALUD MENTAL | AP9: TOTAL SALUD MENTAL | AQ9: AREAS Y DPAS | AR9: TOTAL DPAS | AS9: CANTIDAD | AT9: PRECIO UNITARIO ESTIMADO | AU9: IMPORTE TOTAL ESTIMADO
A10: 1 | C10: Sangre | D10: 2.5.2. | E10: ADRENALINA 1MG/ML AMPOLLA de 1 ML | F10: UNIDAD | AS10: 1500 | AT10: 45 | AU10: =+AS10*AT10 -> 67500
A11: 2 | C11: Med Covid | D11: 2.5.2. | E11: AMIKACINA 500 MG AMPOLLA | F11: AMPOLLA | AS11: 1000 | AT11: 75 | AU11: =+AS11*AT11 -> 75000
A12: 3 | C12: Med Covid | D12: 2.5.2. | E12: BETAMETASONA G 12 MG ( 6 MG ACETATO/6 MG FOSFATO ) AMPOLLA | F12: AMPOLLA | AS12: 2000 | AT12: 120 | AU12: =+AS12*AT12 -> 240000
A13: 4 | C13: Tracto Aliment. | D13: 2.5.2. | E13: BUTIL BROMURO DE HIOSCINA 20 MG INY | F13: AMPOLLA | AS13: 30000 | AT13: 38 | AU13: =+AS13*AT13 -> 1140000
A14: 5 | C14: Antiepilect | D14: 2.5.2. | E14: CLORPROMAZINA 25MG AMPOLLA IM | F14: AMPOLLA | AS14: 1000 | AT14: 130 | AU14: =+AS14*AT14 -> 130000
A15: 6 | C15: Med Covid | D15: 2.5.2. | E15: CLONIDINA CLORHIDRATO 0,150 MG/ML AMPOLLA x 1 ML | F15: AMPOLLA | AS15: 1000 | AT15: 120 | AU15: =+AS15*AT15 -> 120000
A16: 7 | C16: Med Covid | D16: 2.5.2. | E16: COLISTINA 100 MG FCO AMPOLLA | F16: AMPOLLA | AS16: 2500 | AT16: 497 | AU16: =+AS16*AT16 -> 1242500
A17: 8 | C17: Antinfecc | D17: 2.5.2. | E17: DANTROLENO 20 MG/60 ML KIT X 12 FCO AMPOLLA | F17: KIT | AS17: 7 | AT17: 231000 | AU17: =+AS17*AT17 -> 1617000
A18: 9 | C18: Antiepilect | D18: 2.5.2. | E18: DIFENHIDRAMINA 0,25% JARABE x 120 ml | F18: FRASCO | AS18: 4000 | AT18: 92 | AU18: =+AS18*AT18 -> 368000
A19: 10 | C19: Med Covid | D19: 2.5.2. | E19: DOBUTAMINA 250 mg/ml FRASCO AMPOLLA x 20 ML | F19: AMPOLLA | AS19: 300 | AT19: 560 | AU19: =+AS19*AT19 -> 168000
A20: 11 | C20: Med Covid | D20: 2.5.2. | E20: DOPAMINA 200 MG AMPOLLA X 5 ML | F20: AMPOLLA | AS20: 1000 | AT20: 165 | AU20: =+AS20*AT20 -> 165000
A21: 12 | C21: NUTRICCION | D21: 2.5.2. | E21: EMULSION LIPIDICA PARA PERFUSION INTRAVENOSA TIPO INTRALIPIP 20% ENVASE POR 500 ML. | F21: UNIDAD | AS21: 10 | AT21: 4328.63 | AU21: =+AS21*AT21 -> 43286.3
... A40: 31 | C40: Sangre | D40: 2.5.2. | E40: VITAMINA K 1 MG AMPOLLA | F40: UNIDAD | AS40: 1000 | AT40: 35 | AU40: =+AS40*AT40 -> 35000
E41: TOTAL | L41: =+SUM(L14:L27) -> 0 | N41: =+SUM(N14:N27) -> 0 | P41: =+SUM(P14:P27) -> 0 | R41: =+SUM(R14:R27) -> 0 | T41: =+SUM(T14:T27) -> 0 | V41: =+SUM(V14:V27) -> 0 | X41: =+SUM(X14:X27) -> 0 | Z41: =+SUM(Z14:Z27) -> 0 | AU41: =SUM(AU10:AU40) -> 17460326
C43: DETALLE TECNICO Y ESPECIFICACIONES | D43: ANEXO 1-Para oferentes de la Provincia de Catamarca deberán presentar Habilitación Provincial para comercializar el producto que cotizan. 2-Para el resto de oferentes deberán presentar Certificado de Inscripción de ANMAT vigente al momento de la oferta, el mismo deberá ser correspondiente al objeto de la contratación y de encontrarse vencido adjuntar la solicitud de renovación. 3-No se aceptarán ofertas de productos no registrados y autorizada su venta por ANMAT. Se deberá especificar en cada ítem de la propuesta, marca y número de certificado otorgado por dicho ente regulador. 4-Los productos deberán tener un vencimiento posterior a doce (12) meses a partir de la fecha de su recepción.
C45: Plazos de entrega | D45: veinte (20) dias corridos
C47: Lugar de Entrega: | D47: DIR. PROV. DE FARMACIA E INSUMOS - CHACABUCO N° 169 - en el horario de 8:00hs a 12:00hs de lunes a viernes
C53: Calidad Minima esperada
C55: Mantenimiento | D55: cuarenta y cinco (45) días

Sheet  NP FARMACIA
A1: NOTA DE PEDIDO | J1: N° | K1: 86/2021
A3: JURISDICCIÓN: | D3: 040 - MINISTERIO DE SALUD
A4: SAF: | D4: 011 - DIRECCION PROVINCIAL DE ADMINISTRACION DEL MINISTERIO DE SALUD
A5: UNIDAD EJECUTORA: | D5: 469 - DIRECCION PROVINCIAL DE FARMACIA E INSUMOS
A6: DEPENDENCIA SOLICITANTE: | D6: 469 - DIRECCION PROVINCIAL DE FARMACIA E INSUMOS
A7: PERIODO UTILIZACIÓN: | D7: 4TO TRIMESTRE
A8: OBJETO: | D8: ADQ. DEL RUBRO MEDICAMENTOS PARA FARMACIA CENTRAL
A10: Ítem | B10: Codigo Item | C10: DESCRIPCIÓN | H10: Adjunta Detalle Técnico | I10: Unidad Medida | J10: Precio Unitario Estimado | K10: Cantidad Solicitada
A12: 1 | C12: =+'SAF 011'!E10 -> ADRENALINA 1MG/ML AMPOLLA de 1 ML | H12: NO | I12: =+'SAF 011'!F10 -> UNIDAD | J12: =+'SAF 011'!AT10 -> 45 | K12: =+'SAF 011'!AS10 -> 1500 | M12: =+K12*J12 -> 67500
A13: 2 | C13: =+'SAF 011'!E11 -> AMIKACINA 500 MG AMPOLLA | H13: NO | I13: =+'SAF 011'!F11 -> AMPOLLA | J13: =+'SAF 011'!AT11 -> 75 | K13: =+'SAF 011'!AS11 -> 1000 | M13: =+K13*J13 -> 75000
A14: 3 | C14: =+'SAF 011'!E12 -> BETAMETASONA G 12 MG ( 6 MG ACETATO/6 MG FOSFATO ) AMPOLLA | H14: NO | I14: =+'SAF 011'!F12 -> AMPOLLA | J14: =+'SAF 011'!AT12 -> 120 | K14: =+'SAF 011'!AS12 -> 2000 | M14: =+K14*J14 -> 240000
A15: 4 | C15: =+'SAF 011'!E13 -> BUTIL BROMURO DE HIOSCINA 20 MG INY | H15: NO | I15: =+'SAF 011'!F13 -> AMPOLLA | J15: =+'SAF 011'!AT13 -> 38 | K15: =+'SAF 011'!AS13 -> 30000 | M15: =+K15*J15 -> 1140000
A16: 5 | C16: =+'SAF 011'!E14 -> CLORPROMAZINA 25MG AMPOLLA IM | H16: NO | I16: =+'SAF 011'!F14 -> AMPOLLA | J16: =+'SAF 011'!AT14 -> 130 | K16: =+'SAF 011'!AS14 -> 1000 | M16: =+K16*J16 -> 130000
A17: 6 | C17: =+'SAF 011'!E15 -> CLONIDINA CLORHIDRATO 0,150 MG/ML AMPOLLA x 1 ML | H17: NO | I17: =+'SAF 011'!F15 -> AMPOLLA | J17: =+'SAF 011'!AT15 -> 120 | K17: =+'SAF 011'!AS15 -> 1000 | M17: =+K17*J17 -> 120000
A18: 7 | C18: =+'SAF 011'!E16 -> COLISTINA 100 MG FCO AMPOLLA | H18: NO | I18: =+'SAF 011'!F16 -> AMPOLLA | J18: =+'SAF 011'!AT16 -> 497 | K18: =+'SAF 011'!AS16 -> 2500 | M18: =+K18*J18 -> 1242500
A19: 8 | C19: =+'SAF 011'!E17 -> DANTROLENO 20 MG/60 ML KIT X 12 FCO AMPOLLA | H19: NO | I19: =+'SAF 011'!F17 -> KIT | J19: =+'SAF 011'!AT17 -> 231000 | K19: =+'SAF 011'!AS17 -> 7 | M19: =+K19*J19 -> 1617000
A20: 9 | C20: =+'SAF 011'!E18 -> DIFENHIDRAMINA 0,25% JARABE x 120 ml | H20: NO | I20: =+'SAF 011'!F18 -> FRASCO | J20: =+'SAF 011'!AT18 -> 92 | K20: =+'SAF 011'!AS18 -> 4000 | M20: =+K20*J20 -> 368000
A21: 10 | C21: =+'SAF 011'!E19 -> DOBUTAMINA 250 mg/ml FRASCO AMPOLLA x 20 ML | H21: NO | I21: =+'SAF 011'!F19 -> AMPOLLA | J21: =+'SAF 011'!AT19 -> 560 | K21: =+'SAF 011'!AS19 -> 300 | M21: =+K21*J21 -> 168000
A22: 11 | C22: =+'SAF 011'!E20 -> DOPAMINA 200 MG AMPOLLA X 5 ML | H22: NO | I22: =+'SAF 011'!F20 -> AMPOLLA | J22: =+'SAF 011'!AT20 -> 165 | K22: =+'SAF 011'!AS20 -> 1000 | M22: =+K22*J22 -> 165000
A23: 12 | C23: =+'SAF 011'!E21 -> EMULSION LIPIDICA PARA PERFUSION INTRAVENOSA TIPO INTRALIPIP 20% ENVASE POR 500 ML. | H23: NO | I23: =+'SAF 011'!F21 -> UNIDAD | J23: =+'SAF 011'!AT21 -> 4328.63 | K23: =+'SAF 011'!AS21 -> 10 | M23: =+K23*J23 -> 43286.3
... A42: 31 | C42: =+'SAF 011'!E40 -> VITAMINA K 1 MG AMPOLLA | H42: NO | I42: =+'SAF 011'!F40 -> UNIDAD | J42: =+'SAF 011'!AT40 -> 35 | K42: =+'SAF 011'!AS40 -> 1000 | M42: =+K42*J42 -> 35000
A43: Costo total estimado: | C43: DIECISIETE MILLONES CUATROCIENTOS SESENTA MIL TRESCIENTOS VEINTISEIS CON 30/100.- | J43: =+M43 -> 17460326 | M43: =SUM(M12:M42) -> 17460326

Sheet APG FARMACIA
A1: EJERCICIO: | D1: 2021 | P1: AUTORIZACION PARA GASTAR
A4: JURISDICCIÓN: | G4: =' NP FARMACIA'!D3 -> 040 - MINISTERIO DE SALUD
A5: SAF: | G5: =' NP FARMACIA'!D4 -> 011 - DIRECCION PROVINCIAL DE ADMINISTRACION DEL MINISTERIO DE SALUD
A6: UNIDAD EJECUTORA: | G6: =' NP FARMACIA'!D5 -> 469 - DIRECCION PROVINCIAL DE FARMACIA E INSUMOS
A7: DEPENDENCIA SOLICITANTE: | G7: =' NP FARMACIA'!D6 -> 469 - DIRECCION PROVINCIAL DE FARMACIA E INSUMOS
A8: AUTORIZACIÓN:
A9: Señor Director de Administración o Titular del Servicio Administrativo Financiero:
A10: Autorizo la realización de los trámites correspondientes, a fin de proveer a este Organismo los bienes que se detallan en Nota de Pedido N° 86/2021 afectando la erogación resultante a los créditos presupuestarios aprobados a favor de esta Unidad Ejecutora, conforme al siguiente detalle:
A12: IMPUTACIÓN PRESUPUESTARIA
A13: CÓDIGO | O13: DENOMINACIÓN DE LA PARTIDA PRESUPUESTARIA | Q13: IMPORTE
A14: PR | B14: SB | C14: PY | D14: AC | E14: OB | F14: UG | G14: FIN | H14: FUN | I14: I | J14: P | K14: P | L14: SubP | M14: M | N14: FF
A15: 30 | D15: 1 | F15: 4901 | G15: 3 | H15: 1 | I15: 2 | J15: 5 | K15: 2 | M15: 1 | N15: 1.1 | O15: Productos Farmacéuticos y Medicinales | Q15: =+'SAF 011'!AU41 -> 17460326
A37: TOTAL DE PESOS: | F37: =' NP FARMACIA'!C43 -> DIECISIETE MILLONES CUATROCIENTOS SESENTA MIL TRESCIENTOS VEINTISEIS CON 30/100.- | Q37: =SUM(Q15:Q36) -> 17460326
A39: JUSTIFICACIÓN:
A40: =' NP FARMACIA'!D8 -> ADQ. DEL RUBRO MEDICAMENTOS PARA FARMACIA CENTRAL
