Workbook

Sheet Inicio
E7: Primer Fila | F7: 8
E8: Ultima Fila | F8: 159
A13: AYUDA
A14: Los encabezados de color amarillo | D14: indican las celdas que deben modificarse, la ACTUALIZACION ES AUTOMATICA en el Cuadro.
A15: Inicio
A16: CARGAR EL CUADRO DEL COMPR.AR HACIENDO CLICK EN "ARMAR CUADRO"
A17: Ponderacion
A18: CARGA LAS PONDERACIONES: ENTREGA - ANTECEDENTES - PRECIO (valor por defecto 83)
A19: Cuadro
A20: CARGAR LA PONDERACION: CALIDAD EN CADA ITEM

Sheet Ponderacion
A1: Proveedor | B1: Plazo de entrega | C1: Antecedentes | E1: Ponderación precio: | F1: 80 | G1: %
A2: BRUNO RODOLFO LUCERO ALESSANDRO | B2: 3 | C2: 5
A3: SUCESION DE LUIS JAIME KOTLER | B3: 3 | C3: 5
A4: MIGUEL ANGEL MURO | B4: 1.5 | C4: 5

Sheet Cuadro
A2: CUADRO COMPARATIVO DE OFERTAS - PONDERACIÓN DE FACTORES SEGÚN PLIEGO
A5: CONTRATACIÓN DIRECTA 100-0008-CDI22 Adquisición de artículos de librería y papelería para el M.I.D.yS.P. y H.S.J.B.
A7: ITEM | B7: Cant. Solicit. | C7: Alter. | D7: Razon Social Proveedor | E7: Marca | F7: Cant. Ofertada | G7: Precio Unitario | H7: Puntaje Factor Precio | I7: Puntaje Factor Calidad | J7: Puntaje Factor Plazo de Entrega | K7: Puntaje Factor Antecedentes | L7: PUNTAJE TOTAL | M7: Cant. Preadj | N7: Total Preadj
A8: 1 | B8: 100 | C8: 1 | D8: BRUNO RODOLFO LUCERO ALESSANDRO | E8: Resma A4 X500 HOJAS 80GR BOREAL | F8: 100 | G8: 1018 | H8: =(G9*Ponderacion!F1)/G8 -> 67.583497 | I8: 5 | J8: =VLOOKUP(D8,Ponderacion!A2:C4,2,0) -> 3 | K8: =VLOOKUP(D8,Ponderacion!A2:C4,3,0) -> 5 | L8: =SUM(H8:K8) -> 80.583497
A9: 1 | B9: 100 | C9: 1 | D9: SUCESION DE LUIS JAIME KOTLER | E9: PAPELES P/FOTOCOPIADORA; FOTOCOPIADORA: CLC, ANCHO | F9: 100 | G9: 860 | H9: =(G9*Ponderacion!F1)/G9 -> 80 | I9: 12 | J9: =VLOOKUP(D9,Ponderacion!A2:C4,2,0) -> 3 | K9: =VLOOKUP(D9,Ponderacion!A2:C4,3,0) -> 5 | L9: =SUM(H9:K9) -> 100 | M9: =F9 -> 100 | N9: =G9*M9 -> 86000
A10: 1 | B10: 100 | C10: 1 | D10: MIGUEL ANGEL MURO | E10: Resma A4 X500 HOJAS 75GR AUTOR | F10: 100 | G10: 1400 | H10: =(G9*Ponderacion!F1)/G10 -> 49.142857 | I10: 5 | J10: =VLOOKUP(D10,Ponderacion!A2:C4,2,0) -> 1.5 | K10: =VLOOKUP(D10,Ponderacion!A2:C4,3,0) -> 5 | L10: =SUM(H10:K10) -> 60.642857
A11: 2 | B11: 500 | C11: 1 | D11: BRUNO RODOLFO LUCERO ALESSANDRO | E11: LAPICERAS BIC OPACO 1.0MM AZUL | F11: 500 | G11: 34 | H11: =(G11*Ponderacion!F1)/G11 -> 80 | I11: 12 | J11: =VLOOKUP(D11,Ponderacion!A2:C4,2,0) -> 3 | K11: =VLOOKUP(D11,Ponderacion!A2:C4,3,0) -> 5 | L11: =SUM(H11:K11) -> 100 | M11: =F11 -> 500 | N11: =G11*M11 -> 17000
A12: 2 | B12: 500 | C12: 1 | D12: SUCESION DE LUIS JAIME KOTLER | E12: LAPICERAS ESTILOGRAFICAS; TIPO: TRAZO GRUESO, MATE | F12: 500 | G12: 291.86 | H12: =(G11*Ponderacion!F1)/G12 -> 9.3195368 | I12: 5 | J12: =VLOOKUP(D12,Ponderacion!A2:C4,2,0) -> 3 | K12: =VLOOKUP(D12,Ponderacion!A2:C4,3,0) -> 5 | L12: =SUM(H12:K12) -> 22.319537
A13: 2 | B13: 500 | C13: 1 | D13: MIGUEL ANGEL MURO | E13: LAPICERAS BIC OPACO 1.0MM AZUL | F13: 500 | G13: 50 | H13: =(G11*Ponderacion!F1)/G13 -> 54.4 | I13: 5 | J13: =VLOOKUP(D13,Ponderacion!A2:C4,2,0) -> 1.5 | K13: =VLOOKUP(D13,Ponderacion!A2:C4,3,0) -> 5 | L13: =SUM(H13:K13) -> 65.9
A14: 3 | B14: 300 | C14: 1 | D14: BRUNO RODOLFO LUCERO ALESSANDRO | E14: LAPIZ GRADUACION MAPED HB2 N°1 | F14: 300 | G14: 18 | H14: =(G15*Ponderacion!F1)/G14 -> 66.666667 | I14: 5 | J14: =VLOOKUP(D14,Ponderacion!A2:C4,2,0) -> 3 | K14: =VLOOKUP(D14,Ponderacion!A2:C4,3,0) -> 5 | L14: =SUM(H14:K14) -> 79.666667
A15: 3 | B15: 300 | C15: 1 | D15: SUCESION DE LUIS JAIME KOTLER | E15: LAPIZ; COLOR: NEGRO, TIPO: COMUN NRO 1 MARCA GRAF | F15: 300 | G15: 15 | H15: =(G15*Ponderacion!F1)/G15 -> 80 | I15: 12 | J15: =VLOOKUP(D15,Ponderacion!A2:C4,2,0) -> 3 | K15: =VLOOKUP(D15,Ponderacion!A2:C4,3,0) -> 5 | L15: =SUM(H15:K15) -> 100 | M15: =F15 -> 300 | N15: =G15*M15 -> 4500
A16: 3 | B16: 300 | C16: 1 | D16: MIGUEL ANGEL MURO | E16: LAPIZ GRADUACION MAPED HB2 | F16: 300 | G16: 30 | H16: =(G15*Ponderacion!F1)/G16 -> 40 | I16: 5 | J16: =VLOOKUP(D16,Ponderacion!A2:C4,2,0) -> 1.5 | K16: =VLOOKUP(D16,Ponderacion!A2:C4,3,0) -> 5 | L16: =SUM(H16:K16) -> 51.5
A17: 4 | B17: 100 | C17: 1 | D17: BRUNO RODOLFO LUCERO ALESSANDRO | E17: RESMA OFICIO X500HOJAS 80 GR BOREAL | F17: 100 | G17: 1362.5 | H17: =(G18*Ponderacion!F1)/G17 -> 58.656881 | I17: 5 | J17: =VLOOKUP(D17,Ponderacion!A2:C4,2,0) -> 3 | K17: =VLOOKUP(D17,Ponderacion!A2:C4,3,0) -> 5 | L17: =SUM(H17:K17) -> 71.656881
A18: 4 | B18: 100 | C18: 1 | D18: SUCESION DE LUIS JAIME KOTLER | E18: PAPELES P/FOTOCOPIADORA; FOTOCOPIADORA: SIN VALOR, | F18: 100 | G18: 999 | H18: =(G18*Ponderacion!F1)/G18 -> 80 | I18: 12 | J18: =VLOOKUP(D18,Ponderacion!A2:C4,2,0) -> 3 | K18: =VLOOKUP(D18,Ponderacion!A2:C4,3,0) -> 5 | L18: =SUM(H18:K18) -> 100 | M18: =F18 -> 100 | N18: =G18*M18 -> 99900
A19: 4 | B19: 100 | C19: 1 | D19: MIGUEL ANGEL MURO | E19: RESMA OFICIO X500HOJAS 80 GR AUTOR | F19: 100 | G19: 1600 | H19: =(G18*Ponderacion!F1)/G19 -> 49.95 | I19: 5 | J19: =VLOOKUP(D19,Ponderacion!A2:C4,2,0) -> 1.5 | K19: =VLOOKUP(D19,Ponderacion!A2:C4,3,0) -> 5 | L19: =SUM(H19:K19) -> 61.45
A20: 5 | B20: 200 | C20: 1 | D20: BRUNO RODOLFO LUCERO ALESSANDRO | E20: CORRECTOR EZCO X7ML PUNTA METAL. | F20: 200 | G20: 113 | H20: =(G21*Ponderacion!F1)/G20 -> 50.223009 | I20: 5 | J20: =VLOOKUP(D20,Ponderacion!A2:C4,2,0) -> 3 | K20: =VLOOKUP(D20,Ponderacion!A2:C4,3,0) -> 5 | L20: =SUM(H20:K20) -> 63.223009
A21: 5 | B21: 200 | C21: 1 | D21: SUCESION DE LUIS JAIME KOTLER | E21: CORRECTORES DE ESCRITURA; ENVASE: LAPIZ (PUNTA MET | F21: 200 | G21: 70.94 | H21: =(G21*Ponderacion!F1)/G21 -> 80 | I21: 12 | J21: =VLOOKUP(D21,Ponderacion!A2:C4,2,0) -> 3 | K21: =VLOOKUP(D21,Ponderacion!A2:C4,3,0) -> 5 | L21: =SUM(H21:K21) -> 100 | M21: =F21 -> 200 | N21: =G21*M21 -> 14188
A22: 5 | B22: 200 | C22: 1 | D22: MIGUEL ANGEL MURO | E22: CORRECTOR X7ML PIZZINI | F22: 200 | G22: 130 | H22: =(G21*Ponderacion!F1)/G22 -> 43.655385 | I22: 5 | J22: =VLOOKUP(D22,Ponderacion!A2:C4,2,0) -> 1.5 | K22: =VLOOKUP(D22,Ponderacion!A2:C4,3,0) -> 5 | L22: =SUM(H22:K22) -> 55.155385
A23: 6 | B23: 20 | C23: 1 | D23: BRUNO RODOLFO LUCERO ALESSANDRO | E23: ABROCHADORA DE PAPEL, METALICA 21/6 GRAP | F23: 20 | G23: 3504 | H23: =(G24*Ponderacion!F1)/G23 -> 69.911872 | I23: 5 | J23: =VLOOKUP(D23,Ponderacion!A2:C4,2,0) -> 3 | K23: =VLOOKUP(D23,Ponderacion!A2:C4,3,0) -> 5 | L23: =SUM(H23:K23) -> 82.911872
A24: 6 | B24: 20 | C24: 1 | D24: SUCESION DE LUIS JAIME KOTLER | E24: ABROCHADORAS DE PAPEL; MATERIAL: METALICA, TIPO: | F24: 20 | G24: 3062.14 | H24: =(G24*Ponderacion!F1)/G24 -> 80 | I24: 12 | J24: =VLOOKUP(D24,Ponderacion!A2:C4,2,0) -> 3 | K24: =VLOOKUP(D24,Ponderacion!A2:C4,3,0) -> 5 | L24: =SUM(H24:K24) -> 100 | M24: =F24 -> 20 | N24: =G24*M24 -> 61242.8
A25: 6 | B25: 20 | C25: 1 | D25: MIGUEL ANGEL MURO | E25: ABROCHADORAS DE PAPEL; MATERIAL: METALICA, TIPO: D | F25: 20 | G25: 4000 | H25: =(G24*Ponderacion!F1)/G25 -> 61.2428 | I25: 5 | J25: =VLOOKUP(D25,Ponderacion!A2:C4,2,0) -> 1.5 | K25: =VLOOKUP(D25,Ponderacion!A2:C4,3,0) -> 5 | L25: =SUM(H25:K25) -> 72.7428
A26: 7 | B26: 250 | C26: 1 | D26: BRUNO RODOLFO LUCERO ALESSANDRO | E26: RESALTADOR PTA. 5 (CHANFLEADA) TRABI AMARILLO | F26: 250 | G26: 93 | H26: =(G27*Ponderacion!F1)/G26 -> 59.784946 | I26: 5 | J26: =VLOOKUP(D26,Ponderacion!A2:C4,2,0) -> 3 | K26: =VLOOKUP(D26,Ponderacion!A2:C4,3,0) -> 5 | L26: =SUM(H26:K26) -> 72.784946
A27: 7 | B27: 250 | C27: 1 | D27: SUCESION DE LUIS JAIME KOTLER | E27: RESALTADORES; ACCESORIO SIN - TIPO PUNTA 5 (CHANF | F27: 250 | G27: 69.5 | H27: =(G27*Ponderacion!F1)/G27 -> 80 | I27: 12 | J27: =VLOOKUP(D27,Ponderacion!A2:C4,2,0) -> 3 | K27: =VLOOKUP(D27,Ponderacion!A2:C4,3,0) -> 5 | L27: =SUM(H27:K27) -> 100 | M27: =F27 -> 250 | N27: =G27*M27 -> 17375
A28: 7 | B28: 250 | C28: 1 | D28: MIGUEL ANGEL MURO | E28: RESALTADOR PTA CHANFLEADA FILGO AMARILLO | F28: 250 | G28: 110 | H28: =(G27*Ponderacion!F1)/G28 -> 50.545455 | I28: 5 | J28: =VLOOKUP(D28,Ponderacion!A2:C4,2,0) -> 1.5 | K28: =VLOOKUP(D28,Ponderacion!A2:C4,3,0) -> 5 | L28: =SUM(H28:K28) -> 62.045455
A29: 8 | B29: 600 | C29: 1 | D29: BRUNO RODOLFO LUCERO ALESSANDRO | E29: FOLIOS TRANSPARENTES OFICIO LIGGO | F29: 600 | G29: 11.4 | H29: =(G30*Ponderacion!F1)/G29 -> 57.122807 | I29: 5 | J29: =VLOOKUP(D29,Ponderacion!A2:C4,2,0) -> 3 | K29: =VLOOKUP(D29,Ponderacion!A2:C4,3,0) -> 5 | L29: =SUM(H29:K29) -> 70.122807
A30: 8 | B30: 600 | C30: 1 | D30: SUCESION DE LUIS JAIME KOTLER | E30: FOLIOS TRANSPARENTES; MATERIAL: PLASTICO (POLIETIL | F30: 600 | G30: 8.14 | H30: =(G30*Ponderacion!F1)/G30 -> 80 | I30: 12 | J30: =VLOOKUP(D30,Ponderacion!A2:C4,2,0) -> 3 | K30: =VLOOKUP(D30,Ponderacion!A2:C4,3,0) -> 5 | L30: =SUM(H30:K30) -> 100 | M30: =F30 -> 600 | N30: =G30*M30 -> 4884
A31: 8 | B31: 600 | C31: 1 | D31: MIGUEL ANGEL MURO | E31: FOLIOS TRANSPARENTES; MATERIAL: PLASTICO (POLIETI | F31: 600 | G31: 21 | H31: =(G30*Ponderacion!F1)/G31 -> 31.009524 | I31: 5 | J31: =VLOOKUP(D31,Ponderacion!A2:C4,2,0) -> 1.5 | K31: =VLOOKUP(D31,Ponderacion!A2:C4,3,0) -> 5 | L31: =SUM(H31:K31) -> 42.509524
A32: 9 | B32: 1200 | C32: 1 | D32: BRUNO RODOLFO LUCERO ALESSANDRO | E32: FOLIOS TRANSPARENTES A4 LIGGO | F32: 1200 | G32: 10.2 | H32: =(G33*Ponderacion!F1)/G32 -> 53.333333 | I32: 5 | J32: =VLOOKUP(D32,Ponderacion!A2:C4,2,0) -> 3 | K32: =VLOOKUP(D32,Ponderacion!A2:C4,3,0) -> 5 | L32: =SUM(H32:K32) -> 66.333333
A33: 9 | B33: 1200 | C33: 1 | D33: SUCESION DE LUIS JAIME KOTLER | E33: FOLIOS TRANSPARENTES; TAMAÑO: A-4, PERFORACIONES: | F33: 1200 | G33: 6.8 | H33: =(G33*Ponderacion!F1)/G33 -> 80 | I33: 12 | J33: =VLOOKUP(D33,Ponderacion!A2:C4,2,0) -> 3 | K33: =VLOOKUP(D33,Ponderacion!A2:C4,3,0) -> 5 | L33: =SUM(H33:K33) -> 100 | M33: =F33 -> 1200 | N33: =G33*M33 -> 8160
A34: 9 | B34: 1200 | C34: 1 | D34: MIGUEL ANGEL MURO | E34: FOLIOS TRANSPARENTES; TAMAÑO: A-4, PERFORACIONES: | F34: 1200 | G34: 18 | H34: =(G33*Ponderacion!F1)/G34 -> 30.222222 | I34: 5 | J34: =VLOOKUP(D34,Ponderacion!A2:C4,2,0) -> 1.5 | K34: =VLOOKUP(D34,Ponderacion!A2:C4,3,0) -> 5 | L34: =SUM(H34:K34) -> 41.722222
A35: 10 | B35: 250 | C35: 1 | D35: BRUNO RODOLFO LUCERO ALESSANDRO | E35: CAJA DE ARCHIVO LIBREJET OFICIO PLASTICO AZUL | F35: 250 | G35: 300 | H35: =(G37*Ponderacion!F1)/G35 -> 69.333333 | I35: 5 | J35: =VLOOKUP(D35,Ponderacion!A2:C4,2,0) -> 3 | K35: =VLOOKUP(D35,Ponderacion!A2:C4,3,0) -> 5 | L35: =SUM(H35:K35) -> 82.333333
A36: 10 | B36: 250 | C36: 1 | D36: SUCESION DE LUIS JAIME KOTLER | E36: CAJAS DE ARCHIVO; DIMENSION: 26.5 X 38 X 9 Cm, CO | F36: 250 | G36: 288.98 | H36: =(G37*Ponderacion!F1)/G36 -> 71.977299 | I36: 12 | J36: =VLOOKUP(D36,Ponderacion!A2:C4,2,0) -> 3 | K36: =VLOOKUP(D36,Ponderacion!A2:C4,3,0) -> 5 | L36: =SUM(H36:K36) -> 91.977299 | M36: =+F36 -> 250 | N36: =+G36*M36 -> 72245
A37: 10 | B37: 250 | C37: 1 | D37: MIGUEL ANGEL MURO | E37: CAJAS DE ARCHIVO; DIMENSION: 26.5 X 38 X 9 Cm, CO | F37: 250 | G37: 260 | H37: =(G37*Ponderacion!F1)/G37 -> 80 | I37: 5 | J37: =VLOOKUP(D37,Ponderacion!A2:C4,2,0) -> 1.5 | K37: =VLOOKUP(D37,Ponderacion!A2:C4,3,0) -> 5 | L37: =SUM(H37:K37) -> 91.5
A38: 11 | B38: 30 | C38: 1 | D38: BRUNO RODOLFO LUCERO ALESSANDRO | E38: BANDA ELASTICAS EZCO 5CMX100GR BOLSA | F38: 30 | G38: 253 | H38: =(G39*Ponderacion!F1)/G38 -> 41.928854 | I38: 5 | J38: =VLOOKUP(D38,Ponderacion!A2:C4,2,0) -> 3 | K38: =VLOOKUP(D38,Ponderacion!A2:C4,3,0) -> 5 | L38: =SUM(H38:K38) -> 54.928854
A39: 11 | B39: 30 | C39: 1 | D39: SUCESION DE LUIS JAIME KOTLER | E39: BANDAS ELASTICAS; PRESENTACION: CAJA DE 100 GR, E | F39: 30 | G39: 132.6 | H39: =(G39*Ponderacion!F1)/G39 -> 80 | I39: 12 | J39: =VLOOKUP(D39,Ponderacion!A2:C4,2,0) -> 3 | K39: =VLOOKUP(D39,Ponderacion!A2:C4,3,0) -> 5 | L39: =SUM(H39:K39) -> 100 | M39: =F39 -> 30 | N39: =G39*M39 -> 3978
A40: 11 | B40: 30 | C40: 1 | D40: MIGUEL ANGEL MURO | E40: BANDAS ELASTICAS; PRESENTACION: CAJA DE 100 GR, ES | F40: 30 | G40: 335 | H40: =(G39*Ponderacion!F1)/G40 -> 31.665672 | I40: 5 | J40: =VLOOKUP(D40,Ponderacion!A2:C4,2,0) -> 1.5 | K40: =VLOOKUP(D40,Ponderacion!A2:C4,3,0) -> 5 | L40: =SUM(H40:K40) -> 43.165672
A41: 12 | B41: 100 | C41: 1 | D41: BRUNO RODOLFO LUCERO ALESSANDRO | E41: CARPETA COMERCIAL LAMA A4 C/VAINA | F41: 100 | G41: 105 | H41: =(G42*Ponderacion!F1)/G41 -> 68.739048 | I41: 5 | J41: =VLOOKUP(D41,Ponderacion!A2:C4,2,0) -> 3 | K41: =VLOOKUP(D41,Ponderacion!A2:C4,3,0) -> 5 | L41: =SUM(H41:K41) -> 81.739048
A42: 12 | B42: 100 | C42: 1 | D42: SUCESION DE LUIS JAIME KOTLER | E42: CARPETAS COLGANTES; TIPO: INTERIOR, MATERIAL: PLAS | F42: 100 | G42: 90.22 | H42: =(G42*Ponderacion!F1)/G42 -> 80 | I42: 12 | J42: =VLOOKUP(D42,Ponderacion!A2:C4,2,0) -> 3 | K42: =VLOOKUP(D42,Ponderacion!A2:C4,3,0) -> 5 | L42: =SUM(H42:K42) -> 100 | M42: =F42 -> 100 | N42: =G42*M42 -> 9022
A43: 12 | B43: 100 | C43: 1 | D43: MIGUEL ANGEL MURO | E43: CARPETAS COLGANTES; TIPO: INTERIOR, MATERIAL: PLAS | F43: 100 | G43: 200 | H43: =(G42*Ponderacion!F1)/G43 -> 36.088 | I43: 5 | J43: =VLOOKUP(D43,Ponderacion!A2:C4,2,0) -> 1.5 | K43: =VLOOKUP(D43,Ponderacion!A2:C4,3,0) -> 5 | L43: =SUM(H43:K43) -> 47.588
A44: 13 | B44: 100 | C44: 1 | D44: BRUNO RODOLFO LUCERO ALESSANDRO | E44: CARPETA COLGANTE EXTERIOR NEPACO OFICIO AMARILLO | F44: 100 | G44: 188 | H44: =(G44*Ponderacion!F1)/G44 -> 80 | I44: 12 | J44: =VLOOKUP(D44,Ponderacion!A2:C4,2,0) -> 3 | K44: =VLOOKUP(D44,Ponderacion!A2:C4,3,0) -> 5 | L44: =SUM(H44:K44) -> 100 | M44: =F44 -> 100 | N44: =G44*M44 -> 18800
A45: 13 | B45: 100 | C45: 1 | D45: MIGUEL ANGEL MURO | E45: CARPETAS COLGANTES; TIPO: EXTERIOR, MATERIAL: PLAS | F45: 100 | G45: 350 | H45: =(G44*Ponderacion!F1)/G45 -> 42.971429 | I45: 5 | J45: =VLOOKUP(D45,Ponderacion!A2:C4,2,0) -> 1.5 | K45: =VLOOKUP(D45,Ponderacion!A2:C4,3,0) -> 5 | L45: =SUM(H45:K45) -> 54.471429
A46: 14 | B46: 15 | C46: 1 | D46: BRUNO RODOLFO LUCERO ALESSANDRO | E46: GOMA DE BORRAR LAPIZ DOS BANDERAS X30UNIDADES | F46: 15 | G46: 1440 | H46: =(G46*Ponderacion!F1)/G46 -> 80 | I46: 12 | J46: =VLOOKUP(D46,Ponderacion!A2:C4,2,0) -> 3 | K46: =VLOOKUP(D46,Ponderacion!A2:C4,3,0) -> 5 | L46: =SUM(H46:K46) -> 100 | M46: =F46 -> 15 | N46: =G46*M46 -> 21600
A47: 14 | B47: 15 | C47: 1 | D47: SUCESION DE LUIS JAIME KOTLER | E47: GOMAS DE BORRAR; MATERIAL: CAUCHO, CANT. X CAJA: 3 | F47: 15 | G47: 1938.51 | H47: =(G46*Ponderacion!F1)/G47 -> 59.427086 | I47: 5 | J47: =VLOOKUP(D47,Ponderacion!A2:C4,2,0) -> 3 | K47: =VLOOKUP(D47,Ponderacion!A2:C4,3,0) -> 5 | L47: =SUM(H47:K47) -> 72.427086
A48: 14 | B48: 15 | C48: 1 | D48: MIGUEL ANGEL MURO | E48: GOMAS DE BORRAR; MATERIAL: CAUCHO, CANT. X CAJA: 3 | F48: 15 | G48: 1900 | H48: =(G46*Ponderacion!F1)/G48 -> 60.631579 | I48: 5 | J48: =VLOOKUP(D48,Ponderacion!A2:C4,2,0) -> 1.5 | K48: =VLOOKUP(D48,Ponderacion!A2:C4,3,0) -> 5 | L48: =SUM(H48:K48) -> 72.131579
A49: 15 | B49: 100 | C49: 1 | D49: BRUNO RODOLFO LUCERO ALESSANDRO | E49: CINTA ADHESIVA TRANSPARENTE 12X60MTRS CONDOR | F49: 100 | G49: 150 | H49: =(G50*Ponderacion!F1)/G49 -> 60.965333 | I49: 5 | J49: =VLOOKUP(D49,Ponderacion!A2:C4,2,0) -> 3 | K49: =VLOOKUP(D49,Ponderacion!A2:C4,3,0) -> 5 | L49: =SUM(H49:K49) -> 73.965333
A50: 15 | B50: 100 | C50: 1 | D50: SUCESION DE LUIS JAIME KOTLER | E50: CINTAS ADHESIVAS; TIPO: TRANSPARENTE, ANCHO: 12 mm | F50: 100 | G50: 114.31 | H50: =(G50*Ponderacion!F1)/G50 -> 80 | I50: 12 | J50: =VLOOKUP(D50,Ponderacion!A2:C4,2,0) -> 3 | K50: =VLOOKUP(D50,Ponderacion!A2:C4,3,0) -> 5 | L50: =SUM(H50:K50) -> 100 | M50: =F50 -> 100 | N50: =G50*M50 -> 11431
A51: 15 | B51: 100 | C51: 1 | D51: MIGUEL ANGEL MURO | E51: CINTAS ADHESIVAS; TIPO: TRANSPARENTE, ANCHO: 12 mm | F51: 100 | G51: 350 | H51: =(G50*Ponderacion!F1)/G51 -> 26.128 | I51: 5 | J51: =VLOOKUP(D51,Ponderacion!A2:C4,2,0) -> 1.5 | K51: =VLOOKUP(D51,Ponderacion!A2:C4,3,0) -> 5 | L51: =SUM(H51:K51) -> 37.628
A52: 16 | B52: 100 | C52: 1 | D52: BRUNO RODOLFO LUCERO ALESSANDRO | E52: CINTA ADHESIVA TRANSPARENTE 49MMX40MTRS CONDOR | F52: 100 | G52: 217.5 | H52: =(G52*Ponderacion!F1)/G52 -> 80 | I52: 12 | J52: =VLOOKUP(D52,Ponderacion!A2:C4,2,0) -> 3 | K52: =VLOOKUP(D52,Ponderacion!A2:C4,3,0) -> 5 | L52: =SUM(H52:K52) -> 100 | M52: =F52 -> 100 | N52: =G52*M52 -> 21750
A53: 16 | B53: 100 | C53: 1 | D53: MIGUEL ANGEL MURO | E53: CINTAS ADHESIVAS; ANCHO: 49 mm, ACCESORIO: SIN VAL | F53: 100 | G53: 580 | H53: =(G52*Ponderacion!F1)/G53 -> 30 | I53: 5 | J53: =VLOOKUP(D53,Ponderacion!A2:C4,2,0) -> 1.5 | K53: =VLOOKUP(D53,Ponderacion!A2:C4,3,0) -> 5 | L53: =SUM(H53:K53) -> 41.5
A54: 17 | B54: 150 | C54: 1 | D54: BRUNO RODOLFO LUCERO ALESSANDRO | E54: ADHESIVO P/PAPEL COLA VINILICA 30GR PLAYCOLOR | F54: 150 | G54: 47 | H54: =(G55*Ponderacion!F1)/G54 -> 51.676596 | I54: 5 | J54: =VLOOKUP(D54,Ponderacion!A2:C4,2,0) -> 3 | K54: =VLOOKUP(D54,Ponderacion!A2:C4,3,0) -> 5 | L54: =SUM(H54:K54) -> 64.676596
A55: 17 | B55: 150 | C55: 1 | D55: SUCESION DE LUIS JAIME KOTLER | E55: ADHESIVOS P/PAPEL; TIPO: COLA VINILICA, PRESENTACI | F55: 150 | G55: 30.36 | H55: =(G55*Ponderacion!F1)/G55 -> 80 | I55: 12 | J55: =VLOOKUP(D55,Ponderacion!A2:C4,2,0) -> 3 | K55: =VLOOKUP(D55,Ponderacion!A2:C4,3,0) -> 5 | L55: =SUM(H55:K55) -> 100 | M55: =F55 -> 150 | N55: =G55*M55 -> 4554
A56: 17 | B56: 150 | C56: 1 | D56: MIGUEL ANGEL MURO | E56: ADHESIVOS P/PAPEL; TIPO: COLA VINILICA, PRESENTACI | F56: 150 | G56: 120 | H56: =(G55*Ponderacion!F1)/G56 -> 20.24 | I56: 5 | J56: =VLOOKUP(D56,Ponderacion!A2:C4,2,0) -> 1.5 | K56: =VLOOKUP(D56,Ponderacion!A2:C4,3,0) -> 5 | L56: =SUM(H56:K56) -> 31.74
A57: 18 | B57: 100 | C57: 1 | D57: BRUNO RODOLFO LUCERO ALESSANDRO | E57: BIBLIORATOS LOMO CARTON GRIS OFICIO LIBREJET | F57: 100 | G57: 473 | H57: =(G58*Ponderacion!F1)/G57 -> 61.268499 | I57: 5 | J57: =VLOOKUP(D57,Ponderacion!A2:C4,2,0) -> 3 | K57: =VLOOKUP(D57,Ponderacion!A2:C4,3,0) -> 5 | L57: =SUM(H57:K57) -> 74.268499
A58: 18 | B58: 100 | C58: 1 | D58: SUCESION DE LUIS JAIME KOTLER | E58: BIBLIORATOS; LOMO: CARTON, COLOR: GRIS, ANCHO: 85 | F58: 100 | G58: 362.25 | H58: =(G58*Ponderacion!F1)/G58 -> 80 | I58: 12 | J58: =VLOOKUP(D58,Ponderacion!A2:C4,2,0) -> 3 | K58: =VLOOKUP(D58,Ponderacion!A2:C4,3,0) -> 5 | L58: =SUM(H58:K58) -> 100 | M58: =F58 -> 100 | N58: =G58*M58 -> 36225
A59: 18 | B59: 100 | C59: 1 | D59: MIGUEL ANGEL MURO | E59: BIBLIORATOS; LOMO: CARTON, COLOR: GRIS, ANCHO: 85 | F59: 100 | G59: 800 | H59: =(G58*Ponderacion!F1)/G59 -> 36.225 | I59: 5 | J59: =VLOOKUP(D59,Ponderacion!A2:C4,2,0) -> 1.5 | K59: =VLOOKUP(D59,Ponderacion!A2:C4,3,0) -> 5 | L59: =SUM(H59:K59) -> 47.725
A60: 19 | B60: 100 | C60: 1 | D60: BRUNO RODOLFO LUCERO ALESSANDRO | E60: BIBLIORATOS A4 LOMO CARTON LIBREJET | F60: 100 | G60: 473 | H60: =(G61*Ponderacion!F1)/G60 -> 61.268499 | I60: 5 | J60: =VLOOKUP(D60,Ponderacion!A2:C4,2,0) -> 3 | K60: =VLOOKUP(D60,Ponderacion!A2:C4,3,0) -> 5 | L60: =SUM(H60:K60) -> 74.268499
A61: 19 | B61: 100 | C61: 1 | D61: SUCESION DE LUIS JAIME KOTLER | E61: BIBLIORATOS; ANILLO: 2 Y PALANCA, TAMAÑO: A4, TAP | F61: 100 | G61: 362.25 | H61: =(G61*Ponderacion!F1)/G61 -> 80 | I61: 12 | J61: =VLOOKUP(D61,Ponderacion!A2:C4,2,0) -> 3 | K61: =VLOOKUP(D61,Ponderacion!A2:C4,3,0) -> 5 | L61: =SUM(H61:K61) -> 100 | M61: =F61 -> 100 | N61: =G61*M61 -> 36225
A62: 19 | B62: 100 | C62: 1 | D62: MIGUEL ANGEL MURO | E62: BIBLIORATOS; ANILLO: 2 Y PALANCA, TAMAÑO: A4, TAPA | F62: 100 | G62: 850 | H62: =(G61*Ponderacion!F1)/G62 -> 34.094118 | I62: 5 | J62: =VLOOKUP(D62,Ponderacion!A2:C4,2,0) -> 1.5 | K62: =VLOOKUP(D62,Ponderacion!A2:C4,3,0) -> 5 | L62: =SUM(H62:K62) -> 45.594118
A63: 20 | B63: 15 | C63: 1 | D63: BRUNO RODOLFO LUCERO ALESSANDRO | E63: ABROCHADORA DE PAPEL METALICA 10/50 GRAP | F63: 15 | G63: 2639.5 | H63: =(G64*Ponderacion!F1)/G63 -> 75.480356 | I63: 12 | J63: =VLOOKUP(D63,Ponderacion!A2:C4,2,0) -> 3 | K63: =VLOOKUP(D63,Ponderacion!A2:C4,3,0) -> 5 | L63: =SUM(H63:K63) -> 95.480356 | M63: =+F63 -> 15 | N63: =+G63*M63 -> 39592.5
A64: 20 | B64: 15 | C64: 1 | D64: SUCESION DE LUIS JAIME KOTLER | E64: ABROCHADORAS DE PAPEL; TIPO: PINZA, P/BROCHES: 10 | F64: 15 | G64: 2490.38 | H64: =(G64*Ponderacion!F1)/G64 -> 80 | I64: 5 | J64: =VLOOKUP(D64,Ponderacion!A2:C4,2,0) -> 3 | K64: =VLOOKUP(D64,Ponderacion!A2:C4,3,0) -> 5 | L64: =SUM(H64:K64) -> 93
A65: 20 | B65: 15 | C65: 1 | D65: MIGUEL ANGEL MURO | E65: ABROCHADORAS DE PAPEL; TIPO: PINZA, P/BROCHES: 10/ | F65: 15 | G65: 4000 | H65: =(G64*Ponderacion!F1)/G65 -> 49.8076 | I65: 5 | J65: =VLOOKUP(D65,Ponderacion!A2:C4,2,0) -> 1.5 | K65: =VLOOKUP(D65,Ponderacion!A2:C4,3,0) -> 5 | L65: =SUM(H65:K65) -> 61.3076
A66: 21 | B66: 50 | C66: 1 | D66: BRUNO RODOLFO LUCERO ALESSANDRO | E66: ADHESIVO P/PAPEL 250GR, COLA VINILICA PLAYCOLOR | F66: 50 | G66: 292 | H66: =(G67*Ponderacion!F1)/G66 -> 54.073973 | I66: 12 | J66: =VLOOKUP(D66,Ponderacion!A2:C4,2,0) -> 3 | K66: =VLOOKUP(D66,Ponderacion!A2:C4,3,0) -> 5 | L66: =SUM(H66:K66) -> 74.073973
A67: 21 | B67: 50 | C67: 1 | D67: SUCESION DE LUIS JAIME KOTLER | E67: ADHESIVOS P/PAPEL; PRESENTACION: 250 GR, TIPO: COL | F67: 50 | G67: 197.37 | H67: =(G67*Ponderacion!F1)/G67 -> 80 | I67: 12 | J67: =VLOOKUP(D67,Ponderacion!A2:C4,2,0) -> 3 | K67: =VLOOKUP(D67,Ponderacion!A2:C4,3,0) -> 5 | L67: =SUM(H67:K67) -> 100 | M67: =F67 -> 50 | N67: =G67*M67 -> 9868.5
A68: 21 | B68: 50 | C68: 1 | D68: MIGUEL ANGEL MURO | E68: ADHESIVOS P/PAPEL; PRESENTACION: 250 GR, TIPO: COL | F68: 50 | G68: 400 | H68: =(G67*Ponderacion!F1)/G68 -> 39.474 | I68: 12 | J68: =VLOOKUP(D68,Ponderacion!A2:C4,2,0) -> 1.5 | K68: =VLOOKUP(D68,Ponderacion!A2:C4,3,0) -> 5 | L68: =SUM(H68:K68) -> 57.974
A69: 22 | B69: 300 | C69: 1 | D69: BRUNO RODOLFO LUCERO ALESSANDRO | E69: BROCHES P/ABROCHADORAS 10/50, CAJA X1000U, GRAP | F69: 300 | G69: 136 | H69: =(G70*Ponderacion!F1)/G69 -> 71.111765 | I69: 12 | J69: =VLOOKUP(D69,Ponderacion!A2:C4,2,0) -> 3 | K69: =VLOOKUP(D69,Ponderacion!A2:C4,3,0) -> 5 | L69: =SUM(H69:K69) -> 91.111765
A70: 22 | B70: 300 | C70: 1 | D70: SUCESION DE LUIS JAIME KOTLER | E70: BROCHES P/ABROCHADORA; NUMERO: 10/50, PRESENTACIO | F70: 300 | G70: 120.89 | H70: =(G70*Ponderacion!F1)/G70 -> 80 | I70: 5 | J70: =VLOOKUP(D70,Ponderacion!A2:C4,2,0) -> 3 | K70: =VLOOKUP(D70,Ponderacion!A2:C4,3,0) -> 5 | L70: =SUM(H70:K70) -> 93 | M70: =F70 -> 300 | N70: =G70*M70 -> 36267
A71: 22 | B71: 300 | C71: 1 | D71: MIGUEL ANGEL MURO | E71: BROCHES P/ABROCHADORA; NUMERO: 10/50, PRESENTACION | F71: 300 | G71: 300 | H71: =(G70*Ponderacion!F1)/G71 -> 32.237333 | I71: 5 | J71: =VLOOKUP(D71,Ponderacion!A2:C4,2,0) -> 1.5 | K71: =VLOOKUP(D71,Ponderacion!A2:C4,3,0) -> 5 | L71: =SUM(H71:K71) -> 43.737333
A72: 23 | B72: 75 | C72: 1 | D72: BRUNO RODOLFO LUCERO ALESSANDRO | E72: CARPETAS FIBRA NEGRA OFICIO | F72: 75 | G72: 417.5 | H72: =(G73*Ponderacion!F1)/G72 -> 47.741317 | I72: 5 | J72: =VLOOKUP(D72,Ponderacion!A2:C4,2,0) -> 3 | K72: =VLOOKUP(D72,Ponderacion!A2:C4,3,0) -> 5 | L72: =SUM(H72:K72) -> 60.741317
A73: 23 | B73: 75 | C73: 1 | D73: SUCESION DE LUIS JAIME KOTLER | E73: CARPETAS; MATERIAL: FIBRA, TAMAÑO: OFICIO MARCA FI | F73: 75 | G73: 249.15 | H73: =(G73*Ponderacion!F1)/G73 -> 80 | I73: 12 | J73: =VLOOKUP(D73,Ponderacion!A2:C4,2,0) -> 3 | K73: =VLOOKUP(D73,Ponderacion!A2:C4,3,0) -> 5 | L73: =SUM(H73:K73) -> 100 | M73: =F73 -> 75 | N73: =G73*M73 -> 18686.25
A74: 23 | B74: 75 | C74: 1 | D74: MIGUEL ANGEL MURO | E74: CARPETAS; MATERIAL: FIBRA, TAMAÑO: OFICIO AVIOS | F74: 75 | G74: 800 | H74: =(G73*Ponderacion!F1)/G74 -> 24.915 | I74: 12 | J74: =VLOOKUP(D74,Ponderacion!A2:C4,2,0) -> 1.5 | K74: =VLOOKUP(D74,Ponderacion!A2:C4,3,0) -> 5 | L74: =SUM(H74:K74) -> 43.415
A75: 24 | B75: 200 | C75: 1 | D75: BRUNO RODOLFO LUCERO ALESSANDRO | E75: CARPETA P/ENCUADERNACION A4 TAPA TRANSPARENTE LAMA | F75: 200 | G75: 90 | H75: =(G76*Ponderacion!F1)/G75 -> 21.653333 | I75: 5 | J75: =VLOOKUP(D75,Ponderacion!A2:C4,2,0) -> 3 | K75: =VLOOKUP(D75,Ponderacion!A2:C4,3,0) -> 5 | L75: =SUM(H75:K75) -> 34.653333
A76: 24 | B76: 200 | C76: 1 | D76: SUCESION DE LUIS JAIME KOTLER | E76: CARPETAS P/ENCUADERNACION; TAMAÑO: A4, PEGAMENTO: | F76: 200 | G76: 24.36 | H76: =(G76*Ponderacion!F1)/G76 -> 80 | I76: 5 | J76: =VLOOKUP(D76,Ponderacion!A2:C4,2,0) -> 3 | K76: =VLOOKUP(D76,Ponderacion!A2:C4,3,0) -> 5 | L76: =SUM(H76:K76) -> 93 | M76: =F76 -> 200 | N76: =G76*M76 -> 4872
A77: 24 | B77: 200 | C77: 1 | D77: MIGUEL ANGEL MURO | E77: CARPETAS P/ENCUADERNACION; TAMAÑO: A4, PEGAMENTO: | F77: 200 | G77: 210 | H77: =(G76*Ponderacion!F1)/G77 -> 9.28 | I77: 5 | J77: =VLOOKUP(D77,Ponderacion!A2:C4,2,0) -> 1.5 | K77: =VLOOKUP(D77,Ponderacion!A2:C4,3,0) -> 5 | L77: =SUM(H77:K77) -> 20.78
A78: 25 | B78: 200 | C78: 1 | D78: BRUNO RODOLFO LUCERO ALESSANDRO | E78: CARPETA P/ENCUADERNACION OF TAPA TRANSPARENTE VERD | F78: 200 | G78: 60 | H78: =(G79*Ponderacion!F1)/G78 -> 40.213333 | I78: 12 | J78: =VLOOKUP(D78,Ponderacion!A2:C4,2,0) -> 3 | K78: =VLOOKUP(D78,Ponderacion!A2:C4,3,0) -> 5 | L78: =SUM(H78:K78) -> 60.213333
A79: 25 | B79: 200 | C79: 1 | D79: SUCESION DE LUIS JAIME KOTLER | E79: CARPETAS P/ENCUADERNACION; TAMAÑO: OFICIO, ESPESO | F79: 200 | G79: 30.16 | H79: =(G79*Ponderacion!F1)/G79 -> 80 | I79: 5 | J79: =VLOOKUP(D79,Ponderacion!A2:C4,2,0) -> 3 | K79: =VLOOKUP(D79,Ponderacion!A2:C4,3,0) -> 5 | L79: =SUM(H79:K79) -> 93 | M79: =F79 -> 200 | N79: =G79*M79 -> 6032
A80: 25 | B80: 200 | C80: 1 | D80: MIGUEL ANGEL MURO | E80: CARPETAS P/ENCUADERNACION; TAMAÑO: OFICIO, ESPESOR | F80: 200 | G80: 150 | H80: =(G79*Ponderacion!F1)/G80 -> 16.085333 | I80: 5 | J80: =VLOOKUP(D80,Ponderacion!A2:C4,2,0) -> 1.5 | K80: =VLOOKUP(D80,Ponderacion!A2:C4,3,0) -> 5 | L80: =SUM(H80:K80) -> 27.585333
A81: 26 | B81: 100 | C81: 1 | D81: BRUNO RODOLFO LUCERO ALESSANDRO | E81: BIBLIORATO LOMO CARTON OFICIO LIBREJET | F81: 100 | G81: 473 | H81: =(G81*Ponderacion!F1)/G81 -> 80 | I81: 12 | J81: =VLOOKUP(D81,Ponderacion!A2:C4,2,0) -> 3 | K81: =VLOOKUP(D81,Ponderacion!A2:C4,3,0) -> 5 | L81: =SUM(H81:K81) -> 100 | M81: =F81 -> 100 | N81: =G81*M81 -> 47300
A82: 26 | B82: 100 | C82: 1 | D82: SUCESION DE LUIS JAIME KOTLER | E82: BIBLIORATOS; ANCHO: 80 mm, ANILLO: ANILLO Y PALANC | F82: 100 | G82: 541.09 | H82: =(G81*Ponderacion!F1)/G82 -> 69.932913 | I82: 12 | J82: =VLOOKUP(D82,Ponderacion!A2:C4,2,0) -> 3 | K82: =VLOOKUP(D82,Ponderacion!A2:C4,3,0) -> 5 | L82: =SUM(H82:K82) -> 89.932913
A83: 26 | B83: 100 | C83: 1 | D83: MIGUEL ANGEL MURO | E83: BIBLIORATOS; ANCHO: 80 mm, ANILLO: ANILLO Y PALANC | F83: 100 | G83: 850 | H83: =(G81*Ponderacion!F1)/G83 -> 44.517647 | I83: 12 | J83: =VLOOKUP(D83,Ponderacion!A2:C4,2,0) -> 1.5 | K83: =VLOOKUP(D83,Ponderacion!A2:C4,3,0) -> 5 | L83: =SUM(H83:K83) -> 63.017647
A84: 27 | B84: 3000 | C84: 1 | D84: BRUNO RODOLFO LUCERO ALESSANDRO | E84: CARTULINA 48X63CM, 125GR AMARILLO | F84: 3000 | G84: 50 | H84: =(G85*Ponderacion!F1)/G84 -> 54.128 | I84: 5 | J84: =VLOOKUP(D84,Ponderacion!A2:C4,2,0) -> 3 | K84: =VLOOKUP(D84,Ponderacion!A2:C4,3,0) -> 5 | L84: =SUM(H84:K84) -> 67.128
A85: 27 | B85: 3000 | C85: 1 | D85: SUCESION DE LUIS JAIME KOTLER | E85: PAPELES EN HOJA; TIPO DE PAPEL: CARTULINA, DIMENS | F85: 3000 | G85: 33.83 | H85: =(G85*Ponderacion!F1)/G85 -> 80 | I85: 12 | J85: =VLOOKUP(D85,Ponderacion!A2:C4,2,0) -> 3 | K85: =VLOOKUP(D85,Ponderacion!A2:C4,3,0) -> 5 | L85: =SUM(H85:K85) -> 100 | M85: =F85 -> 3000 | N85: =G85*M85 -> 101490
A86: 27 | B86: 3000 | C86: 1 | D86: MIGUEL ANGEL MURO | E86: PAPELES EN HOJA; TIPO DE PAPEL: CARTULINA, DIMENSI | F86: 3000 | G86: 70 | H86: =(G85*Ponderacion!F1)/G86 -> 38.662857 | I86: 5 | J86: =VLOOKUP(D86,Ponderacion!A2:C4,2,0) -> 1.5 | K86: =VLOOKUP(D86,Ponderacion!A2:C4,3,0) -> 5 | L86: =SUM(H86:K86) -> 50.162857
A87: 28 | B87: 150 | C87: 1 | D87: BRUNO RODOLFO LUCERO ALESSANDRO | E87: CINTA ADHESIVA P/EMBALAR TRANSPARENTE 50X50MTRS CO | F87: 150 | G87: 210.5 | H87: =(G87*Ponderacion!F1)/G87 -> 80 | I87: 12 | J87: =VLOOKUP(D87,Ponderacion!A2:C4,2,0) -> 3 | K87: =VLOOKUP(D87,Ponderacion!A2:C4,3,0) -> 5 | L87: =SUM(H87:K87) -> 100 | M87: =F87 -> 150 | N87: =G87*M87 -> 31575
A88: 28 | B88: 150 | C88: 1 | D88: SUCESION DE LUIS JAIME KOTLER | E88: CINTAS ADHESIVAS; TIPO: EMBALAR, ANCHO: 50 mm, LA | F88: 150 | G88: 216.38 | H88: =(G87*Ponderacion!F1)/G88 -> 77.826047 | I88: 5 | J88: =VLOOKUP(D88,Ponderacion!A2:C4,2,0) -> 3 | K88: =VLOOKUP(D88,Ponderacion!A2:C4,3,0) -> 5 | L88: =SUM(H88:K88) -> 90.826047
A89: 29 | B89: 100 | C89: 1 | D89: BRUNO RODOLFO LUCERO ALESSANDRO | E89: CUADERNO TAPA DURA 98HS, 21X16CM LAPRIDA | F89: 100 | G89: 800 | H89: =(G90*Ponderacion!F1)/G89 -> 23.496 | I89: 12 | J89: =VLOOKUP(D89,Ponderacion!A2:C4,2,0) -> 3 | K89: =VLOOKUP(D89,Ponderacion!A2:C4,3,0) -> 5 | L89: =SUM(H89:K89) -> 43.496
A90: 29 | B90: 100 | C90: 1 | D90: SUCESION DE LUIS JAIME KOTLER | E90: PAPELES ENCUADERNADOS; CANT. DE HOJAS: 100, TAMAÑO | F90: 100 | G90: 234.96 | H90: =(G90*Ponderacion!F1)/G90 -> 80 | I90: 5 | J90: =VLOOKUP(D90,Ponderacion!A2:C4,2,0) -> 3 | K90: =VLOOKUP(D90,Ponderacion!A2:C4,3,0) -> 5 | L90: =SUM(H90:K90) -> 93 | M90: =F90 -> 100 | N90: =G90*M90 -> 23496
A91: 30 | B91: 300 | C91: 1 | D91: BRUNO RODOLFO LUCERO ALESSANDRO | E91: FOLIOS TRANSPARENTES OFICIO LIGGO | F91: 300 | G91: 11.4 | H91: =(G92*Ponderacion!F1)/G91 -> 58.45614 | I91: 12 | J91: =VLOOKUP(D91,Ponderacion!A2:C4,2,0) -> 3 | K91: =VLOOKUP(D91,Ponderacion!A2:C4,3,0) -> 5 | L91: =SUM(H91:K91) -> 78.45614
A92: 30 | B92: 300 | C92: 1 | D92: SUCESION DE LUIS JAIME KOTLER | E92: FOLIOS TRANSPARENTES; TAMAÑO: OFICIO, PERFORACIONE | F92: 300 | G92: 8.33 | H92: =(G92*Ponderacion!F1)/G92 -> 80 | I92: 12 | J92: =VLOOKUP(D92,Ponderacion!A2:C4,2,0) -> 3 | K92: =VLOOKUP(D92,Ponderacion!A2:C4,3,0) -> 5 | L92: =SUM(H92:K92) -> 100 | M92: =F92 -> 300 | N92: =G92*M92 -> 2499
A93: 30 | B93: 300 | C93: 1 | D93: MIGUEL ANGEL MURO | E93: FOLIOS TRANSPARENTES; TAMAÑO: OFICIO, PERFORACIONE | F93: 300 | G93: 21 | H93: =(G92*Ponderacion!F1)/G93 -> 31.733333 | I93: 5 | J93: =VLOOKUP(D93,Ponderacion!A2:C4,2,0) -> 1.5 | K93: =VLOOKUP(D93,Ponderacion!A2:C4,3,0) -> 5 | L93: =SUM(H93:K93) -> 43.233333
A94: 31 | B94: 300 | C94: 1 | D94: BRUNO RODOLFO LUCERO ALESSANDRO | E94: FOLIOS TRANSPARENTES A4 LIGGO | F94: 300 | G94: 10.2 | H94: =(G95*Ponderacion!F1)/G94 -> 53.333333 | I94: 12 | J94: =VLOOKUP(D94,Ponderacion!A2:C4,2,0) -> 3 | K94: =VLOOKUP(D94,Ponderacion!A2:C4,3,0) -> 5 | L94: =SUM(H94:K94) -> 73.333333
A95: 31 | B95: 300 | C95: 1 | D95: SUCESION DE LUIS JAIME KOTLER | E95: FOLIOS TRANSPARENTES; TAMAÑO: A-4, PERFORACIONES: | F95: 300 | G95: 6.8 | H95: =(G95*Ponderacion!F1)/G95 -> 80 | I95: 12 | J95: =VLOOKUP(D95,Ponderacion!A2:C4,2,0) -> 3 | K95: =VLOOKUP(D95,Ponderacion!A2:C4,3,0) -> 5 | L95: =SUM(H95:K95) -> 100 | M95: =F95 -> 300 | N95: =G95*M95 -> 2040
A96: 31 | B96: 300 | C96: 1 | D96: MIGUEL ANGEL MURO | E96: FOLIOS TRANSPARENTES; TAMAÑO: A-4, PERFORACIONES: | F96: 300 | G96: 18 | H96: =(G95*Ponderacion!F1)/G96 -> 30.222222 | I96: 5 | J96: =VLOOKUP(D96,Ponderacion!A2:C4,2,0) -> 1.5 | K96: =VLOOKUP(D96,Ponderacion!A2:C4,3,0) -> 5 | L96: =SUM(H96:K96) -> 41.722222
A97: 32 | B97: 800 | C97: 1 | D97: BRUNO RODOLFO LUCERO ALESSANDRO | E97: LAPICERAS TRAZO GRUESO NEGRA BIC ROUND STIC | F97: 800 | G97: 34 | H97: =(G97*Ponderacion!F1)/G97 -> 80 | I97: 12 | J97: =VLOOKUP(D97,Ponderacion!A2:C4,2,0) -> 3 | K97: =VLOOKUP(D97,Ponderacion!A2:C4,3,0) -> 5 | L97: =SUM(H97:K97) -> 100 | M97: =F97 -> 800 | N97: =G97*M97 -> 27200
A98: 32 | B98: 800 | C98: 1 | D98: SUCESION DE LUIS JAIME KOTLER | E98: LAPICERAS ESTILOGRAFICAS; TIPO: TRAZO GRUESO, MATE | F98: 800 | G98: 42.33 | H98: =(G97*Ponderacion!F1)/G98 -> 64.257028 | I98: 5 | J98: =VLOOKUP(D98,Ponderacion!A2:C4,2,0) -> 3 | K98: =VLOOKUP(D98,Ponderacion!A2:C4,3,0) -> 5 | L98: =SUM(H98:K98) -> 77.257028
A99: 32 | B99: 800 | C99: 1 | D99: MIGUEL ANGEL MURO | E99: LAPICERAS ESTILOGRAFICAS; TIPO: TRAZO GRUESO, MATE | F99: 800 | G99: 50 | H99: =(G97*Ponderacion!F1)/G99 -> 54.4 | I99: 5 | J99: =VLOOKUP(D99,Ponderacion!A2:C4,2,0) -> 1.5 | K99: =VLOOKUP(D99,Ponderacion!A2:C4,3,0) -> 5 | L99: =SUM(H99:K99) -> 65.9
A100: 33 | B100: 800 | C100: 1 | D100: BRUNO RODOLFO LUCERO ALESSANDRO | E100: LAPICERAS TRAZO GRUESO AZUL BIC ROUND STIC | F100: 800 | G100: 34 | H100: =(G100*Ponderacion!F1)/G100 -> 80 | I100: 12 | J100: =VLOOKUP(D100,Ponderacion!A2:C4,2,0) -> 3 | K100: =VLOOKUP(D100,Ponderacion!A2:C4,3,0) -> 5 | L100: =SUM(H100:K100) -> 100 | M100: =F100 -> 800 | N100: =G100*M100 -> 27200
A101: 33 | B101: 800 | C101: 1 | D101: SUCESION DE LUIS JAIME KOTLER | E101: LAPICERAS ESTILOGRAFICAS; TIPO: TRAZO GRUESO, MATE | F101: 800 | G101: 42.33 | H101: =(G100*Ponderacion!F1)/G101 -> 64.257028 | I101: 5 | J101: =VLOOKUP(D101,Ponderacion!A2:C4,2,0) -> 3 | K101: =VLOOKUP(D101,Ponderacion!A2:C4,3,0) -> 5 | L101: =SUM(H101:K101) -> 77.257028
A102: 33 | B102: 800 | C102: 1 | D102: MIGUEL ANGEL MURO | E102: LAPICERAS ESTILOGRAFICAS; TIPO: TRAZO GRUESO, MATE | F102: 800 | G102: 50 | H102: =(G100*Ponderacion!F1)/G102 -> 54.4 | I102: 5 | J102: =VLOOKUP(D102,Ponderacion!A2:C4,2,0) -> 1.5 | K102: =VLOOKUP(D102,Ponderacion!A2:C4,3,0) -> 5 | L102: =SUM(H102:K102) -> 65.9
A103: 34 | B103: 300 | C103: 1 | D103: BRUNO RODOLFO LUCERO ALESSANDRO | E103: LAPICERAS TRAZO GRUESO ROJO BIC ROUNS STIC | F103: 300 | G103: 34 | H103: =(G103*Ponderacion!F1)/G103 -> 80 | I103: 12 | J103: =VLOOKUP(D103,Ponderacion!A2:C4,2,0) -> 3 | K103: =VLOOKUP(D103,Ponderacion!A2:C4,3,0) -> 5 | L103: =SUM(H103:K103) -> 100 | M103: =F103 -> 300 | N103: =G103*M103 -> 10200
A104: 34 | B104: 300 | C104: 1 | D104: SUCESION DE LUIS JAIME KOTLER | E104: LAPICERAS ESTILOGRAFICAS; TIPO: TRAZO GRUESO, MATE | F104: 300 | G104: 42.33 | H104: =(G103*Ponderacion!F1)/G104 -> 64.257028 | I104: 5 | J104: =VLOOKUP(D104,Ponderacion!A2:C4,2,0) -> 3 | K104: =VLOOKUP(D104,Ponderacion!A2:C4,3,0) -> 5 | L104: =SUM(H104:K104) -> 77.257028
...
