Workbook

Sheet Necesidades Trimestrales 
B2: Pedido de Necesidades Trimestrales
A4: JURISDICCION: | C4: 040 - Ministerio de Salud
A5: SAF N°: | C5: 024 - Direccion de Administracion del Hospital Interzonal de Niños
A6: EJERCICIO: | C6: 2022
A7: TRIMESTRE: | C7: 4
A9: ID | B9: CODIGO ITEM | C9: RUBRO DE COMPRA | D9: I.P.P. | E9: DESCRIPCION | F9: UNIDAD DE MEDIDA | G9: CANTIDAD | H9: PRECIO UNITARIO ESTIMADO | I9: IMPORTE TOTAL ESTIMADO
A10: 1 | B10: 2.5.2-1873.5 | C10: PROD. MEDICO/FARMACEUTICOS/LAB | D10: 252 | E10: ANTICOAGULANTES P/PERSONAS; TIPO: MONODROGA, DROGA GENERICA: ACENOCUMAROL, FORMA FARMACEUTICA: COMPRIMIDOS, PRESENTACION: 4 mGr | F10: COMPRIMIDO | G10: 100 | H10: 11.5 | I10: =+G10*H10 -> 1150
A11: 2 | B11: 2.5.2-1873.18 | C11: PROD. MEDICO/FARMACEUTICOS/LAB | D11: 252 | E11: ANTICOAGULANTES P/PERSONAS; TIPO: MONODROGA, DROGA GENERICA: AMINOCAPROICO, FORMA FARMACEUTICA: AMPOLLA, PRESENTACION: 2 GR | F11: AMPOLLA | G11: 100 | H11: 235 | I11: =+G11*H11 -> 23500
A12: 3 | B12: 2.5.2-1872.36 | C12: PROD. MEDICO/FARMACEUTICOS/LAB | D12: 252 | E12: ANTIANEMICOS; TIPO: MONODROGA, DROGA GENERICA: ACIDO FOLICO 1 mGr, FORMA FARMACEUTICA: GOTA, PRESENTACION: ENVASE X 20 mL | F12: GOTERO | G12: 50 | H12: 295.5 | I12: =+G12*H12 -> 14775
A13: 4 | B13: 2.5.2-1872.49 | C13: PROD. MEDICO/FARMACEUTICOS/LAB | D13: 252 | E13: ANTIANEMICOS; TIPO: MONODROGA, DROGA GENERICA: ACIDO FOLICO 5 MG, FORMA FARMACEUTICA: COMPRIMIDO, PRESENTACION: UNIDAD | F13: COMPRIMIDO | G13: 100 | H13: 3.8 | I13: =+G13*H13 -> 380
A14: 5 | B14: 2.5.2-1838.13 | C14: PROD. MEDICO/FARMACEUTICOS/LAB | D14: 252 | E14: INOTROPICOS; TIPO: MONODROGA, DROGA GENERICA: ADRENALINA 1 %, FORMA FARMACEUTICA: AMPOLLA, PRESENTACION: ENVASE X 1 mL | F14: AMPOLLA | G14: 3000 | H14: 48 | I14: =+G14*H14 -> 144000
A15: 6 | B15: 2.5.2-1839.25 | C15: PROD. MEDICO/FARMACEUTICOS/LAB | D15: 252 | E15: VASODILATADORES CORONARIOS; TIPO: MONODROGA, DROGA GENERICA: ALPROSTADIL VR X 0,5 mGr, FORMA FARMACEUTICA: AMPOLLA, PRESENTACION: ENVASE X 1 mL | F15: AMPOLLA | G15: 5 | H15: 1620 | I15: =+G15*H15 -> 8100
A16: 7 | B16: 2.5.2-4817.15 | C16: PROD. MEDICO/FARMACEUTICOS/LAB | D16: 252 | E16: ANTIHIPERTENSIVOS; TIPO: MONODROGA, DROGA GENERICA: AMLODIPINA, FORMA FARMACEUTICA: COMPRIMIDOS, PRESENTACION: 10 mGr | F16: COMPRIMIDO | G16: 200 | H16: 4.5 | I16: =+G16*H16 -> 900
A17: 8 | B17: 2.5.2-1837.30 | C17: PROD. MEDICO/FARMACEUTICOS/LAB | D17: 252 | E17: HIPOTENSORES; DROGA GENERICA: CARVEDILOL, FORMA FARMACEUTICA: COMPRIMIDO, TIPO: MONODROGA, PRESENTACION: 25 mGr | F17: COMPRIMIDO | G17: 100 | H17: 8.92 | I17: =+G17*H17 -> 892
A18: 9 | B18: 2.5.2-2693.14 | C18: PROD. MEDICO/FARMACEUTICOS/LAB | D18: 252 | E18: CARDIOTONICOS; TIPO: MONODROGA, DROGA GENERICA: DIGOXINA, FORMA FARMACEUTICA: AMPOLLA, PRESENTACION: 0,25 mGr | F18: AMPOLLA | G18: 100 | H18: 65 | I18: =+G18*H18 -> 6500
A19: 10 | B19: 2.5.2-2693.4 | C19: PROD. MEDICO/FARMACEUTICOS/LAB | D19: 252 | E19: CARDIOTONICOS; TIPO: MONODROGA, DROGA GENERICA: DIGOXINA, FORMA FARMACEUTICA: COMPRIMIDO, PRESENTACION: 0,25 mGr | F19: COMPRIMIDO | G19: 100 | H19: 15 | I19: =+G19*H19 -> 1500
A20: 11 | B20: 2.5.2-1837.7 | C20: PROD. MEDICO/FARMACEUTICOS/LAB | D20: 252 | E20: HIPOTENSORES; DROGA GENERICA: ENALAPRIL, FORMA FARMACEUTICA: COMPRIMIDO, TIPO: MONODROGA, PRESENTACION: 10 mGr | F20: COMPRIMIDO | G20: 500 | H20: 3.5 | I20: =+G20*H20 -> 1750
A21: 12 | B21: 2.5.2-1837.71 | C21: PROD. MEDICO/FARMACEUTICOS/LAB | D21: 252 | E21: HIPOTENSORES; TIPO: MONODROGA, DROGA GENÉRICA: ESMOLOL 100 MG/10 ML, FORMA FARMACEÚTICA: FRASCO AMPOLLA, PRESENTACION: ENVASE X 10 ML | F21: AMPOLLA | G21: 10 | H21: 5690 | I21: =+G21*H21 -> 56900
... A35: 26 | B35: 2.5.2-1901.39 | C35: PROD. MEDICO/FARMACEUTICOS/LAB | D35: 252 | E35: VITAMINAS; TIPO: MONODROGA, DROGA GENERICA: VITAMINA K, FORMA FARMACEUTICA: AMPOLLA, PRESENTACION: 10 mGr | F35: AMPOLLA | G35: 100 | H35: 58 | I35: =+G35*H35 -> 5800
B39: Plazos y lugares de entrega
B40: Lugar de Entrega: SERVICIO DE FARMACIA -HOSPITAL INT. DE NIÑOS – AV. VIRGEN DEL VALLE N° 1050-CATAMARCA DE 8:00 A 12:00HS., DEBIENDO CORRER LOS GASTOS DE FLETES, ACARREO, CARGA, DESCARGA Y SEGURO A CARGO DEL ADJUDICATARIO.
B42: Plazo de entrega: Dentro de los diez (10) días habiles de notificada la Orden de Compra.
B43: Mantenimiento de Oferta: Cuarenta y Cinco (45) dias habiles.

Sheet  NotaPedido
A1: NOTA DE PEDIDO | J1: N° | K1: 088/2022
A3: JURISDICCIÓN: | D3: ='[1]Necesidades Trimestrales'!C4 -> 040 - Ministerio de Salud
A4: SAF: | D4: ='[1]Necesidades Trimestrales'!C5 -> 024 - Direccion de Administracion del Hospital Interzonal de Niños
A5: UNIDAD EJECUTORA: | D5: 024 - Direccion de Administracion del Hospital Interzonal de Niños
A6: DEPENDENCIA SOLICITANTE: | D6: Servicio de Farmacia
A7: PERIODO UTILIZACIÓN: | D7: TRIMESTRE
A8: OBJETO: | D8: SANGRE Y ORGANOS HEMATOPOYETICOS/SISTEMA CARDIOVASCULAR
A10: Ítem | B10: Codigo Item | C10: DESCRIPCIÓN | H10: Adjunta Detalle Técnico | I10: Unidad Medida | J10: Precio Unitario Estimado | K10: Cantidad Solicitada
A12: 1 | B12: =+'Necesidades Trimestrales '!B10 -> 2.5.2-1873.5 | C12: =+'Necesidades Trimestrales '!E10 -> ANTICOAGULANTES P/PERSONAS; TIPO: MONODROGA, DROGA GENERICA: ACENOCUMAROL, FORMA FARMACEUTICA: COMPRIMIDOS, PRESENTACION: 4 mGr | H12: NO | I12: =+'Necesidades Trimestrales '!F10 -> COMPRIMIDO | J12: =+'Necesidades Trimestrales '!H10 -> 11.5 | K12: =+'Necesidades Trimestrales '!G10 -> 100
A13: 2 | B13: =+'Necesidades Trimestrales '!B11 -> 2.5.2-1873.18 | C13: =+'Necesidades Trimestrales '!E11 -> ANTICOAGULANTES P/PERSONAS; TIPO: MONODROGA, DROGA GENERICA: AMINOCAPROICO, FORMA FARMACEUTICA: AMPOLLA, PRESENTACION: 2 GR | H13: NO | I13: =+'Necesidades Trimestrales '!F11 -> AMPOLLA | J13: =+'Necesidades Trimestrales '!H11 -> 235 | K13: =+'Necesidades Trimestrales '!G11 -> 100
A14: 3 | B14: =+'Necesidades Trimestrales '!B12 -> 2.5.2-1872.36 | C14: =+'Necesidades Trimestrales '!E12 -> ANTIANEMICOS; TIPO: MONODROGA, DROGA GENERICA: ACIDO FOLICO 1 mGr, FORMA FARMACEUTICA: GOTA, PRESENTACION: ENVASE X 20 mL | H14: NO | I14: =+'Necesidades Trimestrales '!F12 -> GOTERO | J14: =+'Necesidades Trimestrales '!H12 -> 295.5 | K14: =+'Necesidades Trimestrales '!G12 -> 50
A15: 4 | B15: =+'Necesidades Trimestrales '!B13 -> 2.5.2-1872.49 | C15: =+'Necesidades Trimestrales '!E13 -> ANTIANEMICOS; TIPO: MONODROGA, DROGA GENERICA: ACIDO FOLICO 5 MG, FORMA FARMACEUTICA: COMPRIMIDO, PRESENTACION: UNIDAD | H15: NO | I15: =+'Necesidades Trimestrales '!F13 -> COMPRIMIDO | J15: =+'Necesidades Trimestrales '!H13 -> 3.8 | K15: =+'Necesidades Trimestrales '!G13 -> 100
A16: 5 | B16: =+'Necesidades Trimestrales '!B14 -> 2.5.2-1838.13 | C16: =+'Necesidades Trimestrales '!E14 -> INOTROPICOS; TIPO: MONODROGA, DROGA GENERICA: ADRENALINA 1 %, FORMA FARMACEUTICA: AMPOLLA, PRESENTACION: ENVASE X 1 mL | H16: NO | I16: =+'Necesidades Trimestrales '!F14 -> AMPOLLA | J16: =+'Necesidades Trimestrales '!H14 -> 48 | K16: =+'Necesidades Trimestrales '!G14 -> 3000
A17: 6 | B17: =+'Necesidades Trimestrales '!B15 -> 2.5.2-1839.25 | C17: =+'Necesidades Trimestrales '!E15 -> VASODILATADORES CORONARIOS; TIPO: MONODROGA, DROGA GENERICA: ALPROSTADIL VR X 0,5 mGr, FORMA FARMACEUTICA: AMPOLLA, PRESENTACION: ENVASE X 1 mL | H17: NO | I17: =+'Necesidades Trimestrales '!F15 -> AMPOLLA | J17: =+'Necesidades Trimestrales '!H15 -> 1620 | K17: =+'Necesidades Trimestrales '!G15 -> 5
A18: 7 | B18: =+'Necesidades Trimestrales '!B16 -> 2.5.2-4817.15 | C18: =+'Necesidades Trimestrales '!E16 -> ANTIHIPERTENSIVOS; TIPO: MONODROGA, DROGA GENERICA: AMLODIPINA, FORMA FARMACEUTICA: COMPRIMIDOS, PRESENTACION: 10 mGr | H18: NO | I18: =+'Necesidades Trimestrales '!F16 -> COMPRIMIDO | J18: =+'Necesidades Trimestrales '!H16 -> 4.5 | K18: =+'Necesidades Trimestrales '!G16 -> 200
A19: 8 | B19: =+'Necesidades Trimestrales '!B17 -> 2.5.2-1837.30 | C19: =+'Necesidades Trimestrales '!E17 -> HIPOTENSORES; DROGA GENERICA: CARVEDILOL, FORMA FARMACEUTICA: COMPRIMIDO, TIPO: MONODROGA, PRESENTACION: 25 mGr | H19: NO | I19: =+'Necesidades Trimestrales '!F17 -> COMPRIMIDO | J19: =+'Necesidades Trimestrales '!H17 -> 8.92 | K19: =+'Necesidades Trimestrales '!G17 -> 100
A20: 9 | B20: =+'Necesidades Trimestrales '!B18 -> 2.5.2-2693.14 | C20: =+'Necesidades Trimestrales '!E18 -> CARDIOTONICOS; TIPO: MONODROGA, DROGA GENERICA: DIGOXINA, FORMA FARMACEUTICA: AMPOLLA, PRESENTACION: 0,25 mGr | H20: NO | I20: =+'Necesidades Trimestrales '!F18 -> AMPOLLA | J20: =+'Necesidades Trimestrales '!H18 -> 65 | K20: =+'Necesidades Trimestrales '!G18 -> 100
A21: 10 | B21: =+'Necesidades Trimestrales '!B19 -> 2.5.2-2693.4 | C21: =+'Necesidades Trimestrales '!E19 -> CARDIOTONICOS; TIPO: MONODROGA, DROGA GENERICA: DIGOXINA, FORMA FARMACEUTICA: COMPRIMIDO, PRESENTACION: 0,25 mGr | H21: NO | I21: =+'Necesidades Trimestrales '!F19 -> COMPRIMIDO | J21: =+'Necesidades Trimestrales '!H19 -> 15 | K21: =+'Necesidades Trimestrales '!G19 -> 100
A22: 11 | B22: =+'Necesidades Trimestrales '!B20 -> 2.5.2-1837.7 | C22: =+'Necesidades Trimestrales '!E20 -> HIPOTENSORES; DROGA GENERICA: ENALAPRIL, FORMA FARMACEUTICA: COMPRIMIDO, TIPO: MONODROGA, PRESENTACION: 10 mGr | H22: NO | I22: =+'Necesidades Trimestrales '!F20 -> COMPRIMIDO | J22: =+'Necesidades Trimestrales '!H20 -> 3.5 | K22: =+'Necesidades Trimestrales '!G20 -> 500
A23: 12 | B23: =+'Necesidades Trimestrales '!B21 -> 2.5.2-1837.71 | C23: =+'Necesidades Trimestrales '!E21 -> HIPOTENSORES; TIPO: MONODROGA, DROGA GENÉRICA: ESMOLOL 100 MG/10 ML, FORMA FARMACEÚTICA: FRASCO AMPOLLA, PRESENTACION: ENVASE X 10 ML | H23: NO | I23: =+'Necesidades Trimestrales '!F21 -> AMPOLLA | J23: =+'Necesidades Trimestrales '!H21 -> 5690 | K23: =+'Necesidades Trimestrales '!G21 -> 10
... A37: 26 | B37: =+'Necesidades Trimestrales '!B35 -> 2.5.2-1901.39 | C37: =+'Necesidades Trimestrales '!E35 -> VITAMINAS; TIPO: MONODROGA, DROGA GENERICA: VITAMINA K, FORMA FARMACEUTICA: AMPOLLA, PRESENTACION: 10 mGr | H37: NO | I37: =+'Necesidades Trimestrales '!F35 -> AMPOLLA | J37: =+'Necesidades Trimestrales '!H35 -> 58 | K37: =+'Necesidades Trimestrales '!G35 -> 100
A38: Costo total estimado:Seiscientos ocho mil Setecientos diecisiete Con 00/100. | J38: =SUMPRODUCT(J12:J37,K12:K37) -> 608717

Sheet Autor Gastar
A1: EJERCICIO: | D1: ='[1]Necesidades Trimestrales'!C6 -> 2022 | P1: AUTORIZACION PARA GASTAR
A4: JURISDICCIÓN: | G4: =' NotaPedido'!D3 -> 040 - Ministerio de Salud
A5: SAF: | G5: =' NotaPedido'!D4 -> 024 - Direccion de Administracion del Hospital Interzonal de Niños
A6: UNIDAD EJECUTORA: | G6: =' NotaPedido'!D5 -> 024 - Direccion de Administracion del Hospital Interzonal de Niños
A7: DEPENDENCIA SOLICITANTE: | G7: Servicio de Farmacia
A8: AUTORIZACIÓN:
A9: Señor Jefe de Servicio Administrativo Financiero:
A10: ="Autorizo la realización de los trámites correspondientes, a fin de proveer a este Organismo los bienes y/o servicios que se detallan en Nota de Pedido N° " & ' NotaPedido'!K1&", afectando la erogación resultante a los créditos presupuestarios aprobados a favor de esta Unidad Ejecutora, conforme al siguiente detalle:" -> Autorizo la realización de los trámites correspondientes, a fin de proveer a este Organismo los bienes y/o servicios que se detallan en Nota de Pedido N° 088/2022, afectando la erogación resultante a los créditos presupuestarios aprobados a favor de esta Unidad Ejecutora, conforme al siguiente detalle:
A12: IMPUTACIÓN PRESUPUESTARIA
A13: CÓDIGO | O13: DENOMINACIÓN DE LA PARTIDA PRESUPUESTARIA | Q13: IMPORTE
A14: PR | B14: SB | C14: PY | D14: AC | E14: OB | F14: UG | G14: FIN | H14: FUN | I14: I | J14: P | K14: P | L14: SubP | M14: M | N14: FF
A15: 36 | D15: 1 | F15: 4901 | G15: 3 | H15: 310 | I15: 2 | J15: 5 | K15: 2 | M15: 1 | N15: 1.1 | O15: Productos Farmacéuticos y Medicinales | Q15: 608717
A21: TOTAL DE PESOS: Seiscientos ocho mil Setecientos diecisiete Con 00/100. | Q21: =SUM(Q15:Q20) -> 608717
A23: JUSTIFICACIÓN:
A24: Para la adquisición de Medicamentos grupo SANGRE Y ORGANOS HEMATOPOYETICOS/SISTEMA CARDIOVASCULAR destinados al Servicio de Farmacia del Hospital Interzonal de Niños Eva Peron, para el normal funcionamiento del organismo.
